[{"path":"CONTRIBUTORS.md","fileType":"docs","lines":[{"lineNumber":1,"author":{"gitId":"-"},"content":"# Contributors","lastModifiedDate":"2019-07-29"},{"lineNumber":2,"author":{"gitId":"-"},"content":"","lastModifiedDate":"2019-07-29"},{"lineNumber":3,"author":{"gitId":"wanjuin"},"content":"| Display                                                      |        Name         |            Github Profile             |                      Homepage                      |","lastModifiedDate":"2023-03-10"},{"lineNumber":4,"author":{"gitId":"wanjuin"},"content":"|--------------------------------------------------------------|:-------------------:|:-------------------------------------:|:--------------------------------------------------:|","lastModifiedDate":"2023-03-10"},{"lineNumber":5,"author":{"gitId":"wanjuin"},"content":"| ![](https://avatars0.githubusercontent.com/u/22460123?s\u003d100) |     Jeffry Lum      |  [Github](https://github.com/j-lum/)  |        [Homepage](https://se.kasugano.moe)         |","lastModifiedDate":"2023-03-10"},{"lineNumber":6,"author":{"gitId":"wanjuin"},"content":"| ![](https://avatars0.githubusercontent.com/u/1673303?s\u003d100)  | Damith C. Rajapakse | [Github](https://github.com/damithc/) | [Homepage](https://www.comp.nus.edu.sg/~damithch/) |","lastModifiedDate":"2023-03-10"},{"lineNumber":7,"author":{"gitId":"wanjuin"},"content":"","lastModifiedDate":"2023-03-10"},{"lineNumber":8,"author":{"gitId":"-"},"content":"# I would like to join this list. How can I help the project","lastModifiedDate":"2019-07-29"},{"lineNumber":9,"author":{"gitId":"-"},"content":"","lastModifiedDate":"2019-07-29"},{"lineNumber":10,"author":{"gitId":"-"},"content":"For more information, please refer to our [contributor\u0027s guide](https://oss-generic.github.io/process/).","lastModifiedDate":"2019-07-29"}],"authorContributionMap":{"-":5,"wanjuin":5}},{"path":"docs/AboutUs.md","fileType":"docs","lines":[{"lineNumber":1,"author":{"gitId":"wanjuin"},"content":"| Display                                             |        Name        |                 Github Profile                 |             Portfolio             |","lastModifiedDate":"2023-03-06"},{"lineNumber":2,"author":{"gitId":"wanjuin"},"content":"|-----------------------------------------------------|:------------------:|:----------------------------------------------:|:---------------------------------:|","lastModifiedDate":"2023-03-07"},{"lineNumber":3,"author":{"gitId":"wanjuin"},"content":"| ![](https://via.placeholder.com/100.png?text\u003dPhoto) |    Tian Shixing    |      [Github](https://github.com/tsx0314)      | [Portfolio](docs/team/johndoe.md) |","lastModifiedDate":"2023-03-06"},{"lineNumber":4,"author":{"gitId":"wanjuin"},"content":"| ![](https://via.placeholder.com/100.png?text\u003dPhoto) |   Chuah Wan Juin   |      [Github](https://github.com/wanjuin)      | [Portfolio](docs/team/johndoe.md) |","lastModifiedDate":"2023-03-06"},{"lineNumber":5,"author":{"gitId":"wanjuin"},"content":"| ![](https://via.placeholder.com/100.png?text\u003dPhoto) |  Viniarskyi Davyd  |    [Github](https://github.com/DavidVin357)    | [Portfolio](docs/team/johndoe.md) |","lastModifiedDate":"2023-03-10"},{"lineNumber":6,"author":{"gitId":"wanjuin"},"content":"| ![](https://via.placeholder.com/100.png?text\u003dPhoto) | Sebastian Soewanto | [Github](https://github.com/SebastianSoewanto) | [Portfolio](docs/team/johndoe.md) |","lastModifiedDate":"2023-03-07"},{"lineNumber":7,"author":{"gitId":"wanjuin"},"content":"| ![](https://via.placeholder.com/100.png?text\u003dPhoto) |  Wong Zhong Xiang  |  [Github](https://github.com/ZhongXiangWong)   | [Portfolio](docs/team/johndoe.md) |","lastModifiedDate":"2023-03-07"}],"authorContributionMap":{"wanjuin":7}},{"path":"src/main/java/seedu/duke/Duke.java","fileType":"functional-code","lines":[{"lineNumber":1,"author":{"gitId":"-"},"content":"package seedu.duke;","lastModifiedDate":"2020-05-24"},{"lineNumber":2,"author":{"gitId":"-"},"content":"","lastModifiedDate":"2020-05-24"},{"lineNumber":3,"author":{"gitId":"wanjuin"},"content":"import seedu.duke.commands.Command;","lastModifiedDate":"2023-03-10"},{"lineNumber":4,"author":{"gitId":"wanjuin"},"content":"import seedu.duke.commands.CommandResult;","lastModifiedDate":"2023-03-10"},{"lineNumber":5,"author":{"gitId":"wanjuin"},"content":"import seedu.duke.exceptions.DukeException;","lastModifiedDate":"2023-03-10"},{"lineNumber":6,"author":{"gitId":"tsx0314"},"content":"import seedu.duke.food.FoodList;","lastModifiedDate":"2023-03-10"},{"lineNumber":7,"author":{"gitId":"wanjuin"},"content":"import seedu.duke.general.Parser;","lastModifiedDate":"2023-03-10"},{"lineNumber":8,"author":{"gitId":"wanjuin"},"content":"import seedu.duke.general.Ui;","lastModifiedDate":"2023-03-10"},{"lineNumber":9,"author":{"gitId":"wanjuin"},"content":"","lastModifiedDate":"2023-03-10"},{"lineNumber":10,"author":{"gitId":"wanjuin"},"content":"/**","lastModifiedDate":"2023-03-10"},{"lineNumber":11,"author":{"gitId":"wanjuin"},"content":" * Entry point of the Food Supply Tracker application","lastModifiedDate":"2023-03-10"},{"lineNumber":12,"author":{"gitId":"wanjuin"},"content":" * Initializes the application and starts the interaction with the user.","lastModifiedDate":"2023-03-10"},{"lineNumber":13,"author":{"gitId":"wanjuin"},"content":" */","lastModifiedDate":"2023-03-10"},{"lineNumber":14,"author":{"gitId":"-"},"content":"public class Duke {","lastModifiedDate":"2019-07-29"},{"lineNumber":15,"author":{"gitId":"wanjuin"},"content":"","lastModifiedDate":"2023-03-10"},{"lineNumber":16,"author":{"gitId":"tsx0314"},"content":"    private Ui ui;","lastModifiedDate":"2023-03-09"},{"lineNumber":17,"author":{"gitId":"tsx0314"},"content":"    private FoodList foodList;","lastModifiedDate":"2023-03-10"},{"lineNumber":18,"author":{"gitId":"tsx0314"},"content":"","lastModifiedDate":"2023-03-09"},{"lineNumber":19,"author":{"gitId":"tsx0314"},"content":"    public Duke() {","lastModifiedDate":"2023-03-09"},{"lineNumber":20,"author":{"gitId":"tsx0314"},"content":"        ui \u003d new Ui();","lastModifiedDate":"2023-03-09"},{"lineNumber":21,"author":{"gitId":"tsx0314"},"content":"        foodList \u003d new FoodList();","lastModifiedDate":"2023-03-10"},{"lineNumber":22,"author":{"gitId":"tsx0314"},"content":"","lastModifiedDate":"2023-03-09"},{"lineNumber":23,"author":{"gitId":"tsx0314"},"content":"    }","lastModifiedDate":"2023-03-09"},{"lineNumber":24,"author":{"gitId":"tsx0314"},"content":"","lastModifiedDate":"2023-03-09"},{"lineNumber":25,"author":{"gitId":"tsx0314"},"content":"    public void run() {","lastModifiedDate":"2023-03-09"},{"lineNumber":26,"author":{"gitId":"tsx0314"},"content":"","lastModifiedDate":"2023-03-09"},{"lineNumber":27,"author":{"gitId":"wanjuin"},"content":"        ui.showWelcomeMessage();","lastModifiedDate":"2023-03-10"},{"lineNumber":28,"author":{"gitId":"tsx0314"},"content":"        boolean isExit \u003d false;","lastModifiedDate":"2023-03-09"},{"lineNumber":29,"author":{"gitId":"tsx0314"},"content":"","lastModifiedDate":"2023-03-09"},{"lineNumber":30,"author":{"gitId":"tsx0314"},"content":"        while (!isExit) {","lastModifiedDate":"2023-03-09"},{"lineNumber":31,"author":{"gitId":"tsx0314"},"content":"            try {","lastModifiedDate":"2023-03-09"},{"lineNumber":32,"author":{"gitId":"wanjuin"},"content":"                String fullCommand \u003d ui.readCommand();","lastModifiedDate":"2023-03-10"},{"lineNumber":33,"author":{"gitId":"tsx0314"},"content":"                ui.showLine();","lastModifiedDate":"2023-03-09"},{"lineNumber":34,"author":{"gitId":"tsx0314"},"content":"                Command c \u003d Parser.parse(fullCommand);","lastModifiedDate":"2023-03-09"},{"lineNumber":35,"author":{"gitId":"tsx0314"},"content":"                CommandResult result \u003d c.execute(foodList);","lastModifiedDate":"2023-03-10"},{"lineNumber":36,"author":{"gitId":"tsx0314"},"content":"                result.printResult();","lastModifiedDate":"2023-03-10"},{"lineNumber":37,"author":{"gitId":"wanjuin"},"content":"                isExit \u003d c.isExit();","lastModifiedDate":"2023-03-10"},{"lineNumber":38,"author":{"gitId":"tsx0314"},"content":"            } catch (DukeException e) {","lastModifiedDate":"2023-03-09"},{"lineNumber":39,"author":{"gitId":"tsx0314"},"content":"                ui.showError(e.getMessage());","lastModifiedDate":"2023-03-09"},{"lineNumber":40,"author":{"gitId":"tsx0314"},"content":"            } finally {","lastModifiedDate":"2023-03-09"},{"lineNumber":41,"author":{"gitId":"tsx0314"},"content":"                ui.showLine();","lastModifiedDate":"2023-03-09"},{"lineNumber":42,"author":{"gitId":"tsx0314"},"content":"            }","lastModifiedDate":"2023-03-09"},{"lineNumber":43,"author":{"gitId":"tsx0314"},"content":"        }","lastModifiedDate":"2023-03-09"},{"lineNumber":44,"author":{"gitId":"tsx0314"},"content":"    }","lastModifiedDate":"2023-03-09"},{"lineNumber":45,"author":{"gitId":"tsx0314"},"content":"","lastModifiedDate":"2023-03-09"},{"lineNumber":46,"author":{"gitId":"tsx0314"},"content":"","lastModifiedDate":"2023-03-09"},{"lineNumber":47,"author":{"gitId":"-"},"content":"    /**","lastModifiedDate":"2020-05-24"},{"lineNumber":48,"author":{"gitId":"-"},"content":"     * Main entry-point for the java.duke.Duke application.","lastModifiedDate":"2020-05-24"},{"lineNumber":49,"author":{"gitId":"-"},"content":"     */","lastModifiedDate":"2020-05-24"},{"lineNumber":50,"author":{"gitId":"-"},"content":"    public static void main(String[] args) {","lastModifiedDate":"2019-07-29"},{"lineNumber":51,"author":{"gitId":"tsx0314"},"content":"        new Duke().run();","lastModifiedDate":"2023-03-09"},{"lineNumber":52,"author":{"gitId":"-"},"content":"    }","lastModifiedDate":"2019-07-29"},{"lineNumber":53,"author":{"gitId":"-"},"content":"}","lastModifiedDate":"2019-07-29"},{"lineNumber":54,"author":{"gitId":"tsx0314"},"content":"","lastModifiedDate":"2023-03-09"}],"authorContributionMap":{"-":9,"tsx0314":31,"wanjuin":14}},{"path":"src/main/java/seedu/duke/commands/AddCommand.java","fileType":"functional-code","lines":[{"lineNumber":1,"author":{"gitId":"tsx0314"},"content":"package seedu.duke.commands;","lastModifiedDate":"2023-03-10"},{"lineNumber":2,"author":{"gitId":"tsx0314"},"content":"","lastModifiedDate":"2023-03-10"},{"lineNumber":3,"author":{"gitId":"tsx0314"},"content":"import seedu.duke.food.Food;","lastModifiedDate":"2023-03-10"},{"lineNumber":4,"author":{"gitId":"tsx0314"},"content":"import seedu.duke.food.FoodList;","lastModifiedDate":"2023-03-10"},{"lineNumber":5,"author":{"gitId":"tsx0314"},"content":"","lastModifiedDate":"2023-03-10"},{"lineNumber":6,"author":{"gitId":"tsx0314"},"content":"public class AddCommand extends Command {","lastModifiedDate":"2023-03-10"},{"lineNumber":7,"author":{"gitId":"tsx0314"},"content":"","lastModifiedDate":"2023-03-10"},{"lineNumber":8,"author":{"gitId":"tsx0314"},"content":"    public static final String COMMAND_WORD \u003d \"add\";","lastModifiedDate":"2023-03-10"},{"lineNumber":9,"author":{"gitId":"tsx0314"},"content":"    public static final String ADD_MESSAGE \u003d \"I have added this product! :) \\n\";","lastModifiedDate":"2023-03-10"},{"lineNumber":10,"author":{"gitId":"tsx0314"},"content":"","lastModifiedDate":"2023-03-10"},{"lineNumber":11,"author":{"gitId":"tsx0314"},"content":"    public static final String NAME_SEPARATOR \u003d \" -n \";","lastModifiedDate":"2023-03-10"},{"lineNumber":12,"author":{"gitId":"tsx0314"},"content":"    public static final String EXPIRY_SEPARATOR \u003d \" -e \";","lastModifiedDate":"2023-03-10"},{"lineNumber":13,"author":{"gitId":"tsx0314"},"content":"    public String details;","lastModifiedDate":"2023-03-10"},{"lineNumber":14,"author":{"gitId":"tsx0314"},"content":"","lastModifiedDate":"2023-03-10"},{"lineNumber":15,"author":{"gitId":"tsx0314"},"content":"    public AddCommand(String details) {","lastModifiedDate":"2023-03-10"},{"lineNumber":16,"author":{"gitId":"tsx0314"},"content":"        this.details \u003d details;","lastModifiedDate":"2023-03-10"},{"lineNumber":17,"author":{"gitId":"tsx0314"},"content":"    }","lastModifiedDate":"2023-03-10"},{"lineNumber":18,"author":{"gitId":"tsx0314"},"content":"","lastModifiedDate":"2023-03-10"},{"lineNumber":19,"author":{"gitId":"tsx0314"},"content":"","lastModifiedDate":"2023-03-10"},{"lineNumber":20,"author":{"gitId":"tsx0314"},"content":"    public CommandResult execute(FoodList foodList) {","lastModifiedDate":"2023-03-10"},{"lineNumber":21,"author":{"gitId":"tsx0314"},"content":"        String[] nameAndDate \u003d splitDetails(details);","lastModifiedDate":"2023-03-10"},{"lineNumber":22,"author":{"gitId":"tsx0314"},"content":"        String name \u003d nameAndDate[0];","lastModifiedDate":"2023-03-10"},{"lineNumber":23,"author":{"gitId":"tsx0314"},"content":"        String date \u003d nameAndDate[1];","lastModifiedDate":"2023-03-10"},{"lineNumber":24,"author":{"gitId":"tsx0314"},"content":"        Food newFood \u003d new Food(name, date);","lastModifiedDate":"2023-03-10"},{"lineNumber":25,"author":{"gitId":"tsx0314"},"content":"        System.out.println(newFood.printFoodDetails());","lastModifiedDate":"2023-03-10"},{"lineNumber":26,"author":{"gitId":"tsx0314"},"content":"        foodList.addFood(newFood);","lastModifiedDate":"2023-03-10"},{"lineNumber":27,"author":{"gitId":"tsx0314"},"content":"","lastModifiedDate":"2023-03-10"},{"lineNumber":28,"author":{"gitId":"tsx0314"},"content":"        return new CommandResult(ADD_MESSAGE);","lastModifiedDate":"2023-03-10"},{"lineNumber":29,"author":{"gitId":"tsx0314"},"content":"    }","lastModifiedDate":"2023-03-10"},{"lineNumber":30,"author":{"gitId":"tsx0314"},"content":"","lastModifiedDate":"2023-03-10"},{"lineNumber":31,"author":{"gitId":"tsx0314"},"content":"    public String[] splitDetails(String details) {","lastModifiedDate":"2023-03-10"},{"lineNumber":32,"author":{"gitId":"tsx0314"},"content":"        String[] nameAndDate;","lastModifiedDate":"2023-03-10"},{"lineNumber":33,"author":{"gitId":"tsx0314"},"content":"        String[] temp \u003d details.split(NAME_SEPARATOR);","lastModifiedDate":"2023-03-10"},{"lineNumber":34,"author":{"gitId":"tsx0314"},"content":"        if (temp[0].isEmpty()) {","lastModifiedDate":"2023-03-10"},{"lineNumber":35,"author":{"gitId":"tsx0314"},"content":"            nameAndDate \u003d temp[1].split(EXPIRY_SEPARATOR);","lastModifiedDate":"2023-03-10"},{"lineNumber":36,"author":{"gitId":"tsx0314"},"content":"        } else {","lastModifiedDate":"2023-03-10"},{"lineNumber":37,"author":{"gitId":"tsx0314"},"content":"            nameAndDate \u003d temp[0].split(EXPIRY_SEPARATOR);","lastModifiedDate":"2023-03-10"},{"lineNumber":38,"author":{"gitId":"tsx0314"},"content":"            nameAndDate[0] \u003d temp[1];","lastModifiedDate":"2023-03-10"},{"lineNumber":39,"author":{"gitId":"tsx0314"},"content":"        }","lastModifiedDate":"2023-03-10"},{"lineNumber":40,"author":{"gitId":"tsx0314"},"content":"","lastModifiedDate":"2023-03-10"},{"lineNumber":41,"author":{"gitId":"tsx0314"},"content":"        return nameAndDate;","lastModifiedDate":"2023-03-10"},{"lineNumber":42,"author":{"gitId":"tsx0314"},"content":"    }","lastModifiedDate":"2023-03-10"},{"lineNumber":43,"author":{"gitId":"tsx0314"},"content":"}","lastModifiedDate":"2023-03-10"}],"authorContributionMap":{"tsx0314":43}},{"path":"src/main/java/seedu/duke/commands/Command.java","fileType":"functional-code","lines":[{"lineNumber":1,"author":{"gitId":"wanjuin"},"content":"package seedu.duke.commands;","lastModifiedDate":"2023-03-10"},{"lineNumber":2,"author":{"gitId":"tsx0314"},"content":"import seedu.duke.food.FoodList;","lastModifiedDate":"2023-03-10"},{"lineNumber":3,"author":{"gitId":"tsx0314"},"content":"","lastModifiedDate":"2023-03-09"},{"lineNumber":4,"author":{"gitId":"tsx0314"},"content":"public abstract class Command {","lastModifiedDate":"2023-03-09"},{"lineNumber":5,"author":{"gitId":"tsx0314"},"content":"","lastModifiedDate":"2023-03-09"},{"lineNumber":6,"author":{"gitId":"wanjuin"},"content":"    protected Command() {","lastModifiedDate":"2023-03-10"},{"lineNumber":7,"author":{"gitId":"tsx0314"},"content":"    }","lastModifiedDate":"2023-03-09"},{"lineNumber":8,"author":{"gitId":"tsx0314"},"content":"","lastModifiedDate":"2023-03-09"},{"lineNumber":9,"author":{"gitId":"tsx0314"},"content":"    public CommandResult execute(FoodList foodList) {","lastModifiedDate":"2023-03-10"},{"lineNumber":10,"author":{"gitId":"tsx0314"},"content":"        return new CommandResult(\"Duke is running\");","lastModifiedDate":"2023-03-10"},{"lineNumber":11,"author":{"gitId":"wanjuin"},"content":"    }","lastModifiedDate":"2023-03-10"},{"lineNumber":12,"author":{"gitId":"tsx0314"},"content":"","lastModifiedDate":"2023-03-09"},{"lineNumber":13,"author":{"gitId":"tsx0314"},"content":"    public boolean isExit() {","lastModifiedDate":"2023-03-09"},{"lineNumber":14,"author":{"gitId":"tsx0314"},"content":"        return false;","lastModifiedDate":"2023-03-09"},{"lineNumber":15,"author":{"gitId":"tsx0314"},"content":"    }","lastModifiedDate":"2023-03-09"},{"lineNumber":16,"author":{"gitId":"tsx0314"},"content":"}","lastModifiedDate":"2023-03-09"}],"authorContributionMap":{"tsx0314":13,"wanjuin":3}},{"path":"src/main/java/seedu/duke/commands/CommandResult.java","fileType":"functional-code","lines":[{"lineNumber":1,"author":{"gitId":"wanjuin"},"content":"package seedu.duke.commands;","lastModifiedDate":"2023-03-10"},{"lineNumber":2,"author":{"gitId":"wanjuin"},"content":"","lastModifiedDate":"2023-03-10"},{"lineNumber":3,"author":{"gitId":"wanjuin"},"content":"/**","lastModifiedDate":"2023-03-10"},{"lineNumber":4,"author":{"gitId":"tsx0314"},"content":" * The code is taken from https://github.com/se-edu/addressbook-level2/tree/157fcf19c6b73289dc4cc7b2dd1152bc2b8e197a","lastModifiedDate":"2023-03-10"},{"lineNumber":5,"author":{"gitId":"tsx0314"},"content":" * \u003cp\u003e","lastModifiedDate":"2023-03-10"},{"lineNumber":6,"author":{"gitId":"wanjuin"},"content":" * Represents the results of a command execution.","lastModifiedDate":"2023-03-10"},{"lineNumber":7,"author":{"gitId":"wanjuin"},"content":" */","lastModifiedDate":"2023-03-10"},{"lineNumber":8,"author":{"gitId":"wanjuin"},"content":"public class CommandResult {","lastModifiedDate":"2023-03-10"},{"lineNumber":9,"author":{"gitId":"tsx0314"},"content":"    /**","lastModifiedDate":"2023-03-10"},{"lineNumber":10,"author":{"gitId":"tsx0314"},"content":"     * The feedback message to be shown to the user. Contains a description of the execution result","lastModifiedDate":"2023-03-10"},{"lineNumber":11,"author":{"gitId":"tsx0314"},"content":"     */","lastModifiedDate":"2023-03-10"},{"lineNumber":12,"author":{"gitId":"wanjuin"},"content":"    public final String feedbackToUser;","lastModifiedDate":"2023-03-10"},{"lineNumber":13,"author":{"gitId":"wanjuin"},"content":"","lastModifiedDate":"2023-03-10"},{"lineNumber":14,"author":{"gitId":"wanjuin"},"content":"    public CommandResult(String feedbackToUser) {","lastModifiedDate":"2023-03-10"},{"lineNumber":15,"author":{"gitId":"wanjuin"},"content":"        this.feedbackToUser \u003d feedbackToUser;","lastModifiedDate":"2023-03-10"},{"lineNumber":16,"author":{"gitId":"wanjuin"},"content":"    }","lastModifiedDate":"2023-03-10"},{"lineNumber":17,"author":{"gitId":"tsx0314"},"content":"","lastModifiedDate":"2023-03-10"},{"lineNumber":18,"author":{"gitId":"tsx0314"},"content":"    public void printResult() {","lastModifiedDate":"2023-03-10"},{"lineNumber":19,"author":{"gitId":"tsx0314"},"content":"        System.out.println(feedbackToUser);","lastModifiedDate":"2023-03-10"},{"lineNumber":20,"author":{"gitId":"tsx0314"},"content":"    }","lastModifiedDate":"2023-03-10"},{"lineNumber":21,"author":{"gitId":"tsx0314"},"content":"","lastModifiedDate":"2023-03-10"},{"lineNumber":22,"author":{"gitId":"wanjuin"},"content":"}","lastModifiedDate":"2023-03-10"}],"authorContributionMap":{"tsx0314":10,"wanjuin":12}},{"path":"src/main/java/seedu/duke/commands/ExitCommand.java","fileType":"functional-code","lines":[{"lineNumber":1,"author":{"gitId":"tsx0314"},"content":"package seedu.duke.commands;","lastModifiedDate":"2023-03-10"},{"lineNumber":2,"author":{"gitId":"tsx0314"},"content":"","lastModifiedDate":"2023-03-09"},{"lineNumber":3,"author":{"gitId":"tsx0314"},"content":"import seedu.duke.food.FoodList;","lastModifiedDate":"2023-03-10"},{"lineNumber":4,"author":{"gitId":"tsx0314"},"content":"","lastModifiedDate":"2023-03-10"},{"lineNumber":5,"author":{"gitId":"tsx0314"},"content":"public class ExitCommand extends Command {","lastModifiedDate":"2023-03-09"},{"lineNumber":6,"author":{"gitId":"wanjuin"},"content":"    public static final String COMMAND_WORD \u003d \"exit\";","lastModifiedDate":"2023-03-10"},{"lineNumber":7,"author":{"gitId":"wanjuin"},"content":"    public static final String MESSAGE_EXIT_ACKNOWLEDGEMENT \u003d \"Exiting Food Supply Tracker as requested ...\";","lastModifiedDate":"2023-03-10"},{"lineNumber":8,"author":{"gitId":"wanjuin"},"content":"","lastModifiedDate":"2023-03-10"},{"lineNumber":9,"author":{"gitId":"wanjuin"},"content":"    @Override","lastModifiedDate":"2023-03-10"},{"lineNumber":10,"author":{"gitId":"tsx0314"},"content":"    public CommandResult execute(FoodList foodList) {","lastModifiedDate":"2023-03-10"},{"lineNumber":11,"author":{"gitId":"wanjuin"},"content":"        return new CommandResult(MESSAGE_EXIT_ACKNOWLEDGEMENT);","lastModifiedDate":"2023-03-10"},{"lineNumber":12,"author":{"gitId":"tsx0314"},"content":"    }","lastModifiedDate":"2023-03-09"},{"lineNumber":13,"author":{"gitId":"tsx0314"},"content":"","lastModifiedDate":"2023-03-09"},{"lineNumber":14,"author":{"gitId":"tsx0314"},"content":"    @Override","lastModifiedDate":"2023-03-10"},{"lineNumber":15,"author":{"gitId":"tsx0314"},"content":"    public boolean isExit() {","lastModifiedDate":"2023-03-09"},{"lineNumber":16,"author":{"gitId":"tsx0314"},"content":"        return true;","lastModifiedDate":"2023-03-09"},{"lineNumber":17,"author":{"gitId":"tsx0314"},"content":"    }","lastModifiedDate":"2023-03-09"},{"lineNumber":18,"author":{"gitId":"tsx0314"},"content":"}","lastModifiedDate":"2023-03-09"}],"authorContributionMap":{"tsx0314":13,"wanjuin":5}},{"path":"src/main/java/seedu/duke/commands/IncorrectCommand.java","fileType":"functional-code","lines":[{"lineNumber":1,"author":{"gitId":"tsx0314"},"content":"package seedu.duke.commands;","lastModifiedDate":"2023-03-10"},{"lineNumber":2,"author":{"gitId":"tsx0314"},"content":"","lastModifiedDate":"2023-03-10"},{"lineNumber":3,"author":{"gitId":"tsx0314"},"content":"import seedu.duke.food.FoodList;","lastModifiedDate":"2023-03-10"},{"lineNumber":4,"author":{"gitId":"tsx0314"},"content":"","lastModifiedDate":"2023-03-10"},{"lineNumber":5,"author":{"gitId":"tsx0314"},"content":"public class IncorrectCommand extends Command {","lastModifiedDate":"2023-03-10"},{"lineNumber":6,"author":{"gitId":"tsx0314"},"content":"    public static final String INCORRECT_COMMAND \u003d \"Oops! \" +","lastModifiedDate":"2023-03-10"},{"lineNumber":7,"author":{"gitId":"tsx0314"},"content":"            \"Incorrect command format. Type \u0027help\u0027 to see more!!\";","lastModifiedDate":"2023-03-10"},{"lineNumber":8,"author":{"gitId":"tsx0314"},"content":"","lastModifiedDate":"2023-03-10"},{"lineNumber":9,"author":{"gitId":"tsx0314"},"content":"    public IncorrectCommand() {","lastModifiedDate":"2023-03-10"},{"lineNumber":10,"author":{"gitId":"tsx0314"},"content":"    }","lastModifiedDate":"2023-03-10"},{"lineNumber":11,"author":{"gitId":"tsx0314"},"content":"","lastModifiedDate":"2023-03-10"},{"lineNumber":12,"author":{"gitId":"tsx0314"},"content":"    @Override","lastModifiedDate":"2023-03-10"},{"lineNumber":13,"author":{"gitId":"tsx0314"},"content":"    public CommandResult execute(FoodList foodList) {","lastModifiedDate":"2023-03-10"},{"lineNumber":14,"author":{"gitId":"tsx0314"},"content":"        return new CommandResult(INCORRECT_COMMAND);","lastModifiedDate":"2023-03-10"},{"lineNumber":15,"author":{"gitId":"tsx0314"},"content":"    }","lastModifiedDate":"2023-03-10"},{"lineNumber":16,"author":{"gitId":"tsx0314"},"content":"","lastModifiedDate":"2023-03-10"},{"lineNumber":17,"author":{"gitId":"tsx0314"},"content":"}","lastModifiedDate":"2023-03-10"}],"authorContributionMap":{"tsx0314":17}},{"path":"src/main/java/seedu/duke/exceptions/DukeException.java","fileType":"functional-code","lines":[{"lineNumber":1,"author":{"gitId":"wanjuin"},"content":"package seedu.duke.exceptions;","lastModifiedDate":"2023-03-10"},{"lineNumber":2,"author":{"gitId":"tsx0314"},"content":"","lastModifiedDate":"2023-03-09"},{"lineNumber":3,"author":{"gitId":"tsx0314"},"content":"public class DukeException extends Exception {","lastModifiedDate":"2023-03-09"},{"lineNumber":4,"author":{"gitId":"tsx0314"},"content":"    private final String errorMessage \u003d \"Error..\";","lastModifiedDate":"2023-03-09"},{"lineNumber":5,"author":{"gitId":"tsx0314"},"content":"","lastModifiedDate":"2023-03-09"},{"lineNumber":6,"author":{"gitId":"tsx0314"},"content":"    public String getMessage() {","lastModifiedDate":"2023-03-09"},{"lineNumber":7,"author":{"gitId":"tsx0314"},"content":"        return errorMessage;","lastModifiedDate":"2023-03-09"},{"lineNumber":8,"author":{"gitId":"tsx0314"},"content":"    }","lastModifiedDate":"2023-03-09"},{"lineNumber":9,"author":{"gitId":"tsx0314"},"content":"","lastModifiedDate":"2023-03-09"},{"lineNumber":10,"author":{"gitId":"tsx0314"},"content":"}","lastModifiedDate":"2023-03-09"}],"authorContributionMap":{"tsx0314":9,"wanjuin":1}},{"path":"src/main/java/seedu/duke/food/Food.java","fileType":"functional-code","lines":[{"lineNumber":1,"author":{"gitId":"tsx0314"},"content":"package seedu.duke.food;","lastModifiedDate":"2023-03-10"},{"lineNumber":2,"author":{"gitId":"tsx0314"},"content":"","lastModifiedDate":"2023-03-10"},{"lineNumber":3,"author":{"gitId":"tsx0314"},"content":"public class Food {","lastModifiedDate":"2023-03-10"},{"lineNumber":4,"author":{"gitId":"tsx0314"},"content":"    private String name;","lastModifiedDate":"2023-03-10"},{"lineNumber":5,"author":{"gitId":"tsx0314"},"content":"    private String expiryDate;","lastModifiedDate":"2023-03-10"},{"lineNumber":6,"author":{"gitId":"tsx0314"},"content":"","lastModifiedDate":"2023-03-10"},{"lineNumber":7,"author":{"gitId":"tsx0314"},"content":"    //private int quantity;","lastModifiedDate":"2023-03-10"},{"lineNumber":8,"author":{"gitId":"tsx0314"},"content":"    public Food(String name, String expiryDate) {","lastModifiedDate":"2023-03-10"},{"lineNumber":9,"author":{"gitId":"tsx0314"},"content":"        this.name \u003d name;","lastModifiedDate":"2023-03-10"},{"lineNumber":10,"author":{"gitId":"tsx0314"},"content":"        this.expiryDate \u003d expiryDate;","lastModifiedDate":"2023-03-10"},{"lineNumber":11,"author":{"gitId":"tsx0314"},"content":"    }","lastModifiedDate":"2023-03-10"},{"lineNumber":12,"author":{"gitId":"tsx0314"},"content":"","lastModifiedDate":"2023-03-10"},{"lineNumber":13,"author":{"gitId":"tsx0314"},"content":"    public String getName() {","lastModifiedDate":"2023-03-10"},{"lineNumber":14,"author":{"gitId":"tsx0314"},"content":"        return name;","lastModifiedDate":"2023-03-10"},{"lineNumber":15,"author":{"gitId":"tsx0314"},"content":"    }","lastModifiedDate":"2023-03-10"},{"lineNumber":16,"author":{"gitId":"tsx0314"},"content":"","lastModifiedDate":"2023-03-10"},{"lineNumber":17,"author":{"gitId":"tsx0314"},"content":"    public String getExpiryDate() {","lastModifiedDate":"2023-03-10"},{"lineNumber":18,"author":{"gitId":"tsx0314"},"content":"        return expiryDate;","lastModifiedDate":"2023-03-10"},{"lineNumber":19,"author":{"gitId":"tsx0314"},"content":"    }","lastModifiedDate":"2023-03-10"},{"lineNumber":20,"author":{"gitId":"tsx0314"},"content":"","lastModifiedDate":"2023-03-10"},{"lineNumber":21,"author":{"gitId":"tsx0314"},"content":"    public String printFoodDetails() {","lastModifiedDate":"2023-03-10"},{"lineNumber":22,"author":{"gitId":"tsx0314"},"content":"        String details \u003d \"Product Name: \" + getName() + \"\\n\" + \"Expired by: \" + getExpiryDate();","lastModifiedDate":"2023-03-10"},{"lineNumber":23,"author":{"gitId":"tsx0314"},"content":"        return details;","lastModifiedDate":"2023-03-10"},{"lineNumber":24,"author":{"gitId":"tsx0314"},"content":"    }","lastModifiedDate":"2023-03-10"},{"lineNumber":25,"author":{"gitId":"tsx0314"},"content":"}","lastModifiedDate":"2023-03-10"}],"authorContributionMap":{"tsx0314":25}},{"path":"src/main/java/seedu/duke/food/FoodList.java","fileType":"functional-code","lines":[{"lineNumber":1,"author":{"gitId":"tsx0314"},"content":"package seedu.duke.food;","lastModifiedDate":"2023-03-10"},{"lineNumber":2,"author":{"gitId":"tsx0314"},"content":"","lastModifiedDate":"2023-03-10"},{"lineNumber":3,"author":{"gitId":"tsx0314"},"content":"import java.util.ArrayList;","lastModifiedDate":"2023-03-10"},{"lineNumber":4,"author":{"gitId":"tsx0314"},"content":"","lastModifiedDate":"2023-03-10"},{"lineNumber":5,"author":{"gitId":"tsx0314"},"content":"public class FoodList {","lastModifiedDate":"2023-03-10"},{"lineNumber":6,"author":{"gitId":"tsx0314"},"content":"    public ArrayList\u003cFood\u003e foodList \u003d new ArrayList\u003c\u003e();","lastModifiedDate":"2023-03-10"},{"lineNumber":7,"author":{"gitId":"tsx0314"},"content":"","lastModifiedDate":"2023-03-10"},{"lineNumber":8,"author":{"gitId":"tsx0314"},"content":"    public FoodList() {","lastModifiedDate":"2023-03-10"},{"lineNumber":9,"author":{"gitId":"tsx0314"},"content":"    }","lastModifiedDate":"2023-03-10"},{"lineNumber":10,"author":{"gitId":"tsx0314"},"content":"","lastModifiedDate":"2023-03-10"},{"lineNumber":11,"author":{"gitId":"tsx0314"},"content":"    public void addFood(Food food) {","lastModifiedDate":"2023-03-10"},{"lineNumber":12,"author":{"gitId":"tsx0314"},"content":"        foodList.add(food);","lastModifiedDate":"2023-03-10"},{"lineNumber":13,"author":{"gitId":"tsx0314"},"content":"    }","lastModifiedDate":"2023-03-10"},{"lineNumber":14,"author":{"gitId":"tsx0314"},"content":"}","lastModifiedDate":"2023-03-10"}],"authorContributionMap":{"tsx0314":14}},{"path":"src/main/java/seedu/duke/general/Parser.java","fileType":"functional-code","lines":[{"lineNumber":1,"author":{"gitId":"wanjuin"},"content":"package seedu.duke.general;","lastModifiedDate":"2023-03-10"},{"lineNumber":2,"author":{"gitId":"wanjuin"},"content":"","lastModifiedDate":"2023-03-10"},{"lineNumber":3,"author":{"gitId":"tsx0314"},"content":"import seedu.duke.commands.AddCommand;","lastModifiedDate":"2023-03-10"},{"lineNumber":4,"author":{"gitId":"wanjuin"},"content":"import seedu.duke.commands.Command;","lastModifiedDate":"2023-03-10"},{"lineNumber":5,"author":{"gitId":"wanjuin"},"content":"import seedu.duke.commands.ExitCommand;","lastModifiedDate":"2023-03-10"},{"lineNumber":6,"author":{"gitId":"tsx0314"},"content":"import seedu.duke.commands.IncorrectCommand;","lastModifiedDate":"2023-03-10"},{"lineNumber":7,"author":{"gitId":"wanjuin"},"content":"import seedu.duke.exceptions.DukeException;","lastModifiedDate":"2023-03-10"},{"lineNumber":8,"author":{"gitId":"tsx0314"},"content":"","lastModifiedDate":"2023-03-09"},{"lineNumber":9,"author":{"gitId":"tsx0314"},"content":"import java.util.regex.Matcher;","lastModifiedDate":"2023-03-10"},{"lineNumber":10,"author":{"gitId":"tsx0314"},"content":"import java.util.regex.Pattern;","lastModifiedDate":"2023-03-10"},{"lineNumber":11,"author":{"gitId":"tsx0314"},"content":"","lastModifiedDate":"2023-03-09"},{"lineNumber":12,"author":{"gitId":"tsx0314"},"content":"public class Parser {","lastModifiedDate":"2023-03-09"},{"lineNumber":13,"author":{"gitId":"wanjuin"},"content":"","lastModifiedDate":"2023-03-10"},{"lineNumber":14,"author":{"gitId":"tsx0314"},"content":"    /**","lastModifiedDate":"2023-03-10"},{"lineNumber":15,"author":{"gitId":"tsx0314"},"content":"     * The code is adapted from","lastModifiedDate":"2023-03-10"},{"lineNumber":16,"author":{"gitId":"tsx0314"},"content":"     * https://github.com/se-edu/addressbook-level2/blob/","lastModifiedDate":"2023-03-10"},{"lineNumber":17,"author":{"gitId":"tsx0314"},"content":"     * 157fcf19c6b73289dc4cc7b2dd1152bc2b8e197a/src/seedu/addressbook/parser/Parser","lastModifiedDate":"2023-03-10"},{"lineNumber":18,"author":{"gitId":"tsx0314"},"content":"     */","lastModifiedDate":"2023-03-10"},{"lineNumber":19,"author":{"gitId":"wanjuin"},"content":"","lastModifiedDate":"2023-03-10"},{"lineNumber":20,"author":{"gitId":"tsx0314"},"content":"    public static final Pattern BASIC_COMMAND_FORMAT \u003d Pattern.compile(\"(?\u003ccommandWord\u003e\\\\S+)(?\u003carguments\u003e.*)\");","lastModifiedDate":"2023-03-10"},{"lineNumber":21,"author":{"gitId":"tsx0314"},"content":"    private static final String ADD_COMMAND_PATTERN_1 \u003d","lastModifiedDate":"2023-03-10"},{"lineNumber":22,"author":{"gitId":"tsx0314"},"content":"            \"^\\\\s+-n\\\\s+\\\\w+(\\\\s+\\\\w+)*\\\\s+-e\\\\s+\\\\d{1,2}[/-]\\\\d{1,2}[/-]\\\\d{2,4}$\";","lastModifiedDate":"2023-03-10"},{"lineNumber":23,"author":{"gitId":"tsx0314"},"content":"    private static final String ADD_COMMAND_PATTERN_2 \u003d","lastModifiedDate":"2023-03-10"},{"lineNumber":24,"author":{"gitId":"tsx0314"},"content":"            \"^\\\\s+-e\\\\s+\\\\d{1,2}[/-]\\\\d{1,2}[/-]\\\\d{2,4}\\\\s+-n\\\\s+\\\\w+(\\\\s+\\\\w+)*$\";","lastModifiedDate":"2023-03-10"},{"lineNumber":25,"author":{"gitId":"tsx0314"},"content":"","lastModifiedDate":"2023-03-10"},{"lineNumber":26,"author":{"gitId":"tsx0314"},"content":"","lastModifiedDate":"2023-03-10"},{"lineNumber":27,"author":{"gitId":"tsx0314"},"content":"    public static Command parse(String userInput) throws DukeException {","lastModifiedDate":"2023-03-10"},{"lineNumber":28,"author":{"gitId":"tsx0314"},"content":"","lastModifiedDate":"2023-03-10"},{"lineNumber":29,"author":{"gitId":"tsx0314"},"content":"        final Matcher matcher \u003d BASIC_COMMAND_FORMAT.matcher(userInput.trim());","lastModifiedDate":"2023-03-10"},{"lineNumber":30,"author":{"gitId":"tsx0314"},"content":"        if (!matcher.matches()) {","lastModifiedDate":"2023-03-10"},{"lineNumber":31,"author":{"gitId":"tsx0314"},"content":"            return new IncorrectCommand();","lastModifiedDate":"2023-03-10"},{"lineNumber":32,"author":{"gitId":"tsx0314"},"content":"        }","lastModifiedDate":"2023-03-10"},{"lineNumber":33,"author":{"gitId":"tsx0314"},"content":"","lastModifiedDate":"2023-03-10"},{"lineNumber":34,"author":{"gitId":"tsx0314"},"content":"        final String commandWord \u003d matcher.group(\"commandWord\");","lastModifiedDate":"2023-03-10"},{"lineNumber":35,"author":{"gitId":"tsx0314"},"content":"        final String arguments \u003d matcher.group(\"arguments\");","lastModifiedDate":"2023-03-10"},{"lineNumber":36,"author":{"gitId":"tsx0314"},"content":"","lastModifiedDate":"2023-03-10"},{"lineNumber":37,"author":{"gitId":"tsx0314"},"content":"        switch (commandWord) {","lastModifiedDate":"2023-03-10"},{"lineNumber":38,"author":{"gitId":"tsx0314"},"content":"","lastModifiedDate":"2023-03-10"},{"lineNumber":39,"author":{"gitId":"tsx0314"},"content":"        case AddCommand.COMMAND_WORD:","lastModifiedDate":"2023-03-10"},{"lineNumber":40,"author":{"gitId":"tsx0314"},"content":"            return addFood(arguments);","lastModifiedDate":"2023-03-10"},{"lineNumber":41,"author":{"gitId":"tsx0314"},"content":"","lastModifiedDate":"2023-03-10"},{"lineNumber":42,"author":{"gitId":"tsx0314"},"content":"        case ExitCommand.COMMAND_WORD:","lastModifiedDate":"2023-03-10"},{"lineNumber":43,"author":{"gitId":"tsx0314"},"content":"            return new ExitCommand();","lastModifiedDate":"2023-03-10"},{"lineNumber":44,"author":{"gitId":"tsx0314"},"content":"","lastModifiedDate":"2023-03-10"},{"lineNumber":45,"author":{"gitId":"tsx0314"},"content":"        default:","lastModifiedDate":"2023-03-10"},{"lineNumber":46,"author":{"gitId":"tsx0314"},"content":"            return new IncorrectCommand();","lastModifiedDate":"2023-03-10"},{"lineNumber":47,"author":{"gitId":"tsx0314"},"content":"        }","lastModifiedDate":"2023-03-09"},{"lineNumber":48,"author":{"gitId":"tsx0314"},"content":"    }","lastModifiedDate":"2023-03-09"},{"lineNumber":49,"author":{"gitId":"tsx0314"},"content":"","lastModifiedDate":"2023-03-10"},{"lineNumber":50,"author":{"gitId":"tsx0314"},"content":"    private static Command addFood(String args) {","lastModifiedDate":"2023-03-10"},{"lineNumber":51,"author":{"gitId":"tsx0314"},"content":"        boolean isMatched1 \u003d Pattern.matches(ADD_COMMAND_PATTERN_1, args);","lastModifiedDate":"2023-03-10"},{"lineNumber":52,"author":{"gitId":"tsx0314"},"content":"        boolean isMatched2 \u003d Pattern.matches(ADD_COMMAND_PATTERN_2, args);","lastModifiedDate":"2023-03-10"},{"lineNumber":53,"author":{"gitId":"wanjuin"},"content":"","lastModifiedDate":"2023-03-10"},{"lineNumber":54,"author":{"gitId":"tsx0314"},"content":"        if (!isMatched1 \u0026\u0026 !isMatched2) {","lastModifiedDate":"2023-03-10"},{"lineNumber":55,"author":{"gitId":"tsx0314"},"content":"            return new IncorrectCommand();","lastModifiedDate":"2023-03-10"},{"lineNumber":56,"author":{"gitId":"tsx0314"},"content":"        } else {","lastModifiedDate":"2023-03-10"},{"lineNumber":57,"author":{"gitId":"tsx0314"},"content":"            return new AddCommand(args);","lastModifiedDate":"2023-03-10"},{"lineNumber":58,"author":{"gitId":"tsx0314"},"content":"        }","lastModifiedDate":"2023-03-09"},{"lineNumber":59,"author":{"gitId":"tsx0314"},"content":"    }","lastModifiedDate":"2023-03-09"},{"lineNumber":60,"author":{"gitId":"tsx0314"},"content":"","lastModifiedDate":"2023-03-10"},{"lineNumber":61,"author":{"gitId":"tsx0314"},"content":"","lastModifiedDate":"2023-03-10"},{"lineNumber":62,"author":{"gitId":"tsx0314"},"content":"}","lastModifiedDate":"2023-03-09"},{"lineNumber":63,"author":{"gitId":"tsx0314"},"content":"","lastModifiedDate":"2023-03-10"},{"lineNumber":64,"author":{"gitId":"tsx0314"},"content":"","lastModifiedDate":"2023-03-10"},{"lineNumber":65,"author":{"gitId":"tsx0314"},"content":"","lastModifiedDate":"2023-03-10"},{"lineNumber":66,"author":{"gitId":"tsx0314"},"content":"","lastModifiedDate":"2023-03-10"},{"lineNumber":67,"author":{"gitId":"tsx0314"},"content":"","lastModifiedDate":"2023-03-10"},{"lineNumber":68,"author":{"gitId":"tsx0314"},"content":"","lastModifiedDate":"2023-03-10"},{"lineNumber":69,"author":{"gitId":"tsx0314"},"content":"","lastModifiedDate":"2023-03-10"}],"authorContributionMap":{"tsx0314":61,"wanjuin":8}},{"path":"src/main/java/seedu/duke/general/Ui.java","fileType":"functional-code","lines":[{"lineNumber":1,"author":{"gitId":"wanjuin"},"content":"package seedu.duke.general;","lastModifiedDate":"2023-03-10"},{"lineNumber":2,"author":{"gitId":"tsx0314"},"content":"","lastModifiedDate":"2023-03-09"},{"lineNumber":3,"author":{"gitId":"tsx0314"},"content":"import java.util.Scanner;","lastModifiedDate":"2023-03-09"},{"lineNumber":4,"author":{"gitId":"tsx0314"},"content":"","lastModifiedDate":"2023-03-09"},{"lineNumber":5,"author":{"gitId":"wanjuin"},"content":"/**","lastModifiedDate":"2023-03-10"},{"lineNumber":6,"author":{"gitId":"wanjuin"},"content":" * Text UI of the application","lastModifiedDate":"2023-03-10"},{"lineNumber":7,"author":{"gitId":"wanjuin"},"content":" */","lastModifiedDate":"2023-03-10"},{"lineNumber":8,"author":{"gitId":"tsx0314"},"content":"public class Ui {","lastModifiedDate":"2023-03-09"},{"lineNumber":9,"author":{"gitId":"tsx0314"},"content":"","lastModifiedDate":"2023-03-09"},{"lineNumber":10,"author":{"gitId":"tsx0314"},"content":"    public static final String LOGO_PATTERN \u003d \" ____        _        \\n\"","lastModifiedDate":"2023-03-10"},{"lineNumber":11,"author":{"gitId":"tsx0314"},"content":"            + \"|  _ \\\\ _   _| | _____ \\n\"","lastModifiedDate":"2023-03-09"},{"lineNumber":12,"author":{"gitId":"tsx0314"},"content":"            + \"| | | | | | | |/ / _ \\\\\\n\"","lastModifiedDate":"2023-03-09"},{"lineNumber":13,"author":{"gitId":"tsx0314"},"content":"            + \"| |_| | |_| |   \u003c  __/\\n\"","lastModifiedDate":"2023-03-09"},{"lineNumber":14,"author":{"gitId":"tsx0314"},"content":"            + \"|____/ \\\\__,_|_|\\\\_\\\\___|\\n\";","lastModifiedDate":"2023-03-09"},{"lineNumber":15,"author":{"gitId":"tsx0314"},"content":"    public static final String LIST_MESSAGE \u003d \"Here is your food list!\";","lastModifiedDate":"2023-03-10"},{"lineNumber":16,"author":{"gitId":"wanjuin"},"content":"","lastModifiedDate":"2023-03-10"},{"lineNumber":17,"author":{"gitId":"tsx0314"},"content":"    public Ui() {","lastModifiedDate":"2023-03-09"},{"lineNumber":18,"author":{"gitId":"wanjuin"},"content":"    }","lastModifiedDate":"2023-03-10"},{"lineNumber":19,"author":{"gitId":"wanjuin"},"content":"","lastModifiedDate":"2023-03-10"},{"lineNumber":20,"author":{"gitId":"wanjuin"},"content":"    public String readCommand() {","lastModifiedDate":"2023-03-10"},{"lineNumber":21,"author":{"gitId":"wanjuin"},"content":"        Scanner sc \u003d new Scanner(System.in);","lastModifiedDate":"2023-03-10"},{"lineNumber":22,"author":{"gitId":"wanjuin"},"content":"        String fullInputLine \u003d sc.nextLine();","lastModifiedDate":"2023-03-10"},{"lineNumber":23,"author":{"gitId":"wanjuin"},"content":"        return fullInputLine;","lastModifiedDate":"2023-03-10"},{"lineNumber":24,"author":{"gitId":"tsx0314"},"content":"    }","lastModifiedDate":"2023-03-09"},{"lineNumber":25,"author":{"gitId":"tsx0314"},"content":"","lastModifiedDate":"2023-03-09"},{"lineNumber":26,"author":{"gitId":"wanjuin"},"content":"    public void showWelcomeMessage() {","lastModifiedDate":"2023-03-10"},{"lineNumber":27,"author":{"gitId":"tsx0314"},"content":"        System.out.println(\"Hello from\\n\" + LOGO_PATTERN);","lastModifiedDate":"2023-03-09"},{"lineNumber":28,"author":{"gitId":"tsx0314"},"content":"        System.out.println(\"Hi! I am Duke:)\");","lastModifiedDate":"2023-03-09"},{"lineNumber":29,"author":{"gitId":"tsx0314"},"content":"        System.out.println(\"Let us track expiry dates and combat food waste!\");","lastModifiedDate":"2023-03-09"},{"lineNumber":30,"author":{"gitId":"tsx0314"},"content":"        showLine();","lastModifiedDate":"2023-03-09"},{"lineNumber":31,"author":{"gitId":"tsx0314"},"content":"    }","lastModifiedDate":"2023-03-09"},{"lineNumber":32,"author":{"gitId":"tsx0314"},"content":"","lastModifiedDate":"2023-03-09"},{"lineNumber":33,"author":{"gitId":"tsx0314"},"content":"    public void showLine() {","lastModifiedDate":"2023-03-09"},{"lineNumber":34,"author":{"gitId":"tsx0314"},"content":"        System.out.println(\"______________________________\");","lastModifiedDate":"2023-03-09"},{"lineNumber":35,"author":{"gitId":"tsx0314"},"content":"    }","lastModifiedDate":"2023-03-09"},{"lineNumber":36,"author":{"gitId":"tsx0314"},"content":"","lastModifiedDate":"2023-03-09"},{"lineNumber":37,"author":{"gitId":"tsx0314"},"content":"    public void showError(String message) {","lastModifiedDate":"2023-03-10"},{"lineNumber":38,"author":{"gitId":"tsx0314"},"content":"        System.out.println(message);","lastModifiedDate":"2023-03-10"},{"lineNumber":39,"author":{"gitId":"wanjuin"},"content":"    }","lastModifiedDate":"2023-03-10"},{"lineNumber":40,"author":{"gitId":"tsx0314"},"content":"}","lastModifiedDate":"2023-03-09"}],"authorContributionMap":{"tsx0314":27,"wanjuin":13}}]
