{"authorDailyContributionsMap":{"ZhongXiangWong":[{"date":"2023-03-01","commitResults":[{"hash":"4a9194d5ffa2b327e8c57dbe61c7c85e001a89e2","isMergeCommit":false,"messageTitle":"Add profile name","messageBody":"","fileTypesAndContributionMap":{"docs":{"insertions":7,"deletions":7}}}]},{"date":"2023-03-10","commitResults":[{"hash":"f5ff4c64a4aa0ca27b34edc81799c8fa69423aa7","isMergeCommit":false,"messageTitle":"Add help feature","messageBody":"","fileTypesAndContributionMap":{"functional-code":{"insertions":105,"deletions":0}}},{"hash":"2d2cc6e3f7244b60d0df30a27301dc4edbd7ffe7","isMergeCommit":false,"messageTitle":"Refactor: removed redundant import","messageBody":"","fileTypesAndContributionMap":{"functional-code":{"insertions":0,"deletions":2}}},{"hash":"973293a83b9aecef47eaf837c18e5001eca59cff","isMergeCommit":true,"messageTitle":"Merge pull request #36 from ZhongXiangWong/help-feature-v2","messageBody":"Implemented help feature","fileTypesAndContributionMap":{}},{"hash":"bcf9c63b089e5dd4b5f3ca38f3e87ff963cc99ad","isMergeCommit":false,"messageTitle":"Add Junit test for HelpCommand","messageBody":"","fileTypesAndContributionMap":{"functional-code":{"insertions":7,"deletions":2},"test-code":{"insertions":32,"deletions":0}}},{"hash":"3bb9b345b934ef92691e33a72413218f39860c9e","isMergeCommit":false,"messageTitle":"Minor Refactor","messageBody":"","fileTypesAndContributionMap":{"functional-code":{"insertions":4,"deletions":4}}},{"hash":"69ca7f7aef334f43affc9acd3399ee0380b30b3d","isMergeCommit":false,"messageTitle":"Edit method name to comply to coding standards","messageBody":"","fileTypesAndContributionMap":{"test-code":{"insertions":3,"deletions":4}}},{"hash":"1a6ef3f278a56ba93e4c87a943915a8d54aa71e4","isMergeCommit":false,"messageTitle":"Checkstye","messageBody":"","fileTypesAndContributionMap":{"test-code":{"insertions":1,"deletions":1}}},{"hash":"dcf49999c562b305a155e1434f340b0dbaeba70b","isMergeCommit":true,"messageTitle":"Merge pull request #37 from ZhongXiangWong/help-feature-v2","messageBody":"Add Junit test for HelpCommand","fileTypesAndContributionMap":{}}]},{"date":"2023-03-11","commitResults":[{"hash":"603fc523dd96cc8c0cf27fd65dfa653bdcd3b8bf","isMergeCommit":false,"messageTitle":"Refactor to comply with coding standards: standardisation","messageBody":"","fileTypesAndContributionMap":{"functional-code":{"insertions":31,"deletions":47}}},{"hash":"8b8c630e3dfa3a74e6015755c9d09e0d982ae31d","isMergeCommit":false,"messageTitle":"Refactor: code quality","messageBody":"","fileTypesAndContributionMap":{"functional-code":{"insertions":2,"deletions":1}}},{"hash":"24a63afcf481d85ff191e7cd10a5aec9e9bbbd2a","isMergeCommit":true,"messageTitle":"Merge pull request #41 from ZhongXiangWong/help-feature-v2","messageBody":"Refactor to standardize coding style and corrected message for \u0027add\u0027 feature.","fileTypesAndContributionMap":{}},{"hash":"91a0a2d15f0446b0a5dac1863ae2fd1a78d94993","isMergeCommit":false,"messageTitle":"Improve code quality","messageBody":"","fileTypesAndContributionMap":{"functional-code":{"insertions":8,"deletions":3},"test-code":{"insertions":5,"deletions":11}}},{"hash":"a7eea759e5048db164e83c93fecd1ad4363ea724","isMergeCommit":true,"messageTitle":"Merge pull request #42 from ZhongXiangWong/help-feature-v2","messageBody":"Improve code quality","fileTypesAndContributionMap":{}}]},{"date":"2023-03-16","commitResults":[{"hash":"82a378e1dae7647d081b785e18390939f1832952","isMergeCommit":false,"messageTitle":"Improve UI for \u0027help\u0027","messageBody":"","fileTypesAndContributionMap":{"functional-code":{"insertions":19,"deletions":6}}},{"hash":"aecb3713d29fd635fef96e34e7fcc5a743112777","isMergeCommit":false,"messageTitle":"Update error in help message","messageBody":"","fileTypesAndContributionMap":{"functional-code":{"insertions":1,"deletions":1}}}]}],"DavidVin357":[{"date":"2023-03-11","commitResults":[{"hash":"1fa586cf7e67a93608b7ed928c14845e89a6030e","isMergeCommit":false,"messageTitle":"add find command","messageBody":"","fileTypesAndContributionMap":{"functional-code":{"insertions":49,"deletions":1}}},{"hash":"cc484211732d486dd284ddb1715a027a62c18076","isMergeCommit":false,"messageTitle":"trim search term","messageBody":"","fileTypesAndContributionMap":{"functional-code":{"insertions":7,"deletions":12}}}]},{"date":"2023-03-13","commitResults":[{"hash":"8e53efb4b0d058a8ed2eba74197f7ae1f8f6ec2e","isMergeCommit":false,"messageTitle":"find command test","messageBody":"","fileTypesAndContributionMap":{"test-code":{"insertions":21,"deletions":0}}},{"hash":"946bb1a5e95d0b3f6951aa799c9f4720e75efa50","isMergeCommit":false,"messageTitle":"change method name","messageBody":"","fileTypesAndContributionMap":{"test-code":{"insertions":1,"deletions":1}}}]}],"SebastianSoewanto":[{"date":"2023-03-01","commitResults":[{"hash":"d3b33e966ac6df3ca9cd34c61289c862e027b511","isMergeCommit":false,"messageTitle":"Add profile name","messageBody":"","fileTypesAndContributionMap":{"docs":{"insertions":7,"deletions":7}}}]},{"date":"2023-03-10","commitResults":[{"hash":"f9aca10e03aa7f52b74f5ce85c61fedd4f19ccad","isMergeCommit":false,"messageTitle":"Add remove command","messageBody":"","fileTypesAndContributionMap":{"functional-code":{"insertions":21,"deletions":0}}},{"hash":"a8918e6413a94dfe30b994eb5dbfd7d548a24710","isMergeCommit":false,"messageTitle":"Add removeFood in FoodList class","messageBody":"","fileTypesAndContributionMap":{"functional-code":{"insertions":5,"deletions":0}}},{"hash":"04918edb1d5abcfe93116991ee9e5f08a59aa6aa","isMergeCommit":false,"messageTitle":"Add arguments into parameter for RemoveCommand","messageBody":"","fileTypesAndContributionMap":{"functional-code":{"insertions":1,"deletions":1}}},{"hash":"6772d9bbbb1cbf0a02a569809ad108793f8f4878","isMergeCommit":true,"messageTitle":"Merge branch \u0027AY2223S2-CS2113-W13-3:master\u0027 into master","messageBody":"","fileTypesAndContributionMap":{}},{"hash":"c016d8469e2dff84c0a0fe08c5ffff9998c1fb37","isMergeCommit":true,"messageTitle":"Merge pull request #38 from SebastianSoewanto/master","messageBody":"Add the command to remove food from the list","fileTypesAndContributionMap":{}}]},{"date":"2023-03-15","commitResults":[{"hash":"60e55bd53a71ca8e86b7397e47c80a52e58eb9b5","isMergeCommit":false,"messageTitle":"Refactor bugs in remove command","messageBody":"","fileTypesAndContributionMap":{"functional-code":{"insertions":10,"deletions":2}}},{"hash":"064819278a2c6e08e396d26e3c9cd0259a923040","isMergeCommit":false,"messageTitle":"Fixing bug on remove command","messageBody":"","fileTypesAndContributionMap":{"functional-code":{"insertions":1,"deletions":1}}},{"hash":"7abb7d3d7938fc4752fd01243ec9e0ef38a6a120","isMergeCommit":false,"messageTitle":"Add J unit test for remove command","messageBody":"","fileTypesAndContributionMap":{"test-code":{"insertions":22,"deletions":0}}},{"hash":"d9993cabac461ef41d4db4cb20a2ede42efbffe8","isMergeCommit":true,"messageTitle":"Merge pull request #49 from SebastianSoewanto/master","messageBody":"Fixing bug in remove command","fileTypesAndContributionMap":{}},{"hash":"2716a187ca8c88cc0592d049e3a9e1e12334165f","isMergeCommit":false,"messageTitle":"Refactoring of remove command test","messageBody":"","fileTypesAndContributionMap":{"test-code":{"insertions":2,"deletions":3}}},{"hash":"774207c4a5dd65c0c557199182d16bb19b73116c","isMergeCommit":true,"messageTitle":"Merge branch \u0027AY2223S2-CS2113-W13-3:master\u0027 into master","messageBody":"","fileTypesAndContributionMap":{}},{"hash":"97a0f6bd64edef4f6c20a6e5dcf24e8e96f25e76","isMergeCommit":true,"messageTitle":"Merge pull request #50 from SebastianSoewanto/master","messageBody":"Minor refactor of J unit test of remove command","fileTypesAndContributionMap":{}}]},{"date":"2023-03-19","commitResults":[{"hash":"ecb19005486a7db19fe303c059dd5f5bac6ee4c2","isMergeCommit":false,"messageTitle":"Fix bug on remove feature","messageBody":"","fileTypesAndContributionMap":{"functional-code":{"insertions":1,"deletions":1}}},{"hash":"743fa5c99e360b01c24f027d7acb7956216f57cc","isMergeCommit":true,"messageTitle":"Merge pull request #61 from SebastianSoewanto/master","messageBody":"Fix bug on remove feature","fileTypesAndContributionMap":{}}]},{"date":"2023-03-20","commitResults":[{"hash":"c1b5d971505097349991ceb149e5803fccd9fc5f","isMergeCommit":false,"messageTitle":"Add LocalDate for comparison of expired food","messageBody":"","fileTypesAndContributionMap":{"functional-code":{"insertions":12,"deletions":2}}},{"hash":"18a162adc9f694f020d6032847de007a618a1584","isMergeCommit":true,"messageTitle":"Merge pull request #63 from SebastianSoewanto/master","messageBody":"Add LocalDate for comparison to track expired food","fileTypesAndContributionMap":{}}]}],"tsx0314":[{"date":"2023-03-03","commitResults":[{"hash":"7d48a89dfbb15012dfc0ab07dd08e19d4d5b6dae","isMergeCommit":false,"messageTitle":"Add profile name","messageBody":"","fileTypesAndContributionMap":{"docs":{"insertions":7,"deletions":7}}},{"hash":"93ac63fe9bdbe056320d43caef370cb6471549e1","isMergeCommit":true,"messageTitle":"Merge pull request #3 from tsx0314/branch-AboutUs","messageBody":"Add profile name","fileTypesAndContributionMap":{}}]},{"date":"2023-03-09","commitResults":[{"hash":"beb65eb81956ce75751f0e41c43e7485cc44f6a2","isMergeCommit":false,"messageTitle":"Initialise the project structure","messageBody":"","fileTypesAndContributionMap":{"functional-code":{"insertions":116,"deletions":14}}},{"hash":"0f93eacb7e627a0c345123ecba9442d3721d3ca0","isMergeCommit":false,"messageTitle":"Add credit to the code","messageBody":"","fileTypesAndContributionMap":{"functional-code":{"insertions":3,"deletions":1}}},{"hash":"8ea04ab43c6234892edbdd7e5f2b40f94da3304a","isMergeCommit":false,"messageTitle":"Code quality","messageBody":"","fileTypesAndContributionMap":{"functional-code":{"insertions":7,"deletions":4}}},{"hash":"1258a98f49e93db8d8c7f93bcdad0741a75fc62c","isMergeCommit":false,"messageTitle":"Update test file","messageBody":"","fileTypesAndContributionMap":{"functional-code":{"insertions":2,"deletions":1}}},{"hash":"688ec75a3c24a0e3db1149c7c314f4cc4f5d93f6","isMergeCommit":false,"messageTitle":"Remove tabs with empty spaces","messageBody":"","fileTypesAndContributionMap":{"functional-code":{"insertions":93,"deletions":93}}},{"hash":"ec2b26cf1dc3237018e0c2b845d4da6043632149","isMergeCommit":false,"messageTitle":"Code quality","messageBody":"","fileTypesAndContributionMap":{"functional-code":{"insertions":5,"deletions":5}}},{"hash":"dc469a82ade87858f2555216b497220a09d36855","isMergeCommit":false,"messageTitle":"Convert files to Unix format","messageBody":"","fileTypesAndContributionMap":{"functional-code":{"insertions":4,"deletions":3}}},{"hash":"de8370f4793ce088e81be14fdfbd50ab27388676","isMergeCommit":true,"messageTitle":"Merge pull request #15 from tsx0314/branch-ProjectStructure","messageBody":"Initialise the project structure","fileTypesAndContributionMap":{}},{"hash":"33b7910d1bf564a338bfd50ba4e1de6f3d074e2f","isMergeCommit":true,"messageTitle":"Merge branch \u0027master\u0027 of https://github.com/AY2223S2-CS2113-W13-3/tp","messageBody":"","fileTypesAndContributionMap":{}}]},{"date":"2023-03-10","commitResults":[{"hash":"c875fd7442487d91c5ef0928afed11ff8d3dcd17","isMergeCommit":true,"messageTitle":"Merge branch \u0027AY2223S2-CS2113-W13-3:master\u0027 into master","messageBody":"","fileTypesAndContributionMap":{}},{"hash":"e5fef7d7bcd4020385bb5266c7a3f8663b16a431","isMergeCommit":true,"messageTitle":"Merge branch \u0027master\u0027 of https://github.com/tsx0314/tp","messageBody":"","fileTypesAndContributionMap":{}},{"hash":"3a4f8a78a9e170ebdaf32387e2a04662460c856f","isMergeCommit":false,"messageTitle":"fix folder naming issues","messageBody":"","fileTypesAndContributionMap":{"other":{"insertions":0,"deletions":0}}},{"hash":"275ac24c9f05dcdcfa55324eff6db5d43e62b440","isMergeCommit":false,"messageTitle":"Solve merge conflicts","messageBody":"","fileTypesAndContributionMap":{"functional-code":{"insertions":15,"deletions":13}}},{"hash":"36dfabf78738c0fced58b0d21f6b3030511a1ce0","isMergeCommit":true,"messageTitle":"Merge branch \u0027master\u0027 into master","messageBody":"","fileTypesAndContributionMap":{}},{"hash":"b14ad651ef9f10002b2ee3c8206f664e25d833d2","isMergeCommit":true,"messageTitle":"Merge branch \u0027master\u0027 of https://github.com/AY2223S2-CS2113-W13-3/tp","messageBody":"","fileTypesAndContributionMap":{}},{"hash":"224f6a5e1e3da633c7324add9f654d0d5affd21a","isMergeCommit":false,"messageTitle":"Add FoodList and addCommand feature","messageBody":"","fileTypesAndContributionMap":{"functional-code":{"insertions":134,"deletions":4}}},{"hash":"803d212f5005d0a38e287bbe3f3e0e5cd9167324","isMergeCommit":false,"messageTitle":"Update ui messages","messageBody":"","fileTypesAndContributionMap":{"functional-code":{"insertions":4,"deletions":4}}},{"hash":"d2b1782f131ffdd83837b5bc049af3a8d4b5e3cf","isMergeCommit":true,"messageTitle":"Merge branch \u0027master\u0027 into branch-AddCommand","messageBody":"","fileTypesAndContributionMap":{}},{"hash":"f6bf1b42309ed7f8900bd38c025ddc3b26632759","isMergeCommit":false,"messageTitle":"Update test file","messageBody":"","fileTypesAndContributionMap":{"functional-code":{"insertions":4,"deletions":4}}},{"hash":"94d1ce79e5c93de78f37e779f3121e10d7f6dce7","isMergeCommit":true,"messageTitle":"Merge branch \u0027branch-AddCommand\u0027 of https://github.com/tsx0314/tp into branch-AddCommand","messageBody":"# Conflicts:\n#\ttext-ui-test/EXPECTED.TXT\n","fileTypesAndContributionMap":{}},{"hash":"32c778082d2042084c61e73d0801abd058c849e2","isMergeCommit":true,"messageTitle":"Merge pull request #23 from tsx0314/branch-AddCommand","messageBody":"Add FoodList and AddCommand","fileTypesAndContributionMap":{}},{"hash":"fb1a1760fb71a9fbd3be31d1ea5571db4857dc61","isMergeCommit":true,"messageTitle":"Merge branch \u0027master\u0027 of https://github.com/AY2223S2-CS2113-W13-3/tp","messageBody":"","fileTypesAndContributionMap":{}},{"hash":"da8fd28fc2a4bfb47e78ef619ad4ecf7cd8ea447","isMergeCommit":false,"messageTitle":"Add JUnit Test for splitString method","messageBody":"","fileTypesAndContributionMap":{"test-code":{"insertions":16,"deletions":0}}},{"hash":"7526bea8825752fbd2c3dca8dde3462242a6daa2","isMergeCommit":false,"messageTitle":"Remove extra import packages","messageBody":"","fileTypesAndContributionMap":{"test-code":{"insertions":1,"deletions":1}}},{"hash":"d74b2e14048153c3f78e7374d0dacee33070a56b","isMergeCommit":false,"messageTitle":"Code quality","messageBody":"","fileTypesAndContributionMap":{"test-code":{"insertions":1,"deletions":1}}},{"hash":"0a9aa7cfa589a43fe0b2991f12159a9f4f97f2fa","isMergeCommit":true,"messageTitle":"Merge pull request #35 from tsx0314/branch-JUnitTest","messageBody":"Add JUnit Test for splitString method","fileTypesAndContributionMap":{}}]},{"date":"2023-03-13","commitResults":[{"hash":"21c1c6455a535ea14b601cd18fc7cff4028d85f9","isMergeCommit":true,"messageTitle":"Merge branch \u0027master\u0027 of https://github.com/AY2223S2-CS2113-W13-3/tp","messageBody":"","fileTypesAndContributionMap":{}},{"hash":"2efc546d4d88d3dbea5048ecc3ff98b0f5dba856","isMergeCommit":true,"messageTitle":"Merge pull request #40 from DavidVin357/find-command","messageBody":"Add find command feature","fileTypesAndContributionMap":{}},{"hash":"55b0d3d5b5be2c815543b733b8af3b8a77aafb1c","isMergeCommit":true,"messageTitle":"Merge branch \u0027master\u0027 of https://github.com/AY2223S2-CS2113-W13-3/tp","messageBody":"","fileTypesAndContributionMap":{}}]},{"date":"2023-03-14","commitResults":[{"hash":"344e00cef79e271b0e4badd037df6bfce61fec99","isMergeCommit":true,"messageTitle":"Merge pull request #45 from DavidVin357/find-command-test","messageBody":"FindCommand test","tags":["A-Jar"],"fileTypesAndContributionMap":{}},{"hash":"e8de1b484bb6269b8d16b64b6b57fcc807de6ef9","isMergeCommit":true,"messageTitle":"Merge branch \u0027master\u0027 of https://github.com/AY2223S2-CS2113-W13-3/tp","messageBody":"","fileTypesAndContributionMap":{}}]},{"date":"2023-03-16","commitResults":[{"hash":"0659932934001dbedf9a03944c737faec4631a50","isMergeCommit":true,"messageTitle":"Merge branch \u0027master\u0027 of https://github.com/AY2223S2-CS2113-W13-3/tp","messageBody":"","fileTypesAndContributionMap":{}}]},{"date":"2023-03-17","commitResults":[{"hash":"f6314b6aa88c53faca3d14d4dc1981abc9c93aee","isMergeCommit":false,"messageTitle":"Fix JUnit method name","messageBody":"","fileTypesAndContributionMap":{"test-code":{"insertions":1,"deletions":1}}},{"hash":"6315e6b3287fb0d1f230f3a4606470799a01e92b","isMergeCommit":false,"messageTitle":"Add code credit","messageBody":"","fileTypesAndContributionMap":{"functional-code":{"insertions":3,"deletions":0}}},{"hash":"fff37fedc8976d6c99545d3ff732d6594915fece","isMergeCommit":false,"messageTitle":"Remove list message from Ui","messageBody":"","fileTypesAndContributionMap":{"functional-code":{"insertions":1,"deletions":1}}},{"hash":"f5bce73dd6e14a9b5a62c111f85d8de3a2dddad4","isMergeCommit":false,"messageTitle":"Improve code standard","messageBody":"","fileTypesAndContributionMap":{"functional-code":{"insertions":8,"deletions":8}}},{"hash":"2e58bafc00a8ae7d9cdb202721e57aed3ceb26e2","isMergeCommit":false,"messageTitle":"Add assertions","messageBody":"","fileTypesAndContributionMap":{"functional-code":{"insertions":3,"deletions":1}}},{"hash":"bc579a20b71ba6317b2d83fe385b3a9c1b543278","isMergeCommit":false,"messageTitle":"Enable assertion","messageBody":"","fileTypesAndContributionMap":{"other":{"insertions":3,"deletions":1}}},{"hash":"db0604dbafe4ac4ec38c77d6f7ef568051702a6a","isMergeCommit":true,"messageTitle":"Merge pull request #52 from tsx0314/branch-Assertion","messageBody":"Branch assertion","fileTypesAndContributionMap":{}}]}],"wanjuin":[{"date":"2023-03-06","commitResults":[{"hash":"37d621b179b416abf64b7e3366370b0bc7452f1f","isMergeCommit":false,"messageTitle":"update my name and github link","messageBody":"","fileTypesAndContributionMap":{"docs":{"insertions":7,"deletions":7}}},{"hash":"446c14cfe1842d78442a5792529796e725e3f86f","isMergeCommit":false,"messageTitle":"merge conflicts","messageBody":"","fileTypesAndContributionMap":{"docs":{"insertions":1,"deletions":1}}},{"hash":"81eca1e8cd6a86e3f146ff045c177eed0dba35bd","isMergeCommit":false,"messageTitle":"Revert \"merge conflicts\"","messageBody":"This reverts commit 446c14cfe1842d78442a5792529796e725e3f86f.\n","fileTypesAndContributionMap":{"docs":{"insertions":1,"deletions":1}}},{"hash":"623b8b9c189d2892e954c924ef965079df36cd6a","isMergeCommit":false,"messageTitle":"Revert \"update my name and github link\"","messageBody":"This reverts commit 37d621b179b416abf64b7e3366370b0bc7452f1f.\n","fileTypesAndContributionMap":{"docs":{"insertions":7,"deletions":7}}},{"hash":"ae5f71b0b3d5d57b48809bfef39e99a8c68b1e45","isMergeCommit":true,"messageTitle":"Merge branch \u0027AY2223S2-CS2113-W13-3:master\u0027 into master","messageBody":"","fileTypesAndContributionMap":{}},{"hash":"c66de2ad4d9cfb234f21049b303ab7d41778c4e1","isMergeCommit":false,"messageTitle":"update github link and name","messageBody":"","fileTypesAndContributionMap":{"docs":{"insertions":7,"deletions":7}}},{"hash":"db534e807b62a85e76e139dd55e1969b55355e21","isMergeCommit":true,"messageTitle":"Merge pull request #4 from wanjuin/master","messageBody":"update my name and github link","fileTypesAndContributionMap":{}}]},{"date":"2023-03-07","commitResults":[{"hash":"3093e573196db2f9e0ffbc9f94e640f5ad59f219","isMergeCommit":true,"messageTitle":"Merge branch \u0027master\u0027 into master","messageBody":"","fileTypesAndContributionMap":{}},{"hash":"64596297cd5b6ce8d4abf821893aad3a6ebea5f3","isMergeCommit":true,"messageTitle":"Merge pull request #2 from SebastianSoewanto/master","messageBody":"Add profile name","fileTypesAndContributionMap":{}},{"hash":"c5f24b8218682d5886e7208051f931a2c78f4c64","isMergeCommit":true,"messageTitle":"Merge branch \u0027master\u0027 into master","messageBody":"","fileTypesAndContributionMap":{}},{"hash":"b4cd6c9a8daba49a23bba4810fe8eae8f78256f2","isMergeCommit":false,"messageTitle":"merge profiles","messageBody":"","fileTypesAndContributionMap":{"docs":{"insertions":4,"deletions":4}}},{"hash":"c3f3fc5b77d95e8eb63370b43d24145d5a45fa15","isMergeCommit":true,"messageTitle":"Merge pull request #5 from wanjuin/master","messageBody":"merge profiles","fileTypesAndContributionMap":{}},{"hash":"198ca8fb671bba9fc1009b02f4df99c300b187c2","isMergeCommit":true,"messageTitle":"Merge branch \u0027master\u0027 into master","messageBody":"","fileTypesAndContributionMap":{}},{"hash":"3ade5be3b4fab6631277f46bd77cd3519148f036","isMergeCommit":true,"messageTitle":"Merge pull request #1 from ZhongXiangWong/master","messageBody":"Add profile name","fileTypesAndContributionMap":{}}]},{"date":"2023-03-10","commitResults":[{"hash":"3f6ae7739f574ae9b0998957ccdf84fe03856b67","isMergeCommit":false,"messageTitle":"group into packages","messageBody":"","fileTypesAndContributionMap":{"functional-code":{"insertions":5,"deletions":0},"other":{"insertions":11,"deletions":5}}},{"hash":"6deb594a4d3779892690a6af2b28e923d3498d89","isMergeCommit":true,"messageTitle":"Merge pull request #16 from wanjuin/master","messageBody":"group into packages","fileTypesAndContributionMap":{}},{"hash":"f568887ea760757d05e6fdfe2f3930985ea209b6","isMergeCommit":false,"messageTitle":"update about me","messageBody":"","fileTypesAndContributionMap":{"docs":{"insertions":2,"deletions":2}}},{"hash":"fccc848b893521b6139afc519f37ea066898d468","isMergeCommit":true,"messageTitle":"Merge pull request #17 from wanjuin/master","messageBody":"update about me","fileTypesAndContributionMap":{}},{"hash":"22bbbe3754cd848aaeb698170564cbec3171eb1c","isMergeCommit":false,"messageTitle":"rename package name","messageBody":"","fileTypesAndContributionMap":{"functional-code":{"insertions":4,"deletions":4},"other":{"insertions":9,"deletions":9}}},{"hash":"5c6cb4332a7d5cae8c532587345cf467897f5a5e","isMergeCommit":true,"messageTitle":"Merge pull request #19 from wanjuin/master","messageBody":"rename package name","fileTypesAndContributionMap":{}},{"hash":"60444fc56b6c01d764de47f34e0260b8bd6c49c7","isMergeCommit":false,"messageTitle":"solve bugs","messageBody":"","fileTypesAndContributionMap":{"functional-code":{"insertions":85,"deletions":23}}},{"hash":"c2505ace93ebf2646a7704c12eb1040f0f51a42f","isMergeCommit":false,"messageTitle":"Revert \"solve bugs\"","messageBody":"This reverts commit 03a0e2ff6ed2e10fe33255d404480bf6347790b8.\n","fileTypesAndContributionMap":{"functional-code":{"insertions":23,"deletions":85}}},{"hash":"92069757c933157ab63df583506f14b6e76d9929","isMergeCommit":false,"messageTitle":"Revert \"Revert \"solve bugs\"\"","messageBody":"This reverts commit c2505ace93ebf2646a7704c12eb1040f0f51a42f.\n","fileTypesAndContributionMap":{"functional-code":{"insertions":85,"deletions":23}}},{"hash":"9f42a4ba2e296c2b9388892bf155465edfc94fa5","isMergeCommit":true,"messageTitle":"Merge pull request #21 from wanjuin/master","messageBody":"Revert \"Revert \"solve bugs\"\"","fileTypesAndContributionMap":{}},{"hash":"e6082e7b0abaacf91120c72a617e1716e491bf4e","isMergeCommit":false,"messageTitle":"-","messageBody":"","fileTypesAndContributionMap":{"functional-code":{"insertions":77,"deletions":23}}},{"hash":"473cd36631fdc4ee175a5fee47c9ce1637e7aac7","isMergeCommit":true,"messageTitle":"Merge remote-tracking branch \u0027origin/master\u0027","messageBody":"# Conflicts:\n#\tsrc/main/java/seedu/duke/Duke.java\n","fileTypesAndContributionMap":{}},{"hash":"6e604bec08a586d66df981dea3f93c66674a128d","isMergeCommit":false,"messageTitle":"-","messageBody":"","fileTypesAndContributionMap":{"functional-code":{"insertions":2,"deletions":23},"docs":{"insertions":5,"deletions":4}}},{"hash":"38a7379230f737f2996eada5eaad80d279ab3fa4","isMergeCommit":true,"messageTitle":"Merge pull request #22 from wanjuin/master","messageBody":"-","fileTypesAndContributionMap":{}},{"hash":"c530be4ea0821a1b2aeaa01e6e67b0c1c7a50077","isMergeCommit":false,"messageTitle":"delete unused code","messageBody":"","fileTypesAndContributionMap":{"functional-code":{"insertions":3,"deletions":21}}},{"hash":"512ac4b5c34e2e02f3e9b249264626dec7c393a7","isMergeCommit":true,"messageTitle":"Merge branch \u0027master\u0027 of https://github.com/wanjuin/tp","messageBody":"# Conflicts:\n#\tsrc/main/java/seedu/duke/Duke.java\n#\tsrc/main/java/seedu/duke/commands/Command.java\n#\tsrc/main/java/seedu/duke/general/Parser.java\n#\tsrc/main/java/seedu/duke/general/Ui.java\n","fileTypesAndContributionMap":{}},{"hash":"d2b4f4a6a185560e9d394ab7ef88cbc721d1aad6","isMergeCommit":false,"messageTitle":"resolve merge conflict","messageBody":"","fileTypesAndContributionMap":{"functional-code":{"insertions":2,"deletions":38}}},{"hash":"2aa771df1c5abc0eb0f01669f94cf821e807fdb1","isMergeCommit":true,"messageTitle":"Merge pull request #31 from wanjuin/master","messageBody":"resolve merge conflict","fileTypesAndContributionMap":{}},{"hash":"52be5aee0c1ce4b2d2207411a02cb9a8f7e1aabd","isMergeCommit":false,"messageTitle":"add ListCommand feature","messageBody":"","fileTypesAndContributionMap":{"functional-code":{"insertions":48,"deletions":6}}},{"hash":"ac7c0699d5de56c1dadd87e388b74275053e12be","isMergeCommit":false,"messageTitle":"debug to make it \"pass\"","messageBody":"","fileTypesAndContributionMap":{"functional-code":{"insertions":5,"deletions":5}}},{"hash":"9df1259ca75b6758efa1fc04348fffca81a571dd","isMergeCommit":false,"messageTitle":"replace * with each individual method in command package","messageBody":"","fileTypesAndContributionMap":{"functional-code":{"insertions":6,"deletions":1}}},{"hash":"ed3bfdda08952b04feccaeb1d64fad66de82eb1b","isMergeCommit":true,"messageTitle":"Merge pull request #33 from wanjuin/master","messageBody":"add ListCommand feature","fileTypesAndContributionMap":{}},{"hash":"e35406aa3ddd5b4b9c4084be18f7fe18d38247e3","isMergeCommit":false,"messageTitle":"J Unit Testing (ExitCommand)","messageBody":"","fileTypesAndContributionMap":{"test-code":{"insertions":25,"deletions":0}}},{"hash":"62f0e7bca3ce002b1ae23beacf9d560996c294de","isMergeCommit":false,"messageTitle":"debug for JavaCLI","messageBody":"","fileTypesAndContributionMap":{"test-code":{"insertions":2,"deletions":3}}},{"hash":"f5f0eed618719cff8877177f47208c808966a746","isMergeCommit":true,"messageTitle":"Merge pull request #34 from wanjuin/master","messageBody":"J Unit Testing (ExitCommand)","fileTypesAndContributionMap":{}}]},{"date":"2023-03-13","commitResults":[{"hash":"304bfaab6faaa8b63784c3dac70f42c136acafeb","isMergeCommit":false,"messageTitle":"apply toString() method in ListCommand","messageBody":"","fileTypesAndContributionMap":{"functional-code":{"insertions":3,"deletions":6}}},{"hash":"c21a9ff2b56b11b88fc1f74d62c4c0d0acd08ec4","isMergeCommit":true,"messageTitle":"Merge pull request #44 from wanjuin/master","messageBody":"apply toString() method in ListCommand","fileTypesAndContributionMap":{}}]},{"date":"2023-03-16","commitResults":[{"hash":"1f1e8ef7a6b26aa1dbdcfadee8dc9f29a08eb129","isMergeCommit":true,"messageTitle":"Merge pull request #51 from ZhongXiangWong/help-feature-v2","messageBody":"Improve user interface for help message display","fileTypesAndContributionMap":{}}]},{"date":"2023-03-17","commitResults":[{"hash":"cc006eb6306a584a98e1358a708586caa3311b02","isMergeCommit":false,"messageTitle":"add assertion to list command and foodlist.","messageBody":"","fileTypesAndContributionMap":{"functional-code":{"insertions":15,"deletions":5}}},{"hash":"0dcad82d9b577985d43f22887269943445b3faac","isMergeCommit":true,"messageTitle":"Merge pull request #53 from wanjuin/branch-Assertion","messageBody":"add assertion to list command and foodlist.","fileTypesAndContributionMap":{}},{"hash":"8979623bd7239cfd75a45182a339a42fd8db26ba","isMergeCommit":false,"messageTitle":"Revert \"add assertion to list command and foodlist.\"","messageBody":"","fileTypesAndContributionMap":{"functional-code":{"insertions":5,"deletions":15}}},{"hash":"1e125300e9149cdab2edd1296b7f868de89426b2","isMergeCommit":true,"messageTitle":"Merge pull request #54 from AY2223S2-CS2113-W13-3/revert-53-branch-Assertion","messageBody":"Revert \"add assertion to list command and foodlist.\"","fileTypesAndContributionMap":{}},{"hash":"2ee85bcff085cce7503a370ec9dd1c2dc20cdbd5","isMergeCommit":false,"messageTitle":"-","messageBody":"","fileTypesAndContributionMap":{"functional-code":{"insertions":6,"deletions":6}}},{"hash":"50fbfe1b12c816b71dd344c7e3977301a65b89f1","isMergeCommit":true,"messageTitle":"Merge branch \u0027master\u0027 into branch-Assertion","messageBody":"","fileTypesAndContributionMap":{}},{"hash":"3ba5b691000272031f20d7f0b1c2e18467c1aee3","isMergeCommit":true,"messageTitle":"Merge pull request #56 from wanjuin/branch-Assertion","messageBody":"Assertion","fileTypesAndContributionMap":{}},{"hash":"fd9b0b38398c5b9a475c442a24cb65ce4f40f3fa","isMergeCommit":false,"messageTitle":"Logging","messageBody":"","fileTypesAndContributionMap":{"functional-code":{"insertions":10,"deletions":1}}},{"hash":"e91221f525ff349dbadfb0e74d67edb32d4950cb","isMergeCommit":true,"messageTitle":"Merge pull request #58 from wanjuin/master","messageBody":"Logging","fileTypesAndContributionMap":{}}]}]},"authorFileTypeContributionMap":{"ZhongXiangWong":{"docs":0,"functional-code":109,"test-code":25},"DavidVin357":{"docs":0,"functional-code":48,"test-code":21},"SebastianSoewanto":{"docs":0,"functional-code":47,"test-code":21},"tsx0314":{"docs":0,"functional-code":260,"test-code":16,"other":2},"wanjuin":{"docs":12,"functional-code":119,"test-code":24}},"authorContributionVariance":{"ZhongXiangWong":1147.9023,"DavidVin357":157.04688,"SebastianSoewanto":79.83496,"tsx0314":4812.0884,"wanjuin":13765.8125},"authorDisplayNameMap":{"ZhongXiangWong":"CS2113-W13-3 WONG..IANG","DavidVin357":"CS2113-W13-3 VINI..AVYD","SebastianSoewanto":"CS2113-W13-3 SEBA..ANTO","tsx0314":"CS2113-W13-3 TIAN..XING","wanjuin":"CS2113-W13-3 CHUA..JUIN"}}
