{"authorDailyContributionsMap":{"ZhongXiangWong":[{"date":"2023-03-01","commitResults":[{"hash":"4a9194d5ffa2b327e8c57dbe61c7c85e001a89e2","isMergeCommit":false,"messageTitle":"Add profile name","messageBody":"","fileTypesAndContributionMap":{"docs":{"insertions":7,"deletions":7}}}]}],"DavidVin357":[],"SebastianSoewanto":[{"date":"2023-03-01","commitResults":[{"hash":"d3b33e966ac6df3ca9cd34c61289c862e027b511","isMergeCommit":false,"messageTitle":"Add profile name","messageBody":"","fileTypesAndContributionMap":{"docs":{"insertions":7,"deletions":7}}}]}],"tsx0314":[{"date":"2023-03-03","commitResults":[{"hash":"7d48a89dfbb15012dfc0ab07dd08e19d4d5b6dae","isMergeCommit":false,"messageTitle":"Add profile name","messageBody":"","fileTypesAndContributionMap":{"docs":{"insertions":7,"deletions":7}}},{"hash":"93ac63fe9bdbe056320d43caef370cb6471549e1","isMergeCommit":true,"messageTitle":"Merge pull request #3 from tsx0314/branch-AboutUs","messageBody":"Add profile name","fileTypesAndContributionMap":{}}]},{"date":"2023-03-09","commitResults":[{"hash":"beb65eb81956ce75751f0e41c43e7485cc44f6a2","isMergeCommit":false,"messageTitle":"Initialise the project structure","messageBody":"","fileTypesAndContributionMap":{"functional-code":{"insertions":116,"deletions":14}}},{"hash":"0f93eacb7e627a0c345123ecba9442d3721d3ca0","isMergeCommit":false,"messageTitle":"Add credit to the code","messageBody":"","fileTypesAndContributionMap":{"functional-code":{"insertions":3,"deletions":1}}},{"hash":"8ea04ab43c6234892edbdd7e5f2b40f94da3304a","isMergeCommit":false,"messageTitle":"Code quality","messageBody":"","fileTypesAndContributionMap":{"functional-code":{"insertions":7,"deletions":4}}},{"hash":"1258a98f49e93db8d8c7f93bcdad0741a75fc62c","isMergeCommit":false,"messageTitle":"Update test file","messageBody":"","fileTypesAndContributionMap":{"functional-code":{"insertions":2,"deletions":1}}},{"hash":"688ec75a3c24a0e3db1149c7c314f4cc4f5d93f6","isMergeCommit":false,"messageTitle":"Remove tabs with empty spaces","messageBody":"","fileTypesAndContributionMap":{"functional-code":{"insertions":93,"deletions":93}}},{"hash":"ec2b26cf1dc3237018e0c2b845d4da6043632149","isMergeCommit":false,"messageTitle":"Code quality","messageBody":"","fileTypesAndContributionMap":{"functional-code":{"insertions":5,"deletions":5}}},{"hash":"dc469a82ade87858f2555216b497220a09d36855","isMergeCommit":false,"messageTitle":"Convert files to Unix format","messageBody":"","fileTypesAndContributionMap":{"functional-code":{"insertions":4,"deletions":3}}},{"hash":"de8370f4793ce088e81be14fdfbd50ab27388676","isMergeCommit":true,"messageTitle":"Merge pull request #15 from tsx0314/branch-ProjectStructure","messageBody":"Initialise the project structure","fileTypesAndContributionMap":{}},{"hash":"33b7910d1bf564a338bfd50ba4e1de6f3d074e2f","isMergeCommit":true,"messageTitle":"Merge branch \u0027master\u0027 of https://github.com/AY2223S2-CS2113-W13-3/tp","messageBody":"","fileTypesAndContributionMap":{}}]},{"date":"2023-03-10","commitResults":[{"hash":"c875fd7442487d91c5ef0928afed11ff8d3dcd17","isMergeCommit":true,"messageTitle":"Merge branch \u0027AY2223S2-CS2113-W13-3:master\u0027 into master","messageBody":"","fileTypesAndContributionMap":{}},{"hash":"e5fef7d7bcd4020385bb5266c7a3f8663b16a431","isMergeCommit":true,"messageTitle":"Merge branch \u0027master\u0027 of https://github.com/tsx0314/tp","messageBody":"","fileTypesAndContributionMap":{}},{"hash":"3a4f8a78a9e170ebdaf32387e2a04662460c856f","isMergeCommit":false,"messageTitle":"fix folder naming issues","messageBody":"","fileTypesAndContributionMap":{"other":{"insertions":0,"deletions":0}}},{"hash":"275ac24c9f05dcdcfa55324eff6db5d43e62b440","isMergeCommit":false,"messageTitle":"Solve merge conflicts","messageBody":"","fileTypesAndContributionMap":{"functional-code":{"insertions":15,"deletions":13}}},{"hash":"36dfabf78738c0fced58b0d21f6b3030511a1ce0","isMergeCommit":true,"messageTitle":"Merge branch \u0027master\u0027 into master","messageBody":"","fileTypesAndContributionMap":{}}]}],"wanjuin":[{"date":"2023-03-06","commitResults":[{"hash":"37d621b179b416abf64b7e3366370b0bc7452f1f","isMergeCommit":false,"messageTitle":"update my name and github link","messageBody":"","fileTypesAndContributionMap":{"docs":{"insertions":7,"deletions":7}}},{"hash":"446c14cfe1842d78442a5792529796e725e3f86f","isMergeCommit":false,"messageTitle":"merge conflicts","messageBody":"","fileTypesAndContributionMap":{"docs":{"insertions":1,"deletions":1}}},{"hash":"81eca1e8cd6a86e3f146ff045c177eed0dba35bd","isMergeCommit":false,"messageTitle":"Revert \"merge conflicts\"","messageBody":"This reverts commit 446c14cfe1842d78442a5792529796e725e3f86f.\n","fileTypesAndContributionMap":{"docs":{"insertions":1,"deletions":1}}},{"hash":"623b8b9c189d2892e954c924ef965079df36cd6a","isMergeCommit":false,"messageTitle":"Revert \"update my name and github link\"","messageBody":"This reverts commit 37d621b179b416abf64b7e3366370b0bc7452f1f.\n","fileTypesAndContributionMap":{"docs":{"insertions":7,"deletions":7}}},{"hash":"ae5f71b0b3d5d57b48809bfef39e99a8c68b1e45","isMergeCommit":true,"messageTitle":"Merge branch \u0027AY2223S2-CS2113-W13-3:master\u0027 into master","messageBody":"","fileTypesAndContributionMap":{}},{"hash":"c66de2ad4d9cfb234f21049b303ab7d41778c4e1","isMergeCommit":false,"messageTitle":"update github link and name","messageBody":"","fileTypesAndContributionMap":{"docs":{"insertions":7,"deletions":7}}},{"hash":"db534e807b62a85e76e139dd55e1969b55355e21","isMergeCommit":true,"messageTitle":"Merge pull request #4 from wanjuin/master","messageBody":"update my name and github link","fileTypesAndContributionMap":{}}]},{"date":"2023-03-07","commitResults":[{"hash":"3093e573196db2f9e0ffbc9f94e640f5ad59f219","isMergeCommit":true,"messageTitle":"Merge branch \u0027master\u0027 into master","messageBody":"","fileTypesAndContributionMap":{}},{"hash":"64596297cd5b6ce8d4abf821893aad3a6ebea5f3","isMergeCommit":true,"messageTitle":"Merge pull request #2 from SebastianSoewanto/master","messageBody":"Add profile name","fileTypesAndContributionMap":{}},{"hash":"c5f24b8218682d5886e7208051f931a2c78f4c64","isMergeCommit":true,"messageTitle":"Merge branch \u0027master\u0027 into master","messageBody":"","fileTypesAndContributionMap":{}},{"hash":"b4cd6c9a8daba49a23bba4810fe8eae8f78256f2","isMergeCommit":false,"messageTitle":"merge profiles","messageBody":"","fileTypesAndContributionMap":{"docs":{"insertions":4,"deletions":4}}},{"hash":"c3f3fc5b77d95e8eb63370b43d24145d5a45fa15","isMergeCommit":true,"messageTitle":"Merge pull request #5 from wanjuin/master","messageBody":"merge profiles","fileTypesAndContributionMap":{}},{"hash":"198ca8fb671bba9fc1009b02f4df99c300b187c2","isMergeCommit":true,"messageTitle":"Merge branch \u0027master\u0027 into master","messageBody":"","fileTypesAndContributionMap":{}},{"hash":"3ade5be3b4fab6631277f46bd77cd3519148f036","isMergeCommit":true,"messageTitle":"Merge pull request #1 from ZhongXiangWong/master","messageBody":"Add profile name","fileTypesAndContributionMap":{}}]},{"date":"2023-03-10","commitResults":[{"hash":"3f6ae7739f574ae9b0998957ccdf84fe03856b67","isMergeCommit":false,"messageTitle":"group into packages","messageBody":"","fileTypesAndContributionMap":{"functional-code":{"insertions":5,"deletions":0},"other":{"insertions":11,"deletions":5}}},{"hash":"6deb594a4d3779892690a6af2b28e923d3498d89","isMergeCommit":true,"messageTitle":"Merge pull request #16 from wanjuin/master","messageBody":"group into packages","fileTypesAndContributionMap":{}},{"hash":"f568887ea760757d05e6fdfe2f3930985ea209b6","isMergeCommit":false,"messageTitle":"update about me","messageBody":"","fileTypesAndContributionMap":{"docs":{"insertions":2,"deletions":2}}},{"hash":"fccc848b893521b6139afc519f37ea066898d468","isMergeCommit":true,"messageTitle":"Merge pull request #17 from wanjuin/master","messageBody":"update about me","fileTypesAndContributionMap":{}},{"hash":"22bbbe3754cd848aaeb698170564cbec3171eb1c","isMergeCommit":false,"messageTitle":"rename package name","messageBody":"","fileTypesAndContributionMap":{"functional-code":{"insertions":4,"deletions":4},"other":{"insertions":9,"deletions":9}}},{"hash":"5c6cb4332a7d5cae8c532587345cf467897f5a5e","isMergeCommit":true,"messageTitle":"Merge pull request #19 from wanjuin/master","messageBody":"rename package name","fileTypesAndContributionMap":{}},{"hash":"60444fc56b6c01d764de47f34e0260b8bd6c49c7","isMergeCommit":false,"messageTitle":"solve bugs","messageBody":"","fileTypesAndContributionMap":{"functional-code":{"insertions":85,"deletions":23}}},{"hash":"c2505ace93ebf2646a7704c12eb1040f0f51a42f","isMergeCommit":false,"messageTitle":"Revert \"solve bugs\"","messageBody":"This reverts commit 03a0e2ff6ed2e10fe33255d404480bf6347790b8.\n","fileTypesAndContributionMap":{"functional-code":{"insertions":23,"deletions":85}}},{"hash":"92069757c933157ab63df583506f14b6e76d9929","isMergeCommit":false,"messageTitle":"Revert \"Revert \"solve bugs\"\"","messageBody":"This reverts commit c2505ace93ebf2646a7704c12eb1040f0f51a42f.\n","fileTypesAndContributionMap":{"functional-code":{"insertions":85,"deletions":23}}},{"hash":"9f42a4ba2e296c2b9388892bf155465edfc94fa5","isMergeCommit":true,"messageTitle":"Merge pull request #21 from wanjuin/master","messageBody":"Revert \"Revert \"solve bugs\"\"","fileTypesAndContributionMap":{}}]}]},"authorFileTypeContributionMap":{"ZhongXiangWong":{"docs":0,"functional-code":0,"test-code":0},"DavidVin357":{"docs":0,"functional-code":0,"test-code":0},"SebastianSoewanto":{"docs":0,"functional-code":0,"test-code":0},"tsx0314":{"docs":0,"functional-code":92,"test-code":0},"wanjuin":{"docs":7,"functional-code":100,"test-code":0}},"authorContributionVariance":{"ZhongXiangWong":8.504129,"DavidVin357":0.0,"SebastianSoewanto":8.504129,"tsx0314":5325.481,"wanjuin":6110.886},"authorDisplayNameMap":{"ZhongXiangWong":"CS2113-W13-3 WONG..IANG","DavidVin357":"CS2113-W13-3 VINI..AVYD","SebastianSoewanto":"CS2113-W13-3 SEBA..ANTO","tsx0314":"CS2113-W13-3 TIAN..XING","wanjuin":"CS2113-W13-3 CHUA..JUIN"}}
