{"authorDailyContributionsMap":{"ZhongXiangWong":[{"date":"2023-03-01","commitResults":[{"hash":"4a9194d5ffa2b327e8c57dbe61c7c85e001a89e2","isMergeCommit":false,"messageTitle":"Add profile name","messageBody":"","fileTypesAndContributionMap":{"docs":{"insertions":7,"deletions":7}}}]},{"date":"2023-03-07","commitResults":[{"hash":"47c7983dbfc1155c1170ae3c07018b25410326c9","isMergeCommit":false,"messageTitle":"Add help feature","messageBody":"","fileTypesAndContributionMap":{"functional-code":{"insertions":182,"deletions":10}}},{"hash":"a2f947848b19021303ebd4365b0679e2b52e3426","isMergeCommit":true,"messageTitle":"Merge remote-tracking branch \u0027origin/master\u0027","messageBody":"","fileTypesAndContributionMap":{}}]},{"date":"2023-03-10","commitResults":[{"hash":"f5ff4c64a4aa0ca27b34edc81799c8fa69423aa7","isMergeCommit":false,"messageTitle":"Add help feature","messageBody":"","fileTypesAndContributionMap":{"functional-code":{"insertions":105,"deletions":0}}},{"hash":"2d2cc6e3f7244b60d0df30a27301dc4edbd7ffe7","isMergeCommit":false,"messageTitle":"Refactor: removed redundant import","messageBody":"","fileTypesAndContributionMap":{"functional-code":{"insertions":0,"deletions":2}}},{"hash":"973293a83b9aecef47eaf837c18e5001eca59cff","isMergeCommit":true,"messageTitle":"Merge pull request #36 from ZhongXiangWong/help-feature-v2","messageBody":"Implemented help feature","fileTypesAndContributionMap":{}},{"hash":"bcf9c63b089e5dd4b5f3ca38f3e87ff963cc99ad","isMergeCommit":false,"messageTitle":"Add Junit test for HelpCommand","messageBody":"","fileTypesAndContributionMap":{"functional-code":{"insertions":7,"deletions":2},"test-code":{"insertions":32,"deletions":0}}},{"hash":"7974c873704f45a70b0373d2cd8bac1dbac6ea2e","isMergeCommit":true,"messageTitle":"Merge branch \u0027help-feature-v2\u0027","messageBody":"# Conflicts:\n#\tsrc/main/java/seedu/duke/Duke.java\n","fileTypesAndContributionMap":{}},{"hash":"3bb9b345b934ef92691e33a72413218f39860c9e","isMergeCommit":false,"messageTitle":"Minor Refactor","messageBody":"","fileTypesAndContributionMap":{"functional-code":{"insertions":4,"deletions":4}}},{"hash":"69ca7f7aef334f43affc9acd3399ee0380b30b3d","isMergeCommit":false,"messageTitle":"Edit method name to comply to coding standards","messageBody":"","fileTypesAndContributionMap":{"test-code":{"insertions":3,"deletions":4}}},{"hash":"1a6ef3f278a56ba93e4c87a943915a8d54aa71e4","isMergeCommit":false,"messageTitle":"Checkstye","messageBody":"","fileTypesAndContributionMap":{"test-code":{"insertions":1,"deletions":1}}},{"hash":"dcf49999c562b305a155e1434f340b0dbaeba70b","isMergeCommit":true,"messageTitle":"Merge pull request #37 from ZhongXiangWong/help-feature-v2","messageBody":"Add Junit test for HelpCommand","fileTypesAndContributionMap":{}}]},{"date":"2023-03-11","commitResults":[{"hash":"603fc523dd96cc8c0cf27fd65dfa653bdcd3b8bf","isMergeCommit":false,"messageTitle":"Refactor to comply with coding standards: standardisation","messageBody":"","fileTypesAndContributionMap":{"functional-code":{"insertions":31,"deletions":47}}},{"hash":"8b8c630e3dfa3a74e6015755c9d09e0d982ae31d","isMergeCommit":false,"messageTitle":"Refactor: code quality","messageBody":"","fileTypesAndContributionMap":{"functional-code":{"insertions":2,"deletions":1}}},{"hash":"24a63afcf481d85ff191e7cd10a5aec9e9bbbd2a","isMergeCommit":true,"messageTitle":"Merge pull request #41 from ZhongXiangWong/help-feature-v2","messageBody":"Refactor to standardize coding style and corrected message for \u0027add\u0027 feature.","fileTypesAndContributionMap":{}},{"hash":"91a0a2d15f0446b0a5dac1863ae2fd1a78d94993","isMergeCommit":false,"messageTitle":"Improve code quality","messageBody":"","fileTypesAndContributionMap":{"functional-code":{"insertions":8,"deletions":3},"test-code":{"insertions":5,"deletions":11}}},{"hash":"a7eea759e5048db164e83c93fecd1ad4363ea724","isMergeCommit":true,"messageTitle":"Merge pull request #42 from ZhongXiangWong/help-feature-v2","messageBody":"Improve code quality","fileTypesAndContributionMap":{}}]},{"date":"2023-03-16","commitResults":[{"hash":"82a378e1dae7647d081b785e18390939f1832952","isMergeCommit":false,"messageTitle":"Improve UI for \u0027help\u0027","messageBody":"","fileTypesAndContributionMap":{"functional-code":{"insertions":19,"deletions":6}}},{"hash":"f2549680ed94686929cd3c77da4dbc3ac5ab8032","isMergeCommit":true,"messageTitle":"Merge branch \u0027help-feature-v2\u0027 into upstream","messageBody":"","fileTypesAndContributionMap":{}},{"hash":"aecb3713d29fd635fef96e34e7fcc5a743112777","isMergeCommit":false,"messageTitle":"Update error in help message","messageBody":"","fileTypesAndContributionMap":{"functional-code":{"insertions":1,"deletions":1}}},{"hash":"0135578d03aa9c98c6eab133b0ed5acc147c6737","isMergeCommit":true,"messageTitle":"Merge branch \u0027upstream\u0027","messageBody":"# Conflicts:\n#\tsrc/main/java/seedu/duke/Duke.java\n","fileTypesAndContributionMap":{}},{"hash":"d3c69853446028fb2b0b966f44fcdaa08b232a91","isMergeCommit":false,"messageTitle":"Resolve merge conflict","messageBody":"","fileTypesAndContributionMap":{"functional-code":{"insertions":0,"deletions":7}}},{"hash":"6ce753a0631ab1bac8a78d11222174e226667390","isMergeCommit":true,"messageTitle":"Merge branch \u0027main-branch\u0027 into upstream","messageBody":"","fileTypesAndContributionMap":{}}]},{"date":"2023-03-21","commitResults":[{"hash":"275d75e91664e7822f78581c00120cac0a3e75eb","isMergeCommit":false,"messageTitle":"Add storage feature for saving and reading savefile","messageBody":"","fileTypesAndContributionMap":{"functional-code":{"insertions":227,"deletions":6}}},{"hash":"d43227efdac5921410f16daf18c4959db9990ccc","isMergeCommit":false,"messageTitle":"Improve code quality","messageBody":"","fileTypesAndContributionMap":{"functional-code":{"insertions":16,"deletions":27}}}]},{"date":"2023-03-23","commitResults":[{"hash":"aed8993b2a7d8109af4a4c03c21ae1bc7f93e527","isMergeCommit":false,"messageTitle":"Improve code quality","messageBody":"","fileTypesAndContributionMap":{"functional-code":{"insertions":4,"deletions":4}}},{"hash":"19cac692e55d781b86db8921525abe48d764245a","isMergeCommit":false,"messageTitle":"Improve checkstyle","messageBody":"","fileTypesAndContributionMap":{"functional-code":{"insertions":3,"deletions":3}}},{"hash":"80b2ee1df50d4c6c336b3b2ba5b49270fe6faf9b","isMergeCommit":false,"messageTitle":"Remove unused import","messageBody":"","fileTypesAndContributionMap":{"functional-code":{"insertions":0,"deletions":1}}},{"hash":"632ac0a2aca047ba845438f79dc482617534e674","isMergeCommit":false,"messageTitle":"Remove message used for debugging","messageBody":"","fileTypesAndContributionMap":{"functional-code":{"insertions":0,"deletions":1}}},{"hash":"812a83e6cc3172e5cfdc28d82b5a2800fe727e3f","isMergeCommit":true,"messageTitle":"Merge branch \u0027storage-feature\u0027 into upstream","messageBody":"","fileTypesAndContributionMap":{}},{"hash":"c5c504a8ac97aa3f0f855e2ea7a3f240af15ea8f","isMergeCommit":true,"messageTitle":"Merge branch \u0027master\u0027 into store-data-feature","messageBody":"","fileTypesAndContributionMap":{}},{"hash":"b4c4423637042f4fb730fca8ea1ac80776bf1ba2","isMergeCommit":false,"messageTitle":"Remove unused import","messageBody":"","fileTypesAndContributionMap":{"functional-code":{"insertions":1,"deletions":1}}},{"hash":"c445cff744f55ecdde90a9bfdf946d38563ea857","isMergeCommit":false,"messageTitle":"Improved code quality and make compatitble for future features","messageBody":"","fileTypesAndContributionMap":{"functional-code":{"insertions":17,"deletions":7}}},{"hash":"cd3a325a304f1558713bcb4f6314b9881e3c807f","isMergeCommit":true,"messageTitle":"Merge branch \u0027master\u0027 into store-data-feature","messageBody":"","fileTypesAndContributionMap":{}},{"hash":"dde8214436f894be1cf1d7e5dc1f04eee642272b","isMergeCommit":false,"messageTitle":"Update Food.java","messageBody":"Add import","fileTypesAndContributionMap":{"functional-code":{"insertions":1,"deletions":0}}},{"hash":"b740641cfab4a2a47f9804b1a01f2f5fd0915957","isMergeCommit":false,"messageTitle":"Update Food.java","messageBody":"Add missing semicolon","fileTypesAndContributionMap":{"functional-code":{"insertions":1,"deletions":1}}},{"hash":"4a296fafd81be6cdd0e84723533b0f3ef65e175f","isMergeCommit":false,"messageTitle":"Update FoodListDecoder.java","messageBody":"Refactor spacing issue","fileTypesAndContributionMap":{"functional-code":{"insertions":1,"deletions":1}}},{"hash":"33564462148f88d14d5ee8c5f7febf84f20be72d","isMergeCommit":false,"messageTitle":"Update FoodListEncoder.java","messageBody":"Improve code quality","fileTypesAndContributionMap":{"functional-code":{"insertions":2,"deletions":2}}},{"hash":"c8a2bfbc24652a3a3727e656d343b98814c40aa7","isMergeCommit":false,"messageTitle":"Add exception handling","messageBody":"","fileTypesAndContributionMap":{"functional-code":{"insertions":16,"deletions":4}}},{"hash":"c9eb6892a8c10eea7d6b08bca9100288e5a87ae5","isMergeCommit":true,"messageTitle":"Merge remote-tracking branch \u0027origin/store-data-feature\u0027 into store-data-feature","messageBody":"","fileTypesAndContributionMap":{}},{"hash":"7e8755ee8910a18e258c8f20c993e13e30d14013","isMergeCommit":false,"messageTitle":"Add developer guide","messageBody":"","fileTypesAndContributionMap":{"docs":{"insertions":99,"deletions":0}}},{"hash":"cf711988760dabd6211f0451a03df96ce1648301","isMergeCommit":false,"messageTitle":"Improve code quality","messageBody":"","fileTypesAndContributionMap":{"docs":{"insertions":5,"deletions":3}}},{"hash":"6c846e482c23815860273a7af5e14086f06a999c","isMergeCommit":false,"messageTitle":"Update Food.java","messageBody":"Add import","fileTypesAndContributionMap":{"functional-code":{"insertions":1,"deletions":1}}},{"hash":"9d93248409456a89e6387519b5bf7ccdbfc89adf","isMergeCommit":false,"messageTitle":"Update FoodListDecoder.java","messageBody":"Spacing issue","fileTypesAndContributionMap":{"functional-code":{"insertions":1,"deletions":1}}},{"hash":"2357634d85f7508ef8e29e256d9e5f771ebac61d","isMergeCommit":false,"messageTitle":"Update FoodListEncoder.java","messageBody":"Indentation","fileTypesAndContributionMap":{"functional-code":{"insertions":2,"deletions":2}}},{"hash":"48c853a14f2dfe35047cd2348108d4e43d478f06","isMergeCommit":true,"messageTitle":"Merge pull request #76 from ZhongXiangWong/developer-guide","messageBody":"Developer guide for help feature","fileTypesAndContributionMap":{}},{"hash":"cada38533a6bc6dd23d84cfe917409921c685ff2","isMergeCommit":true,"messageTitle":"Merge branch \u0027master\u0027 into store-data-feature","messageBody":"","fileTypesAndContributionMap":{}},{"hash":"bc2396da09ab2320a546e481f3fd98de4b0a0510","isMergeCommit":true,"messageTitle":"Merge pull request #69 from ZhongXiangWong/store-data-feature","messageBody":"Implemented storage feature","fileTypesAndContributionMap":{}},{"hash":"4d2cef5adba65027574ef6e16e8dbb0bc998a979","isMergeCommit":false,"messageTitle":"Update user guide","messageBody":"","fileTypesAndContributionMap":{"docs":{"insertions":87,"deletions":16}}},{"hash":"8699868c6d0e80c6db84f01b51548c6dee3d1a35","isMergeCommit":true,"messageTitle":"Merge branch \u0027master\u0027 into developer-guide","messageBody":"","fileTypesAndContributionMap":{}},{"hash":"a7f02a2abd11262fb64ea1dc4e6a73d69fcba0e5","isMergeCommit":true,"messageTitle":"Merge pull request #80 from ZhongXiangWong/developer-guide","messageBody":"Update user guide","fileTypesAndContributionMap":{}}]},{"date":"2023-03-24","commitResults":[{"hash":"d2ee4bfc04df820e214040d8b39d8e688a74ec1e","isMergeCommit":false,"messageTitle":"Update class diagram","messageBody":"","fileTypesAndContributionMap":{"docs":{"insertions":2,"deletions":2}}},{"hash":"b2967e62f34e8c89b8c883ba9ec0ebf9b4a4e845","isMergeCommit":true,"messageTitle":"Merge remote-tracking branch \u0027origin/developer-guide\u0027 into developer-guide","messageBody":"","fileTypesAndContributionMap":{}},{"hash":"94bf505453c3ad41e2015242bf273420dda9d302","isMergeCommit":true,"messageTitle":"Merge pull request #86 from ZhongXiangWong/developer-guide","messageBody":"Update Developer guide","fileTypesAndContributionMap":{}}]},{"date":"2023-03-26","commitResults":[{"hash":"f3372b148436f3bc7699b4e7bf2e18a8570ff10d","isMergeCommit":false,"messageTitle":"Add JUnit test for storage","messageBody":"","fileTypesAndContributionMap":{"functional-code":{"insertions":8,"deletions":4},"docs":{"insertions":2,"deletions":2},"test-code":{"insertions":72,"deletions":0}}},{"hash":"1c943ac80ff16ae9dafbded7f66a68c598719237","isMergeCommit":false,"messageTitle":"Refactor bad import","messageBody":"","fileTypesAndContributionMap":{"test-code":{"insertions":1,"deletions":1}}},{"hash":"443f5a9259bf7b51d6f0669ac9be1d13acd23dd7","isMergeCommit":false,"messageTitle":"Remove JUnit test case for storage of unimplemented attribute of food","messageBody":"","fileTypesAndContributionMap":{"test-code":{"insertions":10,"deletions":10}}}]},{"date":"2023-03-27","commitResults":[{"hash":"e12ebffd1019430f2cd25c927c1e91443d2e0a3d","isMergeCommit":true,"messageTitle":"Merge pull request #92 from ZhongXiangWong/developer-guide","messageBody":"Add JUnit test for storage","fileTypesAndContributionMap":{}}]}],"DavidVin357":[{"date":"2023-03-11","commitResults":[{"hash":"1fa586cf7e67a93608b7ed928c14845e89a6030e","isMergeCommit":false,"messageTitle":"add find command","messageBody":"","fileTypesAndContributionMap":{"functional-code":{"insertions":49,"deletions":1}}},{"hash":"cc484211732d486dd284ddb1715a027a62c18076","isMergeCommit":false,"messageTitle":"trim search term","messageBody":"","fileTypesAndContributionMap":{"functional-code":{"insertions":7,"deletions":12}}}]},{"date":"2023-03-13","commitResults":[{"hash":"8e53efb4b0d058a8ed2eba74197f7ae1f8f6ec2e","isMergeCommit":false,"messageTitle":"find command test","messageBody":"","fileTypesAndContributionMap":{"test-code":{"insertions":21,"deletions":0}}},{"hash":"946bb1a5e95d0b3f6951aa799c9f4720e75efa50","isMergeCommit":false,"messageTitle":"change method name","messageBody":"","fileTypesAndContributionMap":{"test-code":{"insertions":1,"deletions":1}}}]},{"date":"2023-03-21","commitResults":[{"hash":"d0c9c27febca84930e3ab50cd1ad2f36616322e4","isMergeCommit":false,"messageTitle":"find command flags","messageBody":"","fileTypesAndContributionMap":{"functional-code":{"insertions":48,"deletions":9},"test-code":{"insertions":2,"deletions":1}}}]},{"date":"2023-03-22","commitResults":[{"hash":"2c748a49e019614a67f0eb921ed95726ec4afc82","isMergeCommit":false,"messageTitle":"find command fix","messageBody":"","fileTypesAndContributionMap":{"functional-code":{"insertions":16,"deletions":20}}},{"hash":"72e71717076f75a3f3f2b5fa86315c65972ba629","isMergeCommit":false,"messageTitle":"add find command tests","messageBody":"","fileTypesAndContributionMap":{"test-code":{"insertions":22,"deletions":1}}},{"hash":"ce8175aae96fe35db990509c784146165d4e8efd","isMergeCommit":false,"messageTitle":"Find Feature Devloper Guide","messageBody":"","fileTypesAndContributionMap":{"docs":{"insertions":81,"deletions":21}}}]},{"date":"2023-03-23","commitResults":[{"hash":"eb771707820464e60bd6ce4a209f246b274eb47b","isMergeCommit":true,"messageTitle":"Merge branch \u0027master\u0027 into find-command-flags","messageBody":"","fileTypesAndContributionMap":{}},{"hash":"434a760774ec6fdff8c8387249b4b031e0976982","isMergeCommit":false,"messageTitle":"add InvalidFlagException","messageBody":"","fileTypesAndContributionMap":{"functional-code":{"insertions":11,"deletions":2}}},{"hash":"102215d660416d660f887054e73232426721255f","isMergeCommit":true,"messageTitle":"Merge pull request #68 from DavidVin357/find-command-flags","messageBody":"find command flags","fileTypesAndContributionMap":{}}]},{"date":"2023-03-28","commitResults":[{"hash":"f1c8b1ee4a091abdf2a2f48e3d785ce8b3cc4279","isMergeCommit":false,"messageTitle":"update command functionality","messageBody":"","fileTypesAndContributionMap":{"functional-code":{"insertions":106,"deletions":5}}},{"hash":"c81cf9e1488902738828e899df1194f0ce865da4","isMergeCommit":true,"messageTitle":"Merge pull request #93 from DavidVin357/update-food--feature","messageBody":"Update Command","fileTypesAndContributionMap":{}},{"hash":"3d363e979c77006baa76e483d212ae7a2ca04615","isMergeCommit":false,"messageTitle":"add category to find and update commands","messageBody":"","fileTypesAndContributionMap":{"functional-code":{"insertions":25,"deletions":4}}},{"hash":"9359ae40d43d4839188131c5556723ad0d596a62","isMergeCommit":true,"messageTitle":"Merge pull request #97 from DavidVin357/category-processing-feature","messageBody":"add category to find and update commands","fileTypesAndContributionMap":{}}]}],"SebastianSoewanto":[{"date":"2023-03-01","commitResults":[{"hash":"d3b33e966ac6df3ca9cd34c61289c862e027b511","isMergeCommit":false,"messageTitle":"Add profile name","messageBody":"","fileTypesAndContributionMap":{"docs":{"insertions":7,"deletions":7}}}]},{"date":"2023-03-10","commitResults":[{"hash":"f9aca10e03aa7f52b74f5ce85c61fedd4f19ccad","isMergeCommit":false,"messageTitle":"Add remove command","messageBody":"","fileTypesAndContributionMap":{"functional-code":{"insertions":21,"deletions":0}}},{"hash":"a8918e6413a94dfe30b994eb5dbfd7d548a24710","isMergeCommit":false,"messageTitle":"Add removeFood in FoodList class","messageBody":"","fileTypesAndContributionMap":{"functional-code":{"insertions":5,"deletions":0}}},{"hash":"04918edb1d5abcfe93116991ee9e5f08a59aa6aa","isMergeCommit":false,"messageTitle":"Add arguments into parameter for RemoveCommand","messageBody":"","fileTypesAndContributionMap":{"functional-code":{"insertions":1,"deletions":1}}},{"hash":"6772d9bbbb1cbf0a02a569809ad108793f8f4878","isMergeCommit":true,"messageTitle":"Merge branch \u0027AY2223S2-CS2113-W13-3:master\u0027 into master","messageBody":"","fileTypesAndContributionMap":{}},{"hash":"c016d8469e2dff84c0a0fe08c5ffff9998c1fb37","isMergeCommit":true,"messageTitle":"Merge pull request #38 from SebastianSoewanto/master","messageBody":"Add the command to remove food from the list","fileTypesAndContributionMap":{}}]},{"date":"2023-03-15","commitResults":[{"hash":"60e55bd53a71ca8e86b7397e47c80a52e58eb9b5","isMergeCommit":false,"messageTitle":"Refactor bugs in remove command","messageBody":"","fileTypesAndContributionMap":{"functional-code":{"insertions":10,"deletions":2}}},{"hash":"064819278a2c6e08e396d26e3c9cd0259a923040","isMergeCommit":false,"messageTitle":"Fixing bug on remove command","messageBody":"","fileTypesAndContributionMap":{"functional-code":{"insertions":1,"deletions":1}}},{"hash":"7abb7d3d7938fc4752fd01243ec9e0ef38a6a120","isMergeCommit":false,"messageTitle":"Add J unit test for remove command","messageBody":"","fileTypesAndContributionMap":{"test-code":{"insertions":22,"deletions":0}}},{"hash":"d9993cabac461ef41d4db4cb20a2ede42efbffe8","isMergeCommit":true,"messageTitle":"Merge pull request #49 from SebastianSoewanto/master","messageBody":"Fixing bug in remove command","fileTypesAndContributionMap":{}},{"hash":"2716a187ca8c88cc0592d049e3a9e1e12334165f","isMergeCommit":false,"messageTitle":"Refactoring of remove command test","messageBody":"","fileTypesAndContributionMap":{"test-code":{"insertions":2,"deletions":3}}},{"hash":"774207c4a5dd65c0c557199182d16bb19b73116c","isMergeCommit":true,"messageTitle":"Merge branch \u0027AY2223S2-CS2113-W13-3:master\u0027 into master","messageBody":"","fileTypesAndContributionMap":{}},{"hash":"97a0f6bd64edef4f6c20a6e5dcf24e8e96f25e76","isMergeCommit":true,"messageTitle":"Merge pull request #50 from SebastianSoewanto/master","messageBody":"Minor refactor of J unit test of remove command","fileTypesAndContributionMap":{}}]},{"date":"2023-03-19","commitResults":[{"hash":"ecb19005486a7db19fe303c059dd5f5bac6ee4c2","isMergeCommit":false,"messageTitle":"Fix bug on remove feature","messageBody":"","fileTypesAndContributionMap":{"functional-code":{"insertions":1,"deletions":1}}},{"hash":"743fa5c99e360b01c24f027d7acb7956216f57cc","isMergeCommit":true,"messageTitle":"Merge pull request #61 from SebastianSoewanto/master","messageBody":"Fix bug on remove feature","fileTypesAndContributionMap":{}}]},{"date":"2023-03-20","commitResults":[{"hash":"c1b5d971505097349991ceb149e5803fccd9fc5f","isMergeCommit":false,"messageTitle":"Add LocalDate for comparison of expired food","messageBody":"","fileTypesAndContributionMap":{"functional-code":{"insertions":12,"deletions":2}}},{"hash":"18a162adc9f694f020d6032847de007a618a1584","isMergeCommit":true,"messageTitle":"Merge pull request #63 from SebastianSoewanto/master","messageBody":"Add LocalDate for comparison to track expired food","fileTypesAndContributionMap":{}}]},{"date":"2023-03-23","commitResults":[{"hash":"02cf9576047b412679c7bc4f2aedcd8222213e21","isMergeCommit":false,"messageTitle":"Update User Guide","messageBody":"","fileTypesAndContributionMap":{"docs":{"insertions":28,"deletions":0}}},{"hash":"44a0bf773d114846eb0459690a707875aa509d53","isMergeCommit":true,"messageTitle":"Merge pull request #75 from SebastianSoewanto/master","messageBody":"Update User Guide","fileTypesAndContributionMap":{}}]},{"date":"2023-03-24","commitResults":[{"hash":"8e28daabb420f14bcadd99ee4b0a8087949c2569","isMergeCommit":false,"messageTitle":"Update User Guide","messageBody":"","fileTypesAndContributionMap":{"docs":{"insertions":4,"deletions":1}}},{"hash":"c5b786d1bbcb494ed8eb929a50c869d55b7d283d","isMergeCommit":false,"messageTitle":"Fix bug on remove command when Incorrect Value is shown","messageBody":"","fileTypesAndContributionMap":{"functional-code":{"insertions":1,"deletions":1}}},{"hash":"fbe9daf7b2fe9899d74daf3efb730241c71bdb37","isMergeCommit":true,"messageTitle":"Merge pull request #84 from SebastianSoewanto/master","messageBody":"Update User Guide and fix remove command bug","fileTypesAndContributionMap":{}},{"hash":"e56b1db32db1e49be2187f370555ceb2f92bb739","isMergeCommit":false,"messageTitle":"Update Developer Guide","messageBody":"","fileTypesAndContributionMap":{"docs":{"insertions":16,"deletions":0}}},{"hash":"f1d6a6ee80944fb61c5bf713dff1f52a4e80e9a5","isMergeCommit":true,"messageTitle":"Merge branch \u0027AY2223S2-CS2113-W13-3:master\u0027 into master","messageBody":"","fileTypesAndContributionMap":{}},{"hash":"1a09dfd563df23e09f30e113febae55b3d113fdd","isMergeCommit":true,"messageTitle":"Merge pull request #85 from SebastianSoewanto/master","messageBody":"Update Developer Guide","fileTypesAndContributionMap":{}}]}],"tsx0314":[{"date":"2023-03-03","commitResults":[{"hash":"7d48a89dfbb15012dfc0ab07dd08e19d4d5b6dae","isMergeCommit":false,"messageTitle":"Add profile name","messageBody":"","fileTypesAndContributionMap":{"docs":{"insertions":7,"deletions":7}}},{"hash":"93ac63fe9bdbe056320d43caef370cb6471549e1","isMergeCommit":true,"messageTitle":"Merge pull request #3 from tsx0314/branch-AboutUs","messageBody":"Add profile name","fileTypesAndContributionMap":{}}]},{"date":"2023-03-09","commitResults":[{"hash":"beb65eb81956ce75751f0e41c43e7485cc44f6a2","isMergeCommit":false,"messageTitle":"Initialise the project structure","messageBody":"","fileTypesAndContributionMap":{"functional-code":{"insertions":116,"deletions":14}}},{"hash":"0f93eacb7e627a0c345123ecba9442d3721d3ca0","isMergeCommit":false,"messageTitle":"Add credit to the code","messageBody":"","fileTypesAndContributionMap":{"functional-code":{"insertions":3,"deletions":1}}},{"hash":"8ea04ab43c6234892edbdd7e5f2b40f94da3304a","isMergeCommit":false,"messageTitle":"Code quality","messageBody":"","fileTypesAndContributionMap":{"functional-code":{"insertions":7,"deletions":4}}},{"hash":"1258a98f49e93db8d8c7f93bcdad0741a75fc62c","isMergeCommit":false,"messageTitle":"Update test file","messageBody":"","fileTypesAndContributionMap":{"functional-code":{"insertions":2,"deletions":1}}},{"hash":"688ec75a3c24a0e3db1149c7c314f4cc4f5d93f6","isMergeCommit":false,"messageTitle":"Remove tabs with empty spaces","messageBody":"","fileTypesAndContributionMap":{"functional-code":{"insertions":93,"deletions":93}}},{"hash":"ec2b26cf1dc3237018e0c2b845d4da6043632149","isMergeCommit":false,"messageTitle":"Code quality","messageBody":"","fileTypesAndContributionMap":{"functional-code":{"insertions":5,"deletions":5}}},{"hash":"dc469a82ade87858f2555216b497220a09d36855","isMergeCommit":false,"messageTitle":"Convert files to Unix format","messageBody":"","fileTypesAndContributionMap":{"functional-code":{"insertions":4,"deletions":3}}},{"hash":"de8370f4793ce088e81be14fdfbd50ab27388676","isMergeCommit":true,"messageTitle":"Merge pull request #15 from tsx0314/branch-ProjectStructure","messageBody":"Initialise the project structure","fileTypesAndContributionMap":{}},{"hash":"33b7910d1bf564a338bfd50ba4e1de6f3d074e2f","isMergeCommit":true,"messageTitle":"Merge branch \u0027master\u0027 of https://github.com/AY2223S2-CS2113-W13-3/tp","messageBody":"","fileTypesAndContributionMap":{}}]},{"date":"2023-03-10","commitResults":[{"hash":"c875fd7442487d91c5ef0928afed11ff8d3dcd17","isMergeCommit":true,"messageTitle":"Merge branch \u0027AY2223S2-CS2113-W13-3:master\u0027 into master","messageBody":"","fileTypesAndContributionMap":{}},{"hash":"e5fef7d7bcd4020385bb5266c7a3f8663b16a431","isMergeCommit":true,"messageTitle":"Merge branch \u0027master\u0027 of https://github.com/tsx0314/tp","messageBody":"","fileTypesAndContributionMap":{}},{"hash":"3a4f8a78a9e170ebdaf32387e2a04662460c856f","isMergeCommit":false,"messageTitle":"fix folder naming issues","messageBody":"","fileTypesAndContributionMap":{"other":{"insertions":0,"deletions":0}}},{"hash":"275ac24c9f05dcdcfa55324eff6db5d43e62b440","isMergeCommit":false,"messageTitle":"Solve merge conflicts","messageBody":"","fileTypesAndContributionMap":{"functional-code":{"insertions":15,"deletions":13}}},{"hash":"36dfabf78738c0fced58b0d21f6b3030511a1ce0","isMergeCommit":true,"messageTitle":"Merge branch \u0027master\u0027 into master","messageBody":"","fileTypesAndContributionMap":{}},{"hash":"b14ad651ef9f10002b2ee3c8206f664e25d833d2","isMergeCommit":true,"messageTitle":"Merge branch \u0027master\u0027 of https://github.com/AY2223S2-CS2113-W13-3/tp","messageBody":"","fileTypesAndContributionMap":{}},{"hash":"224f6a5e1e3da633c7324add9f654d0d5affd21a","isMergeCommit":false,"messageTitle":"Add FoodList and addCommand feature","messageBody":"","fileTypesAndContributionMap":{"functional-code":{"insertions":134,"deletions":4}}},{"hash":"803d212f5005d0a38e287bbe3f3e0e5cd9167324","isMergeCommit":false,"messageTitle":"Update ui messages","messageBody":"","fileTypesAndContributionMap":{"functional-code":{"insertions":4,"deletions":4}}},{"hash":"d2b1782f131ffdd83837b5bc049af3a8d4b5e3cf","isMergeCommit":true,"messageTitle":"Merge branch \u0027master\u0027 into branch-AddCommand","messageBody":"","fileTypesAndContributionMap":{}},{"hash":"f6bf1b42309ed7f8900bd38c025ddc3b26632759","isMergeCommit":false,"messageTitle":"Update test file","messageBody":"","fileTypesAndContributionMap":{"functional-code":{"insertions":4,"deletions":4}}},{"hash":"94d1ce79e5c93de78f37e779f3121e10d7f6dce7","isMergeCommit":true,"messageTitle":"Merge branch \u0027branch-AddCommand\u0027 of https://github.com/tsx0314/tp into branch-AddCommand","messageBody":"# Conflicts:\n#\ttext-ui-test/EXPECTED.TXT\n","fileTypesAndContributionMap":{}},{"hash":"32c778082d2042084c61e73d0801abd058c849e2","isMergeCommit":true,"messageTitle":"Merge pull request #23 from tsx0314/branch-AddCommand","messageBody":"Add FoodList and AddCommand","fileTypesAndContributionMap":{}},{"hash":"fb1a1760fb71a9fbd3be31d1ea5571db4857dc61","isMergeCommit":true,"messageTitle":"Merge branch \u0027master\u0027 of https://github.com/AY2223S2-CS2113-W13-3/tp","messageBody":"","fileTypesAndContributionMap":{}},{"hash":"da8fd28fc2a4bfb47e78ef619ad4ecf7cd8ea447","isMergeCommit":false,"messageTitle":"Add JUnit Test for splitString method","messageBody":"","fileTypesAndContributionMap":{"test-code":{"insertions":16,"deletions":0}}},{"hash":"7526bea8825752fbd2c3dca8dde3462242a6daa2","isMergeCommit":false,"messageTitle":"Remove extra import packages","messageBody":"","fileTypesAndContributionMap":{"test-code":{"insertions":1,"deletions":1}}},{"hash":"d74b2e14048153c3f78e7374d0dacee33070a56b","isMergeCommit":false,"messageTitle":"Code quality","messageBody":"","fileTypesAndContributionMap":{"test-code":{"insertions":1,"deletions":1}}},{"hash":"0a9aa7cfa589a43fe0b2991f12159a9f4f97f2fa","isMergeCommit":true,"messageTitle":"Merge pull request #35 from tsx0314/branch-JUnitTest","messageBody":"Add JUnit Test for splitString method","fileTypesAndContributionMap":{}}]},{"date":"2023-03-13","commitResults":[{"hash":"21c1c6455a535ea14b601cd18fc7cff4028d85f9","isMergeCommit":true,"messageTitle":"Merge branch \u0027master\u0027 of https://github.com/AY2223S2-CS2113-W13-3/tp","messageBody":"","fileTypesAndContributionMap":{}},{"hash":"2efc546d4d88d3dbea5048ecc3ff98b0f5dba856","isMergeCommit":true,"messageTitle":"Merge pull request #40 from DavidVin357/find-command","messageBody":"Add find command feature","fileTypesAndContributionMap":{}},{"hash":"55b0d3d5b5be2c815543b733b8af3b8a77aafb1c","isMergeCommit":true,"messageTitle":"Merge branch \u0027master\u0027 of https://github.com/AY2223S2-CS2113-W13-3/tp","messageBody":"","fileTypesAndContributionMap":{}}]},{"date":"2023-03-14","commitResults":[{"hash":"344e00cef79e271b0e4badd037df6bfce61fec99","isMergeCommit":true,"messageTitle":"Merge pull request #45 from DavidVin357/find-command-test","messageBody":"FindCommand test","tags":["A-Jar"],"fileTypesAndContributionMap":{}},{"hash":"e8de1b484bb6269b8d16b64b6b57fcc807de6ef9","isMergeCommit":true,"messageTitle":"Merge branch \u0027master\u0027 of https://github.com/AY2223S2-CS2113-W13-3/tp","messageBody":"","fileTypesAndContributionMap":{}}]},{"date":"2023-03-16","commitResults":[{"hash":"0659932934001dbedf9a03944c737faec4631a50","isMergeCommit":true,"messageTitle":"Merge branch \u0027master\u0027 of https://github.com/AY2223S2-CS2113-W13-3/tp","messageBody":"","fileTypesAndContributionMap":{}}]},{"date":"2023-03-17","commitResults":[{"hash":"f6314b6aa88c53faca3d14d4dc1981abc9c93aee","isMergeCommit":false,"messageTitle":"Fix JUnit method name","messageBody":"","fileTypesAndContributionMap":{"test-code":{"insertions":1,"deletions":1}}},{"hash":"6315e6b3287fb0d1f230f3a4606470799a01e92b","isMergeCommit":false,"messageTitle":"Add code credit","messageBody":"","fileTypesAndContributionMap":{"functional-code":{"insertions":3,"deletions":0}}},{"hash":"fff37fedc8976d6c99545d3ff732d6594915fece","isMergeCommit":false,"messageTitle":"Remove list message from Ui","messageBody":"","fileTypesAndContributionMap":{"functional-code":{"insertions":1,"deletions":1}}},{"hash":"f5bce73dd6e14a9b5a62c111f85d8de3a2dddad4","isMergeCommit":false,"messageTitle":"Improve code standard","messageBody":"","fileTypesAndContributionMap":{"functional-code":{"insertions":8,"deletions":8}}},{"hash":"2e58bafc00a8ae7d9cdb202721e57aed3ceb26e2","isMergeCommit":false,"messageTitle":"Add assertions","messageBody":"","fileTypesAndContributionMap":{"functional-code":{"insertions":3,"deletions":1}}},{"hash":"bc579a20b71ba6317b2d83fe385b3a9c1b543278","isMergeCommit":false,"messageTitle":"Enable assertion","messageBody":"","fileTypesAndContributionMap":{"other":{"insertions":3,"deletions":1}}},{"hash":"db0604dbafe4ac4ec38c77d6f7ef568051702a6a","isMergeCommit":true,"messageTitle":"Merge pull request #52 from tsx0314/branch-Assertion","messageBody":"Branch assertion","fileTypesAndContributionMap":{}}]},{"date":"2023-03-20","commitResults":[{"hash":"8353af16422d1d1bd6e54db64deaae31e8f4f01a","isMergeCommit":true,"messageTitle":"Merge branch \u0027master\u0027 of https://github.com/AY2223S2-CS2113-W13-3/tp","messageBody":"","fileTypesAndContributionMap":{}},{"hash":"ee4f34283bc912f9dc2ad1dc428c1e1ff9e14f1c","isMergeCommit":true,"messageTitle":"Merge branch \u0027master\u0027 of https://github.com/AY2223S2-CS2113-W13-3/tp","messageBody":"","fileTypesAndContributionMap":{}},{"hash":"ea5cf0ce46440961f37a3c86a85f3c96e6bf3d45","isMergeCommit":false,"messageTitle":"Add quantity attribute in Food Class","messageBody":"","fileTypesAndContributionMap":{"functional-code":{"insertions":41,"deletions":6}}},{"hash":"0bd668c303badf8a0e35131d4a40ecf12e0f040e","isMergeCommit":false,"messageTitle":"Update AddCommand and Parser","messageBody":"","fileTypesAndContributionMap":{"functional-code":{"insertions":69,"deletions":19}}},{"hash":"75bc8777f55953d1978519351c6cdcc01c84ecc8","isMergeCommit":false,"messageTitle":"Code quality","messageBody":"","fileTypesAndContributionMap":{"functional-code":{"insertions":7,"deletions":18}}},{"hash":"36df62883192a4bb8c10036f843e141fbafced99","isMergeCommit":false,"messageTitle":"Update AddCommandTest","messageBody":"","fileTypesAndContributionMap":{"test-code":{"insertions":7,"deletions":1}}},{"hash":"a0e1b0edb8ba5960ccb2ca6941614b90d7497b7f","isMergeCommit":false,"messageTitle":"Code quality","messageBody":"","fileTypesAndContributionMap":{"functional-code":{"insertions":3,"deletions":4}}},{"hash":"59263ff3e48b7a4010444bfaf645430c77b747f4","isMergeCommit":false,"messageTitle":"Code quality","messageBody":"","fileTypesAndContributionMap":{"functional-code":{"insertions":4,"deletions":4},"test-code":{"insertions":1,"deletions":1}}}]},{"date":"2023-03-21","commitResults":[{"hash":"4730461d8db3d8adeb19d6f7304d774c01932802","isMergeCommit":false,"messageTitle":"Add JavaDoc","messageBody":"","fileTypesAndContributionMap":{"functional-code":{"insertions":41,"deletions":0}}}]},{"date":"2023-03-22","commitResults":[{"hash":"d9f24a8c0978efccc931234bf164f19c0e396360","isMergeCommit":false,"messageTitle":"Remove nested if-else statement","messageBody":"","fileTypesAndContributionMap":{"functional-code":{"insertions":15,"deletions":13}}}]},{"date":"2023-03-23","commitResults":[{"hash":"0ac3f8d2a3ca5c75f29728825f4f8c559db8c7d5","isMergeCommit":false,"messageTitle":"Remove repeated code","messageBody":"","fileTypesAndContributionMap":{"functional-code":{"insertions":20,"deletions":27}}},{"hash":"0e383c61ab3f91688cf77f925c9cc515f9c235bb","isMergeCommit":false,"messageTitle":"Update AddCommandTest","messageBody":"","fileTypesAndContributionMap":{"test-code":{"insertions":10,"deletions":0}}},{"hash":"459c964fd9e55802fb1fcb10397e37fbbd42883c","isMergeCommit":false,"messageTitle":"Fix JavaDoc","messageBody":"","fileTypesAndContributionMap":{"functional-code":{"insertions":1,"deletions":1}}},{"hash":"faf7d9867f73a5c9f100050c46addf2bc66733b8","isMergeCommit":true,"messageTitle":"Merge pull request #66 from tsx0314/master","messageBody":"Add quantity attribute in Food Class","fileTypesAndContributionMap":{}},{"hash":"c97c48a34bdc3634443036ceb8ad737b72fac277","isMergeCommit":true,"messageTitle":"Merge branch \u0027master\u0027 of https://github.com/AY2223S2-CS2113-W13-3/tp into branch-DeveloperGuide","messageBody":"","fileTypesAndContributionMap":{}},{"hash":"35f18f10df5d8fafc8c4329f7eb7ce2cd99bf05f","isMergeCommit":false,"messageTitle":"Update Add feature in UserGuide","messageBody":"","fileTypesAndContributionMap":{"docs":{"insertions":87,"deletions":16}}},{"hash":"ac2a46d9287c57878a5fac5162b7821661f5f370","isMergeCommit":false,"messageTitle":"Update format","messageBody":"","fileTypesAndContributionMap":{"docs":{"insertions":1,"deletions":7}}},{"hash":"deea9b8a88a9a2bb0cb02d6c58e424fa495df05b","isMergeCommit":false,"messageTitle":"UserGuide Format","messageBody":"","fileTypesAndContributionMap":{"docs":{"insertions":7,"deletions":0}}},{"hash":"43185581df181dc9dd180375d75be3357dbde77f","isMergeCommit":true,"messageTitle":"Merge pull request #73 from tsx0314/branch-DeveloperGuide","messageBody":"Update Add feature in UserGuide","fileTypesAndContributionMap":{}},{"hash":"724f480a93d6f6d21fdef0978dfefe62ddaeeaa3","isMergeCommit":true,"messageTitle":"Merge branch \u0027master\u0027 of https://github.com/AY2223S2-CS2113-W13-3/tp","messageBody":"","fileTypesAndContributionMap":{}},{"hash":"53da01812d20302c7ccc5680836e001ac751e73c","isMergeCommit":true,"messageTitle":"Merge branch \u0027master\u0027 of https://github.com/tsx0314/tp into branch-DeveloperGuide","messageBody":"","fileTypesAndContributionMap":{}},{"hash":"990e4c9a237b042a1d910f424755b3e0960d92a0","isMergeCommit":true,"messageTitle":"Merge branch \u0027master\u0027 of https://github.com/AY2223S2-CS2113-W13-3/tp into branch-DeveloperGuide","messageBody":"","fileTypesAndContributionMap":{}},{"hash":"f9ea3d24098cc6cf0d20f63914a51e4c8a7d44ec","isMergeCommit":false,"messageTitle":"Update AddCommand Class and Sequence Diagram","messageBody":"","fileTypesAndContributionMap":{"docs":{"insertions":45,"deletions":0}}},{"hash":"4e9abf0e967b6f8885736f69d6f344109c6fc91b","isMergeCommit":false,"messageTitle":"Update Developer Guide","messageBody":"","fileTypesAndContributionMap":{"docs":{"insertions":38,"deletions":2}}},{"hash":"2244b5f48119d06bb1d5cee36545ce074539af83","isMergeCommit":false,"messageTitle":"Update add feature description","messageBody":"","fileTypesAndContributionMap":{"docs":{"insertions":4,"deletions":3}}},{"hash":"4b5d9ed854036b83c5efc6808e5caf62c9c3ae1a","isMergeCommit":true,"messageTitle":"Merge pull request #74 from tsx0314/branch-DeveloperGuide","messageBody":"Branch developer guide","fileTypesAndContributionMap":{}},{"hash":"8c807af6e36f1538ac8debd5f9894d3ca9a5a689","isMergeCommit":true,"messageTitle":"Merge branch \u0027master\u0027 of https://github.com/AY2223S2-CS2113-W13-3/tp","messageBody":"","fileTypesAndContributionMap":{}}]},{"date":"2023-03-24","commitResults":[{"hash":"9f42eeaf4f0f0fdbb6655b2bab72ed891ce46317","isMergeCommit":true,"messageTitle":"Merge branch \u0027master\u0027 of https://github.com/AY2223S2-CS2113-W13-3/tp","messageBody":"","fileTypesAndContributionMap":{}},{"hash":"bfbcfc6e3535d273fb659048743fcb93f0df31a5","isMergeCommit":true,"messageTitle":"Merge branch \u0027master\u0027 of https://github.com/AY2223S2-CS2113-W13-3/tp","messageBody":"","fileTypesAndContributionMap":{}},{"hash":"a2f753e2f640e0b1cdb238e31af841b7ed924fde","isMergeCommit":false,"messageTitle":"Add method to check date validity","messageBody":"","fileTypesAndContributionMap":{"functional-code":{"insertions":25,"deletions":1}}},{"hash":"9a32bccbb21fff88a963bf3c6d6bbcddc7ad43eb","isMergeCommit":false,"messageTitle":"Add JUnit test","messageBody":"","fileTypesAndContributionMap":{"test-code":{"insertions":20,"deletions":0}}}]},{"date":"2023-03-25","commitResults":[{"hash":"f51fb89f86b99dcce8696ac1380d84c711a4bd0d","isMergeCommit":true,"messageTitle":"Merge branch \u0027master\u0027 of https://github.com/AY2223S2-CS2113-W13-3/tp","messageBody":"# Conflicts:\n#\tsrc/main/java/seedu/duke/commands/AddCommand.java\n","fileTypesAndContributionMap":{}},{"hash":"70096db6021f075c02dc74bfd9fb4c91f7dc546e","isMergeCommit":false,"messageTitle":"Update AddCommand pattern and Parser","messageBody":"","fileTypesAndContributionMap":{"functional-code":{"insertions":97,"deletions":56},"test-code":{"insertions":10,"deletions":1}}},{"hash":"b1e69c79c6e2dc18d608795a25ab1d98399f3152","isMergeCommit":false,"messageTitle":"Code quality","messageBody":"","fileTypesAndContributionMap":{"functional-code":{"insertions":27,"deletions":24}}},{"hash":"114cb8de1c4c519a061517539eb987deda8c5e52","isMergeCommit":false,"messageTitle":"code quality","messageBody":"","fileTypesAndContributionMap":{"functional-code":{"insertions":14,"deletions":8}}},{"hash":"453419048d12f76dab533554b6f541666b323311","isMergeCommit":false,"messageTitle":"Update code authorship","messageBody":"","fileTypesAndContributionMap":{"functional-code":{"insertions":1,"deletions":1}}}]},{"date":"2023-03-27","commitResults":[{"hash":"5f9aa563dfb5e931443260a07ce270c5ac077e36","isMergeCommit":false,"messageTitle":"Update error message and UserGuide","messageBody":"","fileTypesAndContributionMap":{"functional-code":{"insertions":2,"deletions":1},"docs":{"insertions":12,"deletions":11}}},{"hash":"958add25922776656314f2789b56333623962033","isMergeCommit":false,"messageTitle":"Update error message","messageBody":"","fileTypesAndContributionMap":{"functional-code":{"insertions":3,"deletions":2}}},{"hash":"a93ad41c4a8455eb21bd0c166f451c813abe3b15","isMergeCommit":false,"messageTitle":"Code quality and fix error message","messageBody":"","fileTypesAndContributionMap":{"functional-code":{"insertions":48,"deletions":44}}},{"hash":"1fbd64f65fa44e4af112f684ba665c119058d93e","isMergeCommit":false,"messageTitle":"Update AddCommandTest","messageBody":"","fileTypesAndContributionMap":{"test-code":{"insertions":11,"deletions":4}}},{"hash":"6c169a4c0284cee37052fca85e80c562677cae64","isMergeCommit":true,"messageTitle":"Merge pull request #89 from tsx0314/master","messageBody":"Add method to check date ","fileTypesAndContributionMap":{}}]},{"date":"2023-03-28","commitResults":[{"hash":"19d79dc91ff04c3721b8247a12ffbd0fb4b11810","isMergeCommit":false,"messageTitle":"Add category attribute and update AddCommandTest","messageBody":"","fileTypesAndContributionMap":{"functional-code":{"insertions":159,"deletions":54},"test-code":{"insertions":10,"deletions":11}}},{"hash":"adf745ddd0c167e6424a6b3cdbe8e168ad600c2c","isMergeCommit":false,"messageTitle":"Update UserGuide","messageBody":"","fileTypesAndContributionMap":{"docs":{"insertions":13,"deletions":12}}},{"hash":"82437a8ddf2f16eb6c3f8e83b61a5a84ec3eb2a7","isMergeCommit":true,"messageTitle":"Merge pull request #94 from tsx0314/branch-AddCategory","messageBody":"Add category attribute and update AddCommandTest","fileTypesAndContributionMap":{}},{"hash":"2b50ab3c76d0addb0a0e5816d4d9d67c06b01fdc","isMergeCommit":false,"messageTitle":"Fix AddCommand bug","messageBody":"","fileTypesAndContributionMap":{"functional-code":{"insertions":1,"deletions":0}}},{"hash":"826577103d2aeb676f6298f62513d00d509eb2c7","isMergeCommit":true,"messageTitle":"Merge pull request #96 from tsx0314/branch-AddCategory","messageBody":"Fix AddCommand bug","fileTypesAndContributionMap":{}}]}],"wanjuin":[{"date":"2023-03-06","commitResults":[{"hash":"37d621b179b416abf64b7e3366370b0bc7452f1f","isMergeCommit":false,"messageTitle":"update my name and github link","messageBody":"","fileTypesAndContributionMap":{"docs":{"insertions":7,"deletions":7}}},{"hash":"446c14cfe1842d78442a5792529796e725e3f86f","isMergeCommit":false,"messageTitle":"merge conflicts","messageBody":"","fileTypesAndContributionMap":{"docs":{"insertions":1,"deletions":1}}},{"hash":"81eca1e8cd6a86e3f146ff045c177eed0dba35bd","isMergeCommit":false,"messageTitle":"Revert \"merge conflicts\"","messageBody":"This reverts commit 446c14cfe1842d78442a5792529796e725e3f86f.\n","fileTypesAndContributionMap":{"docs":{"insertions":1,"deletions":1}}},{"hash":"623b8b9c189d2892e954c924ef965079df36cd6a","isMergeCommit":false,"messageTitle":"Revert \"update my name and github link\"","messageBody":"This reverts commit 37d621b179b416abf64b7e3366370b0bc7452f1f.\n","fileTypesAndContributionMap":{"docs":{"insertions":7,"deletions":7}}},{"hash":"ae5f71b0b3d5d57b48809bfef39e99a8c68b1e45","isMergeCommit":true,"messageTitle":"Merge branch \u0027AY2223S2-CS2113-W13-3:master\u0027 into master","messageBody":"","fileTypesAndContributionMap":{}},{"hash":"c66de2ad4d9cfb234f21049b303ab7d41778c4e1","isMergeCommit":false,"messageTitle":"update github link and name","messageBody":"","fileTypesAndContributionMap":{"docs":{"insertions":7,"deletions":7}}},{"hash":"db534e807b62a85e76e139dd55e1969b55355e21","isMergeCommit":true,"messageTitle":"Merge pull request #4 from wanjuin/master","messageBody":"update my name and github link","fileTypesAndContributionMap":{}}]},{"date":"2023-03-07","commitResults":[{"hash":"3093e573196db2f9e0ffbc9f94e640f5ad59f219","isMergeCommit":true,"messageTitle":"Merge branch \u0027master\u0027 into master","messageBody":"","fileTypesAndContributionMap":{}},{"hash":"64596297cd5b6ce8d4abf821893aad3a6ebea5f3","isMergeCommit":true,"messageTitle":"Merge pull request #2 from SebastianSoewanto/master","messageBody":"Add profile name","fileTypesAndContributionMap":{}},{"hash":"c5f24b8218682d5886e7208051f931a2c78f4c64","isMergeCommit":true,"messageTitle":"Merge branch \u0027master\u0027 into master","messageBody":"","fileTypesAndContributionMap":{}},{"hash":"b4cd6c9a8daba49a23bba4810fe8eae8f78256f2","isMergeCommit":false,"messageTitle":"merge profiles","messageBody":"","fileTypesAndContributionMap":{"docs":{"insertions":4,"deletions":4}}},{"hash":"c3f3fc5b77d95e8eb63370b43d24145d5a45fa15","isMergeCommit":true,"messageTitle":"Merge pull request #5 from wanjuin/master","messageBody":"merge profiles","fileTypesAndContributionMap":{}},{"hash":"198ca8fb671bba9fc1009b02f4df99c300b187c2","isMergeCommit":true,"messageTitle":"Merge branch \u0027master\u0027 into master","messageBody":"","fileTypesAndContributionMap":{}},{"hash":"3ade5be3b4fab6631277f46bd77cd3519148f036","isMergeCommit":true,"messageTitle":"Merge pull request #1 from ZhongXiangWong/master","messageBody":"Add profile name","fileTypesAndContributionMap":{}}]},{"date":"2023-03-10","commitResults":[{"hash":"3f6ae7739f574ae9b0998957ccdf84fe03856b67","isMergeCommit":false,"messageTitle":"group into packages","messageBody":"","fileTypesAndContributionMap":{"functional-code":{"insertions":5,"deletions":0},"other":{"insertions":11,"deletions":5}}},{"hash":"6deb594a4d3779892690a6af2b28e923d3498d89","isMergeCommit":true,"messageTitle":"Merge pull request #16 from wanjuin/master","messageBody":"group into packages","fileTypesAndContributionMap":{}},{"hash":"f568887ea760757d05e6fdfe2f3930985ea209b6","isMergeCommit":false,"messageTitle":"update about me","messageBody":"","fileTypesAndContributionMap":{"docs":{"insertions":2,"deletions":2}}},{"hash":"fccc848b893521b6139afc519f37ea066898d468","isMergeCommit":true,"messageTitle":"Merge pull request #17 from wanjuin/master","messageBody":"update about me","fileTypesAndContributionMap":{}},{"hash":"22bbbe3754cd848aaeb698170564cbec3171eb1c","isMergeCommit":false,"messageTitle":"rename package name","messageBody":"","fileTypesAndContributionMap":{"functional-code":{"insertions":4,"deletions":4},"other":{"insertions":9,"deletions":9}}},{"hash":"5c6cb4332a7d5cae8c532587345cf467897f5a5e","isMergeCommit":true,"messageTitle":"Merge pull request #19 from wanjuin/master","messageBody":"rename package name","fileTypesAndContributionMap":{}},{"hash":"60444fc56b6c01d764de47f34e0260b8bd6c49c7","isMergeCommit":false,"messageTitle":"solve bugs","messageBody":"","fileTypesAndContributionMap":{"functional-code":{"insertions":85,"deletions":23}}},{"hash":"c2505ace93ebf2646a7704c12eb1040f0f51a42f","isMergeCommit":false,"messageTitle":"Revert \"solve bugs\"","messageBody":"This reverts commit 03a0e2ff6ed2e10fe33255d404480bf6347790b8.\n","fileTypesAndContributionMap":{"functional-code":{"insertions":23,"deletions":85}}},{"hash":"92069757c933157ab63df583506f14b6e76d9929","isMergeCommit":false,"messageTitle":"Revert \"Revert \"solve bugs\"\"","messageBody":"This reverts commit c2505ace93ebf2646a7704c12eb1040f0f51a42f.\n","fileTypesAndContributionMap":{"functional-code":{"insertions":85,"deletions":23}}},{"hash":"9f42a4ba2e296c2b9388892bf155465edfc94fa5","isMergeCommit":true,"messageTitle":"Merge pull request #21 from wanjuin/master","messageBody":"Revert \"Revert \"solve bugs\"\"","fileTypesAndContributionMap":{}},{"hash":"e6082e7b0abaacf91120c72a617e1716e491bf4e","isMergeCommit":false,"messageTitle":"-","messageBody":"","fileTypesAndContributionMap":{"functional-code":{"insertions":77,"deletions":23}}},{"hash":"473cd36631fdc4ee175a5fee47c9ce1637e7aac7","isMergeCommit":true,"messageTitle":"Merge remote-tracking branch \u0027origin/master\u0027","messageBody":"# Conflicts:\n#\tsrc/main/java/seedu/duke/Duke.java\n","fileTypesAndContributionMap":{}},{"hash":"6e604bec08a586d66df981dea3f93c66674a128d","isMergeCommit":false,"messageTitle":"-","messageBody":"","fileTypesAndContributionMap":{"functional-code":{"insertions":2,"deletions":23},"docs":{"insertions":5,"deletions":4}}},{"hash":"38a7379230f737f2996eada5eaad80d279ab3fa4","isMergeCommit":true,"messageTitle":"Merge pull request #22 from wanjuin/master","messageBody":"-","fileTypesAndContributionMap":{}},{"hash":"c530be4ea0821a1b2aeaa01e6e67b0c1c7a50077","isMergeCommit":false,"messageTitle":"delete unused code","messageBody":"","fileTypesAndContributionMap":{"functional-code":{"insertions":3,"deletions":21}}},{"hash":"512ac4b5c34e2e02f3e9b249264626dec7c393a7","isMergeCommit":true,"messageTitle":"Merge branch \u0027master\u0027 of https://github.com/wanjuin/tp","messageBody":"# Conflicts:\n#\tsrc/main/java/seedu/duke/Duke.java\n#\tsrc/main/java/seedu/duke/commands/Command.java\n#\tsrc/main/java/seedu/duke/general/Parser.java\n#\tsrc/main/java/seedu/duke/general/Ui.java\n","fileTypesAndContributionMap":{}},{"hash":"d2b4f4a6a185560e9d394ab7ef88cbc721d1aad6","isMergeCommit":false,"messageTitle":"resolve merge conflict","messageBody":"","fileTypesAndContributionMap":{"functional-code":{"insertions":2,"deletions":38}}},{"hash":"2aa771df1c5abc0eb0f01669f94cf821e807fdb1","isMergeCommit":true,"messageTitle":"Merge pull request #31 from wanjuin/master","messageBody":"resolve merge conflict","fileTypesAndContributionMap":{}},{"hash":"52be5aee0c1ce4b2d2207411a02cb9a8f7e1aabd","isMergeCommit":false,"messageTitle":"add ListCommand feature","messageBody":"","fileTypesAndContributionMap":{"functional-code":{"insertions":48,"deletions":6}}},{"hash":"ac7c0699d5de56c1dadd87e388b74275053e12be","isMergeCommit":false,"messageTitle":"debug to make it \"pass\"","messageBody":"","fileTypesAndContributionMap":{"functional-code":{"insertions":5,"deletions":5}}},{"hash":"9df1259ca75b6758efa1fc04348fffca81a571dd","isMergeCommit":false,"messageTitle":"replace * with each individual method in command package","messageBody":"","fileTypesAndContributionMap":{"functional-code":{"insertions":6,"deletions":1}}},{"hash":"ed3bfdda08952b04feccaeb1d64fad66de82eb1b","isMergeCommit":true,"messageTitle":"Merge pull request #33 from wanjuin/master","messageBody":"add ListCommand feature","fileTypesAndContributionMap":{}},{"hash":"e35406aa3ddd5b4b9c4084be18f7fe18d38247e3","isMergeCommit":false,"messageTitle":"J Unit Testing (ExitCommand)","messageBody":"","fileTypesAndContributionMap":{"test-code":{"insertions":25,"deletions":0}}},{"hash":"62f0e7bca3ce002b1ae23beacf9d560996c294de","isMergeCommit":false,"messageTitle":"debug for JavaCLI","messageBody":"","fileTypesAndContributionMap":{"test-code":{"insertions":2,"deletions":3}}},{"hash":"f5f0eed618719cff8877177f47208c808966a746","isMergeCommit":true,"messageTitle":"Merge pull request #34 from wanjuin/master","messageBody":"J Unit Testing (ExitCommand)","fileTypesAndContributionMap":{}}]},{"date":"2023-03-13","commitResults":[{"hash":"304bfaab6faaa8b63784c3dac70f42c136acafeb","isMergeCommit":false,"messageTitle":"apply toString() method in ListCommand","messageBody":"","fileTypesAndContributionMap":{"functional-code":{"insertions":3,"deletions":6}}},{"hash":"c21a9ff2b56b11b88fc1f74d62c4c0d0acd08ec4","isMergeCommit":true,"messageTitle":"Merge pull request #44 from wanjuin/master","messageBody":"apply toString() method in ListCommand","fileTypesAndContributionMap":{}}]},{"date":"2023-03-16","commitResults":[{"hash":"1f1e8ef7a6b26aa1dbdcfadee8dc9f29a08eb129","isMergeCommit":true,"messageTitle":"Merge pull request #51 from ZhongXiangWong/help-feature-v2","messageBody":"Improve user interface for help message display","fileTypesAndContributionMap":{}}]},{"date":"2023-03-17","commitResults":[{"hash":"cc006eb6306a584a98e1358a708586caa3311b02","isMergeCommit":false,"messageTitle":"add assertion to list command and foodlist.","messageBody":"","fileTypesAndContributionMap":{"functional-code":{"insertions":15,"deletions":5}}},{"hash":"0dcad82d9b577985d43f22887269943445b3faac","isMergeCommit":true,"messageTitle":"Merge pull request #53 from wanjuin/branch-Assertion","messageBody":"add assertion to list command and foodlist.","fileTypesAndContributionMap":{}},{"hash":"8979623bd7239cfd75a45182a339a42fd8db26ba","isMergeCommit":false,"messageTitle":"Revert \"add assertion to list command and foodlist.\"","messageBody":"","fileTypesAndContributionMap":{"functional-code":{"insertions":5,"deletions":15}}},{"hash":"1e125300e9149cdab2edd1296b7f868de89426b2","isMergeCommit":true,"messageTitle":"Merge pull request #54 from AY2223S2-CS2113-W13-3/revert-53-branch-Assertion","messageBody":"Revert \"add assertion to list command and foodlist.\"","fileTypesAndContributionMap":{}},{"hash":"2ee85bcff085cce7503a370ec9dd1c2dc20cdbd5","isMergeCommit":false,"messageTitle":"-","messageBody":"","fileTypesAndContributionMap":{"functional-code":{"insertions":6,"deletions":6}}},{"hash":"50fbfe1b12c816b71dd344c7e3977301a65b89f1","isMergeCommit":true,"messageTitle":"Merge branch \u0027master\u0027 into branch-Assertion","messageBody":"","fileTypesAndContributionMap":{}},{"hash":"3ba5b691000272031f20d7f0b1c2e18467c1aee3","isMergeCommit":true,"messageTitle":"Merge pull request #56 from wanjuin/branch-Assertion","messageBody":"Assertion","fileTypesAndContributionMap":{}},{"hash":"fd9b0b38398c5b9a475c442a24cb65ce4f40f3fa","isMergeCommit":false,"messageTitle":"Logging","messageBody":"","fileTypesAndContributionMap":{"functional-code":{"insertions":10,"deletions":1}}},{"hash":"e91221f525ff349dbadfb0e74d67edb32d4950cb","isMergeCommit":true,"messageTitle":"Merge pull request #58 from wanjuin/master","messageBody":"Logging","fileTypesAndContributionMap":{}}]},{"date":"2023-03-23","commitResults":[{"hash":"82ae6d756771d97d9342bf7a2607a9678b93ec05","isMergeCommit":false,"messageTitle":"DG (Product scope)","messageBody":"","fileTypesAndContributionMap":{"docs":{"insertions":17,"deletions":2}}},{"hash":"eab673608e4fa41f2f7af95fd983ed13fb0202d9","isMergeCommit":true,"messageTitle":"Merge pull request #81 from wanjuin/master","messageBody":"DG (Product scope)","fileTypesAndContributionMap":{}}]},{"date":"2023-03-24","commitResults":[{"hash":"5d53e6d515b2e7aee6cba07c1780f6c314ba75be","isMergeCommit":false,"messageTitle":"add user stories to developer guide","messageBody":"","fileTypesAndContributionMap":{"docs":{"insertions":38,"deletions":13}}},{"hash":"d6bcd26a37c0b52a78f48ba06c2453b833b272d6","isMergeCommit":true,"messageTitle":"Merge pull request #82 from wanjuin/master","messageBody":"add user stories to developer guide","fileTypesAndContributionMap":{}},{"hash":"58f65c28343c3b518fffda7a75302fb67e0e0352","isMergeCommit":false,"messageTitle":"Add List implementation to developer guide (DG)","messageBody":"","fileTypesAndContributionMap":{"functional-code":{"insertions":12,"deletions":7},"docs":{"insertions":22,"deletions":2}}},{"hash":"7b61785fe38db014bcd627334752cb8e6c53c432","isMergeCommit":true,"messageTitle":"Merge pull request #83 from wanjuin/master","messageBody":"Add List implementation to developer guide (DG)","fileTypesAndContributionMap":{}},{"hash":"c1dc79f1a044ec5ca4f6cabb0f587ff8825c422b","isMergeCommit":false,"messageTitle":"Remove for loop in ListCommand + Update Developer Guide (add List Command Class Diagram)","messageBody":"","fileTypesAndContributionMap":{"functional-code":{"insertions":1,"deletions":5},"docs":{"insertions":59,"deletions":9}}},{"hash":"5d8bb8caefebe8dc78aad71264157f27f7a45c98","isMergeCommit":true,"messageTitle":"Merge pull request #88 from wanjuin/master","messageBody":"Remove for loop in ListCommand + Update Developer Guide (add List Com…","fileTypesAndContributionMap":{}},{"hash":"9dbb4f015c3524aeb3bb809279cb24e974b30a37","isMergeCommit":false,"messageTitle":"add unit to AddCommand","messageBody":"","fileTypesAndContributionMap":{"functional-code":{"insertions":107,"deletions":8}}},{"hash":"9e06dddb23e8163cb8bc7aa9010d61550b1460a1","isMergeCommit":true,"messageTitle":"Merge pull request #1 from wanjuin/add-unit","messageBody":"add unit to AddCommand","fileTypesAndContributionMap":{}},{"hash":"fcc6570ecc31413eebb610b4f7ab80cfead2aa10","isMergeCommit":false,"messageTitle":"solve the \"Build and check with Gradle\" ubuntu-latest","messageBody":"","fileTypesAndContributionMap":{"functional-code":{"insertions":2,"deletions":5}}},{"hash":"1b501438d1c6ec86e495ffcd6857158f28d55da0","isMergeCommit":true,"messageTitle":"Merge pull request #2 from wanjuin/add-unit","messageBody":"solve the \"Build and check with Gradle\" ubuntu-latest","fileTypesAndContributionMap":{}},{"hash":"310f7eabe0b77b3b540fe83699bea0a0675370d1","isMergeCommit":false,"messageTitle":"remove unused imports","messageBody":"","fileTypesAndContributionMap":{"functional-code":{"insertions":0,"deletions":3}}},{"hash":"c5b9dab93e0535e67ad720b3e97db00a173d6546","isMergeCommit":true,"messageTitle":"Merge pull request #91 from wanjuin/add-unit","messageBody":"remove unuserd imports","fileTypesAndContributionMap":{}},{"hash":"d7392b56d066c733b69fb607164d540f6fad94a3","isMergeCommit":true,"messageTitle":"Merge pull request #3 from wanjuin/add-unit","messageBody":"remove unused imports","fileTypesAndContributionMap":{}}]}]},"authorFileTypeContributionMap":{"ZhongXiangWong":{"docs":186,"functional-code":359,"test-code":97},"DavidVin357":{"docs":76,"functional-code":234,"test-code":43},"SebastianSoewanto":{"docs":47,"functional-code":39,"test-code":21},"tsx0314":{"docs":162,"functional-code":529,"test-code":67,"other":2},"wanjuin":{"docs":126,"functional-code":199,"test-code":24}},"authorContributionVariance":{"ZhongXiangWong":5334.9106,"DavidVin357":1228.7776,"SebastianSoewanto":90.2875,"tsx0314":8468.341,"wanjuin":12895.061},"authorDisplayNameMap":{"ZhongXiangWong":"CS2113-W13-3 WONG..IANG","DavidVin357":"CS2113-W13-3 VINI..AVYD","SebastianSoewanto":"CS2113-W13-3 SEBA..ANTO","tsx0314":"CS2113-W13-3 TIAN..XING","wanjuin":"CS2113-W13-3 CHUA..JUIN"}}
