[{"path":"README.md","fileType":"docs","lines":[{"lineNumber":1,"author":{"gitId":"choongzhanhong"},"content":"# CS2113-W12-4 Team Project tP","lastModifiedDate":"2023-03-06"},{"lineNumber":2,"author":{"gitId":"choongzhanhong"},"content":"","lastModifiedDate":"2023-03-06"},{"lineNumber":3,"author":{"gitId":"choongzhanhong"},"content":"To remove everything below:","lastModifiedDate":"2023-03-06"},{"lineNumber":4,"author":{"gitId":"choongzhanhong"},"content":"","lastModifiedDate":"2023-03-06"},{"lineNumber":5,"author":{"gitId":"choongzhanhong"},"content":"Please download dataset (as it is a large file) from \u003ca href\u003d\"https://datasets.imdbws.com/\"\u003ethis link\u003c/a\u003e","lastModifiedDate":"2023-03-06"},{"lineNumber":6,"author":{"gitId":"choongzhanhong"},"content":"","lastModifiedDate":"2023-03-06"},{"lineNumber":7,"author":{"gitId":"choongzhanhong"},"content":"Look for **title.basics.tsv.gz**. This contains basic data on titles.","lastModifiedDate":"2023-03-06"},{"lineNumber":8,"author":{"gitId":"choongzhanhong"},"content":"","lastModifiedDate":"2023-03-06"},{"lineNumber":9,"author":{"gitId":"choongzhanhong"},"content":"Follow up by running (TODO) processData (Which will process the TSV file into something parseable for our usage.)","lastModifiedDate":"2023-03-06"},{"lineNumber":10,"author":{"gitId":"choongzhanhong"},"content":"","lastModifiedDate":"2023-03-06"},{"lineNumber":11,"author":{"gitId":"choongzhanhong"},"content":"Store it in \"/data/movies.tsv\" (so the overall path looks like this: \"tP/data/movies.tsv\")","lastModifiedDate":"2023-03-06"},{"lineNumber":12,"author":{"gitId":"-"},"content":"","lastModifiedDate":"2020-05-25"},{"lineNumber":13,"author":{"gitId":"-"},"content":"This is a project template for a greenfield Java project. It\u0027s named after the Java mascot _Duke_. Given below are instructions on how to use it.","lastModifiedDate":"2020-05-25"},{"lineNumber":14,"author":{"gitId":"-"},"content":"","lastModifiedDate":"2020-05-25"},{"lineNumber":15,"author":{"gitId":"-"},"content":"## Setting up in Intellij","lastModifiedDate":"2020-05-25"},{"lineNumber":16,"author":{"gitId":"-"},"content":"","lastModifiedDate":"2020-05-25"},{"lineNumber":17,"author":{"gitId":"-"},"content":"Prerequisites: JDK 11 (use the exact version), update Intellij to the most recent version.","lastModifiedDate":"2020-05-24"},{"lineNumber":18,"author":{"gitId":"-"},"content":"","lastModifiedDate":"2020-05-24"},{"lineNumber":19,"author":{"gitId":"-"},"content":"1. **Ensure Intellij JDK 11 is defined as an SDK**, as described [here](https://www.jetbrains.com/help/idea/sdk.html#set-up-jdk) -- this step is not needed if you have used JDK 11 in a previous Intellij project.","lastModifiedDate":"2020-05-24"},{"lineNumber":20,"author":{"gitId":"-"},"content":"1. **Import the project _as a Gradle project_**, as described [here](https://se-education.org/guides/tutorials/intellijImportGradleProject.html).","lastModifiedDate":"2020-05-24"},{"lineNumber":21,"author":{"gitId":"-"},"content":"1. **Verify the set up**: After the importing is complete, locate the `src/main/java/seedu/duke/Duke.java` file, right-click it, and choose `Run Duke.main()`. If the setup is correct, you should see something like the below:","lastModifiedDate":"2020-05-24"},{"lineNumber":22,"author":{"gitId":"-"},"content":"   ```","lastModifiedDate":"2020-05-25"},{"lineNumber":23,"author":{"gitId":"-"},"content":"   \u003e Task :compileJava","lastModifiedDate":"2020-05-24"},{"lineNumber":24,"author":{"gitId":"-"},"content":"   \u003e Task :processResources NO-SOURCE","lastModifiedDate":"2020-05-24"},{"lineNumber":25,"author":{"gitId":"-"},"content":"   \u003e Task :classes","lastModifiedDate":"2020-05-24"},{"lineNumber":26,"author":{"gitId":"-"},"content":"   ","lastModifiedDate":"2020-05-24"},{"lineNumber":27,"author":{"gitId":"-"},"content":"   \u003e Task :Duke.main()","lastModifiedDate":"2020-05-24"},{"lineNumber":28,"author":{"gitId":"-"},"content":"   Hello from","lastModifiedDate":"2020-05-25"},{"lineNumber":29,"author":{"gitId":"-"},"content":"    ____        _        ","lastModifiedDate":"2020-05-25"},{"lineNumber":30,"author":{"gitId":"-"},"content":"   |  _ \\ _   _| | _____ ","lastModifiedDate":"2020-05-25"},{"lineNumber":31,"author":{"gitId":"-"},"content":"   | | | | | | | |/ / _ \\","lastModifiedDate":"2020-05-25"},{"lineNumber":32,"author":{"gitId":"-"},"content":"   | |_| | |_| |   \u003c  __/","lastModifiedDate":"2020-05-25"},{"lineNumber":33,"author":{"gitId":"-"},"content":"   |____/ \\__,_|_|\\_\\___|","lastModifiedDate":"2020-05-25"},{"lineNumber":34,"author":{"gitId":"-"},"content":"   ","lastModifiedDate":"2020-05-24"},{"lineNumber":35,"author":{"gitId":"-"},"content":"   What is your name?","lastModifiedDate":"2020-05-24"},{"lineNumber":36,"author":{"gitId":"-"},"content":"   ```","lastModifiedDate":"2020-05-25"},{"lineNumber":37,"author":{"gitId":"-"},"content":"   Type some word and press enter to let the execution proceed to the end.","lastModifiedDate":"2020-05-24"},{"lineNumber":38,"author":{"gitId":"-"},"content":"","lastModifiedDate":"2020-05-24"},{"lineNumber":39,"author":{"gitId":"-"},"content":"## Build automation using Gradle","lastModifiedDate":"2020-05-24"},{"lineNumber":40,"author":{"gitId":"-"},"content":"","lastModifiedDate":"2020-05-24"},{"lineNumber":41,"author":{"gitId":"-"},"content":"* This project uses Gradle for build automation and dependency management. It includes a basic build script as well (i.e. the `build.gradle` file).","lastModifiedDate":"2020-05-24"},{"lineNumber":42,"author":{"gitId":"-"},"content":"* If you are new to Gradle, refer to the [Gradle Tutorial at se-education.org/guides](https://se-education.org/guides/tutorials/gradle.html).","lastModifiedDate":"2020-05-24"},{"lineNumber":43,"author":{"gitId":"-"},"content":"","lastModifiedDate":"2020-05-24"},{"lineNumber":44,"author":{"gitId":"-"},"content":"## Testing","lastModifiedDate":"2020-05-24"},{"lineNumber":45,"author":{"gitId":"-"},"content":"","lastModifiedDate":"2020-05-24"},{"lineNumber":46,"author":{"gitId":"-"},"content":"### I/O redirection tests","lastModifiedDate":"2020-05-24"},{"lineNumber":47,"author":{"gitId":"-"},"content":"","lastModifiedDate":"2020-05-24"},{"lineNumber":48,"author":{"gitId":"-"},"content":"* To run _I/O redirection_ tests (aka _Text UI tests_), navigate to the `text-ui-test` and run the `runtest(.bat/.sh)` script.","lastModifiedDate":"2020-05-24"},{"lineNumber":49,"author":{"gitId":"-"},"content":"","lastModifiedDate":"2020-05-24"},{"lineNumber":50,"author":{"gitId":"-"},"content":"### JUnit tests","lastModifiedDate":"2020-05-24"},{"lineNumber":51,"author":{"gitId":"-"},"content":"","lastModifiedDate":"2020-05-24"},{"lineNumber":52,"author":{"gitId":"-"},"content":"* A skeleton JUnit test (`src/test/java/seedu/duke/DukeTest.java`) is provided with this project template. ","lastModifiedDate":"2020-05-24"},{"lineNumber":53,"author":{"gitId":"-"},"content":"* If you are new to JUnit, refer to the [JUnit Tutorial at se-education.org/guides](https://se-education.org/guides/tutorials/junit.html).","lastModifiedDate":"2020-05-24"},{"lineNumber":54,"author":{"gitId":"-"},"content":"","lastModifiedDate":"2020-05-24"},{"lineNumber":55,"author":{"gitId":"-"},"content":"## Checkstyle","lastModifiedDate":"2020-05-24"},{"lineNumber":56,"author":{"gitId":"-"},"content":"","lastModifiedDate":"2020-05-24"},{"lineNumber":57,"author":{"gitId":"-"},"content":"* A sample CheckStyle rule configuration is provided in this project.","lastModifiedDate":"2020-05-24"},{"lineNumber":58,"author":{"gitId":"-"},"content":"* If you are new to Checkstyle, refer to the [Checkstyle Tutorial at se-education.org/guides](https://se-education.org/guides/tutorials/checkstyle.html).","lastModifiedDate":"2020-05-24"},{"lineNumber":59,"author":{"gitId":"-"},"content":"","lastModifiedDate":"2020-05-24"},{"lineNumber":60,"author":{"gitId":"-"},"content":"## CI using GitHub Actions","lastModifiedDate":"2020-05-24"},{"lineNumber":61,"author":{"gitId":"-"},"content":"","lastModifiedDate":"2020-05-24"},{"lineNumber":62,"author":{"gitId":"-"},"content":"The project uses [GitHub actions](https://github.com/features/actions) for CI. When you push a commit to this repo or PR against it, GitHub actions will run automatically to build and verify the code as updated by the commit/PR.","lastModifiedDate":"2020-05-24"},{"lineNumber":63,"author":{"gitId":"-"},"content":"","lastModifiedDate":"2020-05-24"},{"lineNumber":64,"author":{"gitId":"-"},"content":"## Documentation","lastModifiedDate":"2020-05-24"},{"lineNumber":65,"author":{"gitId":"-"},"content":"","lastModifiedDate":"2020-05-24"},{"lineNumber":66,"author":{"gitId":"-"},"content":"`/docs` folder contains a skeleton version of the project documentation.","lastModifiedDate":"2020-05-24"},{"lineNumber":67,"author":{"gitId":"-"},"content":"","lastModifiedDate":"2020-05-24"},{"lineNumber":68,"author":{"gitId":"-"},"content":"Steps for publishing documentation to the public: ","lastModifiedDate":"2020-05-24"},{"lineNumber":69,"author":{"gitId":"-"},"content":"1. If you are using this project template for an individual project, go your fork on GitHub.\u003cbr\u003e","lastModifiedDate":"2020-05-24"},{"lineNumber":70,"author":{"gitId":"-"},"content":"   If you are using this project template for a team project, go to the team fork on GitHub.","lastModifiedDate":"2020-05-24"},{"lineNumber":71,"author":{"gitId":"-"},"content":"1. Click on the `settings` tab.","lastModifiedDate":"2020-05-24"},{"lineNumber":72,"author":{"gitId":"-"},"content":"1. Scroll down to the `GitHub Pages` section.","lastModifiedDate":"2020-05-24"},{"lineNumber":73,"author":{"gitId":"-"},"content":"1. Set the `source` as `master branch /docs folder`.","lastModifiedDate":"2020-05-24"},{"lineNumber":74,"author":{"gitId":"-"},"content":"1. Optionally, use the `choose a theme` button to choose a theme for your documentation.","lastModifiedDate":"2020-05-24"}],"authorContributionMap":{"choongzhanhong":11,"-":63}},{"path":"docs/AboutUs.md","fileType":"docs","lines":[{"lineNumber":1,"author":{"gitId":"-"},"content":"# About us","lastModifiedDate":"2020-05-24"},{"lineNumber":2,"author":{"gitId":"-"},"content":"","lastModifiedDate":"2020-05-24"},{"lineNumber":3,"author":{"gitId":"-"},"content":"Display | Name | Github Profile | Portfolio ","lastModifiedDate":"2020-05-24"},{"lineNumber":4,"author":{"gitId":"zzs-redcocoon"},"content":"--------|:----:|:--------------:|:---------:","lastModifiedDate":"2023-03-01"},{"lineNumber":5,"author":{"gitId":"zzs-redcocoon"},"content":"![](https://avatars.githubusercontent.com/u/88608796?s\u003d400\u0026v\u003d4) | Jared Ee | [Github](https://github.com/jared-ee) | [Portfolio](docs/team/jared-ee.md)","lastModifiedDate":"2023-03-01"},{"lineNumber":6,"author":{"gitId":"zzs-redcocoon"},"content":"![](https://via.placeholder.com/100.png?text\u003dPhoto) | Chao Yi-Ju | [Github](https://github.com/chao2048) | [Portfolio](docs/team/johndoe.md)","lastModifiedDate":"2023-03-01"},{"lineNumber":7,"author":{"gitId":"zzs-redcocoon"},"content":"![](https://avatars.githubusercontent.com/u/65936691?v\u003d4) | Zhan Hong | [Github](https://github.com/choongzhanhong) | [Portfolio](docs/team/zhanhong.md)","lastModifiedDate":"2023-03-01"},{"lineNumber":8,"author":{"gitId":"zzs-redcocoon"},"content":"![](https://avatars.githubusercontent.com/u/89850821) | ZhangZhanshan | [Github](https://github.com/zzs-RedCocoon) | [Portfolio](docs/team/ZhangZhanshan.md)","lastModifiedDate":"2023-03-01"},{"lineNumber":9,"author":{"gitId":"zzs-redcocoon"},"content":"","lastModifiedDate":"2023-03-01"}],"authorContributionMap":{"zzs-redcocoon":6,"-":3}},{"path":"docs/team/zhanhong.md","fileType":"docs","lines":[{"lineNumber":1,"author":{"gitId":"choongzhanhong"},"content":"# Zhan Hong - Project Portfolio Page","lastModifiedDate":"2023-03-01"},{"lineNumber":2,"author":{"gitId":"choongzhanhong"},"content":"I am zhan hong.","lastModifiedDate":"2023-03-01"},{"lineNumber":3,"author":{"gitId":"choongzhanhong"},"content":"## Overview","lastModifiedDate":"2023-03-01"},{"lineNumber":4,"author":{"gitId":"choongzhanhong"},"content":"","lastModifiedDate":"2023-03-01"},{"lineNumber":5,"author":{"gitId":"choongzhanhong"},"content":"","lastModifiedDate":"2023-03-01"},{"lineNumber":6,"author":{"gitId":"choongzhanhong"},"content":"### Summary of Contributions","lastModifiedDate":"2023-03-01"}],"authorContributionMap":{"choongzhanhong":6}},{"path":"src/main/java/Movie.java","fileType":"functional-code","lines":[{"lineNumber":1,"author":{"gitId":"choongzhanhong"},"content":"/**","lastModifiedDate":"2023-03-06"},{"lineNumber":2,"author":{"gitId":"choongzhanhong"},"content":" * Movie class containing the basic essentials of a movie.","lastModifiedDate":"2023-03-06"},{"lineNumber":3,"author":{"gitId":"choongzhanhong"},"content":" *","lastModifiedDate":"2023-03-06"},{"lineNumber":4,"author":{"gitId":"choongzhanhong"},"content":" * A movie is categorised by its title (name), titleID (Alphanumeric way to categorise)","lastModifiedDate":"2023-03-06"},{"lineNumber":5,"author":{"gitId":"choongzhanhong"},"content":" * Year of release, runtime/length (in minutes), and an array of up to 3 Genres.","lastModifiedDate":"2023-03-06"},{"lineNumber":6,"author":{"gitId":"choongzhanhong"},"content":" * Data is provided by IMDB.","lastModifiedDate":"2023-03-06"},{"lineNumber":7,"author":{"gitId":"choongzhanhong"},"content":" */","lastModifiedDate":"2023-03-06"},{"lineNumber":8,"author":{"gitId":"choongzhanhong"},"content":"public class Movie {","lastModifiedDate":"2023-03-06"},{"lineNumber":9,"author":{"gitId":"choongzhanhong"},"content":"    private final String titleID;","lastModifiedDate":"2023-03-06"},{"lineNumber":10,"author":{"gitId":"choongzhanhong"},"content":"    private final String title;","lastModifiedDate":"2023-03-06"},{"lineNumber":11,"author":{"gitId":"choongzhanhong"},"content":"    private final int year;","lastModifiedDate":"2023-03-06"},{"lineNumber":12,"author":{"gitId":"choongzhanhong"},"content":"    private final int runTimeMinutes;","lastModifiedDate":"2023-03-06"},{"lineNumber":13,"author":{"gitId":"choongzhanhong"},"content":"    private final String[] genres;","lastModifiedDate":"2023-03-06"},{"lineNumber":14,"author":{"gitId":"choongzhanhong"},"content":"","lastModifiedDate":"2023-03-06"},{"lineNumber":15,"author":{"gitId":"choongzhanhong"},"content":"    public Movie(String titleID, String title, int year, int runTimeMinutes, String[] genres) {","lastModifiedDate":"2023-03-06"},{"lineNumber":16,"author":{"gitId":"choongzhanhong"},"content":"        this.titleID \u003d titleID;","lastModifiedDate":"2023-03-06"},{"lineNumber":17,"author":{"gitId":"choongzhanhong"},"content":"        this.title \u003d title;","lastModifiedDate":"2023-03-06"},{"lineNumber":18,"author":{"gitId":"choongzhanhong"},"content":"        this.year \u003d year;","lastModifiedDate":"2023-03-06"},{"lineNumber":19,"author":{"gitId":"choongzhanhong"},"content":"        this.runTimeMinutes \u003d runTimeMinutes;","lastModifiedDate":"2023-03-06"},{"lineNumber":20,"author":{"gitId":"choongzhanhong"},"content":"        this.genres \u003d genres;","lastModifiedDate":"2023-03-06"},{"lineNumber":21,"author":{"gitId":"choongzhanhong"},"content":"    }","lastModifiedDate":"2023-03-06"},{"lineNumber":22,"author":{"gitId":"choongzhanhong"},"content":"}","lastModifiedDate":"2023-03-06"}],"authorContributionMap":{"choongzhanhong":22}}]
