{"authorDailyContributionsMap":{"chao2048":[{"date":"2023-03-01","commitResults":[{"hash":"4ea6cf40846710dfd3b7499e2a3d1e0e3116ed67","isMergeCommit":false,"messageTitle":"Change information","messageBody":"","fileTypesAndContributionMap":{"docs":{"insertions":3,"deletions":7}}}]},{"date":"2023-03-10","commitResults":[{"hash":"9d8368c4c81c85593b94a5410798a369954abf11","isMergeCommit":false,"messageTitle":"Add movie list classes and main class for movie mate","messageBody":"","fileTypesAndContributionMap":{"functional-code":{"insertions":39,"deletions":0}}},{"hash":"e42f2780ae2d1ff4bc23a45fe18dd3a37417f799","isMergeCommit":false,"messageTitle":"Add parser and ui classes","messageBody":"","fileTypesAndContributionMap":{"functional-code":{"insertions":58,"deletions":0}}},{"hash":"f40ad40db28277a3c5f92aeb26b90996d2a1e7af","isMergeCommit":false,"messageTitle":"Add other command cases","messageBody":"","fileTypesAndContributionMap":{"functional-code":{"insertions":10,"deletions":0}}},{"hash":"f953e168986b873c574becf7071ca68de99d0668","isMergeCommit":false,"messageTitle":"Extract welcome message","messageBody":"","fileTypesAndContributionMap":{"functional-code":{"insertions":9,"deletions":5}}},{"hash":"9339e1508454f0f652a37f3f0fc06a02a97117fa","isMergeCommit":false,"messageTitle":"Change to super()","messageBody":"","fileTypesAndContributionMap":{"functional-code":{"insertions":1,"deletions":2}}},{"hash":"59da24a8f8eab786c65cf64a168745eee59702d7","isMergeCommit":false,"messageTitle":"Add space","messageBody":"","fileTypesAndContributionMap":{"functional-code":{"insertions":1,"deletions":1}}},{"hash":"aace844f938d38f8b6a69bd9fb408c56329de9e7","isMergeCommit":false,"messageTitle":"Remove unused import statement","messageBody":"","fileTypesAndContributionMap":{"functional-code":{"insertions":0,"deletions":2}}}]},{"date":"2023-03-13","commitResults":[{"hash":"ae9253be11b7e2e14bb9e2b3d1e025ca7ba203cd","isMergeCommit":true,"messageTitle":"Merge pull request #14 from choongzhanhong/master","messageBody":"Add review features","fileTypesAndContributionMap":{}},{"hash":"682a36e6a378e8dd925ea0418983b6fd69ea2dd8","isMergeCommit":true,"messageTitle":"Merge commit \u0027ae9253be11b7e2e14bb9e2b3d1e025ca7ba203cd\u0027","messageBody":"","fileTypesAndContributionMap":{}},{"hash":"b1aa27162e08bda925c57599fd9de22eadee7347","isMergeCommit":false,"messageTitle":"Fix coding style issues","messageBody":"","fileTypesAndContributionMap":{"functional-code":{"insertions":21,"deletions":21}}},{"hash":"8c3b7f87e022709e31fa8d0e8cf18e35d455acd1","isMergeCommit":false,"messageTitle":"Fix constructor order","messageBody":"","fileTypesAndContributionMap":{"functional-code":{"insertions":14,"deletions":13}}},{"hash":"35f7ba67932c73a638df7b9845ff0fa0a9727a42","isMergeCommit":true,"messageTitle":"Merge pull request #17 from chao2048/master","messageBody":"Fix coding style","fileTypesAndContributionMap":{}},{"hash":"d742ddf46d3d9f8fb3866f66a260b4e8b80ab3b7","isMergeCommit":false,"messageTitle":"Fix typo and add exit message","messageBody":"","fileTypesAndContributionMap":{"functional-code":{"insertions":4,"deletions":0}}},{"hash":"4e100ba4156635500a3074a8198f364b82857b97","isMergeCommit":false,"messageTitle":"Add ReadCSV class for finding information of the movie","messageBody":"","fileTypesAndContributionMap":{"functional-code":{"insertions":26,"deletions":0}}},{"hash":"a757d56f08436d15cbc2c2504b8fe43d880e4bb2","isMergeCommit":false,"messageTitle":"Fix infinite loop error and start on add movie","messageBody":"","fileTypesAndContributionMap":{"functional-code":{"insertions":11,"deletions":2}}},{"hash":"86aaf969ca8e454b18a023ca64e4ef38600b3452","isMergeCommit":false,"messageTitle":"Add watched movie to watched list","messageBody":"","fileTypesAndContributionMap":{"functional-code":{"insertions":3,"deletions":2}}},{"hash":"07eb3607c5f32d69d475cd7871717c51620617a2","isMergeCommit":true,"messageTitle":"Merge commit \u0027a54451c57258f81c3c7793282e6477f75d57a49c\u0027 into add-watched","messageBody":"","fileTypesAndContributionMap":{}},{"hash":"53488a5c529bd9b482af2b90119cbc1c7ff2b695","isMergeCommit":false,"messageTitle":"Fix style","messageBody":"","fileTypesAndContributionMap":{"functional-code":{"insertions":4,"deletions":4}}},{"hash":"fc4beaac035465f8f27aa22004ebcb8493310e9d","isMergeCommit":false,"messageTitle":"Refactor exit message","messageBody":"","fileTypesAndContributionMap":{"functional-code":{"insertions":1,"deletions":3}}},{"hash":"34cdcae2a81f8f4c4d8dc2b57418859af0008a35","isMergeCommit":false,"messageTitle":"Fix style","messageBody":"","fileTypesAndContributionMap":{"functional-code":{"insertions":0,"deletions":1}}},{"hash":"0a71287a3f89f3ca12bd106413e3727099836659","isMergeCommit":false,"messageTitle":"Add break","messageBody":"","fileTypesAndContributionMap":{"functional-code":{"insertions":1,"deletions":0}}},{"hash":"83183fd1290a3e6c786ac238360268fda4fb18d0","isMergeCommit":false,"messageTitle":"Add UI for adding movies","messageBody":"","fileTypesAndContributionMap":{"functional-code":{"insertions":26,"deletions":0}}},{"hash":"aeff7453c1c8ceeb8b2ef13f4a1de231d5760e7d","isMergeCommit":false,"messageTitle":"Add to string method","messageBody":"","fileTypesAndContributionMap":{"functional-code":{"insertions":6,"deletions":0}}},{"hash":"46720de7a0206c09523cc617e7e8ab9d968b0fcf","isMergeCommit":false,"messageTitle":"Add list and watchlist feature","messageBody":"","fileTypesAndContributionMap":{"functional-code":{"insertions":22,"deletions":2}}},{"hash":"67044bea0ed70c78ef4550339fa6bb0d41456a9f","isMergeCommit":false,"messageTitle":"Add printline and modify show add message","messageBody":"","fileTypesAndContributionMap":{"functional-code":{"insertions":6,"deletions":5}}},{"hash":"08516d8adb56a0a0e710016c551c37d07f66a979","isMergeCommit":false,"messageTitle":"Change display for list and watch list","messageBody":"","fileTypesAndContributionMap":{"functional-code":{"insertions":15,"deletions":4}}},{"hash":"bfe63aa23a4d8554bcf2f22b1b34027111cce656","isMergeCommit":false,"messageTitle":"Extract method for adding to lists","messageBody":"","fileTypesAndContributionMap":{"functional-code":{"insertions":21,"deletions":12}}},{"hash":"f97caff20e99cb6ceb9ce8a88219b781748cba18","isMergeCommit":false,"messageTitle":"Remove unused import statement","messageBody":"","fileTypesAndContributionMap":{"functional-code":{"insertions":0,"deletions":1}}}]},{"date":"2023-03-14","commitResults":[{"hash":"f247185b8f8128107b46d162d7a202b3af1e55ca","isMergeCommit":true,"messageTitle":"Merge pull request #28 from choongzhanhong/master","messageBody":"Add Movie Database","fileTypesAndContributionMap":{}},{"hash":"02b3340f78da92376ca12283aed69f155b523fcd","isMergeCommit":false,"messageTitle":"Add find function","messageBody":"","fileTypesAndContributionMap":{"functional-code":{"insertions":25,"deletions":1}}},{"hash":"9ca2105d3fca6fa0e3750f943987bfb76337ab1e","isMergeCommit":false,"messageTitle":"Change the add function according to the new movie database class","messageBody":"","fileTypesAndContributionMap":{"functional-code":{"insertions":19,"deletions":5}}},{"hash":"3ef63a18c4f3a580aecb20a90a0e1780807abd83","isMergeCommit":false,"messageTitle":"Modify code according to the new add method","messageBody":"","fileTypesAndContributionMap":{"functional-code":{"insertions":4,"deletions":5}}},{"hash":"2009cf2e87c3c0e9ed163e0522aeda42937010e6","isMergeCommit":false,"messageTitle":"Edit style","messageBody":"","fileTypesAndContributionMap":{"functional-code":{"insertions":2,"deletions":3}}},{"hash":"4478238d2d31e1226cd1c21562f06890ce82ba6d","isMergeCommit":false,"messageTitle":"Edit style","messageBody":"","fileTypesAndContributionMap":{"functional-code":{"insertions":5,"deletions":5}}},{"hash":"7ce0c4e2b7cbb5155a32e31f687ba5aacbed117e","isMergeCommit":false,"messageTitle":"Edit style","messageBody":"","fileTypesAndContributionMap":{"functional-code":{"insertions":1,"deletions":2}}},{"hash":"ca2d854d13ee6000680b75516c53b8e3e614923c","isMergeCommit":false,"messageTitle":"Edit style","messageBody":"","fileTypesAndContributionMap":{"functional-code":{"insertions":5,"deletions":5}}},{"hash":"f70f2c70309dca53360fe07ace27f977474b78c3","isMergeCommit":false,"messageTitle":"Add show list method to ui","messageBody":"","fileTypesAndContributionMap":{"functional-code":{"insertions":18,"deletions":16}}},{"hash":"08f3b7469fc72e836e07c6e614b3c24e15be297e","isMergeCommit":false,"messageTitle":"Remove unused variables","messageBody":"","fileTypesAndContributionMap":{"functional-code":{"insertions":0,"deletions":2}}},{"hash":"d189041b3a1a91fcae1eddd910d3e0d736aad02a","isMergeCommit":false,"messageTitle":"Add show delete message method","messageBody":"","fileTypesAndContributionMap":{"functional-code":{"insertions":8,"deletions":0}}},{"hash":"0638293fa34083f2cf37b45598b17858ce784e09","isMergeCommit":false,"messageTitle":"Ignore lowercase or uppercase while searching movies","messageBody":"","fileTypesAndContributionMap":{"functional-code":{"insertions":1,"deletions":1}}},{"hash":"91ac2ec2c8fdfceb592218f24aec59423f17cc5c","isMergeCommit":true,"messageTitle":"Merge pull request #32 from chao2048/add-ui","messageBody":"Add show list method to ui","fileTypesAndContributionMap":{}},{"hash":"a0da292cfc8c4e0075dd41b7641f17b9d87f5bd5","isMergeCommit":true,"messageTitle":"Merge branch \u0027master\u0027 into master","messageBody":"","fileTypesAndContributionMap":{}},{"hash":"25476332a67add5b976298762f15ac09471abf4d","isMergeCommit":true,"messageTitle":"Merge pull request #31 from choongzhanhong/master","messageBody":"Storage update","tags":["v1.0"],"fileTypesAndContributionMap":{}}]},{"date":"2023-03-15","commitResults":[{"hash":"ce21949617559e871318aa3d220e8f3108b34a6d","isMergeCommit":false,"messageTitle":"Enable assertion and build jar file","messageBody":"","fileTypesAndContributionMap":{"other":{"insertions":3,"deletions":0}}}]},{"date":"2023-03-16","commitResults":[{"hash":"c5b7e903576b6142f1969a13139a6b2e1fd1faf9","isMergeCommit":false,"messageTitle":"Add JUnit test","messageBody":"","fileTypesAndContributionMap":{"functional-code":{"insertions":1,"deletions":0},"other":{"insertions":0,"deletions":2},"test-code":{"insertions":9,"deletions":0}}},{"hash":"d05a0a4a80338d37fc7816e212a6c3f7fa01b364","isMergeCommit":false,"messageTitle":"Add logger","messageBody":"","fileTypesAndContributionMap":{"functional-code":{"insertions":5,"deletions":0}}},{"hash":"fea91e86c1a213264cbff633583c87d110a6b397","isMergeCommit":false,"messageTitle":"Add assertion","messageBody":"","fileTypesAndContributionMap":{"functional-code":{"insertions":1,"deletions":1}}},{"hash":"090f1d4c8e67c0dbf728051ba0c72888e69140e4","isMergeCommit":false,"messageTitle":"Edit Style","messageBody":"","fileTypesAndContributionMap":{"functional-code":{"insertions":2,"deletions":1}}}]},{"date":"2023-03-18","commitResults":[{"hash":"e7944b922025e65433e5d651735eab078a2d2e41","isMergeCommit":true,"messageTitle":"Merge pull request #37 from chao2048/master","messageBody":"Add logging and assertions","fileTypesAndContributionMap":{}},{"hash":"08de2e8bfcfc17aff4f82cfedac1621cd29500df","isMergeCommit":true,"messageTitle":"Merge pull request #36 from jared-ee/jared2","messageBody":"Add User guide","fileTypesAndContributionMap":{}}]}],"zzs-redcocoon":[{"date":"2023-03-01","commitResults":[{"hash":"8f0790c56620797c06fb449f90bb4894ac7ef14a","isMergeCommit":false,"messageTitle":"add person info","messageBody":"","fileTypesAndContributionMap":{"docs":{"insertions":3,"deletions":5}}},{"hash":"5503746bf7968f5e6ddafddf6c2e2140a4959ea8","isMergeCommit":true,"messageTitle":"Merge pull request #6 from zzs-RedCocoon/person-info","messageBody":"add person info","fileTypesAndContributionMap":{}},{"hash":"a580868dcbd38bd2246e5ef5d72963914a90d468","isMergeCommit":false,"messageTitle":"Add all AboutUs info","messageBody":"","fileTypesAndContributionMap":{"docs":{"insertions":6,"deletions":2}}},{"hash":"68fad741114c0ffd8adb71a96e312bdb1829ed24","isMergeCommit":true,"messageTitle":"Merge pull request #7 from zzs-RedCocoon/master","messageBody":"Add all AboutUs info","fileTypesAndContributionMap":{}}]},{"date":"2023-03-19","commitResults":[{"hash":"2a150c583e5bf18bf1818e5bcf447af2215a6dd3","isMergeCommit":false,"messageTitle":"no message","messageBody":"","fileTypesAndContributionMap":{"functional-code":{"insertions":2,"deletions":0}}},{"hash":"9dd325177ecd3257cfa4863dde252bf4ac035795","isMergeCommit":true,"messageTitle":"Merge branch \u0027master\u0027 of https://github.com/zzs-RedCocoon/tp","messageBody":"# Conflicts:\n#\tsrc/main/java/MovieMate.java\n","fileTypesAndContributionMap":{}},{"hash":"227cfaac1f8a203959d1711db52f5f05ce73f50f","isMergeCommit":false,"messageTitle":"delete assert","messageBody":"","fileTypesAndContributionMap":{"functional-code":{"insertions":3,"deletions":1}}},{"hash":"0c99c1c890516baad0908a34b2eca31f4b58f136","isMergeCommit":false,"messageTitle":"watched exception 1: cannot parse string to int","messageBody":"","fileTypesAndContributionMap":{"functional-code":{"insertions":10,"deletions":3}}},{"hash":"b3f8478f2c320f5bc60866c432dbf72eae9a7318","isMergeCommit":false,"messageTitle":"watched exception 2: movie id out of range","messageBody":"","fileTypesAndContributionMap":{"functional-code":{"insertions":3,"deletions":0}}},{"hash":"62b64b314ea6641b8f99ed7fc0b905d793836707","isMergeCommit":false,"messageTitle":"Fix bug: add duplicate movies","messageBody":"","fileTypesAndContributionMap":{"functional-code":{"insertions":5,"deletions":3}}},{"hash":"9375d959f40fe9d0c6a24dc4e39163e33fe907cf","isMergeCommit":false,"messageTitle":"delete duplicate import","messageBody":"","fileTypesAndContributionMap":{"functional-code":{"insertions":1,"deletions":2}}},{"hash":"da1c7549394ae369b467b85d37affe73469848ad","isMergeCommit":false,"messageTitle":"Add filter command; change toString in Movie.java","messageBody":"","fileTypesAndContributionMap":{"functional-code":{"insertions":27,"deletions":1}}},{"hash":"1c0043b6d30c8186a927cfde8cb34c7c8bc6e765","isMergeCommit":false,"messageTitle":"Minor style changes.","messageBody":"","fileTypesAndContributionMap":{"functional-code":{"insertions":4,"deletions":4}}},{"hash":"1ec7c58eb326c3d0bd48962ea9eac0c833384ff2","isMergeCommit":false,"messageTitle":"change getGenesString.","messageBody":"","fileTypesAndContributionMap":{"functional-code":{"insertions":2,"deletions":2}}}]}],"choongzhanhong":[{"date":"2023-03-01","commitResults":[{"hash":"60aa5d37be73855d0ebae7645f260af6ec7e630a","isMergeCommit":false,"messageTitle":"Add AboutUs for Zhan Hong","messageBody":"","fileTypesAndContributionMap":{"docs":{"insertions":6,"deletions":0}}},{"hash":"c0deb0fd5526486473c7be89a7b90fea7f4bcae6","isMergeCommit":false,"messageTitle":"Update AboutUs for Zhan Hong","messageBody":"","fileTypesAndContributionMap":{"docs":{"insertions":6,"deletions":9}}},{"hash":"1df9ca197e0b9c80168f623f26aa21d48546818d","isMergeCommit":true,"messageTitle":"Merge pull request #3 from choongzhanhong/master","messageBody":"Add AboutUs for Zhan Hong","fileTypesAndContributionMap":{}},{"hash":"7ee29641f93af67027eade5268f693e7046090d8","isMergeCommit":true,"messageTitle":"Merge branch \u0027master\u0027 into master","messageBody":"","fileTypesAndContributionMap":{}},{"hash":"5827b0888417837c4183cb2f0b48f77e6b5ecb04","isMergeCommit":true,"messageTitle":"Merge pull request #4 from chao2048/master","messageBody":"Change information in AboutUs","fileTypesAndContributionMap":{}},{"hash":"5cdbf3f0480fb16c27d62c91777d46cce18e3754","isMergeCommit":true,"messageTitle":"Merge branch \u0027master\u0027 into master","messageBody":"","fileTypesAndContributionMap":{}},{"hash":"f9dba7efe49cfd6d41d67a54783863390d8fe32d","isMergeCommit":true,"messageTitle":"Merge pull request #5 from jared-ee/master","messageBody":"Update about us","fileTypesAndContributionMap":{}}]},{"date":"2023-03-06","commitResults":[{"hash":"7f11d56aee35e8e9ca934a8da3c9233131cb9f9b","isMergeCommit":false,"messageTitle":"Add Movie class","messageBody":"This will be the base unit of data used in our application.\n","fileTypesAndContributionMap":{"functional-code":{"insertions":22,"deletions":0},"docs":{"insertions":4,"deletions":1}}},{"hash":"be3f49eea52de3c058eed514cc74cbae97af5dae","isMergeCommit":false,"messageTitle":"Update gitignore and update README","messageBody":"This gives instructions to all developers on where to find the\ndataset used as file is too large.\n\nPlease follow instructions on README and ensure file is stored\nin the same directory.\n","fileTypesAndContributionMap":{"docs":{"insertions":7,"deletions":0}}}]},{"date":"2023-03-08","commitResults":[{"hash":"326e476ea4f1e5ff644c59f47c5dd851451629f9","isMergeCommit":true,"messageTitle":"Merge pull request #8 from choongzhanhong/master","messageBody":"Basic Framework update","fileTypesAndContributionMap":{}}]},{"date":"2023-03-10","commitResults":[{"hash":"320999f03cbbf9eaee36a413b15b0bbd01e1cc09","isMergeCommit":false,"messageTitle":"Update ToWatchList.java","messageBody":"Change constructor to just call super() since it performs the same action.","fileTypesAndContributionMap":{"functional-code":{"insertions":2,"deletions":1}}}]},{"date":"2023-03-12","commitResults":[{"hash":"4a174a456ab9ed030fe5d738678e24d00dc04945","isMergeCommit":true,"messageTitle":"Merge pull request #9 from chao2048/add-movieLists","messageBody":"Add movie list classes and main class for movie mate","fileTypesAndContributionMap":{}},{"hash":"d1a31bb2da036c5db5cd4e35c579b44e9a610348","isMergeCommit":false,"messageTitle":"Add methods","messageBody":"","fileTypesAndContributionMap":{"functional-code":{"insertions":74,"deletions":2}}},{"hash":"d1c78f566c5ce5b763499f18e2b786ffa9e482cb","isMergeCommit":true,"messageTitle":"Merge pull request #12 from choongzhanhong/master","messageBody":"Basic Functionality","fileTypesAndContributionMap":{}},{"hash":"22cf3f0e674f917974d89bf474725a170ce142e7","isMergeCommit":false,"messageTitle":"Add MovieEntry class","messageBody":"","fileTypesAndContributionMap":{"functional-code":{"insertions":40,"deletions":3}}},{"hash":"658fa46925825b44126c6c8307b746a3379c28bd","isMergeCommit":true,"messageTitle":"Merge pull request #13 from choongzhanhong/master","messageBody":"Add MovieEntry class","fileTypesAndContributionMap":{}},{"hash":"282157da2d0fc3efde261c5c7169f132e1522ebd","isMergeCommit":false,"messageTitle":"Add review features","messageBody":"","fileTypesAndContributionMap":{"functional-code":{"insertions":34,"deletions":0}}}]},{"date":"2023-03-13","commitResults":[{"hash":"76de87b093ff62316f8c6676385418124ec490af","isMergeCommit":false,"messageTitle":"Fix MovieMate main","messageBody":"Previous design was causing infinite loop. LOL.\n","fileTypesAndContributionMap":{"functional-code":{"insertions":20,"deletions":8}}},{"hash":"4fddc609459ef6b4c5fa7b2428cb4d66b94c18fe","isMergeCommit":false,"messageTitle":"Remove unused import","messageBody":"","fileTypesAndContributionMap":{"functional-code":{"insertions":0,"deletions":1}}},{"hash":"fc2c8e90a067b4a52fca2e83a3b46ce721ac53f0","isMergeCommit":false,"messageTitle":"Edit style","messageBody":"","fileTypesAndContributionMap":{"functional-code":{"insertions":2,"deletions":1}}},{"hash":"a54451c57258f81c3c7793282e6477f75d57a49c","isMergeCommit":true,"messageTitle":"Merge pull request #18 from choongzhanhong/master","messageBody":"Fix MovieMate main","fileTypesAndContributionMap":{}},{"hash":"a1afcb9e40656bf3e69a7db89e2267b730368e18","isMergeCommit":true,"messageTitle":"Merge pull request #21 from chao2048/add-watched","messageBody":"Add watched","fileTypesAndContributionMap":{}},{"hash":"a37fc5dd6dcbb7d34b1767b6c0d31fab6282cff0","isMergeCommit":false,"messageTitle":"Add Storage class","messageBody":"","fileTypesAndContributionMap":{"functional-code":{"insertions":161,"deletions":0}}},{"hash":"9fc38f0b09f5bff9bc73d90fa1113d636d947857","isMergeCommit":false,"messageTitle":"Add load helper methods for MovieList and Storage","messageBody":"","fileTypesAndContributionMap":{"functional-code":{"insertions":33,"deletions":2}}},{"hash":"990c949a65c68cba9ff0581438b6ffc0a59643c5","isMergeCommit":false,"messageTitle":"Add file write and parsing for Movie","messageBody":"For storage purposes.\n","fileTypesAndContributionMap":{"functional-code":{"insertions":18,"deletions":1}}},{"hash":"83de4dfbf54c06db88d66947b8d2eb38cd358b62","isMergeCommit":false,"messageTitle":"Add Storage write/load functionality","messageBody":"","fileTypesAndContributionMap":{"functional-code":{"insertions":70,"deletions":15}}}]},{"date":"2023-03-14","commitResults":[{"hash":"f7bad4fb6047969bf008653d6478992676d2f8d3","isMergeCommit":false,"messageTitle":"Update for checkstyle","messageBody":"","fileTypesAndContributionMap":{"functional-code":{"insertions":25,"deletions":26}}},{"hash":"19cd3740902326af5d7a678a2c968e8841f58e81","isMergeCommit":false,"messageTitle":"Remove mentions of Task","messageBody":"Lol... cos I stole it from my own iP\n","fileTypesAndContributionMap":{"functional-code":{"insertions":2,"deletions":57}}},{"hash":"744b1122f7a4ccc9d054548aa070966bb55025e5","isMergeCommit":true,"messageTitle":"Merge pull request #23 from choongzhanhong/master","messageBody":"Storage (Read)...\r\n\r\nGoing to merge first. Any further updates can work on it in a different PR","fileTypesAndContributionMap":{}},{"hash":"6e74a16c2d505eaaf41955650bb8ee89cfc4a558","isMergeCommit":true,"messageTitle":"Merge branch \u0027master\u0027 into add-to-watch-ui","messageBody":"","fileTypesAndContributionMap":{}},{"hash":"00924177306ec3bd48b78ac53420cbd18fedc743","isMergeCommit":false,"messageTitle":"Update WatchedList.java","messageBody":"Sorry. Let\u0027s put the brace back","fileTypesAndContributionMap":{"functional-code":{"insertions":2,"deletions":1}}},{"hash":"5b9c899cb2df6327a1589c4ef49e7cff8e570afa","isMergeCommit":true,"messageTitle":"Merge pull request #22 from chao2048/add-to-watch-ui","messageBody":"Add towatch, list, watch list feature","fileTypesAndContributionMap":{}},{"hash":"79b8b1b3a2e11fc5a9533e15a724ecf73a743c8e","isMergeCommit":false,"messageTitle":"Add Arrays import","messageBody":"","fileTypesAndContributionMap":{"functional-code":{"insertions":1,"deletions":0}}},{"hash":"87b4a716e02216f11d383750049e1d542f5848fb","isMergeCommit":true,"messageTitle":"Merge pull request #26 from choongzhanhong/master","messageBody":"Add Arrays import","fileTypesAndContributionMap":{}},{"hash":"42c8ffedad6aa46575408cc4d1732fbb67f02a77","isMergeCommit":false,"messageTitle":"Refactor add method","messageBody":"Put it in the parent class to be inherited since the functionality\nis so similar.\n","fileTypesAndContributionMap":{"functional-code":{"insertions":14,"deletions":18}}},{"hash":"7a0988d482486a3fde2b76b1e1c6afddd699dee1","isMergeCommit":false,"messageTitle":"Change Movie toString()","messageBody":"","fileTypesAndContributionMap":{"functional-code":{"insertions":17,"deletions":1}}},{"hash":"3a66055000b416337bf00d37d753587db4fb309d","isMergeCommit":false,"messageTitle":"Update ReadCSVFile","messageBody":"Now can read full CSV Files\n","fileTypesAndContributionMap":{"functional-code":{"insertions":31,"deletions":4}}},{"hash":"e34a4caaff81033f71d035ef224f0da418791be0","isMergeCommit":false,"messageTitle":"Add movie database","messageBody":"Using a TreeMap which is a sorted map. Searching can use this.\n","fileTypesAndContributionMap":{"functional-code":{"insertions":38,"deletions":4}}},{"hash":"faa498406bcbc8dc1ffb3b9e2833b4e3594ccf49","isMergeCommit":false,"messageTitle":"Fix movie constructor","messageBody":"Genres treated properly now\n","fileTypesAndContributionMap":{"functional-code":{"insertions":16,"deletions":3}}},{"hash":"48e16a0b7734f6c80a2185e26570a5f6e56db1c2","isMergeCommit":false,"messageTitle":"Remove unused imports","messageBody":"","fileTypesAndContributionMap":{"functional-code":{"insertions":0,"deletions":5}}},{"hash":"14b956229e2822e3e6461cf85e71d67e85353997","isMergeCommit":true,"messageTitle":"Merge pull request #29 from chao2048/change-watched","messageBody":"Change add watched/ to-watch method","fileTypesAndContributionMap":{}},{"hash":"744c09087056336573ec59a42898d5571267cc20","isMergeCommit":false,"messageTitle":"Refactor list functionality","messageBody":"","fileTypesAndContributionMap":{"functional-code":{"insertions":13,"deletions":14}}},{"hash":"7e222bc48f9ddad58b336d46068ee3c6ae10d418","isMergeCommit":false,"messageTitle":"Remove find function in ReadCSV","messageBody":"","fileTypesAndContributionMap":{"functional-code":{"insertions":2,"deletions":20}}},{"hash":"3c856f94e94ab2cd2a4d156554e5c5f30c5d169d","isMergeCommit":false,"messageTitle":"Update .gitignore","messageBody":"ignore .txt files (user-saved data). Readme changed to .md\n","fileTypesAndContributionMap":{"docs":{"insertions":13,"deletions":0}}},{"hash":"54ad03ecbc59fde42cb54c6a45b33167b9935d4d","isMergeCommit":false,"messageTitle":"Add features to save to both lists","messageBody":"and also refactored CSV reader to only be accessed by Storage.\n","fileTypesAndContributionMap":{"functional-code":{"insertions":25,"deletions":7}}},{"hash":"bc0bcb3bbb08ffcf9a53ec2ba5870ad5e14030ca","isMergeCommit":false,"messageTitle":"Add function to trim quotes (\") from CSV","messageBody":"","fileTypesAndContributionMap":{"functional-code":{"insertions":22,"deletions":0}}},{"hash":"7b61f1de1eb445012f369eaee7861b489e3e49fc","isMergeCommit":false,"messageTitle":"Refactor for checkstyle","messageBody":"","fileTypesAndContributionMap":{"functional-code":{"insertions":11,"deletions":11}}}]},{"date":"2023-03-19","commitResults":[{"hash":"bb7ab628075c7ca6ffe2121a6e38acd2adbe603a","isMergeCommit":false,"messageTitle":"Update csv reading","messageBody":"Now using InputStream (slight modification only) which works\nif the CSV movie database is put in a JAR.\n","fileTypesAndContributionMap":{"functional-code":{"insertions":9,"deletions":11}}},{"hash":"73d644a17cb489098a194359a0df21afa0df4769","isMergeCommit":false,"messageTitle":"Refactor imports","messageBody":"stupidityJ IDEA combined it all to import *\n","fileTypesAndContributionMap":{"functional-code":{"insertions":12,"deletions":6}}},{"hash":"1ca67cf605b50e64be9d54d788961e6b5991c642","isMergeCommit":false,"messageTitle":"Refactor storage","messageBody":"","fileTypesAndContributionMap":{"functional-code":{"insertions":13,"deletions":16}}},{"hash":"3dc74d7890680fb9ff407e95318175f76ab2ef35","isMergeCommit":true,"messageTitle":"Merge pull request #39 from zzs-RedCocoon/Johnson-2","messageBody":"Add exceptions for watched and towatch","fileTypesAndContributionMap":{}},{"hash":"d9b6d60f984002a9479eef30361bbbc58bf070e4","isMergeCommit":false,"messageTitle":"Add review class","messageBody":"","fileTypesAndContributionMap":{"functional-code":{"insertions":20,"deletions":0}}},{"hash":"1c73d05e60cc442367d92fe2bd78c95b3b274398","isMergeCommit":true,"messageTitle":"Merge branch \u0027master\u0027 into jar-resource","messageBody":"# Conflicts:\n#\tsrc/main/java/MovieMate.java\n","fileTypesAndContributionMap":{}},{"hash":"cdc0b933ad5016626c28c9fa0bfc7aadae29b33d","isMergeCommit":false,"messageTitle":"Add review methods","messageBody":"","fileTypesAndContributionMap":{"functional-code":{"insertions":68,"deletions":7}}},{"hash":"01275460dc24c4f12e8bf40856becb5b9b2eeded","isMergeCommit":false,"messageTitle":"Add set review methods","messageBody":"This only applied to WatchedList. You can\u0027t review movies you\nhaven\u0027t watched.\n","fileTypesAndContributionMap":{"functional-code":{"insertions":19,"deletions":4}}},{"hash":"fc57e45a2efb7c7dcb74d4b5e8fb9b399ba29f4d","isMergeCommit":false,"messageTitle":"Add textreview feature","messageBody":"Now you can use system input to write text review, which ends\nwith an empty line.\n","fileTypesAndContributionMap":{"functional-code":{"insertions":43,"deletions":22}}},{"hash":"5e400906e084007198763fa3c347ee8fa6ef9058","isMergeCommit":false,"messageTitle":"Add full review feature","messageBody":"Review based on list number\n","fileTypesAndContributionMap":{"functional-code":{"insertions":47,"deletions":8}}},{"hash":"e5be73e57cfc1f56cebb5bc2f35f2ac444ba3436","isMergeCommit":false,"messageTitle":"Add getMovie method in MovieList","messageBody":"I foresee this will be used often. So I put it as a method.\n","fileTypesAndContributionMap":{"functional-code":{"insertions":21,"deletions":4}}},{"hash":"8065e57f7cf4f440317b06afdbac43ab4a23be92","isMergeCommit":false,"messageTitle":"Fix line for Checkstyle","messageBody":"","fileTypesAndContributionMap":{"functional-code":{"insertions":2,"deletions":1}}}]},{"date":"2023-03-20","commitResults":[{"hash":"a2e749defb151c09b4cf297f69c7fc1f2b263161","isMergeCommit":true,"messageTitle":"Merge pull request #40 from choongzhanhong/jar-resource","messageBody":"Required Resources in JAR","fileTypesAndContributionMap":{}},{"hash":"5a630d5510b2f5df07aa217783e360b6c074d7db","isMergeCommit":true,"messageTitle":"Merge pull request #43 from zzs-RedCocoon/Johnson-filter","messageBody":"Add filter command","fileTypesAndContributionMap":{}},{"hash":"5cef5d3f8ed7a0bf87d3c9ba34a7b37bfe3f1706","isMergeCommit":true,"messageTitle":"Merge branch \u0027master\u0027 into review","messageBody":"","fileTypesAndContributionMap":{}},{"hash":"4a61d293e3b2c0bec1da0e08f07f2c1844b14763","isMergeCommit":true,"messageTitle":"Merge pull request #45 from choongzhanhong/review","messageBody":"Review","fileTypesAndContributionMap":{}}]}],"adzikrafi":[],"jared-ee":[{"date":"2023-03-01","commitResults":[{"hash":"7c4c0257ce1a11053984f60cec7fe1af40219673","isMergeCommit":false,"messageTitle":"about us","messageBody":"","fileTypesAndContributionMap":{"docs":{"insertions":1,"deletions":5}}}]},{"date":"2023-03-12","commitResults":[{"hash":"7be38826c6a51dad286c521c52f6dbedcb3a1fcd","isMergeCommit":false,"messageTitle":"contains methods for loading and saving list data","messageBody":"","fileTypesAndContributionMap":{"functional-code":{"insertions":77,"deletions":0}}}]},{"date":"2023-03-16","commitResults":[{"hash":"aa075d13807fc25fcb1a89c1e5620829f4b22fdb","isMergeCommit":false,"messageTitle":"user guide","messageBody":"","fileTypesAndContributionMap":{"docs":{"insertions":138,"deletions":41}}},{"hash":"39b18fcc8a3042d9a4341ccfd47e48b0d9a99a8e","isMergeCommit":false,"messageTitle":"no message","messageBody":"","fileTypesAndContributionMap":{"docs":{"insertions":36,"deletions":37}}},{"hash":"70d0cd290cbfc78542395c167a827bbfb78b3605","isMergeCommit":false,"messageTitle":"no message","messageBody":"","fileTypesAndContributionMap":{"docs":{"insertions":1,"deletions":1}}},{"hash":"cc4c49327896eff3a6f62b2ef35eccf5d59ffd93","isMergeCommit":false,"messageTitle":"no message","messageBody":"","fileTypesAndContributionMap":{"docs":{"insertions":25,"deletions":27}}},{"hash":"9ab5035064e274b748a1e0cf95a081ffeb82668d","isMergeCommit":false,"messageTitle":"no message","messageBody":"","fileTypesAndContributionMap":{"docs":{"insertions":6,"deletions":6}}},{"hash":"edf2b15e91bb1ef7799e0c44912c1e5084d033f9","isMergeCommit":false,"messageTitle":"no message","messageBody":"","fileTypesAndContributionMap":{"docs":{"insertions":6,"deletions":6}}},{"hash":"4857bd7c91d2df5da089eba2667998dfda34327f","isMergeCommit":false,"messageTitle":"no message","messageBody":"","fileTypesAndContributionMap":{"docs":{"insertions":16,"deletions":12}}},{"hash":"f3d0168563963d40d2e585cd4b9e92eef28d1dad","isMergeCommit":false,"messageTitle":"no message","messageBody":"","fileTypesAndContributionMap":{"docs":{"insertions":11,"deletions":11}}},{"hash":"63f280be675a142c451968e3cc907636a1b77c63","isMergeCommit":false,"messageTitle":"no message","messageBody":"","fileTypesAndContributionMap":{"docs":{"insertions":4,"deletions":0}}},{"hash":"98bd5a7bb9f173f3acf93052103433d39c52a83a","isMergeCommit":false,"messageTitle":"no message","messageBody":"","fileTypesAndContributionMap":{"docs":{"insertions":2,"deletions":2}}}]}]},"authorFileTypeContributionMap":{"chao2048":{"docs":1,"functional-code":249,"test-code":9,"other":2},"zzs-redcocoon":{"docs":6,"functional-code":45,"test-code":0,"other":77},"choongzhanhong":{"docs":29,"functional-code":714,"test-code":0},"adzikrafi":{"docs":0,"functional-code":0,"test-code":0},"jared-ee":{"docs":141,"functional-code":45,"test-code":0}},"authorContributionVariance":{"chao2048":2759.8972,"zzs-redcocoon":166.7959,"choongzhanhong":11169.28,"adzikrafi":0.0,"jared-ee":4674.2646},"authorDisplayNameMap":{"chao2048":"CS2113-W12-4 CHAO..I-JU","zzs-redcocoon":"CS2113-W12-4 ZHAN..SHAN","choongzhanhong":"CS2113-W12-4 CHOO..HONG","adzikrafi":"CS2113-W12-4 MUHA..UJAI","jared-ee":"CS2113-W12-4 EE J..ARED"}}
