{"authorDailyContributionsMap":{"Aung-Phone-Naing":[{"date":"2023-03-03","commitResults":[{"hash":"63560ed466004fc8b23080d33491fc1ef6cdff56","isMergeCommit":false,"messageTitle":"Update README.md","messageBody":"","fileTypesAndContributionMap":{"docs":{"insertions":1,"deletions":1}}},{"hash":"edaeba040c01917ca3e0c5e6c091d866668b9304","isMergeCommit":true,"messageTitle":"Merge pull request #1 from YatPang/master","messageBody":"Change Name","fileTypesAndContributionMap":{}}]},{"date":"2023-03-10","commitResults":[{"hash":"57da64c1d45c183818002da75b5e19220332964d","isMergeCommit":false,"messageTitle":"Adds base skeletal code for TOM.","messageBody":"Adds add recipe feature, delete recipe feature, exit program feature, list feature.\nAdds file and directory creation methods to Storage class.\nAdds recipe and ingredients parsing methods to Parser class.\nAdds basic Ui methods to Ui class.\n","fileTypesAndContributionMap":{"functional-code":{"insertions":771,"deletions":13}}},{"hash":"07888944a0e44a5a79ce4c984aeba1c62aed2632","isMergeCommit":true,"messageTitle":"Merge branch \u0027master\u0027 into master","messageBody":"","fileTypesAndContributionMap":{}},{"hash":"3367e1ade90cd4cdef6499745f2acef325ddc1b6","isMergeCommit":false,"messageTitle":"Removes redundant comments in Duke.java","messageBody":"","fileTypesAndContributionMap":{"functional-code":{"insertions":0,"deletions":2}}},{"hash":"69bed5abcc3a9c33e27e3249df064c2bc47549f2","isMergeCommit":true,"messageTitle":"Merge branch \u0027master\u0027 of https://github.com/Aung-Phone-Naing/tp","messageBody":"","fileTypesAndContributionMap":{}},{"hash":"7521376e043bac2cfed0724391ae0d8516ed2204","isMergeCommit":false,"messageTitle":"Fixes according to Coding Standards.","messageBody":"","fileTypesAndContributionMap":{"functional-code":{"insertions":94,"deletions":48}}},{"hash":"d4f6779010d951a86a6f8720d1ec685e2860a1d1","isMergeCommit":false,"messageTitle":"Adds changes to text-ui-testing to test for exit command","messageBody":"","fileTypesAndContributionMap":{"functional-code":{"insertions":8,"deletions":8}}}]},{"date":"2023-03-23","commitResults":[{"hash":"567228849ec919a3e256186b3da82f74201f9a6b","isMergeCommit":true,"messageTitle":"Merge pull request #27 from liuziyang020319/master","messageBody":"Add Architecture part of the DG","fileTypesAndContributionMap":{}},{"hash":"bb284a39094518c4e36241a20edbac9095edc174","isMergeCommit":true,"messageTitle":"Merge pull request #30 from LimHongYao/master","messageBody":"Added UML for RecipeView","fileTypesAndContributionMap":{}},{"hash":"6ec16ef78708fb0b85f3b1def69aa855e908880b","isMergeCommit":false,"messageTitle":"Add UML diagrams and updated DG for Help Feature","messageBody":"","fileTypesAndContributionMap":{"docs":{"insertions":49,"deletions":4}}},{"hash":"a3e8c4d391cf7c8be55f8f1d8d5c12ee302ef936","isMergeCommit":true,"messageTitle":"Merge branch \u0027master\u0027 of https://github.com/Aung-Phone-Naing/tp into DG-Branch","messageBody":"# Conflicts:\n#\tdocs/DeveloperGuide.md\n#\tdocs/PlantUML/RecipeManage.puml\n\nConflicts has been resolved.\n","fileTypesAndContributionMap":{}},{"hash":"72b821e567e1b66e812a81034474cae4cb6f04ea","isMergeCommit":false,"messageTitle":"Add Parser component into DG","messageBody":"","fileTypesAndContributionMap":{"docs":{"insertions":34,"deletions":0}}},{"hash":"d87df8375fe7572da20f918b7dc60b247486b742","isMergeCommit":false,"messageTitle":"Add Command component to DG, edit throws to uses for ParserComponent","messageBody":"","fileTypesAndContributionMap":{"docs":{"insertions":35,"deletions":5}}},{"hash":"cc3cb2e32e27c384b11611881e2b3859f50852b6","isMergeCommit":true,"messageTitle":"Merge branch \u0027DG-Branch\u0027","messageBody":"","fileTypesAndContributionMap":{}},{"hash":"ea23da70b9df6d9df5927a92ce7af722a3211c5a","isMergeCommit":true,"messageTitle":"Merge branch \u0027master\u0027 of https://github.com/Aung-Phone-Naing/tp","messageBody":"# Conflicts:\n#\tdocs/DeveloperGuide.md\n\nConflict of help feature has been resolved\n","fileTypesAndContributionMap":{}},{"hash":"11e228ae8e79879096bb55ce67af5f8909be3368","isMergeCommit":false,"messageTitle":"Add \"To-be-released in future versions.\" to Search and Storage features as they are currently work in progress","messageBody":"","fileTypesAndContributionMap":{"docs":{"insertions":8,"deletions":0}}},{"hash":"dc2ffd381cf13a072b4c79db513a54de8e5cac82","isMergeCommit":false,"messageTitle":"Edit formatting for ParserComponent and CommandComponent","messageBody":"Reformatted the Parser.java and Command.java statement to include proper markdown format.","fileTypesAndContributionMap":{"docs":{"insertions":2,"deletions":2}}},{"hash":"714d4fc0868d92e4817b91f21632ee1b1bafc590","isMergeCommit":false,"messageTitle":"Add spacings for UML diagrams for UI, Command and Parser components","messageBody":"","fileTypesAndContributionMap":{"docs":{"insertions":4,"deletions":1}}}]},{"date":"2023-03-24","commitResults":[{"hash":"7ab636cae543905fb4fb3e502d3f9fe04eb8891f","isMergeCommit":true,"messageTitle":"Merge pull request #38 from LimHongYao/master","messageBody":"changed \"throws\" to \"uses\" in recipelist.uml","fileTypesAndContributionMap":{}},{"hash":"aea74b4bc6af10fad0b2c2744e1ae4cbab8ed160","isMergeCommit":true,"messageTitle":"Merge pull request #40 from liuziyang020319/master","messageBody":"fix bug in parser recipe","fileTypesAndContributionMap":{}},{"hash":"6e7004a73b8d5f98404409f23459be72c5ba06ff","isMergeCommit":false,"messageTitle":"Removes FIND command entirely.","messageBody":"","fileTypesAndContributionMap":{"functional-code":{"insertions":4,"deletions":41}}},{"hash":"acf6ab4222ed18101d9232311beb9f20119701b0","isMergeCommit":false,"messageTitle":"Edit spacing in Parser","messageBody":"","fileTypesAndContributionMap":{"functional-code":{"insertions":1,"deletions":1}}}]},{"date":"2023-03-26","commitResults":[{"hash":"b545aa9f2684af5c9c3e9f193866a9b388289cc0","isMergeCommit":false,"messageTitle":"Removes redundant import statements in Command and unused methods in UI","messageBody":"","fileTypesAndContributionMap":{"functional-code":{"insertions":1,"deletions":12}}}]},{"date":"2023-03-29","commitResults":[{"hash":"72db5dc9743fa25779ccfa598d4af0cedd35fa91","isMergeCommit":true,"messageTitle":"Merge pull request #45 from liuziyang020319/master","messageBody":"Fixed bug in storage","fileTypesAndContributionMap":{}},{"hash":"e698b42e33032704a68f68a65d6ba01d4ee0157e","isMergeCommit":false,"messageTitle":"Took out unused import statement for recipe.Step","messageBody":"\"import seedu.duke.recipe.Step\" removed.","fileTypesAndContributionMap":{"functional-code":{"insertions":0,"deletions":1}}},{"hash":"e31a71f384ad092b86814b3206a5f69df6b2aab0","isMergeCommit":false,"messageTitle":"Fixes Bug for displaying recipes in chronological order based on when it was added.","messageBody":"","fileTypesAndContributionMap":{"functional-code":{"insertions":4,"deletions":2}}},{"hash":"7b1f172dc565b169915345126bc074e32df2a57f","isMergeCommit":false,"messageTitle":"Fixes Bug for steps being loaded as IngredientsList during loading","messageBody":"","fileTypesAndContributionMap":{"functional-code":{"insertions":2,"deletions":0}}}]},{"date":"2023-03-30","commitResults":[{"hash":"b03c5204557b5e9a5ebfe488283c926fcf96ef4f","isMergeCommit":false,"messageTitle":"Fix Step view String format","messageBody":"","fileTypesAndContributionMap":{"functional-code":{"insertions":1,"deletions":1}}},{"hash":"558c8df7ee202d49a16691ac47a1b5e071656fe1","isMergeCommit":true,"messageTitle":"Merge branch \u0027master\u0027 of https://github.com/Aung-Phone-Naing/tp","messageBody":"","fileTypesAndContributionMap":{}},{"hash":"d14caa8a79b469d94a4e1320fb6cc89ede12fe3b","isMergeCommit":false,"messageTitle":"Edit help string text","messageBody":"","fileTypesAndContributionMap":{"functional-code":{"insertions":10,"deletions":6}}},{"hash":"5039319a4fef4bd6f18ca976c672a5d9d5083c39","isMergeCommit":true,"messageTitle":"Merge pull request #57 from liuziyang020319/master","messageBody":"Update the layout of the UG","fileTypesAndContributionMap":{}}]},{"date":"2023-04-01","commitResults":[{"hash":"82feaef00b50bb7e398a75d46829f9a854a09577","isMergeCommit":false,"messageTitle":"Strips all leading spaces and converts command words to lower case to ensure detectability","messageBody":"","fileTypesAndContributionMap":{"functional-code":{"insertions":2,"deletions":1}}},{"hash":"1529e900518923d0c9527e328a86f1b888f1ee11","isMergeCommit":false,"messageTitle":"Adds link tto Jar file","messageBody":"","fileTypesAndContributionMap":{"docs":{"insertions":2,"deletions":2}}},{"hash":"38f052937a34b67166e44c44340930b0a7225398","isMergeCommit":false,"messageTitle":"Fixes minor gramatical error when viewing some dishes with a flavor that starts with a vowel.","messageBody":"","fileTypesAndContributionMap":{"functional-code":{"insertions":1,"deletions":1}}},{"hash":"d5bfaeb5bfed3f1eec2d9a96d7f106ad35388096","isMergeCommit":true,"messageTitle":"Merge branch \u0027PE-D-Fixes-Branch\u0027 of https://github.com/Aung-Phone-Naing/tp into PE-D-Fixes-Branch","messageBody":"","fileTypesAndContributionMap":{}},{"hash":"4ba790f0ab34feb151607391b7ede6f673d658b6","isMergeCommit":true,"messageTitle":"Merge pull request #107 from YatPang/master","messageBody":"Fix Issues #92, #102, #103","fileTypesAndContributionMap":{}}]},{"date":"2023-04-02","commitResults":[{"hash":"bdd960aaf6d48268b114b723707bc62ba50f6952","isMergeCommit":true,"messageTitle":"Merge pull request #108 from YatPang/master","messageBody":"Follow-Up on #107","fileTypesAndContributionMap":{}}]}],"YatPang":[{"date":"2023-03-03","commitResults":[{"hash":"50161eccf258896b7ae0ce88222a867cfdc8c50a","isMergeCommit":false,"messageTitle":"Change Name","messageBody":"","fileTypesAndContributionMap":{"docs":{"insertions":5,"deletions":5}}},{"hash":"313ea9aef2ebcc0254753378908a7b7db2c1a2d9","isMergeCommit":false,"messageTitle":"Add Name, Github, Portfoilio","messageBody":"","fileTypesAndContributionMap":{"docs":{"insertions":25,"deletions":7}}}]},{"date":"2023-03-16","commitResults":[{"hash":"4bcd9191efaf91a2f2a293b384020203e1b0f308","isMergeCommit":false,"messageTitle":"Add Save","messageBody":"","fileTypesAndContributionMap":{"functional-code":{"insertions":65,"deletions":21}}},{"hash":"48cdde13e44a6aa01bf22b366d82e3b69a412207","isMergeCommit":false,"messageTitle":"Update Save","messageBody":"","fileTypesAndContributionMap":{"functional-code":{"insertions":1,"deletions":6}}},{"hash":"308c5879f60b1783ea3127e7e5299f0414af03c6","isMergeCommit":false,"messageTitle":"Update Save","messageBody":"","fileTypesAndContributionMap":{"functional-code":{"insertions":1,"deletions":1}}},{"hash":"cdcf3096cf2855fa83f6244477af3c420a207eae","isMergeCommit":false,"messageTitle":"Update Save","messageBody":"","fileTypesAndContributionMap":{"functional-code":{"insertions":2,"deletions":4}}},{"hash":"09ebad55bd113021ace8474e2135e71fade65b03","isMergeCommit":false,"messageTitle":"Update Save","messageBody":"","fileTypesAndContributionMap":{"functional-code":{"insertions":9,"deletions":4}}}]},{"date":"2023-03-17","commitResults":[{"hash":"15c977c91d4ee482a321c83c1d1b61b034d74ae2","isMergeCommit":false,"messageTitle":"Add Find Valid Save Files","messageBody":"","fileTypesAndContributionMap":{"functional-code":{"insertions":12,"deletions":1}}},{"hash":"40b04a5bbd5af17cb71c0bed1149e83290428bbd","isMergeCommit":true,"messageTitle":"Merge branch \u0027AY2223S2-CS2113-F13-1:master\u0027 into master","messageBody":"","fileTypesAndContributionMap":{}},{"hash":"3fc7a70e6508e0f4b1d06067455c90c61567baac","isMergeCommit":false,"messageTitle":"Add Read Save Files","messageBody":"","fileTypesAndContributionMap":{"functional-code":{"insertions":37,"deletions":2}}},{"hash":"2c8e9d56ec9f9013939f6d34ae8238c2e07c3160","isMergeCommit":false,"messageTitle":"Update Read Save Files","messageBody":"","fileTypesAndContributionMap":{"functional-code":{"insertions":0,"deletions":3}}}]},{"date":"2023-03-23","commitResults":[{"hash":"654fb4b38accad357675dc1d32d067cec3f5097c","isMergeCommit":false,"messageTitle":"Integrate Load Automate Save","messageBody":"","fileTypesAndContributionMap":{"functional-code":{"insertions":48,"deletions":14}}},{"hash":"6081e916374c01f512027f678c50100f6593d154","isMergeCommit":true,"messageTitle":"Merge branch \u0027master\u0027 into master","messageBody":"","fileTypesAndContributionMap":{}},{"hash":"cb3cc827845b6d99707e145cb34e2cdff12106b7","isMergeCommit":false,"messageTitle":"Add Load on Startup","messageBody":"","fileTypesAndContributionMap":{"functional-code":{"insertions":9,"deletions":12}}},{"hash":"0115a1872e8a7a95a291c08088e9bb5132fd84df","isMergeCommit":true,"messageTitle":"Merge remote-tracking branch \u0027origin/master\u0027","messageBody":"","fileTypesAndContributionMap":{}},{"hash":"dbb397619e1ede5ccdb1a54be66162f756cedbc3","isMergeCommit":false,"messageTitle":"Edit Dev Guide Storage component Add StorageComponent.png","messageBody":"","fileTypesAndContributionMap":{"functional-code":{"insertions":0,"deletions":4},"docs":{"insertions":88,"deletions":0}}},{"hash":"31a7a2abe46bc03d1de20b853df98aafe0db221b","isMergeCommit":true,"messageTitle":"Merge pull request #32 from liuziyang020319/master","messageBody":"Fetch: add details in graph","fileTypesAndContributionMap":{}}]},{"date":"2023-03-24","commitResults":[{"hash":"b2619fa6d7a3570ef12415c6b14e9dd60599d239","isMergeCommit":true,"messageTitle":"Merge pull request #37 from liuziyang020319/master","messageBody":"Fetch: Add Parser Exception test ","fileTypesAndContributionMap":{}},{"hash":"29ceac34072d3c22cc7f020bba67f966dc8a7ba0","isMergeCommit":true,"messageTitle":"Merge branch \u0027AY2223S2-CS2113-F13-1:master\u0027 into master","messageBody":"","fileTypesAndContributionMap":{}}]},{"date":"2023-03-25","commitResults":[{"hash":"f8953b43f3bd8d60962175cf0c911920eaa0cbcd","isMergeCommit":false,"messageTitle":"Update Find","messageBody":"","fileTypesAndContributionMap":{"functional-code":{"insertions":32,"deletions":11}}},{"hash":"8ba9bca48a2adf983c83b42da36b924168ae55dc","isMergeCommit":false,"messageTitle":"Update Find","messageBody":"","fileTypesAndContributionMap":{"functional-code":{"insertions":0,"deletions":1}}}]},{"date":"2023-03-26","commitResults":[{"hash":"303d74f72d600aad17c41409d919b85744a8ebf1","isMergeCommit":true,"messageTitle":"Merge pull request #41 from Aung-Phone-Naing/master","messageBody":"FIND command removed and minor formatting changes","fileTypesAndContributionMap":{}},{"hash":"5acc367f4cca53f5cf6f0c909102166a5b9553fa","isMergeCommit":true,"messageTitle":"Delete Find","messageBody":"","fileTypesAndContributionMap":{}},{"hash":"8090a7a2f6fa225b3f6d0e917c41a590aa093a42","isMergeCommit":false,"messageTitle":"Add Search w/ View","messageBody":"","fileTypesAndContributionMap":{"functional-code":{"insertions":35,"deletions":15}}}]},{"date":"2023-03-27","commitResults":[{"hash":"ebc338d3ca8bed5419a01ad85266ebf50c93be9c","isMergeCommit":false,"messageTitle":"Add Search w/ View","messageBody":"","fileTypesAndContributionMap":{"functional-code":{"insertions":1,"deletions":26}}},{"hash":"51b89199ff4b6bf844bc333c51bf4190694d32a6","isMergeCommit":false,"messageTitle":"Fix New Line At End Of File","messageBody":"","fileTypesAndContributionMap":{"functional-code":{"insertions":1,"deletions":1}}},{"hash":"46fe43c31317666c1a673eecc3a5ac025e59b097","isMergeCommit":false,"messageTitle":"Fix New Line At End Of File","messageBody":"","fileTypesAndContributionMap":{"functional-code":{"insertions":1,"deletions":1}}},{"hash":"666754e7d6fd4de90f158f7044d267c109112e86","isMergeCommit":false,"messageTitle":"Fix ACTUAL.TXT","messageBody":"","fileTypesAndContributionMap":{"functional-code":{"insertions":1,"deletions":1}}}]},{"date":"2023-03-28","commitResults":[{"hash":"9545dd02a4741fca3524eadd205096fffaa9663e","isMergeCommit":false,"messageTitle":"Update User Guide","messageBody":"","fileTypesAndContributionMap":{"docs":{"insertions":12,"deletions":11}}},{"hash":"c2af39ba326502d4fba9d2170c2c48cce3f3d175","isMergeCommit":true,"messageTitle":"Merge remote-tracking branch \u0027origin/master\u0027","messageBody":"","fileTypesAndContributionMap":{}},{"hash":"acac3443a5f682e13acd7ef1d3a41344bb169d08","isMergeCommit":false,"messageTitle":"Update User Guide","messageBody":"","fileTypesAndContributionMap":{"docs":{"insertions":3,"deletions":3}}}]},{"date":"2023-03-29","commitResults":[{"hash":"e23e18214022434badcc2ed5b222f5a5dd8c4aa1","isMergeCommit":false,"messageTitle":"Fix Empty strings being accepted as Steps","messageBody":"","fileTypesAndContributionMap":{"functional-code":{"insertions":13,"deletions":24}}},{"hash":"932e761aa6b2e8767eae917a74aa4ac987173de8","isMergeCommit":false,"messageTitle":"Fix Empty strings being accepted as Steps","messageBody":"","fileTypesAndContributionMap":{"functional-code":{"insertions":2,"deletions":2}}},{"hash":"d332442c1528835045bf3ad256bf1337b27f6559","isMergeCommit":false,"messageTitle":"Fix Empty strings being accepted as Steps","messageBody":"","fileTypesAndContributionMap":{"functional-code":{"insertions":25,"deletions":26}}},{"hash":"79f2a597023270e480df99c1b48541732c1686b4","isMergeCommit":false,"messageTitle":"Fix Empty strings being accepted as Steps","messageBody":"","fileTypesAndContributionMap":{"functional-code":{"insertions":9,"deletions":3}}},{"hash":"436796568ecc74a9c9c145cb8bfe507675a0869b","isMergeCommit":false,"messageTitle":"Fix Empty strings being accepted as Steps","messageBody":"","fileTypesAndContributionMap":{"functional-code":{"insertions":1,"deletions":1}}}]},{"date":"2023-03-30","commitResults":[{"hash":"a3dc5435d8536370af67b005ee4650881147a236","isMergeCommit":false,"messageTitle":"Fix RecipeList printing when saved","messageBody":"","fileTypesAndContributionMap":{"functional-code":{"insertions":3,"deletions":4}}},{"hash":"df588776f81b280c3c4f38f5d9f896641539a6c4","isMergeCommit":false,"messageTitle":"Fix RecipeList printing when saved","messageBody":"","fileTypesAndContributionMap":{"functional-code":{"insertions":8,"deletions":9}}},{"hash":"11312d5a755ad14867140247c62d62299ff8492b","isMergeCommit":false,"messageTitle":"Fix parseIngredients","messageBody":"","fileTypesAndContributionMap":{"functional-code":{"insertions":2,"deletions":2}}},{"hash":"66eaddf6876efc4b45ff6509b7a9946afd8016bf","isMergeCommit":true,"messageTitle":"Merge pull request #60 from liuziyang020319/master","messageBody":"Try to fix lay out bugs","fileTypesAndContributionMap":{}},{"hash":"94db228ce37b9f1bde65a88584a80dbc24d0d407","isMergeCommit":true,"messageTitle":"Merge pull request #61 from liuziyang020319/master","messageBody":"Fix some layout issuses","fileTypesAndContributionMap":{}},{"hash":"0ae6960132c2ff1d4be2803dc1c6973c4b7ba721","isMergeCommit":true,"messageTitle":"Merge pull request #62 from liuziyang020319/master","messageBody":"Finsh the last bug","fileTypesAndContributionMap":{}},{"hash":"ba53714cc8a51f8bb9215ffc64ca33cbacf1150e","isMergeCommit":false,"messageTitle":"Modify UG to match actual output","messageBody":"","fileTypesAndContributionMap":{"docs":{"insertions":25,"deletions":7}}}]},{"date":"2023-04-01","commitResults":[{"hash":"758a79eb538f4da66dac7877c6d29de10834a069","isMergeCommit":false,"messageTitle":"Fix Issues #92, #102, #103","messageBody":"","fileTypesAndContributionMap":{"functional-code":{"insertions":35,"deletions":9}}},{"hash":"287f24d4dd94e0228746708fd54fb38c5f3b7d41","isMergeCommit":false,"messageTitle":"Fix Issues #92, #102, #103","messageBody":"","fileTypesAndContributionMap":{"functional-code":{"insertions":16,"deletions":0}}},{"hash":"d167880ff891b2140a37822a1c216115b3e07448","isMergeCommit":false,"messageTitle":"Fix Issues #92, #97, #102, #103","messageBody":"","fileTypesAndContributionMap":{"functional-code":{"insertions":2,"deletions":2}}},{"hash":"1a7f3a479da1a2f016d0c290a51f42bc7135a818","isMergeCommit":false,"messageTitle":"Fix Issues #69, #92, #97, #102, #103","messageBody":"","fileTypesAndContributionMap":{"functional-code":{"insertions":10,"deletions":6}}},{"hash":"268fd28b9b14e9f0e90027a83df4f1efa322afb6","isMergeCommit":false,"messageTitle":"Fix Issues #69, #92, #97, #102, #103","messageBody":"","fileTypesAndContributionMap":{"functional-code":{"insertions":0,"deletions":2}}},{"hash":"13291d7bcd640d500119b1b03cfb08c476bbbdd5","isMergeCommit":false,"messageTitle":"Follow-Up on #107","messageBody":"","fileTypesAndContributionMap":{"functional-code":{"insertions":15,"deletions":15},"docs":{"insertions":1,"deletions":1}}}]},{"date":"2023-04-03","commitResults":[{"hash":"1b37db968568e5c8b062531d2be74acf7495672c","isMergeCommit":false,"messageTitle":"Fix Issues #83","messageBody":"","fileTypesAndContributionMap":{"functional-code":{"insertions":45,"deletions":6},"docs":{"insertions":16,"deletions":3}}},{"hash":"b1be50efad0ac93765c521e9278ae4cef50dc87d","isMergeCommit":false,"messageTitle":"Add JUnit test for searchByTag","messageBody":"","fileTypesAndContributionMap":{"functional-code":{"insertions":2,"deletions":2},"test-code":{"insertions":24,"deletions":0}}},{"hash":"3eb93bd12f38af2091c1ff352ba89cbd828ff983","isMergeCommit":true,"messageTitle":"Merge branch \u0027AY2223S2-CS2113-F13-1:master\u0027 into master","messageBody":"","fileTypesAndContributionMap":{}},{"hash":"dfcac8fc78ad0b5a247b0123b57b9bebead16fdc","isMergeCommit":false,"messageTitle":"Add JUnit test for searchByTag","messageBody":"","fileTypesAndContributionMap":{"functional-code":{"insertions":8,"deletions":4},"test-code":{"insertions":2,"deletions":2}}},{"hash":"b8c9270a0f7f35a59b8de0e2d65de65c6d037ba9","isMergeCommit":true,"messageTitle":"Merge pull request #109 from liuziyang020319/master","messageBody":"Fetch: add edit method","fileTypesAndContributionMap":{}}]}],"LimHongYao":[{"date":"2023-03-14","commitResults":[{"hash":"259eaf0a47af11d7559490ffcb6461c480c20c1f","isMergeCommit":false,"messageTitle":"Started breaking up StringLib into smaller Strings Commit acts as a test for pushing into main repo","messageBody":"","fileTypesAndContributionMap":{"functional-code":{"insertions":4,"deletions":1},"docs":{"insertions":2,"deletions":2}}},{"hash":"aadb3876524658c4318acda86f1fec00e98ee064","isMergeCommit":false,"messageTitle":"Update StringLib.java","messageBody":"","fileTypesAndContributionMap":{"functional-code":{"insertions":2,"deletions":1}}}]},{"date":"2023-03-15","commitResults":[{"hash":"cd68a9f737e227372e4029bbcc94b7a6fb72c70d","isMergeCommit":true,"messageTitle":"Merge pull request #12 from liuziyang020319/master","messageBody":"Fetch method","tags":["v1.0"],"fileTypesAndContributionMap":{}}]},{"date":"2023-03-17","commitResults":[{"hash":"8d9b20cff186ce37dd84841a6f4b00a0f9758c2c","isMergeCommit":true,"messageTitle":"Merge pull request #15 from YatPang/master","messageBody":"Add Find Valid Save Files","fileTypesAndContributionMap":{}}]},{"date":"2023-03-20","commitResults":[{"hash":"bd9f2bb58d2038041ccedef703bf89c21827ce69","isMergeCommit":false,"messageTitle":"restore repo Added Steps Functionality (add,view)","messageBody":"","fileTypesAndContributionMap":{"functional-code":{"insertions":119,"deletions":17},"test-code":{"insertions":3,"deletions":1}}},{"hash":"4282ccab4c457916f66edd0df457a1f034b269d6","isMergeCommit":false,"messageTitle":"Update Storage.java","messageBody":"","fileTypesAndContributionMap":{"functional-code":{"insertions":1,"deletions":1}}},{"hash":"0c9ae036ad864785fbbc4bca170208615fd6fc74","isMergeCommit":false,"messageTitle":"Update Recipe.java","messageBody":"","fileTypesAndContributionMap":{"functional-code":{"insertions":0,"deletions":2}}}]},{"date":"2023-03-21","commitResults":[{"hash":"0de1132f046637727e2faf5f6ccc5c8cf4c2134f","isMergeCommit":true,"messageTitle":"Merge pull request #21 from liuziyang020319/master","messageBody":"Modify step method","fileTypesAndContributionMap":{}},{"hash":"1a345d1a51d5f3ddf96dee32cae3b87ba0e8ae89","isMergeCommit":false,"messageTitle":"updated DG with collaborative document info","messageBody":"","fileTypesAndContributionMap":{"docs":{"insertions":60,"deletions":10}}}]},{"date":"2023-03-22","commitResults":[{"hash":"e434dcde8d2f0c49271ad2e496e00b745d8d0f4b","isMergeCommit":true,"messageTitle":"Merge pull request #24 from liuziyang020319/master","messageBody":"Merge HongYao\u0027s part","fileTypesAndContributionMap":{}},{"hash":"92dd1487c46195742a59c56e2f19d2b466aa529b","isMergeCommit":false,"messageTitle":"Update DeveloperGuide.md","messageBody":"grammar check","fileTypesAndContributionMap":{"docs":{"insertions":5,"deletions":5}}},{"hash":"d1d92cd25fdf767ffc873f07973320ceb47ee647","isMergeCommit":true,"messageTitle":"Merge pull request #25 from liuziyang020319/master","messageBody":"ManagePart Finish so far","fileTypesAndContributionMap":{}}]},{"date":"2023-03-23","commitResults":[{"hash":"ec7fdf103fa0773b072b7066c39e7277bb8562d7","isMergeCommit":false,"messageTitle":"Updated DG with draft for VIEW minor variable name adjustment for clarity","messageBody":"","fileTypesAndContributionMap":{"functional-code":{"insertions":4,"deletions":4},"docs":{"insertions":30,"deletions":0}}},{"hash":"2cbb6ce12890eb94be824a16b1d430031a18e995","isMergeCommit":false,"messageTitle":"added UML for RecipeView","messageBody":"","fileTypesAndContributionMap":{"docs":{"insertions":38,"deletions":1}}},{"hash":"cf24d533516e52c78758a57d8d3314843fef94f5","isMergeCommit":true,"messageTitle":"Merge branch \u0027AY2223S2-CS2113-F13-1:master\u0027 into master","messageBody":"","fileTypesAndContributionMap":{}},{"hash":"721929a183df2ee0aa8c2cf1a39d9bb3203e4acc","isMergeCommit":false,"messageTitle":"minor edit to uml","messageBody":"","fileTypesAndContributionMap":{"docs":{"insertions":1,"deletions":0}}},{"hash":"7e91e99752950c00d2543ea5c89f727633003430","isMergeCommit":false,"messageTitle":"Added RecipeList Component","messageBody":"","fileTypesAndContributionMap":{"functional-code":{"insertions":0,"deletions":5},"docs":{"insertions":83,"deletions":2}}},{"hash":"c938809b57050545570a1fed6406ca2b103299dd","isMergeCommit":true,"messageTitle":"Merge branch \u0027AY2223S2-CS2113-F13-1:master\u0027 into master","messageBody":"","fileTypesAndContributionMap":{}},{"hash":"23f4080098b6b14d2c19ebd087a1724855e0da9d","isMergeCommit":false,"messageTitle":"minor edit to exceptions arrow","messageBody":"","fileTypesAndContributionMap":{"docs":{"insertions":1,"deletions":1}}},{"hash":"88912f9337c5128781632b84696b725e5373f02b","isMergeCommit":true,"messageTitle":"Merge branch \u0027master\u0027 of https://github.com/LimHongYao/tp","messageBody":"","fileTypesAndContributionMap":{}}]},{"date":"2023-03-24","commitResults":[{"hash":"281136c288c4c976763727945e775b6165474903","isMergeCommit":false,"messageTitle":"changed \"throws\" to \"uses\" in recipelist.uml","messageBody":"","fileTypesAndContributionMap":{"docs":{"insertions":1,"deletions":1}}}]},{"date":"2023-03-27","commitResults":[{"hash":"f665dad5eefa3cee94d1520214285b490e8f549b","isMergeCommit":true,"messageTitle":"Merge pull request #43 from YatPang/master","messageBody":"Add Search to View","fileTypesAndContributionMap":{}}]},{"date":"2023-03-28","commitResults":[{"hash":"c61753f49849a442389b4bbb57bcd47b85774866","isMergeCommit":false,"messageTitle":"added viewing recipes step-by-step","messageBody":"","fileTypesAndContributionMap":{"functional-code":{"insertions":19,"deletions":3}}}]},{"date":"2023-03-29","commitResults":[{"hash":"ea4ff72a28e9a59ca50e966ae470855509b1c88c","isMergeCommit":false,"messageTitle":"add isTimed boolean for Step","messageBody":"","fileTypesAndContributionMap":{"functional-code":{"insertions":1,"deletions":0}}},{"hash":"7b94e4a5842a74751c31cd8bb887c581683382a8","isMergeCommit":true,"messageTitle":"Merge branch \u0027AY2223S2-CS2113-F13-1:master\u0027 into master","messageBody":"","fileTypesAndContributionMap":{}},{"hash":"cc8df6cd0fac99e2a9786640f8e12eba2fc0b755","isMergeCommit":true,"messageTitle":"Merge branch \u0027master\u0027 of https://github.com/LimHongYao/tp","messageBody":"","fileTypesAndContributionMap":{}},{"hash":"463cd81ad1c1f527d2a14f6386418c0c3db3615e","isMergeCommit":false,"messageTitle":"Added editStep functionality","messageBody":"","fileTypesAndContributionMap":{"functional-code":{"insertions":70,"deletions":0}}},{"hash":"ad1cf03a8e7651eb3b8cc8399fd0ecd5e691ee7a","isMergeCommit":false,"messageTitle":"fixed 0 steps viewing bug","messageBody":"","fileTypesAndContributionMap":{"functional-code":{"insertions":4,"deletions":0}}},{"hash":"1c9bb0f9c64a9832e296ba708cab569480782657","isMergeCommit":false,"messageTitle":"Added edit ingredients function, added handling for editing empty step/ingredient lists","messageBody":"","fileTypesAndContributionMap":{"functional-code":{"insertions":75,"deletions":11}}},{"hash":"b0486fe0562d26c85cb32a9f737de11d616af614","isMergeCommit":true,"messageTitle":"Merge branch \u0027master\u0027 of https://github.com/LimHongYao/tp","messageBody":"","fileTypesAndContributionMap":{}},{"hash":"ee201adddae31d3fcebe7fabe803182c96be8ab8","isMergeCommit":true,"messageTitle":"Merge pull request #51 from Aung-Phone-Naing/Load-Steps-Bugfix","messageBody":"Fixes Bug for displaying recipes in chronological order based on when…","fileTypesAndContributionMap":{}},{"hash":"201238c10baebe4140e41338e79c1dcd825c4dcb","isMergeCommit":true,"messageTitle":"Merge branch \u0027AY2223S2-CS2113-F13-1:master\u0027 into master","messageBody":"","fileTypesAndContributionMap":{}},{"hash":"fd995f0f5fe686baccf5a1addd6e1c567b88132e","isMergeCommit":false,"messageTitle":"no message","messageBody":"","fileTypesAndContributionMap":{"functional-code":{"insertions":5,"deletions":3},"docs":{"insertions":4,"deletions":3}}},{"hash":"ef2516a8753b84c04208b0802e86236d3ec58cf2","isMergeCommit":false,"messageTitle":"Added Step View","messageBody":"","fileTypesAndContributionMap":{"functional-code":{"insertions":48,"deletions":33},"docs":{"insertions":3,"deletions":0}}},{"hash":"910dae4b8cedb5f9ed76ad39cd861463bad0db7d","isMergeCommit":false,"messageTitle":"added UG","messageBody":"","fileTypesAndContributionMap":{"docs":{"insertions":71,"deletions":5}}},{"hash":"eb24af2fa20729fc62ea60ede1d4833ec9c11e78","isMergeCommit":true,"messageTitle":"Merge branch \u0027master\u0027 of https://github.com/LimHongYao/tp","messageBody":"","fileTypesAndContributionMap":{}},{"hash":"ff17bdaac9d8a874e140fb18e67bc5d4e2238e62","isMergeCommit":false,"messageTitle":"bugfix StringLib call","messageBody":"","fileTypesAndContributionMap":{"functional-code":{"insertions":1,"deletions":1}}},{"hash":"093474b4746bb1d3f2905a26a4689cab6bfd144c","isMergeCommit":false,"messageTitle":"cb","messageBody":"","fileTypesAndContributionMap":{"functional-code":{"insertions":1,"deletions":1}}},{"hash":"afcf5cdb43a6704a66aebab2887fd9e36fbee3d1","isMergeCommit":false,"messageTitle":"why","messageBody":"","fileTypesAndContributionMap":{"functional-code":{"insertions":1,"deletions":1}}}]},{"date":"2023-03-30","commitResults":[{"hash":"1cefc14542db4ad8c1ee2ed85ca6629cb27f8379","isMergeCommit":true,"messageTitle":"Merge branch \u0027master\u0027 of https://github.com/LimHongYao/tp","messageBody":"# Conflicts:\n#\tdata/1-Hotpot.txt\n","fileTypesAndContributionMap":{}},{"hash":"3ba59262c555c9dfec908ddb15eb41be05910ee1","isMergeCommit":true,"messageTitle":"Merge branch \u0027AY2223S2-CS2113-F13-1:master\u0027 into master","messageBody":"","fileTypesAndContributionMap":{}},{"hash":"26f79b11ebcdf9c60a0869f9765a61ad5baa833c","isMergeCommit":true,"messageTitle":"Merge pull request #58 from Aung-Phone-Naing/master","messageBody":"Edit Help Feature to include editstep and editingredient","tags":["v2.0"],"fileTypesAndContributionMap":{}},{"hash":"e10326d91bb9f7ae1f1f5204fcffb7316cb7a0b9","isMergeCommit":true,"messageTitle":"Merge branch \u0027AY2223S2-CS2113-F13-1:master\u0027 into master","messageBody":"","fileTypesAndContributionMap":{}},{"hash":"638b9c680118b7987a66739630f9474d502279a0","isMergeCommit":false,"messageTitle":"v2.0 build","messageBody":"","fileTypesAndContributionMap":{"functional-code":{"insertions":1,"deletions":2}}},{"hash":"4b5aa891d6f46b362208669a05ded9abb179fd58","isMergeCommit":true,"messageTitle":"Merge pull request #59 from LimHongYao/master","messageBody":"v2.0 build","fileTypesAndContributionMap":{}}]},{"date":"2023-04-03","commitResults":[{"hash":"47056970b29dfda198056ee251be618b5beea6e3","isMergeCommit":true,"messageTitle":"Merge pull request #110 from YatPang/master","messageBody":"Fix Issue #83","fileTypesAndContributionMap":{}},{"hash":"919a5e1977fca553efddd5c7e02b7b80e3e08cfd","isMergeCommit":true,"messageTitle":"Merge pull request #112 from YatPang/master","messageBody":"Add JUnit test for searchByTag","fileTypesAndContributionMap":{}}]}],"liuziyang020319":[{"date":"2023-03-03","commitResults":[{"hash":"17a95665769af8be1a58ec219d1021e40cf6208a","isMergeCommit":false,"messageTitle":"Name added","messageBody":"","fileTypesAndContributionMap":{"docs":{"insertions":7,"deletions":7}}}]},{"date":"2023-03-09","commitResults":[{"hash":"8962df15b409b89822259c9b051c89466a3c3a65","isMergeCommit":false,"messageTitle":"docs added","messageBody":"","fileTypesAndContributionMap":{"docs":{"insertions":178,"deletions":42}}},{"hash":"2227a6b98c0d4e5452b2b07063645ef3dcba0c4a","isMergeCommit":true,"messageTitle":"Merge branch \u0027master\u0027 of https://github.com/AY2223S2-CS2113-F13-1/tp","messageBody":"# Conflicts:\n#\tdocs/AboutUs.md\n","fileTypesAndContributionMap":{}},{"hash":"1a7ba8fb3daa43cf5c14a0ea19cbb08cc4c9628b","isMergeCommit":true,"messageTitle":"Merge pull request #3 from YatPang/master","messageBody":"Add Name, Github, Portfoilio","fileTypesAndContributionMap":{}},{"hash":"40dcb38ea024509cdac0f4b75019a44be805d6a5","isMergeCommit":true,"messageTitle":"Merge branch \u0027master\u0027 of https://github.com/AY2223S2-CS2113-F13-1/tp","messageBody":"# Conflicts:\n#\tdocs/AboutUs.md\n","fileTypesAndContributionMap":{}}]},{"date":"2023-03-10","commitResults":[{"hash":"3f4d5185811f8aba5a1836bf493a9a453f4b6e5e","isMergeCommit":false,"messageTitle":"fetch bug fixed","messageBody":"","fileTypesAndContributionMap":{"functional-code":{"insertions":4,"deletions":7}}},{"hash":"0fa1fa216431eb5c7757b6e57dd45d73c3626e42","isMergeCommit":false,"messageTitle":"Fetch remove unused import","messageBody":"","fileTypesAndContributionMap":{"functional-code":{"insertions":0,"deletions":2}}},{"hash":"669614a50700aba37ee766f1135e7ce215d93ba4","isMergeCommit":false,"messageTitle":"Fetch fixed UItest","messageBody":"","fileTypesAndContributionMap":{"functional-code":{"insertions":3,"deletions":1},"test-code":{"insertions":11,"deletions":2}}},{"hash":"cc123b4514d277bdb7002a53e83b5d7f9a8ba98d","isMergeCommit":false,"messageTitle":"try to fix but","messageBody":"","fileTypesAndContributionMap":{"test-code":{"insertions":2,"deletions":11}}},{"hash":"61d05ee1f01a408668a0b3febc6b28c098de937f","isMergeCommit":false,"messageTitle":"try to meet syntax","messageBody":"","fileTypesAndContributionMap":{"test-code":{"insertions":2,"deletions":1}}},{"hash":"a9213a0e3a2ac13cbb5fc6582d30f7f051cbaca2","isMergeCommit":true,"messageTitle":"Merge pull request #6 from liuziyang020319/master","messageBody":"Add docs and UI class","fileTypesAndContributionMap":{}},{"hash":"0cfe293e8333a95280babe1e915f2b7c22deef0f","isMergeCommit":true,"messageTitle":"Merge pull request #9 from Aung-Phone-Naing/master","messageBody":"Adds base skeletal code for TOM.","fileTypesAndContributionMap":{}},{"hash":"074f8ce7c7d9ec97ac66998608e1b6b8227061a9","isMergeCommit":false,"messageTitle":"remove DUKEUI","messageBody":"","fileTypesAndContributionMap":{"functional-code":{"insertions":0,"deletions":30}}}]},{"date":"2023-03-15","commitResults":[{"hash":"288dcbdc27ff55645dcfd26fc6ce17a3bf80ccb5","isMergeCommit":true,"messageTitle":"Merge pull request #10 from LimHongYao/master","messageBody":"Started breaking up StringLib into smaller Strings","fileTypesAndContributionMap":{}},{"hash":"c4405c384fd7a148ecaec68f035e48faa8bcac15","isMergeCommit":false,"messageTitle":"fixed bug in Scanner","messageBody":"","fileTypesAndContributionMap":{"functional-code":{"insertions":46,"deletions":27},"other":{"insertions":25,"deletions":42},"docs":{"insertions":5,"deletions":4}}},{"hash":"8cd2d0537ebb7d60dd4d25a67a92adf0e5f19781","isMergeCommit":false,"messageTitle":"no message","messageBody":"","fileTypesAndContributionMap":{"functional-code":{"insertions":41,"deletions":1}}},{"hash":"e48a6f522afe5394e38fa6fddca4a6fb335e96e0","isMergeCommit":true,"messageTitle":"Merge remote-tracking branch \u0027upstream/master\u0027","messageBody":"# Conflicts:\n#\tsrc/main/java/seedu/duke/ui/StringLib.java\n","fileTypesAndContributionMap":{}},{"hash":"ce645e0b6966c0625ea95657e4fd3302253af6b0","isMergeCommit":false,"messageTitle":"fixed: import error","messageBody":"","fileTypesAndContributionMap":{"functional-code":{"insertions":25,"deletions":2}}},{"hash":"ca7606267bb0c749ea940bc9f4748e2e9ae9fc14","isMergeCommit":false,"messageTitle":"add a assert and a Junit test","messageBody":"","fileTypesAndContributionMap":{"functional-code":{"insertions":1,"deletions":0},"test-code":{"insertions":41,"deletions":0}}},{"hash":"9cb2a4c3456e0fe04ffa3d237480dbc897651162","isMergeCommit":false,"messageTitle":"Style check","messageBody":"","fileTypesAndContributionMap":{"functional-code":{"insertions":0,"deletions":1}}}]},{"date":"2023-03-16","commitResults":[{"hash":"fb84245ca29607eea42de0128538197aa2844814","isMergeCommit":true,"messageTitle":"Merge pull request #14 from YatPang/master","messageBody":"add save and modify the ui-test. ","fileTypesAndContributionMap":{}}]},{"date":"2023-03-21","commitResults":[{"hash":"9081f4324b57b5b104b4bce8c538b27a5ec965e6","isMergeCommit":true,"messageTitle":"Merge pull request #20 from LimHongYao/master","messageBody":"Add Steps functionality","fileTypesAndContributionMap":{}},{"hash":"87211d142d8cfe64787cad39e0fad83105991209","isMergeCommit":false,"messageTitle":"add assert","messageBody":"","fileTypesAndContributionMap":{"functional-code":{"insertions":3,"deletions":0}}},{"hash":"1dc372807c9a9d7e7f2a814f304e6ae556852980","isMergeCommit":false,"messageTitle":"Modify: UserGuide Fetch: step added method","messageBody":"","fileTypesAndContributionMap":{"functional-code":{"insertions":51,"deletions":31},"docs":{"insertions":3,"deletions":2}}},{"hash":"accfbf3b20daf3b3ad65d369209e93000c658f38","isMergeCommit":false,"messageTitle":"Enable: Assertation","messageBody":"","fileTypesAndContributionMap":{"other":{"insertions":1,"deletions":0}}},{"hash":"6286c9c5a317f1910f8e2912f616af0119762a71","isMergeCommit":false,"messageTitle":"Modify: Fix CheckStyle problem","messageBody":"","fileTypesAndContributionMap":{"functional-code":{"insertions":9,"deletions":6}}},{"hash":"ed4a800cb23c491e05d13be0f776829318572165","isMergeCommit":false,"messageTitle":"Modify UItest","messageBody":"","fileTypesAndContributionMap":{"test-code":{"insertions":1,"deletions":1}}}]},{"date":"2023-03-22","commitResults":[{"hash":"cbc7689f0294b7a75ea2c3e78eb875b2e302460b","isMergeCommit":true,"messageTitle":"Merge pull request #23 from LimHongYao/master","messageBody":"updated DG with collaborative document info","fileTypesAndContributionMap":{}},{"hash":"1e09a94c84df6f6e278ca8cf64edf5a23ba19927","isMergeCommit":false,"messageTitle":"no message","messageBody":"","fileTypesAndContributionMap":{"docs":{"insertions":46,"deletions":14}}},{"hash":"3f7b55e4a4cfd34f34c1e02e7a7a12d1b71c558e","isMergeCommit":true,"messageTitle":"Merge branch \u0027master\u0027 of https://github.com/AY2223S2-CS2113-F13-1/tp","messageBody":"# Conflicts:\n#\tdocs/DeveloperGuide.md\n","fileTypesAndContributionMap":{}},{"hash":"42fa75cff2292e5873997e4e0d76fafe2dd59cb0","isMergeCommit":false,"messageTitle":"ManagePart Finish so far","messageBody":"","fileTypesAndContributionMap":{"docs":{"insertions":125,"deletions":4}}}]},{"date":"2023-03-23","commitResults":[{"hash":"3ce091adbafc4b367b4ea51219a45cc79a9f07ab","isMergeCommit":false,"messageTitle":"Add some details in works","messageBody":"","fileTypesAndContributionMap":{"docs":{"insertions":12,"deletions":3}}},{"hash":"1cbd2bd5966d2c41b543a454260a94a02c57e40f","isMergeCommit":true,"messageTitle":"Merge branch \u0027master\u0027 of https://github.com/liuziyang020319/tp","messageBody":"","fileTypesAndContributionMap":{}},{"hash":"0d684bad37c2347820fa45254eb6b8aabb4550d5","isMergeCommit":true,"messageTitle":"Merge pull request #26 from LimHongYao/master","messageBody":"Updated DG with draft for VIEW","fileTypesAndContributionMap":{}},{"hash":"b42385188cde108ba2d2922911e64194fea2950b","isMergeCommit":false,"messageTitle":"no message","messageBody":"","fileTypesAndContributionMap":{"docs":{"insertions":53,"deletions":9}}},{"hash":"369d316068c4505d6f9cef705ebffd82312a849e","isMergeCommit":true,"messageTitle":"Merge branch \u0027master\u0027 of https://github.com/AY2223S2-CS2113-F13-1/tp","messageBody":"","fileTypesAndContributionMap":{}},{"hash":"101b7621a46b4a29498541f47c2ece433113df27","isMergeCommit":false,"messageTitle":"no message","messageBody":"","fileTypesAndContributionMap":{"docs":{"insertions":15,"deletions":2}}},{"hash":"2d1fcc9cec81b890f557ec644424462ca92c3640","isMergeCommit":false,"messageTitle":"Fetch UI component","messageBody":"","fileTypesAndContributionMap":{"docs":{"insertions":34,"deletions":3}}},{"hash":"18bbeca1e2d469778021ba80e9a2022518c910c6","isMergeCommit":false,"messageTitle":"Fetch add explanation","messageBody":"","fileTypesAndContributionMap":{"docs":{"insertions":6,"deletions":0}}},{"hash":"1ceb65077edf438f57a2e311ff894f7765a5c804","isMergeCommit":false,"messageTitle":"Fetch A sequence diagram","messageBody":"","fileTypesAndContributionMap":{"docs":{"insertions":42,"deletions":2}}},{"hash":"76f5e618d05a9a5c51944ed8198311cfd5ba6a70","isMergeCommit":false,"messageTitle":"Fixed: all the exception in add","messageBody":"","fileTypesAndContributionMap":{"functional-code":{"insertions":46,"deletions":22},"docs":{"insertions":37,"deletions":5}}},{"hash":"909ffc196f92c437d22d8faa5ff0aa662b32bd9e","isMergeCommit":false,"messageTitle":"Add a new test cases for manuel test","messageBody":"","fileTypesAndContributionMap":{"docs":{"insertions":11,"deletions":2}}},{"hash":"ea04ffd62b0d41625ad2a9ccb9b4741ebcea2ae1","isMergeCommit":true,"messageTitle":"Merge branch \u0027master\u0027 of https://github.com/AY2223S2-CS2113-F13-1/tp","messageBody":"","fileTypesAndContributionMap":{}},{"hash":"37d9237dee28e296b6daa7f0f0c00b5e179a3ff1","isMergeCommit":true,"messageTitle":"Merge pull request #28 from YatPang/master","messageBody":"Add Load on Startup, Save on List Modification","fileTypesAndContributionMap":{}},{"hash":"573c138a1e92c24250b439729b8ae3a1101b3b98","isMergeCommit":true,"messageTitle":"Merge branch \u0027master\u0027 of https://github.com/AY2223S2-CS2113-F13-1/tp","messageBody":"","fileTypesAndContributionMap":{}},{"hash":"cfd9103194d35f3518a96b80974525edb66b8b5d","isMergeCommit":true,"messageTitle":"Merge pull request #31 from liuziyang020319/master","messageBody":"Fetch add some manual test cases","fileTypesAndContributionMap":{}},{"hash":"677910078f2a9ee369daccf3a14f52b5ced1e5e1","isMergeCommit":false,"messageTitle":"Fetch: add details in graph","messageBody":"","fileTypesAndContributionMap":{"docs":{"insertions":16,"deletions":0}}},{"hash":"3f0753545238cbd1edde8c9e168ee4ac83ada20c","isMergeCommit":true,"messageTitle":"Merge pull request #33 from LimHongYao/master","messageBody":"Added RecipeList component","fileTypesAndContributionMap":{}},{"hash":"b67253c4acad0fb6c1c892ce27bb043ecd4ab973","isMergeCommit":true,"messageTitle":"Merge pull request #34 from LimHongYao/master","messageBody":"minor edit to exceptions arrow in ViewList","fileTypesAndContributionMap":{}},{"hash":"daad27596328f5bf9b0b0fffe397f6215657b4ce","isMergeCommit":true,"messageTitle":"Merge pull request #35 from YatPang/master","messageBody":"Edit Dev Guide Storage component","fileTypesAndContributionMap":{}},{"hash":"fe0c410d6c60bcf0324e54fd0add697a0fbb3417","isMergeCommit":true,"messageTitle":"Merge pull request #36 from Aung-Phone-Naing/master","messageBody":"Add DG for CommandComponent, ParserComponent, Help Feature","fileTypesAndContributionMap":{}},{"hash":"6e5d241b0d3eaabfcd4d5df024ecc037b0806a7f","isMergeCommit":true,"messageTitle":"Merge branch \u0027master\u0027 of https://github.com/AY2223S2-CS2113-F13-1/tp","messageBody":"","fileTypesAndContributionMap":{}},{"hash":"b24cd884bd4c089373d511e4e6a6def1ab70a5e4","isMergeCommit":true,"messageTitle":"Merge branch \u0027master\u0027 of https://github.com/AY2223S2-CS2113-F13-1/tp","messageBody":"","fileTypesAndContributionMap":{}}]},{"date":"2023-03-24","commitResults":[{"hash":"f3dbb12d5a7ca68c6915dac0c1cffbc6c2c2a04e","isMergeCommit":false,"messageTitle":"Fetch: Addparser Exception test","messageBody":"","fileTypesAndContributionMap":{"test-code":{"insertions":268,"deletions":0}}},{"hash":"1839f023a99c4b4096d7468496bbd07a6ffda739","isMergeCommit":false,"messageTitle":"fix bug in parser recipe","messageBody":"","fileTypesAndContributionMap":{"functional-code":{"insertions":5,"deletions":1},"test-code":{"insertions":33,"deletions":18}}},{"hash":"770793f026ad345ec3b056ba5139897e7b6f2556","isMergeCommit":false,"messageTitle":"UItest Junit","messageBody":"","fileTypesAndContributionMap":{"test-code":{"insertions":1,"deletions":1}}}]},{"date":"2023-03-28","commitResults":[{"hash":"803603817e6b74370584a94dc733fd6a0d5c0652","isMergeCommit":true,"messageTitle":"Merge pull request #44 from YatPang/master","messageBody":"Update UG, View","fileTypesAndContributionMap":{}},{"hash":"c9324dc9faa35300f8976861239a1a6ec3522942","isMergeCommit":false,"messageTitle":"Fixed bug in storage","messageBody":"","fileTypesAndContributionMap":{"other":{"insertions":0,"deletions":0}}},{"hash":"09dd914f0ec1dd7d6e4e2820dbffeed4e040bd17","isMergeCommit":false,"messageTitle":"Fixed, bug in Storage. Fetch, test in Storage.","messageBody":"","fileTypesAndContributionMap":{"functional-code":{"insertions":72,"deletions":36},"docs":{"insertions":2,"deletions":0},"test-code":{"insertions":98,"deletions":0}}},{"hash":"c4b73e1ee6504c9fd68be677218ceeaa8a80593a","isMergeCommit":false,"messageTitle":"Fix bug in remote.","messageBody":"","fileTypesAndContributionMap":{"test-code":{"insertions":3,"deletions":1}}},{"hash":"0db6352517d86ae936264dae5313d12760d3ed49","isMergeCommit":false,"messageTitle":"Modify, add FIND method from seperate it from VIEW","messageBody":"","fileTypesAndContributionMap":{"functional-code":{"insertions":7,"deletions":6},"docs":{"insertions":5,"deletions":2}}},{"hash":"0e27b4ab39f87559d186ffe50c41f077d999d84d","isMergeCommit":false,"messageTitle":"Fetch: Add Find method test","messageBody":"","fileTypesAndContributionMap":{"functional-code":{"insertions":9,"deletions":7},"other":{"insertions":1,"deletions":0},"docs":{"insertions":9,"deletions":3},"test-code":{"insertions":57,"deletions":0}}},{"hash":"22289e851399c72436a51583897714a1b9c58fd8","isMergeCommit":false,"messageTitle":"no message","messageBody":"","fileTypesAndContributionMap":{"test-code":{"insertions":0,"deletions":1}}},{"hash":"ac8c4c8f57590ab3d8c57963d55a866e3be80d2c","isMergeCommit":false,"messageTitle":"Fixed CheckStyle bug","messageBody":"","fileTypesAndContributionMap":{"functional-code":{"insertions":4,"deletions":2}}}]},{"date":"2023-03-29","commitResults":[{"hash":"7f51b36b8a3d64312cae154c4a85f676a14a2ec2","isMergeCommit":false,"messageTitle":"Update UG and DG","messageBody":"","fileTypesAndContributionMap":{"docs":{"insertions":119,"deletions":44}}},{"hash":"576c9249a5bf79931668b90969b09d214cbade5e","isMergeCommit":false,"messageTitle":"UG update already","messageBody":"","fileTypesAndContributionMap":{"docs":{"insertions":41,"deletions":11}}},{"hash":"711000bf021c40230e1fafc68cbe0dec2330632a","isMergeCommit":false,"messageTitle":"Fetch: Add table of content","messageBody":"","fileTypesAndContributionMap":{"docs":{"insertions":1,"deletions":0}}},{"hash":"ce95936d13c7fceb0616c280f4d4c95cf9712ff7","isMergeCommit":true,"messageTitle":"Merge pull request #52 from YatPang/master","messageBody":"Fix Empty strings being accepted as Steps","fileTypesAndContributionMap":{}},{"hash":"7d8dc4877a524e7668c96296899962bf3fb6aa75","isMergeCommit":true,"messageTitle":"Merge branch \u0027master\u0027 into master","messageBody":"","fileTypesAndContributionMap":{}},{"hash":"97a7226a70971ff1bb7d6a39834784c7caa8fc0b","isMergeCommit":true,"messageTitle":"Merge pull request #53 from LimHongYao/master","messageBody":"Added Steps and Ingredients edit function","fileTypesAndContributionMap":{}}]},{"date":"2023-03-30","commitResults":[{"hash":"06fbaa7c978a94d6deb8df7f4f59db53f7037c5a","isMergeCommit":true,"messageTitle":"Merge pull request #55 from YatPang/master","messageBody":"Fix RecipeList printing when saved","fileTypesAndContributionMap":{}},{"hash":"1522d3887648b6c964b021ca7ce0467add7bc31f","isMergeCommit":true,"messageTitle":"Merge branch \u0027master\u0027 of https://github.com/AY2223S2-CS2113-F13-1/tp","messageBody":"# Conflicts:\n#\tdata/1-Hotpot.txt\n","fileTypesAndContributionMap":{}},{"hash":"52c5dc55d52f3615a4e8cde9cfa21fdac737178d","isMergeCommit":true,"messageTitle":"Merge pull request #56 from YatPang/master","messageBody":"Fix parseIngredients not parsing ","fileTypesAndContributionMap":{}},{"hash":"9f565caf974d250429919574023c5bb6c24a243c","isMergeCommit":true,"messageTitle":"Merge branch \u0027AY2223S2-CS2113-F13-1:master\u0027 into master","messageBody":"","fileTypesAndContributionMap":{}},{"hash":"1de079a55b3033de9cbafc8980804eb1691db9ae","isMergeCommit":true,"messageTitle":"Merge branch \u0027master\u0027 of https://github.com/AY2223S2-CS2113-F13-1/tp","messageBody":"","fileTypesAndContributionMap":{}},{"hash":"b60510ca57760d5c9b682d16d78823cb5220d619","isMergeCommit":false,"messageTitle":"Refine the layout of the UG","messageBody":"","fileTypesAndContributionMap":{"docs":{"insertions":12,"deletions":9}}},{"hash":"a6aead4eb6218c5d22fcff44eee260eeb2c8bc97","isMergeCommit":false,"messageTitle":"Update Command Summary","messageBody":"","fileTypesAndContributionMap":{"docs":{"insertions":11,"deletions":7}}},{"hash":"2af36b653a04f68c5088326ccc97b4e886d5d63b","isMergeCommit":false,"messageTitle":"UG: remove unimportant things","messageBody":"","fileTypesAndContributionMap":{"docs":{"insertions":2,"deletions":49}}},{"hash":"acf49a3d20eaa589f022b94bd520603ea14455c2","isMergeCommit":false,"messageTitle":"update name","messageBody":"","fileTypesAndContributionMap":{"docs":{"insertions":2,"deletions":2}}},{"hash":"0649827005b3b904e2d9cf8a8c2f07880b43795f","isMergeCommit":false,"messageTitle":"Add some breaking mark","messageBody":"","fileTypesAndContributionMap":{"docs":{"insertions":32,"deletions":31}}},{"hash":"45cf1f16b139bb752366fae80d9e199df145f413","isMergeCommit":false,"messageTitle":"no message","messageBody":"","fileTypesAndContributionMap":{"docs":{"insertions":6,"deletions":6}}},{"hash":"166a499ab6618ebe9a8e8dfa35cf8a50d71e2ab7","isMergeCommit":false,"messageTitle":"Finish another curshed layout","messageBody":"","fileTypesAndContributionMap":{"docs":{"insertions":7,"deletions":6}}},{"hash":"5e63541a940e20255d5d043535a5ab299ca70621","isMergeCommit":false,"messageTitle":"Finsh the last bug","messageBody":"","fileTypesAndContributionMap":{"docs":{"insertions":4,"deletions":4}}},{"hash":"8dd61fa040b1c017e1be917b65de96dcbf81d21f","isMergeCommit":true,"messageTitle":"Merge pull request #63 from YatPang/master","messageBody":"Modify UG to match actual output","fileTypesAndContributionMap":{}}]},{"date":"2023-04-01","commitResults":[{"hash":"ae028cb5eed29c8fb7761c743ab6fff2ffa45f15","isMergeCommit":true,"messageTitle":"Merge branch \u0027master\u0027 into PE-D-Fixes-Branch","messageBody":"","fileTypesAndContributionMap":{}},{"hash":"4b7abc5e2300c6efffe75fff131d4e9ec6c8584d","isMergeCommit":true,"messageTitle":"Merge pull request #106 from Aung-Phone-Naing/PE-D-Fixes-Branch","messageBody":"PE-D bug fixes","fileTypesAndContributionMap":{}},{"hash":"dbcd99f4cc8c1bd6e039c0b8369c2bc28f49839d","isMergeCommit":false,"messageTitle":"Fetch add edit feature","messageBody":"","fileTypesAndContributionMap":{"functional-code":{"insertions":178,"deletions":5},"docs":{"insertions":22,"deletions":14}}}]},{"date":"2023-04-02","commitResults":[{"hash":"76007dbf865a5154b3caee1c08216dd8db844b3e","isMergeCommit":true,"messageTitle":"Merge branch \u0027master\u0027 of https://github.com/AY2223S2-CS2113-F13-1/tp","messageBody":"# Conflicts:\n#\tdata/1-Hotpot.txt\n#\tsrc/main/java/seedu/duke/ui/StringLib.java\n","fileTypesAndContributionMap":{}},{"hash":"d00512dd8d2f3afaa69a2d1d7b483583811b4bcd","isMergeCommit":false,"messageTitle":"Fetch: Add edit method","messageBody":"","fileTypesAndContributionMap":{"test-code":{"insertions":4,"deletions":0}}}]},{"date":"2023-04-03","commitResults":[{"hash":"2dfd149d31f2e0e9e0c61d9c7bcb3fc232bf2285","isMergeCommit":true,"messageTitle":"Merge branch \u0027master\u0027 of https://github.com/AY2223S2-CS2113-F13-1/tp","messageBody":"# Conflicts:\n#\tsrc/main/java/seedu/duke/command/Command.java\n#\tsrc/main/java/seedu/duke/command/CommandType.java\n#\tsrc/main/java/seedu/duke/recipe/RecipeList.java\n","fileTypesAndContributionMap":{}},{"hash":"ac3d9cc475e52a186d5eb8e59f33df489272d16d","isMergeCommit":false,"messageTitle":"Fetch: fixed coflict","messageBody":"","fileTypesAndContributionMap":{"functional-code":{"insertions":1,"deletions":8}}},{"hash":"a4d587d5d07a563893cb8d3aea5a17144e92c94c","isMergeCommit":false,"messageTitle":"Fetch: Fixed lay out bug","messageBody":"","fileTypesAndContributionMap":{"functional-code":{"insertions":5,"deletions":4}}},{"hash":"7ee5babd71a362cd2cab056ff8481bff0d7b4c6c","isMergeCommit":false,"messageTitle":"Fixed","messageBody":"","fileTypesAndContributionMap":{"docs":{"insertions":1,"deletions":1}}}]}]},"authorFileTypeContributionMap":{"Aung-Phone-Naing":{"docs":118,"functional-code":626,"test-code":0},"YatPang":{"docs":132,"functional-code":295,"test-code":24},"LimHongYao":{"docs":268,"functional-code":253,"test-code":3},"liuziyang020319":{"docs":662,"functional-code":420,"test-code":496,"other":2}},"authorContributionVariance":{"Aung-Phone-Naing":19220.912,"YatPang":1664.3137,"LimHongYao":3460.5198,"liuziyang020319":10462.791},"authorDisplayNameMap":{"Aung-Phone-Naing":"CS2113-F13-1 AUNG..AING","YatPang":"CS2113-F13-1 LEON..PANG","LimHongYao":"CS2113-F13-1 LIM .. YAO","liuziyang020319":"CS2113-F13-1 LIU ..YANG"}}
