{"authorDailyContributionsMap":{"hyperbola-bear":[{"date":"2023-03-02","commitResults":[{"hash":"6e2db859bee72715773b41dd80820fd39e8e08b3","isMergeCommit":false,"messageTitle":"make memes","messageBody":"","fileTypesAndContributionMap":{"docs":{"insertions":7,"deletions":7}}},{"hash":"8e9c94c784b0ef055111019e1e7ec1041f7b3a15","isMergeCommit":true,"messageTitle":"Merge branch \u0027master\u0027 into Clement-AboutUs","messageBody":"","fileTypesAndContributionMap":{}},{"hash":"b17f21e10eb5be30cdf441003d6a39090e7af4a1","isMergeCommit":true,"messageTitle":"Merge pull request #6 from hyperbola-bear/Clement-AboutUs","messageBody":"Clement about us","fileTypesAndContributionMap":{}}]},{"date":"2023-03-10","commitResults":[{"hash":"63f8d134bfa286ae384f07301224c9d4ae5ef4f9","isMergeCommit":true,"messageTitle":"Merge pull request #1 from hyperbola-bear/Clement-AboutUs","messageBody":"Clement about us","fileTypesAndContributionMap":{}},{"hash":"0536e233f7fd12e5a0f48db18260fc8bbf6dfc76","isMergeCommit":true,"messageTitle":"Merge branch \u0027AY2223S2-CS2113-T12-1:master\u0027 into master","messageBody":"","fileTypesAndContributionMap":{}},{"hash":"a3bb4bd105f3677a77b0b15cd8b574af3d16c767","isMergeCommit":false,"messageTitle":"added a parser test and 2 expense test","messageBody":"","fileTypesAndContributionMap":{"functional-code":{"insertions":2,"deletions":1},"other":{"insertions":1,"deletions":0},"test-code":{"insertions":41,"deletions":0}}},{"hash":"fb0cb3d8f265904ec0ec1b3bde833e113e397c50","isMergeCommit":true,"messageTitle":"Merge pull request #22 from hyperbola-bear/master","messageBody":"added some junit test","fileTypesAndContributionMap":{}},{"hash":"af65d12ba6309f4102bcf90487782303f5fde804","isMergeCommit":false,"messageTitle":"clean up syntax to pass checkstyle test","messageBody":"","fileTypesAndContributionMap":{"test-code":{"insertions":4,"deletions":3}}},{"hash":"ff3dc4791ad8bab3e296c0366f85bc176a45e554","isMergeCommit":true,"messageTitle":"Merge branch \u0027master\u0027 into master","messageBody":"","fileTypesAndContributionMap":{}},{"hash":"bef5bb9865ae3ebe99b2656e6b8a8314328c6c9d","isMergeCommit":true,"messageTitle":"Merge pull request #25 from hyperbola-bear/master","messageBody":"clean up syntax to pass checkstyle test","fileTypesAndContributionMap":{}}]},{"date":"2023-03-14","commitResults":[{"hash":"c6356448a47ed04798cedeedc445eae7a5d4e656","isMergeCommit":true,"messageTitle":"Merge pull request #2 from AY2223S2-CS2113-T12-1/master","messageBody":"pull to work on stuff","fileTypesAndContributionMap":{}},{"hash":"5dbf0e1e8abd01bf5606f1ae099dfc5462dbaabd","isMergeCommit":false,"messageTitle":"balance and delete","messageBody":"","fileTypesAndContributionMap":{"functional-code":{"insertions":85,"deletions":6},"test-code":{"insertions":39,"deletions":0}}},{"hash":"c94e4cdbadc63a184f3a1cee3a3785f54577099d","isMergeCommit":true,"messageTitle":"Merge pull request #71 from hyperbola-bear/master","messageBody":"delete and balance","fileTypesAndContributionMap":{}}]},{"date":"2023-03-15","commitResults":[{"hash":"05436c7d927f995a66d53fa4fe9da4e7f19dbf6a","isMergeCommit":true,"messageTitle":"Merge pull request #3 from AY2223S2-CS2113-T12-1/master","messageBody":"pull","fileTypesAndContributionMap":{}},{"hash":"003630825976e3a2653f3c2dd77bd4d7dbbc3525","isMergeCommit":true,"messageTitle":"Merge pull request #4 from AY2223S2-CS2113-T12-1/master","messageBody":"pull","fileTypesAndContributionMap":{}}]},{"date":"2023-03-16","commitResults":[{"hash":"ae1d50f3c63b327ae932adc20710cb092e87e6fd","isMergeCommit":false,"messageTitle":"add assert in add income command","messageBody":"","fileTypesAndContributionMap":{"functional-code":{"insertions":1,"deletions":0}}},{"hash":"8a0a70ff6c74c74c7e61fbb21fc1c3022823f0d4","isMergeCommit":true,"messageTitle":"Merge pull request #101 from hyperbola-bear/master","messageBody":"add assertion for add income command","fileTypesAndContributionMap":{}}]}],"thomasjlalba":[{"date":"2023-03-03","commitResults":[{"hash":"0d57dcd9b947d9f2b515482817696ff585e8651a","isMergeCommit":false,"messageTitle":"add description about Thomas in AboutUs.md","messageBody":"","fileTypesAndContributionMap":{"docs":{"insertions":13,"deletions":7}}},{"hash":"c7e6f1de45ea7fae729f28caa4a396e57db936ad","isMergeCommit":true,"messageTitle":"Merge pull request #8 from thomasjlalba/Thomas-AboutUs","messageBody":"add description about Thomas in AboutUs.md","fileTypesAndContributionMap":{}}]},{"date":"2023-03-09","commitResults":[{"hash":"31dcb0b0dbc319f1dec9c3a0bf1ba969a9c35c86","isMergeCommit":false,"messageTitle":"Add Expense class","messageBody":"","fileTypesAndContributionMap":{"functional-code":{"insertions":26,"deletions":0}}},{"hash":"c334d74d221497913386545faa659b8aaa81ddaa","isMergeCommit":false,"messageTitle":"Add expense list","messageBody":"","fileTypesAndContributionMap":{"functional-code":{"insertions":36,"deletions":0}}},{"hash":"60ad8e7373859cd8a0fa080eb16de810450c3bf2","isMergeCommit":false,"messageTitle":"Update Duke.java to run empty command loop until \u0027bye\u0027 is written","messageBody":"","fileTypesAndContributionMap":{"functional-code":{"insertions":31,"deletions":3}}},{"hash":"4fd291215b29904ba86e316f870d6484e9a3c44c","isMergeCommit":false,"messageTitle":"Update Expense.java file with newline at end of file","messageBody":"","fileTypesAndContributionMap":{"functional-code":{"insertions":3,"deletions":2}}},{"hash":"adfb59fd8a0388bfe744d091490eeeae8086fe57","isMergeCommit":true,"messageTitle":"Merge pull request #12 from thomasjlalba/Thomas-Main","messageBody":"Update Duke.java to run empty command loop until \u0027bye\u0027 is written","fileTypesAndContributionMap":{}},{"hash":"f7c236de196b056375f4ea1577a6248a297a555f","isMergeCommit":false,"messageTitle":"Update Expense.java and ExpenseList.java to use spaces instead of tabs","messageBody":"","fileTypesAndContributionMap":{"functional-code":{"insertions":53,"deletions":53}}},{"hash":"0bd984617cddb6572ad7194fc3911735ca390bab","isMergeCommit":true,"messageTitle":"Merge pull request #13 from thomasjlalba/Thomas-Expense","messageBody":"Add Expense and ExpenseList classes","fileTypesAndContributionMap":{}},{"hash":"365489ab6a86ad405d3d176f5c88264c1ba62e51","isMergeCommit":false,"messageTitle":"Add splitLine class in Main.java to identify command and arguments","messageBody":"","fileTypesAndContributionMap":{"functional-code":{"insertions":31,"deletions":5},"test-code":{"insertions":15,"deletions":0}}}]},{"date":"2023-03-10","commitResults":[{"hash":"d99a82c1abe22a94e743ebed6b4c7ed7f7224a1a","isMergeCommit":false,"messageTitle":"Updated parseCommand class to match what is in the team\u0027s repo","messageBody":"","fileTypesAndContributionMap":{"functional-code":{"insertions":54,"deletions":28},"test-code":{"insertions":21,"deletions":15}}},{"hash":"0e907cde0037bfd7750a74507ac7658a6a84481e","isMergeCommit":true,"messageTitle":"Merge branch \u0027master\u0027 into Thomas-CommandLine","messageBody":"","fileTypesAndContributionMap":{}},{"hash":"ef0000b4ffcfee7978a6418789726c07c7f7af7e","isMergeCommit":false,"messageTitle":"Update Duke.java","messageBody":"update to allow merged conflicts to run","fileTypesAndContributionMap":{"functional-code":{"insertions":1,"deletions":1}}},{"hash":"d813647a03f616d545fb07e069740cddce0317c0","isMergeCommit":true,"messageTitle":"Merge pull request #21 from thomasjlalba/Thomas-CommandLine","messageBody":"Add splitLine class in Main.java to identify command and arguments","fileTypesAndContributionMap":{}}]},{"date":"2023-03-12","commitResults":[{"hash":"2786d97bc8c055a43521781013d30f09ffd39178","isMergeCommit":false,"messageTitle":"Add sortArguments to categorize each argument","messageBody":"","fileTypesAndContributionMap":{"functional-code":{"insertions":41,"deletions":14},"test-code":{"insertions":28,"deletions":9}}},{"hash":"f74fe36c8e6fd123ae4b7abdb1fc087c250781f0","isMergeCommit":false,"messageTitle":"Add JUnit testing for sortArguments method in Parser.java class Also fixed the bugs to let the code run","messageBody":"","fileTypesAndContributionMap":{"functional-code":{"insertions":2,"deletions":2},"test-code":{"insertions":14,"deletions":21}}},{"hash":"3e52ab944de940e640eb6b2ad5f2545c4f55a027","isMergeCommit":false,"messageTitle":"Fix bugs that resulted in JUnit test failing","messageBody":"","fileTypesAndContributionMap":{"functional-code":{"insertions":5,"deletions":4},"test-code":{"insertions":3,"deletions":3}}},{"hash":"8cc6d41f384ddf8ca2bb326cf9195c96bf34ac05","isMergeCommit":true,"messageTitle":"Merge pull request #49 from thomasjlalba/Thomas-parseCommand","messageBody":"Thomas parse command","fileTypesAndContributionMap":{}},{"hash":"97c0009a5f5c0ed44f0896637d11ce4079fedd8b","isMergeCommit":false,"messageTitle":"Fix Compile Error in showAllRecords method in Ui class","messageBody":"","fileTypesAndContributionMap":{"functional-code":{"insertions":1,"deletions":3}}},{"hash":"41c6b9e1f7f8e57db38962d20f2d7e3338a545da","isMergeCommit":true,"messageTitle":"Merge pull request #50 from thomasjlalba/Thomas-FixError","messageBody":"Fix Compile Error in showAllRecords method in Ui class","fileTypesAndContributionMap":{}}]},{"date":"2023-03-14","commitResults":[{"hash":"ab5ba25787c3a7534a54684a8221eeedc7e1cec3","isMergeCommit":false,"messageTitle":"Fixed bug where list did not print the list of expenses and income Removed the recordCount in RecordList class","messageBody":"","fileTypesAndContributionMap":{"functional-code":{"insertions":8,"deletions":13}}},{"hash":"0cf51394d7cecde6c2b1c6be38fc294d01f2a697","isMergeCommit":true,"messageTitle":"Merge branch \u0027master\u0027 into Thomas-list","messageBody":"","fileTypesAndContributionMap":{}},{"hash":"dc64923e7cfe72a9f2844b8ac3c231ea1e881c77","isMergeCommit":false,"messageTitle":"Update RecordList.java","messageBody":"Fixes the error produced after trying to resolve merge conflict","fileTypesAndContributionMap":{"functional-code":{"insertions":1,"deletions":1}}}]},{"date":"2023-03-15","commitResults":[{"hash":"bc4ece54ab42b17c2c24d70c512d34a853a58fa3","isMergeCommit":false,"messageTitle":"Fixed bug where money values display with more than 2 d.p.","messageBody":"","fileTypesAndContributionMap":{"functional-code":{"insertions":18,"deletions":10}}},{"hash":"49aa5e0d208882759db01100ef8fa121a731457a","isMergeCommit":false,"messageTitle":"fixed bug where add expense contained incorrect/missing fields","messageBody":"","fileTypesAndContributionMap":{"functional-code":{"insertions":16,"deletions":7}}},{"hash":"9c96bb2d506f2e73e13570deab593b41114b8b78","isMergeCommit":false,"messageTitle":"fixed bug where add income contain missing fields gave exits the program with an error","messageBody":"","fileTypesAndContributionMap":{"functional-code":{"insertions":8,"deletions":2}}},{"hash":"32e6c3e1ae690d175d5a3edfe2ff5e4786da42df","isMergeCommit":false,"messageTitle":"updated JUnit testing","messageBody":"","fileTypesAndContributionMap":{"test-code":{"insertions":1,"deletions":1}}},{"hash":"44f6d5e1286508c4ba5e1056eac16fc251e8d36b","isMergeCommit":true,"messageTitle":"Merge pull request #85 from thomasjlalba/Thomas-ErrorHandling","messageBody":"Fix bugs in `add income` and `add expense` commands","fileTypesAndContributionMap":{}},{"hash":"69d12b2217022c2c1e91de3edf6c55f921bbf5c9","isMergeCommit":false,"messageTitle":"Add JUnit testing for AddExpenseCommand class","messageBody":"","fileTypesAndContributionMap":{"test-code":{"insertions":75,"deletions":0}}},{"hash":"ba22b3366f29f17f9a3be14d154ea4ebf0e18fb6","isMergeCommit":false,"messageTitle":"Add JUnit testing for AddIncomeCommand","messageBody":"","fileTypesAndContributionMap":{"functional-code":{"insertions":1,"deletions":1},"test-code":{"insertions":65,"deletions":2}}},{"hash":"dbbadeab065aa2281c761d4a04baf9e1592b3a90","isMergeCommit":false,"messageTitle":"Add comments for fail command to make it easier to understand","messageBody":"","fileTypesAndContributionMap":{"test-code":{"insertions":9,"deletions":9}}},{"hash":"977794d5db602019f02f697d295180a2f4671314","isMergeCommit":false,"messageTitle":"Update naming convention of test methods to pass gradle check","messageBody":"","fileTypesAndContributionMap":{"test-code":{"insertions":11,"deletions":11}}},{"hash":"04ed4ba68ebdf755d192c0f09e0ee8ba6ff11bf5","isMergeCommit":true,"messageTitle":"Merge pull request #86 from thomasjlalba/Thomas-CommandJUnit","messageBody":"Add JUnit testing for AddExpenseCommand and AddIncomeCommand classes","fileTypesAndContributionMap":{}},{"hash":"a48d5377c41347c062304c292c9a7dfbd168114d","isMergeCommit":false,"messageTitle":"Fixed code cosmetics to pass gradle check Updated JUnit Testing in DeleteExpenseCommand and DeleteIncomeCommand classes","messageBody":"","fileTypesAndContributionMap":{"test-code":{"insertions":81,"deletions":51}}},{"hash":"6e01d36fedddaf46326f1079eb0d883f48f5a311","isMergeCommit":false,"messageTitle":"update JUnit testing in BalanceCommandTest class","messageBody":"","fileTypesAndContributionMap":{"functional-code":{"insertions":6,"deletions":1},"test-code":{"insertions":36,"deletions":10}}},{"hash":"77e09d2a015b20500f37161a9cce681524f1ebc4","isMergeCommit":true,"messageTitle":"Merge pull request #91 from thomasjlalba/Thomas-JUnit","messageBody":"Updated JUnit testing and fixed coding standard violations","fileTypesAndContributionMap":{}},{"hash":"47d76909a7ba576a575430e50b92e9b9378c1e66","isMergeCommit":false,"messageTitle":"Fixed delete expense command in DeleteExpenseCommand class","messageBody":"","fileTypesAndContributionMap":{"functional-code":{"insertions":27,"deletions":14},"test-code":{"insertions":2,"deletions":2}}},{"hash":"223b39a452460ea478a72768e2fa3792ccc5d633","isMergeCommit":false,"messageTitle":"Fixed delete income command in DeleteIncomeCommand class","messageBody":"","fileTypesAndContributionMap":{"functional-code":{"insertions":21,"deletions":5},"test-code":{"insertions":4,"deletions":4}}},{"hash":"7cbe86e74ab9e89806d5c67aa31c2f870e10bbe3","isMergeCommit":false,"messageTitle":"Update JUnit Testing in DeleteIncomeCommandTest class","messageBody":"","fileTypesAndContributionMap":{"test-code":{"insertions":19,"deletions":5}}},{"hash":"32f45cc6ed1925f074d1900e61235c6b2565058a","isMergeCommit":false,"messageTitle":"Update JUnit testing in DeleteExpenseCommandTest class","messageBody":"","fileTypesAndContributionMap":{"functional-code":{"insertions":1,"deletions":1},"test-code":{"insertions":25,"deletions":9}}},{"hash":"36ce632e564a34210a09f2cf628064ef5161a70b","isMergeCommit":false,"messageTitle":"Fix coding standard violations","messageBody":"","fileTypesAndContributionMap":{"functional-code":{"insertions":10,"deletions":7},"test-code":{"insertions":2,"deletions":2}}},{"hash":"3030dfa1a3d16addfd1a6decaf92b591c80cb3e5","isMergeCommit":true,"messageTitle":"Merge pull request #93 from thomasjlalba/Thomas-DeleteCommands","messageBody":"Fixed bug to handle exceptions for missing/incorrect fields for delete income/expense commands","fileTypesAndContributionMap":{}},{"hash":"5aa7c6ad8e52d52346f9f286aad9904c0e2b4b29","isMergeCommit":false,"messageTitle":"Update JUnit method names to match coding standards","messageBody":"","fileTypesAndContributionMap":{"test-code":{"insertions":37,"deletions":23}}},{"hash":"cca7b7c27ec7a05dc1097a8d176550bac49a047c","isMergeCommit":true,"messageTitle":"Merge pull request #94 from thomasjlalba/Thomas-CodingStandard","messageBody":"Update JUnit method names to match coding standards","fileTypesAndContributionMap":{}}]},{"date":"2023-03-16","commitResults":[{"hash":"2fb4d4cd02a5d269b65955c484eb3d2b7dbe4c22","isMergeCommit":false,"messageTitle":"Add assertion in AddExpenseCommand class","messageBody":"","fileTypesAndContributionMap":{"functional-code":{"insertions":1,"deletions":0}}},{"hash":"9f8b96bf256171655e347d5c1e83296b409763e2","isMergeCommit":true,"messageTitle":"Merge pull request #99 from thomasjlalba/Thomas-Assertion","messageBody":"Add assertion in AddExpenseCommand class","fileTypesAndContributionMap":{}}]}],"nafisazizir":[{"date":"2023-03-02","commitResults":[{"hash":"929eea7dbb65842e25a37ddb8142d36e50a97561","isMergeCommit":false,"messageTitle":"Update About Us","messageBody":"","fileTypesAndContributionMap":{"docs":{"insertions":19,"deletions":13}}}]},{"date":"2023-03-10","commitResults":[{"hash":"1b6dbc7763c37dd933a19886a3b8aa532a88dad8","isMergeCommit":false,"messageTitle":"Add 1 Expense Test","messageBody":"","fileTypesAndContributionMap":{"test-code":{"insertions":7,"deletions":0}}},{"hash":"50244f9668ee42efb1fd838f9391f266ecd552ac","isMergeCommit":false,"messageTitle":"Fix checkstyle, delete unused imports and change the order of variable instantiation","messageBody":"","fileTypesAndContributionMap":{"test-code":{"insertions":3,"deletions":4}}},{"hash":"57151fddb913360e02cc9036d21c3efc095876ea","isMergeCommit":true,"messageTitle":"Merge pull request #24 from nafisazizir/master","messageBody":"Add 1 Expense test","fileTypesAndContributionMap":{}}]},{"date":"2023-03-12","commitResults":[{"hash":"a0a839b18aacf32d8510ef6309df061cf6f10d1d","isMergeCommit":false,"messageTitle":"create UI, and storage class, delete Duke.class","messageBody":"","fileTypesAndContributionMap":{"functional-code":{"insertions":117,"deletions":0}}},{"hash":"df013b677568e4935fff1bc23e4e8b8437e8f933","isMergeCommit":true,"messageTitle":"Merge pull request #45 from nafisazizir/master","messageBody":"create UI, and storage class, delete Duke.class","fileTypesAndContributionMap":{}},{"hash":"077b300e3c38b3dd38b2b1cc93e5f4e7e3a4420f","isMergeCommit":false,"messageTitle":"Delete Storage.java","messageBody":"","fileTypesAndContributionMap":{"functional-code":{"insertions":0,"deletions":31}}}]},{"date":"2023-03-13","commitResults":[{"hash":"75c659bd4ca05ef8f05175c269f4a08278bc972f","isMergeCommit":false,"messageTitle":"fix Storage bug","messageBody":"","fileTypesAndContributionMap":{"functional-code":{"insertions":3,"deletions":1}}},{"hash":"ab24df01c74552ca5940d1750443c403592bbe12","isMergeCommit":true,"messageTitle":"Merge branch \u0027master\u0027 of https://github.com/AY2223S2-CS2113-T12-1/tp","messageBody":"* \u0027master\u0027 of https://github.com/AY2223S2-CS2113-T12-1/tp:\n  Update Parser.java\n  implement edit function\n  Update Parser.java\n  implement add and list functionality for incomeList and ExpenseList\n  Changing parser for incomeList and expenseList methods\n  Fix Compile Error in showAllRecords method in Ui class\n  Delete Storage.java\n  Fix bugs that resulted in JUnit test failing\n  Add JUnit testing for sortArguments method in Parser.java class Also fixed the bugs to let the code run\n  Add sortArguments to categorize each argument\n\n# Conflicts:\n#\tsrc/main/java/seedu/duke/Storage.java\n","fileTypesAndContributionMap":{}},{"hash":"3071aa4a4627e0c07ff31ef80208b1c43898d803","isMergeCommit":false,"messageTitle":"refactor the package names","messageBody":"","fileTypesAndContributionMap":{"other":{"insertions":33,"deletions":33}}},{"hash":"f945886e311a26035679cc691facf934acecbc9e","isMergeCommit":false,"messageTitle":"modify main method, create command packages, create exception class to handle error","messageBody":"","fileTypesAndContributionMap":{"functional-code":{"insertions":75,"deletions":48}}},{"hash":"2a6c9747d3a0e13eb9261dabf1fe2102813535c3","isMergeCommit":false,"messageTitle":"create Exit and Help Command class, add get() method in the recordList, modify Storage and Ui class","messageBody":"","fileTypesAndContributionMap":{"functional-code":{"insertions":67,"deletions":12}}}]},{"date":"2023-03-14","commitResults":[{"hash":"b0b98d26759884dccd653ac1cc55a8d19efb79b4","isMergeCommit":false,"messageTitle":"delete unused import","messageBody":"","fileTypesAndContributionMap":{"functional-code":{"insertions":1,"deletions":2}}},{"hash":"ec37dbcfceab4a7e9abade04f45c777dcde0d89e","isMergeCommit":true,"messageTitle":"Merge branch \u0027master\u0027 of https://github.com/AY2223S2-CS2113-T12-1/tp","messageBody":"* \u0027master\u0027 of https://github.com/AY2223S2-CS2113-T12-1/tp:\n  refactoring code\n  refactor code\n  code refactoring\n  refactoring and OOP\n  Update ChChing.java\n  Update ChChing.java\n  Update ChChing.java\n","fileTypesAndContributionMap":{}},{"hash":"79ad95c5d27553ccf9243a6d572b0a8bb1d67f4e","isMergeCommit":false,"messageTitle":"Add load method to the storage, refactor some types from float to double","messageBody":"","fileTypesAndContributionMap":{"functional-code":{"insertions":111,"deletions":43}}},{"hash":"8d0023620a909001faf7229a03c7022c4d815b1c","isMergeCommit":false,"messageTitle":"add new line","messageBody":"","fileTypesAndContributionMap":{"functional-code":{"insertions":1,"deletions":1}}},{"hash":"a766bc6f1ab8976497ce674fa10310b89345c151","isMergeCommit":false,"messageTitle":"delete debug curse word :D","messageBody":"","fileTypesAndContributionMap":{"functional-code":{"insertions":0,"deletions":1}}},{"hash":"e789f0a0c0316bbd51b95d9c98d1fc1061945cb7","isMergeCommit":true,"messageTitle":"Merge pull request #68 from nafisazizir/master","messageBody":"Implement Storage Class","fileTypesAndContributionMap":{}},{"hash":"d9ef24ae2d1a54a61f03ba0b505a484c209e3093","isMergeCommit":false,"messageTitle":"fix some Storage bug","messageBody":"","fileTypesAndContributionMap":{"functional-code":{"insertions":33,"deletions":29}}}]},{"date":"2023-03-15","commitResults":[{"hash":"4468ce18328331f0a3c1e3bc62059468fb9e2423","isMergeCommit":true,"messageTitle":"merge pull","messageBody":"","fileTypesAndContributionMap":{}},{"hash":"667c3d37161702e6f06f8078caf1f5facb073b8e","isMergeCommit":true,"messageTitle":"Merge branch \u0027master\u0027 of https://github.com/AY2223S2-CS2113-T12-1/tp","messageBody":"* \u0027master\u0027 of https://github.com/AY2223S2-CS2113-T12-1/tp:\n  updated JUnit testing\n  fixed bug where add income contain missing fields gave exits the program with an error\n  fixed bug where add expense contained incorrect/missing fields\n  Fixed bug where money values display with more than 2 d.p.\n\n# Conflicts:\n#\tsrc/main/java/chching/record/Record.java\n","fileTypesAndContributionMap":{}},{"hash":"042a4d0fbcbb3d0534b1815084ac9aa04e07270f","isMergeCommit":false,"messageTitle":"fix some UI bugs","messageBody":"","fileTypesAndContributionMap":{"functional-code":{"insertions":8,"deletions":17},"test-code":{"insertions":1,"deletions":1}}},{"hash":"2b8b2c4e85c46723d487c17c4b13a28cffebab29","isMergeCommit":true,"messageTitle":"Merge pull request #87 from nafisazizir/Nafis-UIBugs","messageBody":"Nafis UI bugs","fileTypesAndContributionMap":{}},{"hash":"2de08cf80c93c348c806c4fa633d7350dafa43de","isMergeCommit":false,"messageTitle":"add assertion","messageBody":"","fileTypesAndContributionMap":{"functional-code":{"insertions":4,"deletions":1}}}]}],"Rayleigh47":[{"date":"2023-03-02","commitResults":[{"hash":"7e3f255e9cf4962e18baafc4bb64974a08f4846b","isMergeCommit":false,"messageTitle":"Yan Ming\u0027s AboutUs.md","messageBody":"","fileTypesAndContributionMap":{"docs":{"insertions":7,"deletions":7}}},{"hash":"b04b57748225c6d1a511a464f6f1f01d046584c4","isMergeCommit":false,"messageTitle":"Ym\u0027s aboutUs.md update","messageBody":"","fileTypesAndContributionMap":{"docs":{"insertions":7,"deletions":7}}},{"hash":"75ad967cf44c970bf94ff4d198d2804cce965848","isMergeCommit":true,"messageTitle":"Merge pull request #1 from nafisazizir/Nafis-AboutUs","messageBody":"Update About Us","fileTypesAndContributionMap":{}},{"hash":"3c10eb07d07251e0df2cd608f52be3788c68c969","isMergeCommit":true,"messageTitle":"Merge branch \u0027master\u0027 into avielcx-AboutUs","messageBody":"","fileTypesAndContributionMap":{}},{"hash":"f21ccc61535eaf1118e2bec297b505b1459c8d4e","isMergeCommit":true,"messageTitle":"Merge pull request #2 from avielcx/avielcx-AboutUs","messageBody":"Add AboutUs for avielcx","fileTypesAndContributionMap":{}},{"hash":"241ca0add7597220a28849232a9ecefc67738cfe","isMergeCommit":true,"messageTitle":"Merge branch \u0027master\u0027 into YanMing-AboutUs","messageBody":"","fileTypesAndContributionMap":{}},{"hash":"62bae9e756101a265d6a0dff7dc6a84f3757df19","isMergeCommit":true,"messageTitle":"Merge pull request #3 from Rayleigh47/YanMing-AboutUs","messageBody":"Add Ym\u0027s AboutUs","fileTypesAndContributionMap":{}},{"hash":"418bc442d2d78377040c7ac16bd0829788e08572","isMergeCommit":false,"messageTitle":"edit","messageBody":"","fileTypesAndContributionMap":{"docs":{"insertions":1,"deletions":1}}},{"hash":"df7447184900d259c5ddb51df8848ec889ac8e35","isMergeCommit":true,"messageTitle":"resolved merge conflicts","messageBody":"","fileTypesAndContributionMap":{}},{"hash":"7f4cefe2c5cc25c704de8dedcb0e90495ad70c6f","isMergeCommit":true,"messageTitle":"edit AboutUs.md","messageBody":"","fileTypesAndContributionMap":{}},{"hash":"497a202d89b5fe42203ae56cae5e5a88a6d279b9","isMergeCommit":true,"messageTitle":"Merge pull request #4 from Rayleigh47/YanMing-AboutUs","messageBody":"Edit ym AboutUs","fileTypesAndContributionMap":{}},{"hash":"7015171a65bdedafb21dab5ccfac167ca1228eb3","isMergeCommit":false,"messageTitle":"Updated display","messageBody":"","fileTypesAndContributionMap":{"docs":{"insertions":1,"deletions":1}}},{"hash":"4607f25335a09812f166ea06147901c030f7e220","isMergeCommit":true,"messageTitle":"Merge pull request #7 from Rayleigh47/YanMing-AboutUs","messageBody":"Updated display","fileTypesAndContributionMap":{}}]},{"date":"2023-03-09","commitResults":[{"hash":"6f43d70db458c8030711044967de8ad8d7ea1fdb","isMergeCommit":false,"messageTitle":"parser update","messageBody":"","fileTypesAndContributionMap":{"functional-code":{"insertions":47,"deletions":6}}},{"hash":"d48dcb0292319d655aaa5a851e6c9b6890b338c7","isMergeCommit":false,"messageTitle":"Added parser and junit test for expense descrption","messageBody":"","fileTypesAndContributionMap":{"functional-code":{"insertions":22,"deletions":26},"test-code":{"insertions":14,"deletions":0}}},{"hash":"315d91801bd0ef89812350eb30aec4cd2c61141c","isMergeCommit":false,"messageTitle":"Added parser and junit test for expense descrption","messageBody":"","fileTypesAndContributionMap":{"functional-code":{"insertions":1,"deletions":1},"test-code":{"insertions":1,"deletions":0}}},{"hash":"3cd0a12ca656e1a00ea8a3ddd2c542d03e094f06","isMergeCommit":true,"messageTitle":"Merge pull request #20 from Rayleigh47/YanMing-Testing","messageBody":"Parser and junit test","fileTypesAndContributionMap":{}}]},{"date":"2023-03-11","commitResults":[{"hash":"6e6139c706ad56ee64cf0a62d7f9853a8f6c1de7","isMergeCommit":false,"messageTitle":"added record class","messageBody":"","fileTypesAndContributionMap":{"functional-code":{"insertions":46,"deletions":0}}},{"hash":"7eb52d2d7c4c0df44911023328074ddeccd11136","isMergeCommit":true,"messageTitle":"Merge pull request #27 from Rayleigh47/task-record","messageBody":"Added Record parent class","fileTypesAndContributionMap":{}},{"hash":"d9d81770a3b6389efe8aff7466e3552964abcd4d","isMergeCommit":false,"messageTitle":"Naming cleanup + Junit testing","messageBody":"","fileTypesAndContributionMap":{"functional-code":{"insertions":2,"deletions":2},"other":{"insertions":10,"deletions":10},"test-code":{"insertions":15,"deletions":0}}},{"hash":"36c70b3be29df016160ce545322c051a97082442","isMergeCommit":false,"messageTitle":"Update RecordTest.java","messageBody":"","fileTypesAndContributionMap":{"test-code":{"insertions":0,"deletions":1}}},{"hash":"8cba92bafb6f6c4046bb55b231ce708dfad05bf7","isMergeCommit":false,"messageTitle":"Removed un-needed imports for clean code","messageBody":"","fileTypesAndContributionMap":{"test-code":{"insertions":1,"deletions":3}}},{"hash":"140485296ceee7c1604bb4c1ea090d2b71caec69","isMergeCommit":true,"messageTitle":"cleanup RecordTest and ExpenseTest by removing un-needed imports","messageBody":"","fileTypesAndContributionMap":{}},{"hash":"9f2204ceeb51cf7a2ebac1d8f6be63c2e4bbab9d","isMergeCommit":false,"messageTitle":"cleanup RecordTest and ExpenseTest by removing un-needed imports","messageBody":"","fileTypesAndContributionMap":{"other":{"insertions":1,"deletions":1}}},{"hash":"151b6bda59b7ee2139b6fd527bcf14080dd3a1d0","isMergeCommit":true,"messageTitle":"Merge pull request #35 from Rayleigh47/task-cleanup","messageBody":"[Task] Cleanup code, rename project and JUnit Testing","fileTypesAndContributionMap":{}}]},{"date":"2023-03-12","commitResults":[{"hash":"46f5dac35eb30669388a59fcbfda89428004f8af","isMergeCommit":false,"messageTitle":"Changing parser for incomeList and expenseList methods","messageBody":"","fileTypesAndContributionMap":{"functional-code":{"insertions":54,"deletions":13}}},{"hash":"e8b7ebe447338a1ff5fe82e6030dafde63c056cc","isMergeCommit":false,"messageTitle":"implement add and list functionality for incomeList and ExpenseList","messageBody":"","fileTypesAndContributionMap":{"functional-code":{"insertions":22,"deletions":10}}},{"hash":"43a42d9d05a67871c2e5fdbc41a3d77c00c6cae4","isMergeCommit":false,"messageTitle":"Update Parser.java","messageBody":"","fileTypesAndContributionMap":{"functional-code":{"insertions":5,"deletions":1}}},{"hash":"54b02182844943f63209657df7ff044730a0b995","isMergeCommit":true,"messageTitle":"Merge pull request #52 from Rayleigh47/task-cleanup2","messageBody":"Added add and list for income and expenses","fileTypesAndContributionMap":{}},{"hash":"8e5411eb5355f84df4c428ebc7785aafee428c39","isMergeCommit":false,"messageTitle":"implement edit function","messageBody":"","fileTypesAndContributionMap":{"functional-code":{"insertions":94,"deletions":2}}},{"hash":"9fb9d4bd66b655783f7f3e93013ace2849ea4849","isMergeCommit":false,"messageTitle":"Update Parser.java","messageBody":"","fileTypesAndContributionMap":{"functional-code":{"insertions":0,"deletions":1}}},{"hash":"c08ebf1cd87d8ca7a8780409108042c3008eae34","isMergeCommit":true,"messageTitle":"Merge pull request #54 from Rayleigh47/task-edit","messageBody":"Implement edit function","fileTypesAndContributionMap":{}}]},{"date":"2023-03-13","commitResults":[{"hash":"ea6a8cfe14f602c11a1f9b04679855d626cc976e","isMergeCommit":false,"messageTitle":"Update ChChing.java","messageBody":"","fileTypesAndContributionMap":{"functional-code":{"insertions":5,"deletions":4}}},{"hash":"1d24fba581257d66a2d2284095b8c218481862c4","isMergeCommit":false,"messageTitle":"Update ChChing.java","messageBody":"","fileTypesAndContributionMap":{"functional-code":{"insertions":1,"deletions":1}}},{"hash":"4a47419e2fbab650b973f4365dc3323c1bef0481","isMergeCommit":false,"messageTitle":"Update ChChing.java","messageBody":"","fileTypesAndContributionMap":{"functional-code":{"insertions":1,"deletions":1}}},{"hash":"7853aeb097a5fd41b5efadb1800bd976c390fad2","isMergeCommit":true,"messageTitle":"Merge pull request #56 from nafisazizir/master","messageBody":"Refactor, modify main, add some class","fileTypesAndContributionMap":{}},{"hash":"b8cd0849605b436c66e1a586ae752f3f43fbfcd4","isMergeCommit":false,"messageTitle":"refactoring and OOP","messageBody":"","fileTypesAndContributionMap":{"functional-code":{"insertions":316,"deletions":185},"test-code":{"insertions":1,"deletions":0}}},{"hash":"32e3ca24ff85ff6f251242776d8487b44b6d51ab","isMergeCommit":false,"messageTitle":"code refactoring","messageBody":"","fileTypesAndContributionMap":{"functional-code":{"insertions":53,"deletions":28},"test-code":{"insertions":0,"deletions":7}}},{"hash":"1f6e9d57d04b8507dde0355aafba1a96fbdcade5","isMergeCommit":false,"messageTitle":"refactor code","messageBody":"","fileTypesAndContributionMap":{"other":{"insertions":2,"deletions":2}}},{"hash":"001b225650e07be430b7878b6795a2ac84bf5ee7","isMergeCommit":false,"messageTitle":"refactoring code","messageBody":"","fileTypesAndContributionMap":{"other":{"insertions":1,"deletions":1}}},{"hash":"5d773920f9ff8fbb4eb3fbc640f521762f3cfb12","isMergeCommit":true,"messageTitle":"Merge pull request #59 from Rayleigh47/task-refactor-classes","messageBody":"Refactor classes","fileTypesAndContributionMap":{}}]},{"date":"2023-03-14","commitResults":[{"hash":"f1c53e1acfce2e764da8681635eb697e5307e7f4","isMergeCommit":false,"messageTitle":"modified income class and removed edit functionality","messageBody":"","fileTypesAndContributionMap":{"functional-code":{"insertions":14,"deletions":102}}},{"hash":"6404206b8b1db4d907a04a5271d712809e3bffd0","isMergeCommit":true,"messageTitle":"Implement changes to income class, add invalidCommand","messageBody":"","fileTypesAndContributionMap":{}},{"hash":"7b19fe3c6028cecc06d38ec40d5faebe9164abcb","isMergeCommit":true,"messageTitle":"Merge pull request #80 from Rayleigh47/change-income-class","messageBody":"Change income class and add invalid command","fileTypesAndContributionMap":{}},{"hash":"1568875d10368e1b0daa00eac1ccc8d7a70ab396","isMergeCommit":false,"messageTitle":"implement InvalidCommand","messageBody":"","fileTypesAndContributionMap":{"functional-code":{"insertions":16,"deletions":0}}},{"hash":"0458720c8d53739719e59aaa8e1b1221d0616c4c","isMergeCommit":false,"messageTitle":"change income and invalid command","messageBody":"","fileTypesAndContributionMap":{"functional-code":{"insertions":36,"deletions":115}}},{"hash":"37117a96d75e359e13681258b1fda56f2120e4ce","isMergeCommit":false,"messageTitle":"Debug storage","messageBody":"","fileTypesAndContributionMap":{"functional-code":{"insertions":14,"deletions":15}}}]},{"date":"2023-03-15","commitResults":[{"hash":"f92fc70638afdd725fe65e84f840966acbd085ba","isMergeCommit":false,"messageTitle":"debug storage to read/write income and expense","messageBody":"","fileTypesAndContributionMap":{"functional-code":{"insertions":8,"deletions":9},"test-code":{"insertions":1,"deletions":1}}},{"hash":"bc15f5b1a4861b8108d8d919aea08a9a5854e12d","isMergeCommit":true,"messageTitle":"Merge pull request #82 from Rayleigh47/fix-storage","messageBody":"Fix storage","fileTypesAndContributionMap":{}},{"hash":"5740546081e5e2d45b6a29421c1a2bb6b5bf66b6","isMergeCommit":false,"messageTitle":"update user guide","messageBody":"","fileTypesAndContributionMap":{"functional-code":{"insertions":2,"deletions":2},"docs":{"insertions":82,"deletions":29}}},{"hash":"15ab600ec945cb227a7e346958b4a97cbfd7d4a8","isMergeCommit":false,"messageTitle":"Changed delete command to parse /in","messageBody":"","fileTypesAndContributionMap":{"functional-code":{"insertions":2,"deletions":2}}},{"hash":"53eaafabac75c2f9ff459a7cf38af5651a5dfe11","isMergeCommit":false,"messageTitle":"edit AddExpenseCommand to use ui to print","messageBody":"","fileTypesAndContributionMap":{"functional-code":{"insertions":1,"deletions":2}}},{"hash":"7e871793919ea36c29bc5cc2c23bc8953946605b","isMergeCommit":false,"messageTitle":"cleanup unused code","messageBody":"","fileTypesAndContributionMap":{"test-code":{"insertions":0,"deletions":39}}},{"hash":"81f2f5f9e2005a13c7d7f6602e38c3ea026d420a","isMergeCommit":false,"messageTitle":"standardize ui messages output","messageBody":"","fileTypesAndContributionMap":{"functional-code":{"insertions":2,"deletions":2}}},{"hash":"506bd971ae684dc684d0d9e7fb28534a87aef0a6","isMergeCommit":false,"messageTitle":"standardize print format for list expense and list income","messageBody":"","fileTypesAndContributionMap":{"functional-code":{"insertions":4,"deletions":4}}},{"hash":"4d13adbac1126f39a4a300222bb7a87f3267db0d","isMergeCommit":false,"messageTitle":"standardize AboutUs.md","messageBody":"","fileTypesAndContributionMap":{"functional-code":{"insertions":1,"deletions":1},"docs":{"insertions":10,"deletions":4}}},{"hash":"878d787977b4e0891f58106dc107ea36a04e5ac9","isMergeCommit":true,"messageTitle":"Merge pull request #95 from Rayleigh47/update-userguide","messageBody":"Update user guide, cleaned up and standardize code","fileTypesAndContributionMap":{}},{"hash":"064795b826289120a57fb2c296da396bee6a746f","isMergeCommit":false,"messageTitle":"standardize code and gitignore data folder","messageBody":"","fileTypesAndContributionMap":{"functional-code":{"insertions":5,"deletions":9}}},{"hash":"2ec753d353db526982b3bd23ee5b60f3af7bb6a2","isMergeCommit":true,"messageTitle":"Merge pull request #98 from Rayleigh47/master","messageBody":"standardize code and gitignore data folder","tags":["v1.0"],"fileTypesAndContributionMap":{}}]},{"date":"2023-03-16","commitResults":[{"hash":"f986be8870c3f1128f2c04530b90aacb69333d57","isMergeCommit":false,"messageTitle":"Added asertion for DeleteExpenseCommand","messageBody":"","fileTypesAndContributionMap":{"functional-code":{"insertions":1,"deletions":0}}},{"hash":"0036d83c70a40983ab5f1457d0156cd8b5ed2d24","isMergeCommit":true,"messageTitle":"Merge pull request #100 from Rayleigh47/assert-deleteExpenseCommand","messageBody":"Added asertion for DeleteExpenseCommand","fileTypesAndContributionMap":{}}]}],"avielcx":[{"date":"2023-03-02","commitResults":[{"hash":"70360b5da9e6495b774c03f3d5c2efd345fb6dc7","isMergeCommit":false,"messageTitle":"Add AboutUs","messageBody":"","fileTypesAndContributionMap":{"docs":{"insertions":7,"deletions":7}}},{"hash":"4b776020b31b17aa4432e6f6d8489c97f4810603","isMergeCommit":false,"messageTitle":"Aviel\u0027s About Us","messageBody":"","fileTypesAndContributionMap":{"docs":{"insertions":1,"deletions":1}}},{"hash":"0ad6b527ee0046c76603d73625c22df9eb69e472","isMergeCommit":false,"messageTitle":"Update AboutUs.md","messageBody":"","fileTypesAndContributionMap":{"docs":{"insertions":1,"deletions":1}}},{"hash":"29731da8ad536077f4850fd483672476e12606a5","isMergeCommit":true,"messageTitle":"Merge branch \u0027master\u0027 of https://github.com/AY2223S2-CS2113-T12-1/tp into avielcx-AboutUs","messageBody":"# Conflicts:\n#\tdocs/AboutUs.md\n","fileTypesAndContributionMap":{}},{"hash":"b7b7f4bf166d75060252901df187381635cc2dc9","isMergeCommit":true,"messageTitle":"Merge pull request #5 from avielcx/avielcx-AboutUs","messageBody":"About Us Update","fileTypesAndContributionMap":{}}]},{"date":"2023-03-09","commitResults":[{"hash":"20fd49f5dffbf5db0d57a2fedc4d0ec817b8bd2b","isMergeCommit":false,"messageTitle":"Exit test, ExpenseList count test","messageBody":"","fileTypesAndContributionMap":{"test-code":{"insertions":50,"deletions":0}}},{"hash":"7cf04f69407ada74f853a16407520c979a9749c7","isMergeCommit":false,"messageTitle":"Update test file","messageBody":"","fileTypesAndContributionMap":{"test-code":{"insertions":5,"deletions":10}}},{"hash":"1836d2d8989a1512c259817c3994555ca86427a6","isMergeCommit":false,"messageTitle":"Update test file","messageBody":"","fileTypesAndContributionMap":{"test-code":{"insertions":4,"deletions":1}}},{"hash":"42729022b235e6a06ee7b56ebfb88c7d91530c97","isMergeCommit":false,"messageTitle":"Update test file","messageBody":"","fileTypesAndContributionMap":{"test-code":{"insertions":1,"deletions":1}}},{"hash":"898d4ae7b503674c46876b901bde0374055b6259","isMergeCommit":false,"messageTitle":"Update test file","messageBody":"","fileTypesAndContributionMap":{"test-code":{"insertions":1,"deletions":6}}},{"hash":"2f9eafe17a55270655bd5b7a619649a26efed024","isMergeCommit":true,"messageTitle":"Merge pull request #18 from avielcx/master","messageBody":"update test file","fileTypesAndContributionMap":{}}]},{"date":"2023-03-12","commitResults":[{"hash":"65e0f97a73a270d1c73ce6521c22e24cf659309f","isMergeCommit":false,"messageTitle":"Add Income, IncomeList, Expense, ExpenseList, RecordList classes. Make Record and RecordList classes abstract classes","messageBody":"","fileTypesAndContributionMap":{"functional-code":{"insertions":72,"deletions":50},"docs":{"insertions":7,"deletions":0}}},{"hash":"049f09e46b4c60878d3c6b0c1c8371e2eeda97dd","isMergeCommit":true,"messageTitle":"Merge pull request #42 from avielcx/master","messageBody":"Add Income, IncomeList, Expense, ExpenseList, RecordList classes. Mak…","fileTypesAndContributionMap":{}},{"hash":"f92772ba0e9b33ee36a47813059b51aecd2c86c7","isMergeCommit":false,"messageTitle":"Add private getBalance method for RecordList class. Its child classes will not inherit.","messageBody":"","fileTypesAndContributionMap":{"functional-code":{"insertions":9,"deletions":1}}},{"hash":"40f6916062d6a323d62c00834d2a848772a5dd65","isMergeCommit":true,"messageTitle":"Merge pull request #43 from avielcx/master","messageBody":"Add private getBalance method for RecordList class. Its child classes…","fileTypesAndContributionMap":{}},{"hash":"eda1b6cfc0043a1229f5df1abf11f3e20d10315e","isMergeCommit":false,"messageTitle":"RecordList class no longer abstract","messageBody":"","fileTypesAndContributionMap":{"functional-code":{"insertions":1,"deletions":1}}},{"hash":"ab96304289b60b95a0280dea2453676c2d3aa350","isMergeCommit":true,"messageTitle":"Merge pull request #44 from avielcx/master","messageBody":"RecordList class no longer abstract","fileTypesAndContributionMap":{}}]},{"date":"2023-03-14","commitResults":[{"hash":"fd7ae57e7a4180d8879fd45b7868f2d461042e7c","isMergeCommit":false,"messageTitle":"Add comment","messageBody":"","fileTypesAndContributionMap":{"functional-code":{"insertions":1,"deletions":0}}},{"hash":"04174e96a6a112fced24b404cd10d122ba4c7427","isMergeCommit":true,"messageTitle":"Merge pull request #69 from avielcx/master","messageBody":"Add comment","fileTypesAndContributionMap":{}},{"hash":"dbad9993a3e707f9a840bd81c5ed8153ab50d027","isMergeCommit":true,"messageTitle":"Merge pull request #72 from thomasjlalba/Thomas-list","messageBody":"Fix bug where list did not print the list of expenses and income","fileTypesAndContributionMap":{}},{"hash":"05e10ba72b187147eddb15a5f16e6cc9da9c2624","isMergeCommit":false,"messageTitle":"Add assertions, Add exceptions, Fix logic","messageBody":"","fileTypesAndContributionMap":{"functional-code":{"insertions":63,"deletions":52}}},{"hash":"6c8338e7bab16831b5fb23412f5b9fa321de3f5c","isMergeCommit":true,"messageTitle":"Merge pull request #77 from avielcx/master","messageBody":"Add assertions, Add exceptions, Fix logic","fileTypesAndContributionMap":{}},{"hash":"c28beb9a28aeb2ea7f32689c6e52d25d189adc09","isMergeCommit":false,"messageTitle":"Fix bug","messageBody":"","fileTypesAndContributionMap":{"functional-code":{"insertions":1,"deletions":1}}},{"hash":"19b9c200dcd0d9b5bbb323fc6c5fc1f567b5eaf3","isMergeCommit":true,"messageTitle":"Merge pull request #78 from avielcx/master","messageBody":"Fix bug","fileTypesAndContributionMap":{}},{"hash":"5143645f046f0b8696dc14b41ebdb980323e6293","isMergeCommit":false,"messageTitle":"Exception use example","messageBody":"","fileTypesAndContributionMap":{"functional-code":{"insertions":11,"deletions":2}}},{"hash":"eb772a15d99a5dc8dd30a94041ba231b9713186b","isMergeCommit":true,"messageTitle":"Merge pull request #79 from avielcx/master","messageBody":"Exception use example","fileTypesAndContributionMap":{}}]},{"date":"2023-03-15","commitResults":[{"hash":"7ce7185b6848a28916e70bc12df25696f417962b","isMergeCommit":false,"messageTitle":"Exception handling and bug fix","messageBody":"","fileTypesAndContributionMap":{"functional-code":{"insertions":12,"deletions":2}}},{"hash":"14674e35faac8a90165a86a60331fc7838e60bcf","isMergeCommit":true,"messageTitle":"Merge pull request #88 from avielcx/master","messageBody":"Exception handling and bug fix","fileTypesAndContributionMap":{}},{"hash":"9397fb95fa2c2a6cbf5e4de95d682da02cf289cc","isMergeCommit":false,"messageTitle":"Exception Handling, Add BalanceCommandTest, DeleteExpenseCommandTest. DeleteIncomeCommandTest, IncomeTest, IncomeListTest","messageBody":"","fileTypesAndContributionMap":{"functional-code":{"insertions":6,"deletions":0},"test-code":{"insertions":160,"deletions":0}}},{"hash":"c799621d3b7ac621ae71c7047b381c4640f52b0d","isMergeCommit":true,"messageTitle":"Merge pull request #90 from avielcx/master","messageBody":"Exception Handling, Add BalanceCommandTest, DeleteExpenseCommandTest.…","fileTypesAndContributionMap":{}},{"hash":"03f36c6fd2c41d34d0f4ec7800a65d7703bff2b4","isMergeCommit":true,"messageTitle":"Merge pull request #89 from nafisazizir/Nafis-UIBugs","messageBody":"add assertion","fileTypesAndContributionMap":{}},{"hash":"25ae032ca3bf16e2e77193028527afe15069da28","isMergeCommit":false,"messageTitle":"Remove magic numbers and exception handling","messageBody":"","fileTypesAndContributionMap":{"functional-code":{"insertions":4,"deletions":4},"test-code":{"insertions":130,"deletions":83}}},{"hash":"4bcb7547cd4c1ca9c44030fda527d14cb2257a3b","isMergeCommit":true,"messageTitle":"Merge pull request #96 from avielcx/master","messageBody":"Remove magic numbers and exception handling","fileTypesAndContributionMap":{}},{"hash":"1bab90f9cdf817149c13d201c50dee6e9639ebc0","isMergeCommit":false,"messageTitle":"Fix bug","messageBody":"","fileTypesAndContributionMap":{"test-code":{"insertions":61,"deletions":65}}},{"hash":"0942527d3ba6e94982eaea5f4b0d1f232a36521e","isMergeCommit":true,"messageTitle":"Merge pull request #97 from avielcx/master","messageBody":"Fix bug","fileTypesAndContributionMap":{}}]},{"date":"2023-03-19","commitResults":[{"hash":"ed2059ffcc6e90af3d48969bb46cfa4e5e497b6f","isMergeCommit":false,"messageTitle":"Developer Guide","messageBody":"","fileTypesAndContributionMap":{"docs":{"insertions":4,"deletions":2}}},{"hash":"7e0e96acdfd2bc42fec38919f95ce47b2d6f2753","isMergeCommit":true,"messageTitle":"Merge pull request #102 from avielcx/master","messageBody":"Developer Guide","fileTypesAndContributionMap":{}},{"hash":"239f33f9a390d5864853a80020a3201a119203e1","isMergeCommit":false,"messageTitle":"try inserting image","messageBody":"","fileTypesAndContributionMap":{"docs":{"insertions":1,"deletions":0}}},{"hash":"e4d28c725d41941c155e322218a7f15e39865cd0","isMergeCommit":false,"messageTitle":"Add sequence diagram for DeleteIncomeCommand","messageBody":"","fileTypesAndContributionMap":{"docs":{"insertions":1,"deletions":0}}},{"hash":"1c24f5a5e641b0f5ccbb57dea8fc940eca8979e9","isMergeCommit":true,"messageTitle":"Merge pull request #103 from avielcx/master","messageBody":"Add sequence diagram for DeleteIncomeCommand","fileTypesAndContributionMap":{}}]}]},"authorFileTypeContributionMap":{"hyperbola-bear":{"docs":0,"functional-code":72,"test-code":29,"other":1},"thomasjlalba":{"docs":7,"functional-code":108,"test-code":313},"nafisazizir":{"docs":12,"functional-code":336,"test-code":10},"Rayleigh47":{"docs":86,"functional-code":352,"test-code":14,"other":2},"avielcx":{"docs":13,"functional-code":68,"test-code":263}},"authorContributionVariance":{"hyperbola-bear":598.35803,"thomasjlalba":15521.603,"nafisazizir":4215.917,"Rayleigh47":16141.271,"avielcx":9517.361},"authorDisplayNameMap":{"hyperbola-bear":"CS2113-T12-1 HUNG..MENT","thomasjlalba":"CS2113-T12-1 THOM..ALBA","nafisazizir":"CS2113-T12-1 RIZA..ZIZI","Rayleigh47":"CS2113-T12-1 PANG..MING","avielcx":"CS2113-T12-1 ENG ..VIEL"}}
