{"authorDailyContributionsMap":{"varnika1402":[{"date":"2023-03-11","commitResults":[{"hash":"67d27568d7c68a8dd5a04aeac63ee917c2e23a70","isMergeCommit":false,"messageTitle":"Added delete feature","messageBody":"","fileTypesAndContributionMap":{"functional-code":{"insertions":36,"deletions":2}}},{"hash":"edaffd6361360150c306b3cf015345339c3b44f1","isMergeCommit":true,"messageTitle":"Merge pull request #2 from varnika1402/master","messageBody":"Added delete feature","fileTypesAndContributionMap":{}},{"hash":"d875072bede90a59f6f16572c2a33a7c0482eef0","isMergeCommit":false,"messageTitle":"Added few exceptions","messageBody":"","fileTypesAndContributionMap":{"functional-code":{"insertions":137,"deletions":95}}},{"hash":"10642c56f37c93d82b2d541d64542f4e89ace50e","isMergeCommit":true,"messageTitle":"Merge pull request #3 from varnika1402/master","messageBody":"Added few exceptions","fileTypesAndContributionMap":{}}]},{"date":"2023-03-12","commitResults":[{"hash":"9a327cd51ba11946ef3ca8134e83cefcb8f6a47c","isMergeCommit":false,"messageTitle":"Added add and delete expense junit tests","messageBody":"","fileTypesAndContributionMap":{"functional-code":{"insertions":2,"deletions":2},"test-code":{"insertions":37,"deletions":0}}}]}],"waiter-palypoo":[],"quanganh2810":[{"date":"2023-03-01","commitResults":[{"hash":"781009ac5224da0aad8d0b13d227fe95dca2f6b2","isMergeCommit":false,"messageTitle":"Update AboutUs.md","messageBody":"","fileTypesAndContributionMap":{"docs":{"insertions":5,"deletions":5}}},{"hash":"6c44c397576f59b17cadf1d60c12974e566ae01b","isMergeCommit":false,"messageTitle":"Update AboutUs.md","messageBody":"","fileTypesAndContributionMap":{"docs":{"insertions":1,"deletions":1}}}]},{"date":"2023-03-11","commitResults":[{"hash":"ce631616c2e066dfceef62ec33cabe6659e86358","isMergeCommit":false,"messageTitle":"Add Expense and ExpenseManager class as well as apply the basic functions for MoneyMaster","messageBody":"","fileTypesAndContributionMap":{"functional-code":{"insertions":281,"deletions":12}}},{"hash":"e790935dc5d5e398ad263f47242492826b4659ad","isMergeCommit":true,"messageTitle":"Merge branch \u0027AY2223S2-CS2113-W13-4:master\u0027 into master","messageBody":"","fileTypesAndContributionMap":{}}]}],"WilsonOh":[{"date":"2023-03-01","commitResults":[{"hash":"398e37e6cb56720296bd0318bf8946238fd7312c","isMergeCommit":false,"messageTitle":"Upgrade gradle version to 8.0","messageBody":"","fileTypesAndContributionMap":{"other":{"insertions":6,"deletions":1}}},{"hash":"37f5618e6652af94f1303c65e5a4bbb10a6b318c","isMergeCommit":true,"messageTitle":"Merge pull request #1 from WilsonOh/master","messageBody":"Upgrade gradle version to 8.0","fileTypesAndContributionMap":{}}]},{"date":"2023-03-11","commitResults":[{"hash":"353aa7f2d306dd01b189b22730b8aa0628223847","isMergeCommit":false,"messageTitle":"Add ability to list expenses sorted by name or amount","messageBody":"","fileTypesAndContributionMap":{"functional-code":{"insertions":89,"deletions":29},"other":{"insertions":10,"deletions":0}}},{"hash":"ca64714b419d969da4039f9e5f642aa591031cbd","isMergeCommit":true,"messageTitle":"Merge pull request #5 from WilsonOh/master","messageBody":"Add ability to list expenses sorted by name or amount","fileTypesAndContributionMap":{}},{"hash":"58226b72b01f04691023c4db8a4af4a1d480b0f9","isMergeCommit":false,"messageTitle":"Catch DukeException in Main instead of throwing it","messageBody":"","fileTypesAndContributionMap":{"functional-code":{"insertions":6,"deletions":2}}},{"hash":"c3e83a332fbecbea066743806366565f78b561f8","isMergeCommit":true,"messageTitle":"Merge pull request #6 from WilsonOh/master","messageBody":"Catch DukeException in Main instead of throwing it","fileTypesAndContributionMap":{}}]}],"victorouy":[]},"authorFileTypeContributionMap":{"varnika1402":{"docs":0,"functional-code":82,"test-code":37},"waiter-palypoo":{"docs":0,"functional-code":0,"test-code":0},"quanganh2810":{"docs":5,"functional-code":258,"test-code":0},"WilsonOh":{"docs":0,"functional-code":82,"test-code":0,"other":16},"victorouy":{"docs":0,"functional-code":0,"test-code":0}},"authorContributionVariance":{"varnika1402":2939.623,"waiter-palypoo":0.0,"quanganh2810":3421.5398,"WilsonOh":737.2066,"victorouy":0.0},"authorDisplayNameMap":{"varnika1402":"CS2113-W13-4 VARN..TAVA","waiter-palypoo":"CS2113-W13-4 GOH ..HONG","quanganh2810":"CS2113-W13-4 NGUY.. ANH","WilsonOh":"CS2113-W13-4 OH Y..LSON","victorouy":"CS2113-W13-4 OUY ..RETH"}}
