{"authorDailyContributionsMap":{"kristianachwan":[{"date":"2023-03-01","commitResults":[{"hash":"41fd24a629b811742976736c1d4b0b4cafd15dc4","isMergeCommit":false,"messageTitle":"Edit AboutUs","messageBody":"","fileTypesAndContributionMap":{"docs":{"insertions":8,"deletions":7}}},{"hash":"ae9a62a06e4efd53a3a74f2fb49a8afeeed1c537","isMergeCommit":true,"messageTitle":"Merge pull request #1 from kristianachwan/kristianAchwan/AboutUs","messageBody":"Edit AboutUs","fileTypesAndContributionMap":{}}]},{"date":"2023-03-06","commitResults":[{"hash":"cde4e1d01d39d73bf920ce324d240bff59919b55","isMergeCommit":true,"messageTitle":"Merge branch \u0027master\u0027 into darrenang-AboutUs","messageBody":"","fileTypesAndContributionMap":{}},{"hash":"b85f705153d584f2b7d9bf2ce5bd84fe4db03187","isMergeCommit":true,"messageTitle":"Merge pull request #2 from darrenangwx/darrenang-AboutUs","messageBody":"Darrenang about us","fileTypesAndContributionMap":{}}]},{"date":"2023-03-13","commitResults":[{"hash":"0c136fee981cc3788398cb4285e410027f9985d8","isMergeCommit":false,"messageTitle":"Implement basic Staff entity and its manager","messageBody":"","fileTypesAndContributionMap":{"functional-code":{"insertions":89,"deletions":0}}},{"hash":"cb8ab7cca20f08ef4293b3a500a1f43388501279","isMergeCommit":false,"messageTitle":"Add CRD template Command for staff","messageBody":"","fileTypesAndContributionMap":{"functional-code":{"insertions":63,"deletions":4}}},{"hash":"4645821778acdb23c324ee3832a65ce252db2b72","isMergeCommit":false,"messageTitle":"Implement basic command","messageBody":"","fileTypesAndContributionMap":{"functional-code":{"insertions":30,"deletions":13}}},{"hash":"29c3bdf4c77d75a5c3630daf048d4d8038517496","isMergeCommit":false,"messageTitle":"Add simple error checking command","messageBody":"","fileTypesAndContributionMap":{"functional-code":{"insertions":67,"deletions":29}}},{"hash":"73eaf47c502ef042fa7b518d8637359ed2ade444","isMergeCommit":false,"messageTitle":"Fixx codequality","messageBody":"","fileTypesAndContributionMap":{"functional-code":{"insertions":26,"deletions":18}}}]},{"date":"2023-03-14","commitResults":[{"hash":"925caf50e27ee861a01a993ca518cf28d17b6edc","isMergeCommit":false,"messageTitle":"Generalize input in preparing command","messageBody":"","fileTypesAndContributionMap":{"functional-code":{"insertions":6,"deletions":4}}},{"hash":"086f75af07208a4a6e994a2eb660381e2c55442b","isMergeCommit":true,"messageTitle":"Merge branch \u0027master\u0027 into add_view_delete_Meetings","messageBody":"","fileTypesAndContributionMap":{}},{"hash":"b8c49de29d1b86daa89aefae61e2c1a027776f79","isMergeCommit":false,"messageTitle":"Update DinerDirectorTest.java","messageBody":"","fileTypesAndContributionMap":{"test-code":{"insertions":2,"deletions":3}}},{"hash":"044d422a0538124f6dc3d60f7777779697a1edb7","isMergeCommit":true,"messageTitle":"Merge branch \u0027master\u0027 into kristianAchwan/staff_CRD_v1.0","messageBody":"","fileTypesAndContributionMap":{}},{"hash":"daa7923f814ceb1ef9ead0ffafe3c90904d135db","isMergeCommit":false,"messageTitle":"Update Parser.java","messageBody":"","fileTypesAndContributionMap":{"functional-code":{"insertions":0,"deletions":4}}}]}],"douph810975":[{"date":"2023-03-01","commitResults":[{"hash":"3695a751aa1ccf41b5de86bb0a4facf8247579d6","isMergeCommit":false,"messageTitle":"111","messageBody":"","fileTypesAndContributionMap":{"docs":{"insertions":1,"deletions":1}}}]},{"date":"2023-03-07","commitResults":[{"hash":"834053dcc4c6f359b9d2a1da1850fa37d25b9bb9","isMergeCommit":true,"messageTitle":"Merge pull request #15 from darrenangwx/application-skeleton","messageBody":"Application skeleton","fileTypesAndContributionMap":{}}]},{"date":"2023-03-12","commitResults":[{"hash":"0a6f2e8587a6ee9220d6a1d7c71c299982d1272c","isMergeCommit":false,"messageTitle":"add,delete,view meetings","messageBody":"","fileTypesAndContributionMap":{"functional-code":{"insertions":125,"deletions":2}}},{"hash":"5ddc0318168e78b4e0b71f0b20ec7ac9d8c75bbb","isMergeCommit":false,"messageTitle":"fix bugs for gradle check","messageBody":"","fileTypesAndContributionMap":{"functional-code":{"insertions":22,"deletions":18}}}]},{"date":"2023-03-13","commitResults":[{"hash":"ff06fe834219c7b11c073aa9baa1329c3357a0bf","isMergeCommit":false,"messageTitle":"change files\u0027 format","messageBody":"","fileTypesAndContributionMap":{"functional-code":{"insertions":44,"deletions":31},"other":{"insertions":1,"deletions":1},"test-code":{"insertions":28,"deletions":2}}}]},{"date":"2023-03-14","commitResults":[{"hash":"877d746c4d123c9b1f842fdb92eb2005565fc733","isMergeCommit":true,"messageTitle":"Merge pull request #27 from kristianachwan/kristianAchwan/staff_CRD_v1.0","messageBody":"Kristian achwan/staff crd v1.0","fileTypesAndContributionMap":{}},{"hash":"cc8ab587eae2e8bd5b3078a8f2a6ae33e280719d","isMergeCommit":false,"messageTitle":"update parser for meeting command","messageBody":"","fileTypesAndContributionMap":{"functional-code":{"insertions":57,"deletions":9},"test-code":{"insertions":1,"deletions":1}}},{"hash":"faf859fd2eaf399f85f5b10870cd5d0977bfbf02","isMergeCommit":true,"messageTitle":"Merge branch \u0027add_view_delete_Meetings\u0027 of https://github.com/douph810975/tp into add_view_delete_Meetings","messageBody":"# Conflicts:\n#\tsrc/main/java/common/Messages.java\n#\tsrc/main/java/utils/Parser.java\n","fileTypesAndContributionMap":{}},{"hash":"224c6fbd99eb8c680fdae141722fe1cf9d5d0068","isMergeCommit":true,"messageTitle":"Merge branch \u0027master\u0027 into add_view_delete_Meetings","messageBody":"","fileTypesAndContributionMap":{}}]}],"Zeno-Zr":[{"date":"2023-03-01","commitResults":[{"hash":"055f00fb5ee5d91322e6c731ae3fd88d891a774f","isMergeCommit":false,"messageTitle":"Update AboutUs.md with personal info","messageBody":"","fileTypesAndContributionMap":{"docs":{"insertions":1,"deletions":1}}}]},{"date":"2023-03-12","commitResults":[{"hash":"04141600737afe6c0adf554594cfa4e4f6b904c2","isMergeCommit":false,"messageTitle":"Add package \"menu\" with menu commands","messageBody":"Updating the following features allows us to fulfill the features\nrelating to menu\n* add the following functionalities into codebase:\n    * add dish with name, price and ingredients list\n    * delete dish from any index in the list\n    * view the list of dishes added (menu)\n\nNote: The following version does not check for inputs. i.e.: all inputs\nare assumed to be valid\n","fileTypesAndContributionMap":{"functional-code":{"insertions":197,"deletions":0}}}]},{"date":"2023-03-14","commitResults":[{"hash":"45dd57ea36e8257ec784b36fa0ad74c9eb5b17cf","isMergeCommit":false,"messageTitle":"Restructure menu commands classes","messageBody":"Restructuring the following features allows us to fulfil the features\nrelating to menu commands\n* rename \"StoreDish\" class to \"DishManager\"\n* relocate \"DishManager\" to manager package\n* relocate \"Dish\" to entity package\n* refactor add, view, delete commands in the classes located in menu\npackage\n* refactor \"magic strings\" into constants stored in \"Messages\" class\n* refactor exception messages into constants stored in \"Messages\" class\n* add try and catch blocks in the dish methods located in class \"Parser\"\n","fileTypesAndContributionMap":{"functional-code":{"insertions":132,"deletions":76},"other":{"insertions":7,"deletions":7}}},{"hash":"90af1851f037c74e98fd99d33b513f29c3ea5a44","isMergeCommit":true,"messageTitle":"Merge branch \u0027master\u0027 into LimZhengRong-DishCommands","messageBody":"","fileTypesAndContributionMap":{}},{"hash":"8e6d367e57443ed498080534e55a145ad72c4d7d","isMergeCommit":false,"messageTitle":"Change methods names following camelCase","messageBody":"Methods in the Dishwasher Class changed to follow camelCase\n","fileTypesAndContributionMap":{"functional-code":{"insertions":10,"deletions":10}}},{"hash":"bf4fbe016f9f18f4e32e466214b7c5ce00c716e1","isMergeCommit":false,"messageTitle":"Add test method for DishViewCommand","messageBody":"Restructuring the following features allows us to fulfil the features\nrelating to menu commands\n* Add test method for DishViewCommand method in DinerDirectorTest class\n* Refactor code for DishAddCommand method in Parser class\n","fileTypesAndContributionMap":{"functional-code":{"insertions":25,"deletions":11},"test-code":{"insertions":28,"deletions":1}}},{"hash":"bea63c7c95bbd31f4be971bf2b0df1bbd2eef287","isMergeCommit":false,"messageTitle":"Change methods names following camelCase","messageBody":"* Change method name in DinerDirectorTest to follow camelCase\n* Remove unused imports\n","fileTypesAndContributionMap":{"test-code":{"insertions":1,"deletions":5}}},{"hash":"7033442d9d5f25e95bc115f9399d03fd544b7b43","isMergeCommit":false,"messageTitle":"Add test method for dishAddCommand","messageBody":"Restructuring the following features allows us to fulfil the features\nrelating to menu commands\n* Add test method for dishAddCommand method in DinerDirectorTest class\n* Add a new exception and the corresponding error message in\ndishAddCommand and Messages classes respectively\n","fileTypesAndContributionMap":{"functional-code":{"insertions":9,"deletions":7},"test-code":{"insertions":22,"deletions":2}}},{"hash":"a3d3102b4d46aef7b68a752797081abf10d2e505","isMergeCommit":true,"messageTitle":"Merge branch \u0027master\u0027 into LimZhengRong-DishCommands","messageBody":"","fileTypesAndContributionMap":{}},{"hash":"862b0dd35a23d3bcd8bbcc83eb50e72a3a785754","isMergeCommit":false,"messageTitle":"Add newline char to end of Message class","messageBody":"","fileTypesAndContributionMap":{"functional-code":{"insertions":1,"deletions":1}}},{"hash":"0d6cf0e56bb139ef39201a2e7dcefbbcdfe0ebc2","isMergeCommit":false,"messageTitle":"Add test method for dishDeleteCommand","messageBody":"Updating the following allows us to test the methods relating to\nDishCommands\n* Add test method for dishDeleteCommand method in DinerDirectorTest\nclass\n* Add assert statements for dishDeleteCommand and dishAddCommand classes\n* Refactor strings used in test cases as final constants\n","fileTypesAndContributionMap":{"test-code":{"insertions":76,"deletions":13}}},{"hash":"58efa992c5a758afa04f27fe2d06d44f8f3d1469","isMergeCommit":false,"messageTitle":"Update dishDeleteCommand to catch edge cases","messageBody":"* Update dishDeleteCommand to catch exceptions relating to empty index\nand the corresponding error message in Messages class\n* Update test method for dishDeleteCommand method in DinerDirectorTest\nclass\n\nNote: test method for dishDeleteCommand is still WIP\n","fileTypesAndContributionMap":{"functional-code":{"insertions":4,"deletions":0},"test-code":{"insertions":11,"deletions":9}}},{"hash":"e0b1536ab66449daa4659189d58d05ebed11fda8","isMergeCommit":false,"messageTitle":"Remove unused import in DinerDirectorTest","messageBody":"","fileTypesAndContributionMap":{"test-code":{"insertions":0,"deletions":1}}}]},{"date":"2023-03-15","commitResults":[{"hash":"33241604f8eee63d152bd2963519a2b373db4a86","isMergeCommit":false,"messageTitle":"Add assert line in Parser class","messageBody":"Add assert line in Parser class for prepareDeleteDishCommand method\n","fileTypesAndContributionMap":{"functional-code":{"insertions":1,"deletions":0}}},{"hash":"e29e6f0abfe5b588f06e44c2400b9d2b53efb50b","isMergeCommit":true,"messageTitle":"Merge pull request #39 from Zeno-Zr/LimZhengRong-DishCommands","messageBody":"Add assert line in Parser class","fileTypesAndContributionMap":{}}]}],"darrenangwx":[{"date":"2023-03-01","commitResults":[{"hash":"cf2671b0a207613912fc3529168532fc617add50","isMergeCommit":false,"messageTitle":"Create About Us","messageBody":"","fileTypesAndContributionMap":{"docs":{"insertions":0,"deletions":0}}},{"hash":"d4ba472df9f7bedd6b76fad8f92f2f79354a1888","isMergeCommit":false,"messageTitle":"Created AboutUs","messageBody":"","fileTypesAndContributionMap":{"docs":{"insertions":7,"deletions":7}}}]},{"date":"2023-03-06","commitResults":[{"hash":"e470102c8138c1ec367b7e1a7429143cbd0d606a","isMergeCommit":true,"messageTitle":"Merge pull request #5 from douph810975/DouPeihao-AboutUs","messageBody":"111","fileTypesAndContributionMap":{}},{"hash":"eda711878e5284a2584f688acaabcdaf3e5ada12","isMergeCommit":true,"messageTitle":"Merge branch \u0027master\u0027 into LimZhengRong-AboutUs","messageBody":"","fileTypesAndContributionMap":{}},{"hash":"64559ec4bbb124595b9f9edbbe10e3e550094b04","isMergeCommit":true,"messageTitle":"Merge pull request #4 from Zeno-Zr/LimZhengRong-AboutUs","messageBody":"Update AboutUs.md with personal info","fileTypesAndContributionMap":{}},{"hash":"31877d2e94a874beecf82cca6078b3a71fbe929d","isMergeCommit":true,"messageTitle":"Merge branch \u0027master\u0027 into Stella1585-AboutUs","messageBody":"","fileTypesAndContributionMap":{}},{"hash":"b8aac6d8bae2189623c742e1525d7c03bfc2f570","isMergeCommit":true,"messageTitle":"Merge pull request #3 from Stella1585/Stella1585-AboutUs","messageBody":"Stella1585 about us","fileTypesAndContributionMap":{}},{"hash":"f1ecd2fbc62713b24655db17183ec12cc02bf1f8","isMergeCommit":true,"messageTitle":"Merge branch \u0027darrenang-AboutUs\u0027","messageBody":"","fileTypesAndContributionMap":{}}]},{"date":"2023-03-07","commitResults":[{"hash":"81236308c2da59253d6a464122805f287163f0ee","isMergeCommit":false,"messageTitle":"Create skeleton for the base application program. Update Developer Guide to give proper credits.","messageBody":"","fileTypesAndContributionMap":{"functional-code":{"insertions":283,"deletions":21},"other":{"insertions":2,"deletions":3},"docs":{"insertions":2,"deletions":0}}},{"hash":"17e8e95b5285ac91d34b9f518a0c02ecb59d4e6a","isMergeCommit":false,"messageTitle":"Update build.gradle with correct main class and jar name.","messageBody":"","fileTypesAndContributionMap":{"other":{"insertions":2,"deletions":2}}},{"hash":"6a880b1c22163f4ade38b1ad1a0cee658dc1c7f9","isMergeCommit":false,"messageTitle":"Update format of credits","messageBody":"","fileTypesAndContributionMap":{"functional-code":{"insertions":1,"deletions":2}}}]},{"date":"2023-03-13","commitResults":[{"hash":"af484e98e571649e644522569edb43b6c17d979a","isMergeCommit":true,"messageTitle":"Merge branch \u0027application-skeleton\u0027","messageBody":"","fileTypesAndContributionMap":{}},{"hash":"d1971d4db7a9f36dd4fa6440ce1e2b0aab7b2ffc","isMergeCommit":false,"messageTitle":"Added help command and DinerDirector Logo","messageBody":"","fileTypesAndContributionMap":{"functional-code":{"insertions":75,"deletions":5}}},{"hash":"13eae2f28aeccd7e6b48bb31481eff590bb39e66","isMergeCommit":false,"messageTitle":"Remove trailing spaces from logo","messageBody":"","fileTypesAndContributionMap":{"functional-code":{"insertions":5,"deletions":5}}},{"hash":"a280a22a415f69185c918f9b6fb5f35c5a529d4e","isMergeCommit":false,"messageTitle":"added JUnit Test for DiinerDirector Class","messageBody":"","fileTypesAndContributionMap":{"test-code":{"insertions":25,"deletions":2}}}]},{"date":"2023-03-14","commitResults":[{"hash":"1f68ae3aaf441bcefabdfcc9c8a7f770e67e78a0","isMergeCommit":false,"messageTitle":"Update DinerDirectorTest.java","messageBody":"","fileTypesAndContributionMap":{"test-code":{"insertions":1,"deletions":1}}},{"hash":"d514268e3a49bd7cf3dfe6ea63793d7bfaa524e6","isMergeCommit":false,"messageTitle":"Update DinerDirectorTest.java","messageBody":"","fileTypesAndContributionMap":{"test-code":{"insertions":1,"deletions":1}}},{"hash":"d24b641f8df28fb8500db9b010a782700ce5c84e","isMergeCommit":true,"messageTitle":"Merge pull request #29 from Stella1585/Stella1585-DeadlineChanges","messageBody":"Stella1585 deadline changes","fileTypesAndContributionMap":{}},{"hash":"e3735db63c57e2fe6bb4d0e6f47c79cf0ecc7888","isMergeCommit":false,"messageTitle":"Update DinerDirectorTest.java","messageBody":"","fileTypesAndContributionMap":{"test-code":{"insertions":1,"deletions":1}}},{"hash":"b601d6b2f80c6329e469727f0e457926378ee3ac","isMergeCommit":true,"messageTitle":"Merge branch \u0027master\u0027 into branch-HelpCommand","messageBody":"","fileTypesAndContributionMap":{}},{"hash":"3bf8329cc06773a6f7ec61304d9958dabe44c8e9","isMergeCommit":true,"messageTitle":"Merge pull request #26 from darrenangwx/branch-HelpCommand","messageBody":"Implemented help command","fileTypesAndContributionMap":{}},{"hash":"a2a0b1432f747c34d882b71349754095806edf7f","isMergeCommit":false,"messageTitle":"Refactored darren and stella PR","messageBody":"","fileTypesAndContributionMap":{"functional-code":{"insertions":25,"deletions":29},"other":{"insertions":4,"deletions":4},"test-code":{"insertions":6,"deletions":6}}},{"hash":"a801cd7951e6a5c45e8366b18d20f7e5b6692db4","isMergeCommit":true,"messageTitle":"Merge pull request #23 from Zeno-Zr/LimZhengRong-DishCommands","messageBody":"Add package \"menu\" with menu commands","fileTypesAndContributionMap":{}},{"hash":"f6691743566a0c8383bb00b8936267c7d83b7b93","isMergeCommit":true,"messageTitle":"Merge branch \u0027master\u0027 of https://github.com/AY2223S2-CS2113-W15-4/tp into branch-refactorPR","messageBody":"# Conflicts:\n#\tsrc/main/java/utils/Parser.java\n","fileTypesAndContributionMap":{}},{"hash":"2b26c96aed479a08b696bbf75dd427e0f0e40cd6","isMergeCommit":false,"messageTitle":"Refactor ZR code","messageBody":"","fileTypesAndContributionMap":{"functional-code":{"insertions":22,"deletions":21}}},{"hash":"b5ead712366af040705ddd2d4b5f58477c35c433","isMergeCommit":true,"messageTitle":"Merge pull request #25 from douph810975/add_view_delete_Meetings","messageBody":"Add view delete meetings","fileTypesAndContributionMap":{}},{"hash":"5f4b238b1b0aa57083d7caeaaa9211ad83aed1c6","isMergeCommit":true,"messageTitle":"Merge pull request #32 from Zeno-Zr/LimZhengRong-DishCommands","messageBody":"Add test method for DishViewCommand","fileTypesAndContributionMap":{}},{"hash":"6f63ea9fc6fa40aa808932a37f8d12b91073720a","isMergeCommit":true,"messageTitle":"Merge branch \u0027master\u0027 of https://github.com/AY2223S2-CS2113-W15-4/tp into branch-refactorPR","messageBody":"# Conflicts:\n#\tsrc/main/java/common/Messages.java\n#\tsrc/main/java/utils/Parser.java\n#\tsrc/test/java/dinerdirector/DinerDirectorTest.java\n","fileTypesAndContributionMap":{}},{"hash":"42b813e963c016734bc6d814a6addb5e0db9c966","isMergeCommit":false,"messageTitle":"Refactor Codebase","messageBody":"","fileTypesAndContributionMap":{"functional-code":{"insertions":62,"deletions":35},"test-code":{"insertions":2,"deletions":2}}},{"hash":"ffb91936a9a62610d6dc6c75a7971247c37c5aa2","isMergeCommit":false,"messageTitle":"Update Help menu","messageBody":"","fileTypesAndContributionMap":{"functional-code":{"insertions":20,"deletions":26}}},{"hash":"602a49cbf8a95a4d047c2af2e6666fcb4abbef29","isMergeCommit":true,"messageTitle":"Merge pull request #30 from darrenangwx/branch-refactorPR","messageBody":"Refactoring after PR merge","tags":["v1.0"],"fileTypesAndContributionMap":{}}]}],"Stella1585":[{"date":"2023-03-01","commitResults":[{"hash":"0dfb522e5645488450f5fee5059b1399e79227d4","isMergeCommit":false,"messageTitle":"add name","messageBody":"","fileTypesAndContributionMap":{"docs":{"insertions":7,"deletions":7}}},{"hash":"8fa9c0f128f9f11d6ce3cf58e53a0b880c910307","isMergeCommit":false,"messageTitle":"Update AboutUs.md","messageBody":"","fileTypesAndContributionMap":{"docs":{"insertions":7,"deletions":7}}}]},{"date":"2023-03-13","commitResults":[{"hash":"504b316ab514b8b87f67ca89259b8c2030eb56f8","isMergeCommit":false,"messageTitle":"add view delete deadline","messageBody":"","fileTypesAndContributionMap":{"functional-code":{"insertions":367,"deletions":8}}},{"hash":"3cb4f3ecfc81d05b56393595d365be9a751251bc","isMergeCommit":false,"messageTitle":"uncahnge ui","messageBody":"","fileTypesAndContributionMap":{"functional-code":{"insertions":1,"deletions":1}}},{"hash":"bac6745d7cdbb9f8809573447091169ea48546bd","isMergeCommit":false,"messageTitle":"add deadline","messageBody":"","fileTypesAndContributionMap":{"functional-code":{"insertions":29,"deletions":104},"other":{"insertions":13,"deletions":18},"test-code":{"insertions":37,"deletions":2}}}]}]},"authorFileTypeContributionMap":{"kristianachwan":{"docs":3,"functional-code":198,"test-code":0},"douph810975":{"docs":0,"functional-code":175,"test-code":22},"Zeno-Zr":{"docs":1,"functional-code":259,"test-code":104},"darrenangwx":{"docs":5,"functional-code":449,"test-code":37,"other":2},"Stella1585":{"docs":0,"functional-code":243,"test-code":23}},"authorContributionVariance":{"kristianachwan":4087.1877,"douph810975":1466.044,"Zeno-Zr":8970.321,"darrenangwx":6250.456,"Stella1585":11981.214},"authorDisplayNameMap":{"kristianachwan":"CS2113-W15-4 KRIS..HWAN","douph810975":"CS2113-W15-4 DOU ..IHAO","Zeno-Zr":"CS2113-W15-4 LIM ..RONG","darrenangwx":"CS2113-W15-4 ANG ..RREN","Stella1585":"CS2113-W15-4 ZHOU..UIQI"}}
