{"authorDailyContributionsMap":{"kristianachwan":[{"date":"2023-03-01","commitResults":[{"hash":"41fd24a629b811742976736c1d4b0b4cafd15dc4","isMergeCommit":false,"messageTitle":"Edit AboutUs","messageBody":"","fileTypesAndContributionMap":{"docs":{"insertions":8,"deletions":7}}},{"hash":"ae9a62a06e4efd53a3a74f2fb49a8afeeed1c537","isMergeCommit":true,"messageTitle":"Merge pull request #1 from kristianachwan/kristianAchwan/AboutUs","messageBody":"Edit AboutUs","fileTypesAndContributionMap":{}}]},{"date":"2023-03-06","commitResults":[{"hash":"cde4e1d01d39d73bf920ce324d240bff59919b55","isMergeCommit":true,"messageTitle":"Merge branch \u0027master\u0027 into darrenang-AboutUs","messageBody":"","fileTypesAndContributionMap":{}},{"hash":"b85f705153d584f2b7d9bf2ce5bd84fe4db03187","isMergeCommit":true,"messageTitle":"Merge pull request #2 from darrenangwx/darrenang-AboutUs","messageBody":"Darrenang about us","fileTypesAndContributionMap":{}}]},{"date":"2023-03-13","commitResults":[{"hash":"0c136fee981cc3788398cb4285e410027f9985d8","isMergeCommit":false,"messageTitle":"Implement basic Staff entity and its manager","messageBody":"","fileTypesAndContributionMap":{"functional-code":{"insertions":89,"deletions":0}}},{"hash":"cb8ab7cca20f08ef4293b3a500a1f43388501279","isMergeCommit":false,"messageTitle":"Add CRD template Command for staff","messageBody":"","fileTypesAndContributionMap":{"functional-code":{"insertions":63,"deletions":4}}},{"hash":"4645821778acdb23c324ee3832a65ce252db2b72","isMergeCommit":false,"messageTitle":"Implement basic command","messageBody":"","fileTypesAndContributionMap":{"functional-code":{"insertions":30,"deletions":13}}},{"hash":"29c3bdf4c77d75a5c3630daf048d4d8038517496","isMergeCommit":false,"messageTitle":"Add simple error checking command","messageBody":"","fileTypesAndContributionMap":{"functional-code":{"insertions":67,"deletions":29}}},{"hash":"73eaf47c502ef042fa7b518d8637359ed2ade444","isMergeCommit":false,"messageTitle":"Fixx codequality","messageBody":"","fileTypesAndContributionMap":{"functional-code":{"insertions":26,"deletions":18}}}]},{"date":"2023-03-14","commitResults":[{"hash":"925caf50e27ee861a01a993ca518cf28d17b6edc","isMergeCommit":false,"messageTitle":"Generalize input in preparing command","messageBody":"","fileTypesAndContributionMap":{"functional-code":{"insertions":6,"deletions":4}}},{"hash":"086f75af07208a4a6e994a2eb660381e2c55442b","isMergeCommit":true,"messageTitle":"Merge branch \u0027master\u0027 into add_view_delete_Meetings","messageBody":"","fileTypesAndContributionMap":{}},{"hash":"b8c49de29d1b86daa89aefae61e2c1a027776f79","isMergeCommit":false,"messageTitle":"Update DinerDirectorTest.java","messageBody":"","fileTypesAndContributionMap":{"test-code":{"insertions":2,"deletions":3}}},{"hash":"044d422a0538124f6dc3d60f7777779697a1edb7","isMergeCommit":true,"messageTitle":"Merge branch \u0027master\u0027 into kristianAchwan/staff_CRD_v1.0","messageBody":"","fileTypesAndContributionMap":{}},{"hash":"daa7923f814ceb1ef9ead0ffafe3c90904d135db","isMergeCommit":false,"messageTitle":"Update Parser.java","messageBody":"","fileTypesAndContributionMap":{"functional-code":{"insertions":0,"deletions":4}}}]},{"date":"2023-03-19","commitResults":[{"hash":"9a1a6273b240aab864c11a500652aac932e14507","isMergeCommit":false,"messageTitle":"Change help message","messageBody":"","fileTypesAndContributionMap":{"functional-code":{"insertions":1,"deletions":1}}},{"hash":"273f271a4247e975ac5db4c0250624688340275d","isMergeCommit":false,"messageTitle":"Add regex to parse add staff command from the correct format","messageBody":"","fileTypesAndContributionMap":{"functional-code":{"insertions":59,"deletions":38}}},{"hash":"c8c44bccd53f69c1fb7a0d5dc580f325afdad131","isMergeCommit":false,"messageTitle":"Add testing for staff command","messageBody":"","fileTypesAndContributionMap":{"test-code":{"insertions":31,"deletions":0}}},{"hash":"d580a029c94ff8d96c7b6c9911a8e6df6cdcbb25","isMergeCommit":false,"messageTitle":"Adhere codequality","messageBody":"","fileTypesAndContributionMap":{"functional-code":{"insertions":6,"deletions":4}}},{"hash":"f6e23c7990d0b08a76bc5b9f938ce9fb8fa6db23","isMergeCommit":true,"messageTitle":"Merge pull request #41 from Stella1585/Stella1585-Add-Assert\u0026Log","messageBody":"add assert and log","fileTypesAndContributionMap":{}}]},{"date":"2023-03-21","commitResults":[{"hash":"d865c11be3cbab0a9e6b21a35246d56e5e74362a","isMergeCommit":true,"messageTitle":"Merge pull request #53 from Stella1585/Stella1585-EditDG","messageBody":"Update DeveloperGuide.md","fileTypesAndContributionMap":{}}]},{"date":"2023-03-22","commitResults":[{"hash":"8939d95a9025ac5e33d7234cdd6a34dc66efe8cf","isMergeCommit":false,"messageTitle":"Add feature implementation for AddStaff","messageBody":"","fileTypesAndContributionMap":{"docs":{"insertions":27,"deletions":2}}},{"hash":"b9c5cfa0cd881bfb85f7a53a73be218761cc753a","isMergeCommit":true,"messageTitle":"Merge pull request #55 from darrenangwx/branch-Documentation","messageBody":"Update DeveloperGuide","fileTypesAndContributionMap":{}},{"hash":"e84d861c639042822773a39ecb39af287cf06afc","isMergeCommit":false,"messageTitle":"Fix typo","messageBody":"","fileTypesAndContributionMap":{"docs":{"insertions":13,"deletions":10}}}]},{"date":"2023-03-27","commitResults":[{"hash":"c9a09564d3318af6c3f02dec4731690dccd32462","isMergeCommit":true,"messageTitle":"Merge pull request #63 from darrenangwx/branch-Storage","messageBody":"Add storage feature","fileTypesAndContributionMap":{}},{"hash":"b51308f247094ccfd304cc877a93bb590336b0b1","isMergeCommit":true,"messageTitle":"Merge branch \u0027master\u0027 into find_staff","messageBody":"","fileTypesAndContributionMap":{}},{"hash":"037b7403d19e3d3fe735767acd56eeeddf39bd1a","isMergeCommit":false,"messageTitle":"Update Parser.java","messageBody":"","fileTypesAndContributionMap":{"functional-code":{"insertions":0,"deletions":1}}},{"hash":"10a6ac00f2ff412574f0bb92edc73ed2890e53f8","isMergeCommit":true,"messageTitle":"Merge pull request #68 from douph810975/find_staff","messageBody":"add find staff feature","fileTypesAndContributionMap":{}},{"hash":"f2e590f2f3764c34ed8003a899e840938c249fce","isMergeCommit":false,"messageTitle":"Change delete staff using by indec","messageBody":"","fileTypesAndContributionMap":{"functional-code":{"insertions":26,"deletions":25},"test-code":{"insertions":4,"deletions":4}}}]}],"douph810975":[{"date":"2023-03-01","commitResults":[{"hash":"3695a751aa1ccf41b5de86bb0a4facf8247579d6","isMergeCommit":false,"messageTitle":"111","messageBody":"","fileTypesAndContributionMap":{"docs":{"insertions":1,"deletions":1}}}]},{"date":"2023-03-07","commitResults":[{"hash":"834053dcc4c6f359b9d2a1da1850fa37d25b9bb9","isMergeCommit":true,"messageTitle":"Merge pull request #15 from darrenangwx/application-skeleton","messageBody":"Application skeleton","fileTypesAndContributionMap":{}}]},{"date":"2023-03-12","commitResults":[{"hash":"0a6f2e8587a6ee9220d6a1d7c71c299982d1272c","isMergeCommit":false,"messageTitle":"add,delete,view meetings","messageBody":"","fileTypesAndContributionMap":{"functional-code":{"insertions":125,"deletions":2}}},{"hash":"5ddc0318168e78b4e0b71f0b20ec7ac9d8c75bbb","isMergeCommit":false,"messageTitle":"fix bugs for gradle check","messageBody":"","fileTypesAndContributionMap":{"functional-code":{"insertions":22,"deletions":18}}}]},{"date":"2023-03-13","commitResults":[{"hash":"ff06fe834219c7b11c073aa9baa1329c3357a0bf","isMergeCommit":false,"messageTitle":"change files\u0027 format","messageBody":"","fileTypesAndContributionMap":{"functional-code":{"insertions":44,"deletions":31},"other":{"insertions":1,"deletions":1},"test-code":{"insertions":28,"deletions":2}}}]},{"date":"2023-03-14","commitResults":[{"hash":"877d746c4d123c9b1f842fdb92eb2005565fc733","isMergeCommit":true,"messageTitle":"Merge pull request #27 from kristianachwan/kristianAchwan/staff_CRD_v1.0","messageBody":"Kristian achwan/staff crd v1.0","fileTypesAndContributionMap":{}},{"hash":"cc8ab587eae2e8bd5b3078a8f2a6ae33e280719d","isMergeCommit":false,"messageTitle":"update parser for meeting command","messageBody":"","fileTypesAndContributionMap":{"functional-code":{"insertions":57,"deletions":9},"test-code":{"insertions":1,"deletions":1}}},{"hash":"faf859fd2eaf399f85f5b10870cd5d0977bfbf02","isMergeCommit":true,"messageTitle":"Merge branch \u0027add_view_delete_Meetings\u0027 of https://github.com/douph810975/tp into add_view_delete_Meetings","messageBody":"# Conflicts:\n#\tsrc/main/java/common/Messages.java\n#\tsrc/main/java/utils/Parser.java\n","fileTypesAndContributionMap":{}},{"hash":"224c6fbd99eb8c680fdae141722fe1cf9d5d0068","isMergeCommit":true,"messageTitle":"Merge branch \u0027master\u0027 into add_view_delete_Meetings","messageBody":"","fileTypesAndContributionMap":{}}]},{"date":"2023-03-19","commitResults":[{"hash":"11be0889ec9b485835a16ee088e67c066d09a27c","isMergeCommit":false,"messageTitle":"fix delete format","messageBody":"","fileTypesAndContributionMap":{"functional-code":{"insertions":23,"deletions":23},"test-code":{"insertions":2,"deletions":2}}}]},{"date":"2023-03-20","commitResults":[{"hash":"92e2d613a3e44795a9844d16f7922e00ced4159a","isMergeCommit":true,"messageTitle":"Merge pull request #43 from douph810975/fix_delete_format","messageBody":"fix delete format","fileTypesAndContributionMap":{}},{"hash":"79f84cc1fb1ab90e0d2229f5029e442940426912","isMergeCommit":true,"messageTitle":"Merge pull request #49 from darrenangwx/branch-Documentation","messageBody":"Branch documentation","fileTypesAndContributionMap":{}}]},{"date":"2023-03-21","commitResults":[{"hash":"86ee43e9330d8db7cf255cf5ea78265cc8536689","isMergeCommit":true,"messageTitle":"Merge pull request #51 from darrenangwx/branch-Documentation","messageBody":"Add documentation for Utils Component and Parsing Feature","fileTypesAndContributionMap":{}}]},{"date":"2023-03-22","commitResults":[{"hash":"9730beb7bb9efa652b9c44d4481bdfc4a91b247a","isMergeCommit":true,"messageTitle":"Merge pull request #56 from kristianachwan/kristian/architecture_diagram_and_staff_feature","messageBody":"Add feature implementation for AddStaff","fileTypesAndContributionMap":{}},{"hash":"675b3b1e6f41922e6c785098313d4ca618522002","isMergeCommit":false,"messageTitle":"Update the Developer Guide.","messageBody":"","fileTypesAndContributionMap":{"docs":{"insertions":18,"deletions":0}}}]},{"date":"2023-03-27","commitResults":[{"hash":"fc392cc382a6ef67c5f856cfc8e0d75ce703de2b","isMergeCommit":false,"messageTitle":"find meeting command","messageBody":"","fileTypesAndContributionMap":{"functional-code":{"insertions":51,"deletions":0},"test-code":{"insertions":7,"deletions":2}}},{"hash":"776e695f95bf307cd4e893e6b4bb4124281be883","isMergeCommit":false,"messageTitle":"update messages","messageBody":"","fileTypesAndContributionMap":{"functional-code":{"insertions":4,"deletions":3}}},{"hash":"1400216985a82fb0e766de069175695bd73a9e96","isMergeCommit":false,"messageTitle":"add find staff feature","messageBody":"","fileTypesAndContributionMap":{"functional-code":{"insertions":56,"deletions":3},"test-code":{"insertions":7,"deletions":1}}},{"hash":"d7181bde47eb2233cd4920615cef41c1858d04ab","isMergeCommit":true,"messageTitle":"Merge pull request #64 from douph810975/find_meeting","messageBody":"find meeting command","fileTypesAndContributionMap":{}},{"hash":"7421bcfcfbdfa2376c653d4b808d14a80730186a","isMergeCommit":true,"messageTitle":"Merge pull request #67 from Stella1585/Stella1585-Edit-UG","messageBody":"Update UserGuide.md","fileTypesAndContributionMap":{}}]},{"date":"2023-03-28","commitResults":[{"hash":"81afbb7a32e69386cd788ffbda64c7eec41c883d","isMergeCommit":false,"messageTitle":"update the user guide and developer guide","messageBody":"","fileTypesAndContributionMap":{"functional-code":{"insertions":1,"deletions":2},"docs":{"insertions":51,"deletions":7}}}]}],"Zeno-Zr":[{"date":"2023-03-01","commitResults":[{"hash":"055f00fb5ee5d91322e6c731ae3fd88d891a774f","isMergeCommit":false,"messageTitle":"Update AboutUs.md with personal info","messageBody":"","fileTypesAndContributionMap":{"docs":{"insertions":1,"deletions":1}}}]},{"date":"2023-03-12","commitResults":[{"hash":"04141600737afe6c0adf554594cfa4e4f6b904c2","isMergeCommit":false,"messageTitle":"Add package \"menu\" with menu commands","messageBody":"Updating the following features allows us to fulfill the features\nrelating to menu\n* add the following functionalities into codebase:\n    * add dish with name, price and ingredients list\n    * delete dish from any index in the list\n    * view the list of dishes added (menu)\n\nNote: The following version does not check for inputs. i.e.: all inputs\nare assumed to be valid\n","fileTypesAndContributionMap":{"functional-code":{"insertions":197,"deletions":0}}}]},{"date":"2023-03-14","commitResults":[{"hash":"45dd57ea36e8257ec784b36fa0ad74c9eb5b17cf","isMergeCommit":false,"messageTitle":"Restructure menu commands classes","messageBody":"Restructuring the following features allows us to fulfil the features\nrelating to menu commands\n* rename \"StoreDish\" class to \"DishManager\"\n* relocate \"DishManager\" to manager package\n* relocate \"Dish\" to entity package\n* refactor add, view, delete commands in the classes located in menu\npackage\n* refactor \"magic strings\" into constants stored in \"Messages\" class\n* refactor exception messages into constants stored in \"Messages\" class\n* add try and catch blocks in the dish methods located in class \"Parser\"\n","fileTypesAndContributionMap":{"functional-code":{"insertions":132,"deletions":76},"other":{"insertions":7,"deletions":7}}},{"hash":"90af1851f037c74e98fd99d33b513f29c3ea5a44","isMergeCommit":true,"messageTitle":"Merge branch \u0027master\u0027 into LimZhengRong-DishCommands","messageBody":"","fileTypesAndContributionMap":{}},{"hash":"8e6d367e57443ed498080534e55a145ad72c4d7d","isMergeCommit":false,"messageTitle":"Change methods names following camelCase","messageBody":"Methods in the Dishwasher Class changed to follow camelCase\n","fileTypesAndContributionMap":{"functional-code":{"insertions":10,"deletions":10}}},{"hash":"bf4fbe016f9f18f4e32e466214b7c5ce00c716e1","isMergeCommit":false,"messageTitle":"Add test method for DishViewCommand","messageBody":"Restructuring the following features allows us to fulfil the features\nrelating to menu commands\n* Add test method for DishViewCommand method in DinerDirectorTest class\n* Refactor code for DishAddCommand method in Parser class\n","fileTypesAndContributionMap":{"functional-code":{"insertions":25,"deletions":11},"test-code":{"insertions":28,"deletions":1}}},{"hash":"bea63c7c95bbd31f4be971bf2b0df1bbd2eef287","isMergeCommit":false,"messageTitle":"Change methods names following camelCase","messageBody":"* Change method name in DinerDirectorTest to follow camelCase\n* Remove unused imports\n","fileTypesAndContributionMap":{"test-code":{"insertions":1,"deletions":5}}},{"hash":"7033442d9d5f25e95bc115f9399d03fd544b7b43","isMergeCommit":false,"messageTitle":"Add test method for dishAddCommand","messageBody":"Restructuring the following features allows us to fulfil the features\nrelating to menu commands\n* Add test method for dishAddCommand method in DinerDirectorTest class\n* Add a new exception and the corresponding error message in\ndishAddCommand and Messages classes respectively\n","fileTypesAndContributionMap":{"functional-code":{"insertions":9,"deletions":7},"test-code":{"insertions":22,"deletions":2}}},{"hash":"a3d3102b4d46aef7b68a752797081abf10d2e505","isMergeCommit":true,"messageTitle":"Merge branch \u0027master\u0027 into LimZhengRong-DishCommands","messageBody":"","fileTypesAndContributionMap":{}},{"hash":"862b0dd35a23d3bcd8bbcc83eb50e72a3a785754","isMergeCommit":false,"messageTitle":"Add newline char to end of Message class","messageBody":"","fileTypesAndContributionMap":{"functional-code":{"insertions":1,"deletions":1}}},{"hash":"0d6cf0e56bb139ef39201a2e7dcefbbcdfe0ebc2","isMergeCommit":false,"messageTitle":"Add test method for dishDeleteCommand","messageBody":"Updating the following allows us to test the methods relating to\nDishCommands\n* Add test method for dishDeleteCommand method in DinerDirectorTest\nclass\n* Add assert statements for dishDeleteCommand and dishAddCommand classes\n* Refactor strings used in test cases as final constants\n","fileTypesAndContributionMap":{"test-code":{"insertions":76,"deletions":13}}},{"hash":"58efa992c5a758afa04f27fe2d06d44f8f3d1469","isMergeCommit":false,"messageTitle":"Update dishDeleteCommand to catch edge cases","messageBody":"* Update dishDeleteCommand to catch exceptions relating to empty index\nand the corresponding error message in Messages class\n* Update test method for dishDeleteCommand method in DinerDirectorTest\nclass\n\nNote: test method for dishDeleteCommand is still WIP\n","fileTypesAndContributionMap":{"functional-code":{"insertions":4,"deletions":0},"test-code":{"insertions":11,"deletions":9}}},{"hash":"e0b1536ab66449daa4659189d58d05ebed11fda8","isMergeCommit":false,"messageTitle":"Remove unused import in DinerDirectorTest","messageBody":"","fileTypesAndContributionMap":{"test-code":{"insertions":0,"deletions":1}}}]},{"date":"2023-03-15","commitResults":[{"hash":"33241604f8eee63d152bd2963519a2b373db4a86","isMergeCommit":false,"messageTitle":"Add assert line in Parser class","messageBody":"Add assert line in Parser class for prepareDeleteDishCommand method\n","fileTypesAndContributionMap":{"functional-code":{"insertions":1,"deletions":0}}},{"hash":"e29e6f0abfe5b588f06e44c2400b9d2b53efb50b","isMergeCommit":true,"messageTitle":"Merge pull request #39 from Zeno-Zr/LimZhengRong-DishCommands","messageBody":"Add assert line in Parser class","fileTypesAndContributionMap":{}}]},{"date":"2023-03-19","commitResults":[{"hash":"9386b94f2f107dca82bb9b09ed9768f81ba0907c","isMergeCommit":false,"messageTitle":"Update add_dish command using regex to parse input","messageBody":"Changes to the parser class to conform to the standardisation of input\nparsing:\n* Update add_dish command to use regex for parsing input, doing away\nwith multi-line inputs\n* Simplify the exception thrown when wrong input is given\n* Update delete_dish command to use userInputNoCommand to follow\nstandardisation\n\nNote: JUnit testing for add_dish is greyed out in this version, it will\nbe adding in the next commit.\n","fileTypesAndContributionMap":{"functional-code":{"insertions":37,"deletions":42},"test-code":{"insertions":42,"deletions":42}}},{"hash":"c4460c5fd69c2de512c5f077bcbbacce11662641","isMergeCommit":false,"messageTitle":"Update JUnit testing for add_dish and delete_dish commands","messageBody":"Changes to the DinerDirectorTest class to ensure ample\ntesting:\n* Update test cases for add_dish command testing with respect to the\nnew input format\n* Update test cases for delete_dish command testing for more rigorous\ntesting\n\nChanges to the Parser class to pass the test cases in DinerDirectorTest:\n* Fix bug with prepareDeleteDishCommand so it works as expected\n* Update prepareAddDishCommand so it prevents user from adding a blank\ndish or dish that starts with a space\n","fileTypesAndContributionMap":{"functional-code":{"insertions":9,"deletions":22},"test-code":{"insertions":76,"deletions":51}}},{"hash":"60ecc88b1127707472e0e62192af5604fa8814c3","isMergeCommit":false,"messageTitle":"Remove unused imports in Parser Class","messageBody":"","fileTypesAndContributionMap":{"functional-code":{"insertions":4,"deletions":7}}},{"hash":"d678bae9feced88438775b656a54493377b9dcb1","isMergeCommit":false,"messageTitle":"Fix wrong indentation spaces","messageBody":"","fileTypesAndContributionMap":{"functional-code":{"insertions":3,"deletions":6}}},{"hash":"4468a79edfe496781b3a2d5b7f9e5e07b3f09256","isMergeCommit":false,"messageTitle":"remove unused code in DinerDirectorTest","messageBody":"","fileTypesAndContributionMap":{"test-code":{"insertions":0,"deletions":2}}}]},{"date":"2023-03-20","commitResults":[{"hash":"3cf154b6b631c5767ddb70ba3cc874e6ede27aa5","isMergeCommit":true,"messageTitle":"Merge branch \u0027master\u0027 of https://github.com/AY2223S2-CS2113-W15-4/tp into LimZhengRong-DishCommands","messageBody":"","fileTypesAndContributionMap":{}},{"hash":"03412e43e738ee3b9148cabf13b5af59d8360a38","isMergeCommit":true,"messageTitle":"Merge branch \u0027AY2223S2-CS2113-W15-4:master\u0027 into LimZhengRong-DishCommands","messageBody":"","fileTypesAndContributionMap":{}}]},{"date":"2023-03-21","commitResults":[{"hash":"dd2e244031c0d845f115908ab4dc82658aa502c1","isMergeCommit":true,"messageTitle":"Merge branch \u0027master\u0027 of https://github.com/AY2223S2-CS2113-W15-4/tp into LimZhengRong-DishCommands","messageBody":"","fileTypesAndContributionMap":{}},{"hash":"75e0cf36502ee4cb58ba5f7fae2eaac5f282eaa1","isMergeCommit":false,"messageTitle":"Add DeveloperGuide Command Component section","messageBody":"Changes to the DeveloperGuide to meet the requirements for Week 10:\n* Add Command Component in the DeveloperGuide\n* Add Dish feature in DeveloperGuide\n* Add CommandPackageDiagram.puml in uml package\n* Add CommandPackageDiagram.puml in uml package\n","fileTypesAndContributionMap":{"docs":{"insertions":153,"deletions":6}}},{"hash":"793bf83e2a14914434e4e198a5df2cfc2de19457","isMergeCommit":true,"messageTitle":"Merge branch \u0027AY2223S2-CS2113-W15-4:master\u0027 into LimZhengRong-DishCommands","messageBody":"","fileTypesAndContributionMap":{}},{"hash":"976e428b1047d8ea4c048f518573cf346a37e147","isMergeCommit":false,"messageTitle":"Update regex and parser condition for add_dish","messageBody":"Changes to the Parser class to pass the test cases in DinerDirectorTest:\n* Update regex in prepareAddDishCommand to remove redundant characters\n* Add filtering condition when one or more of the ingredients is empty\nor has only whitespace to skip that ingredient\n\nChanges to the DinerDirectorTest class to ensure ample testing:\n* Add new test cases for add_dish command testing with respect to the\nnew input format\n* Remove redundant test cases for delete_dish command\n","fileTypesAndContributionMap":{"functional-code":{"insertions":6,"deletions":2},"test-code":{"insertions":10,"deletions":2}}},{"hash":"0b4a735b84dada0cbbd2dbfdb2106dc25b4552ba","isMergeCommit":true,"messageTitle":"Merge branch \u0027LimZhengRong-DishCommands\u0027 of https://github.com/Zeno-Zr/tp into LimZhengRong-DishCommands","messageBody":"","fileTypesAndContributionMap":{}},{"hash":"5358458cbd798388cd7ee3e13689e3c14ff5fdc6","isMergeCommit":false,"messageTitle":"Remove unused import and add newline at end of file","messageBody":"","fileTypesAndContributionMap":{"functional-code":{"insertions":0,"deletions":1},"docs":{"insertions":1,"deletions":1}}},{"hash":"4b28d13a27b9e46db587d52a6c19e691e0b6f463","isMergeCommit":false,"messageTitle":"Update CommandPackageDiagram and DeveloperGuide","messageBody":"* Update CommandPackageDiagram.uml to show inheritance for commands\npackage\n* Edit Typos in DeveloperGuide\n","fileTypesAndContributionMap":{"docs":{"insertions":7,"deletions":7}}}]},{"date":"2023-03-22","commitResults":[{"hash":"304be456db54101b4b9453811b0d431132268b0f","isMergeCommit":false,"messageTitle":"Update Command component in DeveloperGuide","messageBody":"* Reduce the details written in command component\n","fileTypesAndContributionMap":{"docs":{"insertions":25,"deletions":63}}},{"hash":"5d02d94fcaf9177166a493b511618d93ebeb8b7f","isMergeCommit":true,"messageTitle":"Merge branch \u0027master\u0027 into LimZhengRong-Documentation","messageBody":"","fileTypesAndContributionMap":{}},{"hash":"db78852dc529e062dff90354b6a66c53223b910b","isMergeCommit":false,"messageTitle":"Add linebreaks in DeveloperGuide","messageBody":"* Add linebreaks between lines 96 and 97, and lines 121 and 122.\n","fileTypesAndContributionMap":{"docs":{"insertions":2,"deletions":0}}},{"hash":"49b35bbf66f95621a516f9937c3ef2a7e2f1819b","isMergeCommit":true,"messageTitle":"Merge branch \u0027AY2223S2-CS2113-W15-4:master\u0027 into LimZhengRong-Documentation","messageBody":"","fileTypesAndContributionMap":{}},{"hash":"a9e2c3a15407b88bd4ad107b892ef55b84e95a17","isMergeCommit":true,"messageTitle":"Merge branch \u0027master\u0027 of https://github.com/AY2223S2-CS2113-W15-4/tp into LimZhengRong-Documentation","messageBody":"","fileTypesAndContributionMap":{}},{"hash":"1ebe7da5c2c55e12bf2ddecfa2d774f869e45140","isMergeCommit":true,"messageTitle":"Merge branch \u0027LimZhengRong-Documentation\u0027 of https://github.com/Zeno-Zr/tp into LimZhengRong-Documentation","messageBody":"","fileTypesAndContributionMap":{}}]},{"date":"2023-03-26","commitResults":[{"hash":"3575b2ae3cc62e2d3b3fd3d40ef0acd6d320bb0e","isMergeCommit":false,"messageTitle":"Update JUnit testing for DeleteDishCommand","messageBody":"* Add if else statement that checks when valid input is keyed in\n","fileTypesAndContributionMap":{"test-code":{"insertions":6,"deletions":1}}}]},{"date":"2023-03-27","commitResults":[{"hash":"b2a98b20024362765591cc3fcfea7c4039596e8e","isMergeCommit":false,"messageTitle":"Add find dish via a keyword","messageBody":"Adding the find_dish command function to ensure v2.0 features:\n* Add a new class named FindDishCommand that find the list of dishes\nwith a keyword\n* Add code in DishManager that extracts out the list of dishes with the\ngiven keyword\n* Add code that parsers input for FindDishCommand in the Parser class\n","fileTypesAndContributionMap":{"functional-code":{"insertions":74,"deletions":0}}},{"hash":"0a422e96072418f2e66423d5d924160c36fb800a","isMergeCommit":false,"messageTitle":"Update JUnit testing for find_dish command","messageBody":"Updating the find_dish command function and testing helps to fulfil\nv2.0 features:\n* Add a new JUnit method to test find_dish command\n* Edit how parsing works for find_dish to account of edge cases\n","fileTypesAndContributionMap":{"functional-code":{"insertions":4,"deletions":7},"test-code":{"insertions":47,"deletions":0}}},{"hash":"910af68da1b76e63840fedbd79c613d37d5cc41d","isMergeCommit":false,"messageTitle":"Fix indentation in FindDishCommand class","messageBody":"","fileTypesAndContributionMap":{"functional-code":{"insertions":1,"deletions":1}}},{"hash":"3fc34ade868e51fca914b8624fc5f39d10097cb3","isMergeCommit":false,"messageTitle":"Refactor error messages into Messages class","messageBody":"* Refactor error messages used for exceptions in\npreprareFindDishCommand Parser class into Messages class\n","fileTypesAndContributionMap":{"functional-code":{"insertions":4,"deletions":2}}},{"hash":"1d27162483883587135e401b17fc5711be1fdbfb","isMergeCommit":false,"messageTitle":"Refactor command word for FindDishCommand","messageBody":"","fileTypesAndContributionMap":{"functional-code":{"insertions":2,"deletions":1}}}]},{"date":"2023-03-28","commitResults":[{"hash":"66c53746d3ac0eb973e43f21add64f5a386e2963","isMergeCommit":true,"messageTitle":"Merge pull request #69 from kristianachwan/kristian/fix_delete_staff","messageBody":"Change delete staff using by index","fileTypesAndContributionMap":{}},{"hash":"29b723b9ab66d0707b24eb3a2b248e873d528c5a","isMergeCommit":true,"messageTitle":"Merge branch \u0027master\u0027 of https://github.com/AY2223S2-CS2113-W15-4/tp into LimZhengRong-DishCommands","messageBody":"","fileTypesAndContributionMap":{}},{"hash":"4eb31b2116340900a45a0b17f17064310ecc5a4a","isMergeCommit":false,"messageTitle":"Add Add_Dish_Sequence_Diagram for DeveloperGuide","messageBody":"* Add_Dish_Sequence_Diagram UML in uml package\n","fileTypesAndContributionMap":{"docs":{"insertions":26,"deletions":1}}},{"hash":"7f2267a3813bd0cbe08f80257d03567fc679d511","isMergeCommit":false,"messageTitle":"Update UserGuide with Dish commands","messageBody":"Adding the following commands allows us to fulfil Week 11\u0027s\nrequirements\n* Update UserGuide with Add, view, delete and find dish commands\n* Update summary table with dish commands\n","fileTypesAndContributionMap":{"docs":{"insertions":75,"deletions":11}}},{"hash":"8844a42a941f1bc574042bda5285e2588c1f5225","isMergeCommit":true,"messageTitle":"Merge pull request #70 from Zeno-Zr/LimZhengRong-Documentation","messageBody":"Update Dish commands for UG and DG","tags":["v2.0"],"fileTypesAndContributionMap":{}},{"hash":"d9eca43d9dee57fae776acf3dd6c8f0f86dd7ec5","isMergeCommit":true,"messageTitle":"Merge pull request #76 from darrenangwx/branch-Storage","messageBody":"Fix bugs","fileTypesAndContributionMap":{}},{"hash":"06cd99b272398dbbc4ac6dacb5495ae744be59e2","isMergeCommit":true,"messageTitle":"Merge pull request #75 from darrenangwx/branch-Documentation","messageBody":"Update Developer Guide and User Guide","fileTypesAndContributionMap":{}},{"hash":"f0c16e181cd88eeb06b768285575654e4282b968","isMergeCommit":true,"messageTitle":"Merge pull request #77 from douph810975/UG_DG","messageBody":"update the user guide and developer guide","fileTypesAndContributionMap":{}},{"hash":"a7e5d97756c4a0432c432728f8e62746619070f4","isMergeCommit":true,"messageTitle":"Merge pull request #79 from darrenangwx/branch-FixMeetingBug","messageBody":"Branch fix meeting bug","fileTypesAndContributionMap":{}}]}],"darrenangwx":[{"date":"2023-03-01","commitResults":[{"hash":"cf2671b0a207613912fc3529168532fc617add50","isMergeCommit":false,"messageTitle":"Create About Us","messageBody":"","fileTypesAndContributionMap":{"docs":{"insertions":0,"deletions":0}}},{"hash":"d4ba472df9f7bedd6b76fad8f92f2f79354a1888","isMergeCommit":false,"messageTitle":"Created AboutUs","messageBody":"","fileTypesAndContributionMap":{"docs":{"insertions":7,"deletions":7}}}]},{"date":"2023-03-06","commitResults":[{"hash":"e470102c8138c1ec367b7e1a7429143cbd0d606a","isMergeCommit":true,"messageTitle":"Merge pull request #5 from douph810975/DouPeihao-AboutUs","messageBody":"111","fileTypesAndContributionMap":{}},{"hash":"eda711878e5284a2584f688acaabcdaf3e5ada12","isMergeCommit":true,"messageTitle":"Merge branch \u0027master\u0027 into LimZhengRong-AboutUs","messageBody":"","fileTypesAndContributionMap":{}},{"hash":"64559ec4bbb124595b9f9edbbe10e3e550094b04","isMergeCommit":true,"messageTitle":"Merge pull request #4 from Zeno-Zr/LimZhengRong-AboutUs","messageBody":"Update AboutUs.md with personal info","fileTypesAndContributionMap":{}},{"hash":"31877d2e94a874beecf82cca6078b3a71fbe929d","isMergeCommit":true,"messageTitle":"Merge branch \u0027master\u0027 into Stella1585-AboutUs","messageBody":"","fileTypesAndContributionMap":{}},{"hash":"b8aac6d8bae2189623c742e1525d7c03bfc2f570","isMergeCommit":true,"messageTitle":"Merge pull request #3 from Stella1585/Stella1585-AboutUs","messageBody":"Stella1585 about us","fileTypesAndContributionMap":{}},{"hash":"f1ecd2fbc62713b24655db17183ec12cc02bf1f8","isMergeCommit":true,"messageTitle":"Merge branch \u0027darrenang-AboutUs\u0027","messageBody":"","fileTypesAndContributionMap":{}}]},{"date":"2023-03-07","commitResults":[{"hash":"81236308c2da59253d6a464122805f287163f0ee","isMergeCommit":false,"messageTitle":"Create skeleton for the base application program. Update Developer Guide to give proper credits.","messageBody":"","fileTypesAndContributionMap":{"functional-code":{"insertions":283,"deletions":21},"other":{"insertions":2,"deletions":3},"docs":{"insertions":2,"deletions":0}}},{"hash":"17e8e95b5285ac91d34b9f518a0c02ecb59d4e6a","isMergeCommit":false,"messageTitle":"Update build.gradle with correct main class and jar name.","messageBody":"","fileTypesAndContributionMap":{"other":{"insertions":2,"deletions":2}}},{"hash":"6a880b1c22163f4ade38b1ad1a0cee658dc1c7f9","isMergeCommit":false,"messageTitle":"Update format of credits","messageBody":"","fileTypesAndContributionMap":{"functional-code":{"insertions":1,"deletions":2}}}]},{"date":"2023-03-13","commitResults":[{"hash":"af484e98e571649e644522569edb43b6c17d979a","isMergeCommit":true,"messageTitle":"Merge branch \u0027application-skeleton\u0027","messageBody":"","fileTypesAndContributionMap":{}},{"hash":"d1971d4db7a9f36dd4fa6440ce1e2b0aab7b2ffc","isMergeCommit":false,"messageTitle":"Added help command and DinerDirector Logo","messageBody":"","fileTypesAndContributionMap":{"functional-code":{"insertions":75,"deletions":5}}},{"hash":"13eae2f28aeccd7e6b48bb31481eff590bb39e66","isMergeCommit":false,"messageTitle":"Remove trailing spaces from logo","messageBody":"","fileTypesAndContributionMap":{"functional-code":{"insertions":5,"deletions":5}}},{"hash":"a280a22a415f69185c918f9b6fb5f35c5a529d4e","isMergeCommit":false,"messageTitle":"added JUnit Test for DiinerDirector Class","messageBody":"","fileTypesAndContributionMap":{"test-code":{"insertions":25,"deletions":2}}}]},{"date":"2023-03-14","commitResults":[{"hash":"1f68ae3aaf441bcefabdfcc9c8a7f770e67e78a0","isMergeCommit":false,"messageTitle":"Update DinerDirectorTest.java","messageBody":"","fileTypesAndContributionMap":{"test-code":{"insertions":1,"deletions":1}}},{"hash":"d514268e3a49bd7cf3dfe6ea63793d7bfaa524e6","isMergeCommit":false,"messageTitle":"Update DinerDirectorTest.java","messageBody":"","fileTypesAndContributionMap":{"test-code":{"insertions":1,"deletions":1}}},{"hash":"d24b641f8df28fb8500db9b010a782700ce5c84e","isMergeCommit":true,"messageTitle":"Merge pull request #29 from Stella1585/Stella1585-DeadlineChanges","messageBody":"Stella1585 deadline changes","fileTypesAndContributionMap":{}},{"hash":"e3735db63c57e2fe6bb4d0e6f47c79cf0ecc7888","isMergeCommit":false,"messageTitle":"Update DinerDirectorTest.java","messageBody":"","fileTypesAndContributionMap":{"test-code":{"insertions":1,"deletions":1}}},{"hash":"b601d6b2f80c6329e469727f0e457926378ee3ac","isMergeCommit":true,"messageTitle":"Merge branch \u0027master\u0027 into branch-HelpCommand","messageBody":"","fileTypesAndContributionMap":{}},{"hash":"3bf8329cc06773a6f7ec61304d9958dabe44c8e9","isMergeCommit":true,"messageTitle":"Merge pull request #26 from darrenangwx/branch-HelpCommand","messageBody":"Implemented help command","fileTypesAndContributionMap":{}},{"hash":"a2a0b1432f747c34d882b71349754095806edf7f","isMergeCommit":false,"messageTitle":"Refactored darren and stella PR","messageBody":"","fileTypesAndContributionMap":{"functional-code":{"insertions":25,"deletions":29},"other":{"insertions":4,"deletions":4},"test-code":{"insertions":6,"deletions":6}}},{"hash":"a801cd7951e6a5c45e8366b18d20f7e5b6692db4","isMergeCommit":true,"messageTitle":"Merge pull request #23 from Zeno-Zr/LimZhengRong-DishCommands","messageBody":"Add package \"menu\" with menu commands","fileTypesAndContributionMap":{}},{"hash":"f6691743566a0c8383bb00b8936267c7d83b7b93","isMergeCommit":true,"messageTitle":"Merge branch \u0027master\u0027 of https://github.com/AY2223S2-CS2113-W15-4/tp into branch-refactorPR","messageBody":"# Conflicts:\n#\tsrc/main/java/utils/Parser.java\n","fileTypesAndContributionMap":{}},{"hash":"2b26c96aed479a08b696bbf75dd427e0f0e40cd6","isMergeCommit":false,"messageTitle":"Refactor ZR code","messageBody":"","fileTypesAndContributionMap":{"functional-code":{"insertions":22,"deletions":21}}},{"hash":"b5ead712366af040705ddd2d4b5f58477c35c433","isMergeCommit":true,"messageTitle":"Merge pull request #25 from douph810975/add_view_delete_Meetings","messageBody":"Add view delete meetings","fileTypesAndContributionMap":{}},{"hash":"5f4b238b1b0aa57083d7caeaaa9211ad83aed1c6","isMergeCommit":true,"messageTitle":"Merge pull request #32 from Zeno-Zr/LimZhengRong-DishCommands","messageBody":"Add test method for DishViewCommand","fileTypesAndContributionMap":{}},{"hash":"6f63ea9fc6fa40aa808932a37f8d12b91073720a","isMergeCommit":true,"messageTitle":"Merge branch \u0027master\u0027 of https://github.com/AY2223S2-CS2113-W15-4/tp into branch-refactorPR","messageBody":"# Conflicts:\n#\tsrc/main/java/common/Messages.java\n#\tsrc/main/java/utils/Parser.java\n#\tsrc/test/java/dinerdirector/DinerDirectorTest.java\n","fileTypesAndContributionMap":{}},{"hash":"42b813e963c016734bc6d814a6addb5e0db9c966","isMergeCommit":false,"messageTitle":"Refactor Codebase","messageBody":"","fileTypesAndContributionMap":{"functional-code":{"insertions":62,"deletions":35},"test-code":{"insertions":2,"deletions":2}}},{"hash":"ffb91936a9a62610d6dc6c75a7971247c37c5aa2","isMergeCommit":false,"messageTitle":"Update Help menu","messageBody":"","fileTypesAndContributionMap":{"functional-code":{"insertions":20,"deletions":26}}},{"hash":"602a49cbf8a95a4d047c2af2e6666fcb4abbef29","isMergeCommit":true,"messageTitle":"Merge pull request #30 from darrenangwx/branch-refactorPR","messageBody":"Refactoring after PR merge","tags":["v1.0"],"fileTypesAndContributionMap":{}},{"hash":"ae5a3ba4e29bd1e6e15a9c62e730795024866535","isMergeCommit":true,"messageTitle":"Merge branch \u0027master\u0027 of https://github.com/AY2223S2-CS2113-W15-4/tp","messageBody":"","fileTypesAndContributionMap":{}},{"hash":"599d2d884d2f2e28a7cd65c8a8afa7e0027cc1ec","isMergeCommit":false,"messageTitle":"Add Assertions to command and userInput","messageBody":"","fileTypesAndContributionMap":{"functional-code":{"insertions":2,"deletions":0}}}]},{"date":"2023-03-16","commitResults":[{"hash":"c9e29e139b45db93e534175fe0a78d825530213e","isMergeCommit":true,"messageTitle":"Merge pull request #38 from darrenangwx/branch-Assertions","messageBody":"Add assertions","fileTypesAndContributionMap":{}}]},{"date":"2023-03-17","commitResults":[{"hash":"2ad294c260795acbedaaef6fae86eea2ebc26ca0","isMergeCommit":false,"messageTitle":"Update assert in DinerDirector.java","messageBody":"","fileTypesAndContributionMap":{"functional-code":{"insertions":1,"deletions":1}}},{"hash":"404bd8a7a22e96506293d77f25b4a67fd3d398fa","isMergeCommit":true,"messageTitle":"Merge branch \u0027master\u0027 of https://github.com/AY2223S2-CS2113-W15-4/tp","messageBody":"","fileTypesAndContributionMap":{}}]},{"date":"2023-03-20","commitResults":[{"hash":"4260b592046ef8ae539eea77a5e8f8ba578650f2","isMergeCommit":false,"messageTitle":"Add Documentation skeleton","messageBody":"","fileTypesAndContributionMap":{"docs":{"insertions":15,"deletions":2}}}]},{"date":"2023-03-21","commitResults":[{"hash":"03a812680dc548f60e2388628c34dc41a1bb8249","isMergeCommit":false,"messageTitle":"Add documentation for Utils Component and Parsing Feature","messageBody":"","fileTypesAndContributionMap":{"docs":{"insertions":13,"deletions":1}}},{"hash":"9a689d8b440534de365abe84adb7680c0324bae9","isMergeCommit":false,"messageTitle":"Update terms used in documentation","messageBody":"","fileTypesAndContributionMap":{"docs":{"insertions":1,"deletions":1}}},{"hash":"29ee627967a2de7013c068165e1e332e7fa1315d","isMergeCommit":false,"messageTitle":"Update DeveloperGuide","messageBody":"Add target user profile, value proposition and v2.0 user stories\n","fileTypesAndContributionMap":{"docs":{"insertions":23,"deletions":14}}},{"hash":"fb9dab798cc656eadd0b23e5b9b66b4478609e8b","isMergeCommit":false,"messageTitle":"Update DeveloperGuide.md","messageBody":"Add missing bullet points to Utils component (My part)","fileTypesAndContributionMap":{"docs":{"insertions":3,"deletions":2}}},{"hash":"103a5a19ae9b497ff5830048a0d5a2e9a739f656","isMergeCommit":true,"messageTitle":"Merge pull request #44 from Zeno-Zr/LimZhengRong-DishCommands","messageBody":"Update add_dish command using regex to parse input","fileTypesAndContributionMap":{}},{"hash":"fcdfb25b8e7ab9d98ede5384ec3fed4de383cd87","isMergeCommit":true,"messageTitle":"Merge branch \u0027master\u0027 into branch-Documentation","messageBody":"","fileTypesAndContributionMap":{}}]},{"date":"2023-03-22","commitResults":[{"hash":"7aba1b6a542cb7611da338b87daa9aaaa0764160","isMergeCommit":true,"messageTitle":"Merge branch \u0027master\u0027 of https://github.com/AY2223S2-CS2113-W15-4/tp","messageBody":"","fileTypesAndContributionMap":{}},{"hash":"3ebdc7874b62446951620835ec36ba9ed621b3f9","isMergeCommit":true,"messageTitle":"Merge branch \u0027master\u0027 of https://github.com/AY2223S2-CS2113-W15-4/tp","messageBody":"","fileTypesAndContributionMap":{}},{"hash":"564d2a425be551f9a37a55781a2189f159a8fe5a","isMergeCommit":true,"messageTitle":"Merge pull request #59 from douph810975/Update_DG","messageBody":"Update the Developer Guide.","fileTypesAndContributionMap":{}},{"hash":"ec99b9803d3875fd9c360354c8363579de5c5718","isMergeCommit":true,"messageTitle":"Merge pull request #58 from kristianachwan/kristian/fix_typo_developer_guide","messageBody":"Fix typo","fileTypesAndContributionMap":{}},{"hash":"daa7364b0f4dba794c6b76a7685b98b1bc097ae7","isMergeCommit":true,"messageTitle":"Merge branch \u0027master\u0027 of https://github.com/AY2223S2-CS2113-W15-4/tp","messageBody":"","fileTypesAndContributionMap":{}},{"hash":"5464b09ce0e8121ffaee82e9d98ce56364dddc14","isMergeCommit":false,"messageTitle":"Update build.gradle","messageBody":"Enable assertions in build.gradle\n","fileTypesAndContributionMap":{"other":{"insertions":1,"deletions":0}}},{"hash":"0b5fb73084dfdce14e490d9c3983e66f87115d02","isMergeCommit":true,"messageTitle":"Merge pull request #62 from Zeno-Zr/LimZhengRong-Documentation","messageBody":"Update Command component in DeveloperGuide","fileTypesAndContributionMap":{}}]},{"date":"2023-03-26","commitResults":[{"hash":"2c17bb9a74732c06258c8c7b67e1d86b70b82973","isMergeCommit":true,"messageTitle":"Merge branch \u0027master\u0027 of https://github.com/AY2223S2-CS2113-W15-4/tp","messageBody":"","fileTypesAndContributionMap":{}},{"hash":"4c7cd8995eee47b67f5ab9c22ef16411ae26a9f7","isMergeCommit":false,"messageTitle":"Add storage feature","messageBody":"Add storage for the following:\ndeadlines\nmeetings\ndishes\nstaffs\n","fileTypesAndContributionMap":{"functional-code":{"insertions":444,"deletions":20}}},{"hash":"dac8c7efdce1cbfda61b5119d4d9caef2357730e","isMergeCommit":false,"messageTitle":"Update IO redirection test","messageBody":"","fileTypesAndContributionMap":{"functional-code":{"insertions":8,"deletions":8}}}]},{"date":"2023-03-27","commitResults":[{"hash":"3c223300a287b32a4be0faff90c321edc66da9c0","isMergeCommit":false,"messageTitle":"Update storage","messageBody":"remove un-needed variables\n","fileTypesAndContributionMap":{"functional-code":{"insertions":12,"deletions":20}}},{"hash":"878820bdbdead54c803ad6ee30d84de5a2a351ae","isMergeCommit":false,"messageTitle":"Remove unuse imports","messageBody":"","fileTypesAndContributionMap":{"functional-code":{"insertions":0,"deletions":4}}},{"hash":"8002403e07094e71bd1068ff00a7c36bbc5d3bcb","isMergeCommit":false,"messageTitle":"Remove unuse imports","messageBody":"","fileTypesAndContributionMap":{"functional-code":{"insertions":1,"deletions":2}}},{"hash":"7f5ee28d10aac8ae5cd20484e0a1214fac2f14a5","isMergeCommit":true,"messageTitle":"Merge branch \u0027master\u0027 into LimZhengRong-DishCommands","messageBody":"","fileTypesAndContributionMap":{}},{"hash":"6b54b61720a2948d0fd192d3da1b609bf37b2ee3","isMergeCommit":true,"messageTitle":"Merge pull request #65 from Zeno-Zr/LimZhengRong-DishCommands","messageBody":"Add find_dish command","fileTypesAndContributionMap":{}},{"hash":"91bdb951988d0914ecaa5766ffd56c3f5a139f47","isMergeCommit":true,"messageTitle":"Merge branch \u0027master\u0027 into Stella1585-FindDeadline","messageBody":"","fileTypesAndContributionMap":{}},{"hash":"0dc373b4416948565d4a7e617da8a14395748b85","isMergeCommit":true,"messageTitle":"Merge pull request #54 from Stella1585/Stella1585-FindDeadline","messageBody":"add find deadline","fileTypesAndContributionMap":{}},{"hash":"ab2374d1a89dcfedc2ad4b6237890ff7aaeb3ceb","isMergeCommit":true,"messageTitle":"Merge branch \u0027master\u0027 into find_meeting","messageBody":"","fileTypesAndContributionMap":{}}]},{"date":"2023-03-28","commitResults":[{"hash":"c61bf2b2d8c8cfa3021502ab9847313c714dbde3","isMergeCommit":true,"messageTitle":"Merge branch \u0027master\u0027 of https://github.com/AY2223S2-CS2113-W15-4/tp into branch-Documentation","messageBody":"","fileTypesAndContributionMap":{}},{"hash":"d7cebd94a8712b36a8efe120d5a128237b13fb01","isMergeCommit":false,"messageTitle":"Update main README","messageBody":"","fileTypesAndContributionMap":{"docs":{"insertions":2,"deletions":2}}},{"hash":"bfdfcb2a9cc60c252dc43ba10b921cbe49f052c8","isMergeCommit":false,"messageTitle":"Update Developer Guide with UML diagram","messageBody":"","fileTypesAndContributionMap":{"docs":{"insertions":107,"deletions":7}}},{"hash":"e09d87446f10113ec7ffe3222614ff27bd6de3f1","isMergeCommit":false,"messageTitle":"Update UserGuide","messageBody":"Include the content page and the storage feature\n","fileTypesAndContributionMap":{"docs":{"insertions":29,"deletions":6}}},{"hash":"5ac3601b14a470452e82dcaed0e4d7545026a0ca","isMergeCommit":false,"messageTitle":"Fix bugs","messageBody":"For Add Staff and Meeting\n","fileTypesAndContributionMap":{"functional-code":{"insertions":2,"deletions":2}}},{"hash":"674951cddc7f286ac3941129d919bdcbe9adf400","isMergeCommit":true,"messageTitle":"Merge branch \u0027master\u0027 into branch-Storage","messageBody":"","fileTypesAndContributionMap":{}},{"hash":"9a655966c29644fd29adff5939f4836a379ed81e","isMergeCommit":true,"messageTitle":"Merge branch \u0027master\u0027 of https://github.com/AY2223S2-CS2113-W15-4/tp","messageBody":"","fileTypesAndContributionMap":{}},{"hash":"cfda809b81ad3a2b2cf3fd0183755cbb20eefa3c","isMergeCommit":false,"messageTitle":"Fix addmeeting bug","messageBody":"","fileTypesAndContributionMap":{"functional-code":{"insertions":1,"deletions":1}}},{"hash":"a07cb5161f223d939114ab61b1760880865ed41f","isMergeCommit":false,"messageTitle":"Change variable name to java standard","messageBody":"","fileTypesAndContributionMap":{"functional-code":{"insertions":2,"deletions":2}}},{"hash":"9d268e3776e4eca5d2525780fd44827c1a0d8b38","isMergeCommit":true,"messageTitle":"Merge pull request #80 from darrenangwx/branch-FixMeetingBug","messageBody":"Change variable name to java standard","fileTypesAndContributionMap":{}}]}],"Stella1585":[{"date":"2023-03-01","commitResults":[{"hash":"0dfb522e5645488450f5fee5059b1399e79227d4","isMergeCommit":false,"messageTitle":"add name","messageBody":"","fileTypesAndContributionMap":{"docs":{"insertions":7,"deletions":7}}},{"hash":"8fa9c0f128f9f11d6ce3cf58e53a0b880c910307","isMergeCommit":false,"messageTitle":"Update AboutUs.md","messageBody":"","fileTypesAndContributionMap":{"docs":{"insertions":7,"deletions":7}}}]},{"date":"2023-03-13","commitResults":[{"hash":"504b316ab514b8b87f67ca89259b8c2030eb56f8","isMergeCommit":false,"messageTitle":"add view delete deadline","messageBody":"","fileTypesAndContributionMap":{"functional-code":{"insertions":367,"deletions":8}}},{"hash":"3cb4f3ecfc81d05b56393595d365be9a751251bc","isMergeCommit":false,"messageTitle":"uncahnge ui","messageBody":"","fileTypesAndContributionMap":{"functional-code":{"insertions":1,"deletions":1}}},{"hash":"bac6745d7cdbb9f8809573447091169ea48546bd","isMergeCommit":false,"messageTitle":"add deadline","messageBody":"","fileTypesAndContributionMap":{"functional-code":{"insertions":29,"deletions":104},"other":{"insertions":13,"deletions":18},"test-code":{"insertions":37,"deletions":2}}}]},{"date":"2023-03-17","commitResults":[{"hash":"7a6ec3c1acdb8c31a92bd77405a76c9a602128a5","isMergeCommit":true,"messageTitle":"Merge pull request #40 from darrenangwx/branch-Assertions","messageBody":"Update assert in DinerDirector.java","fileTypesAndContributionMap":{}}]},{"date":"2023-03-18","commitResults":[{"hash":"eac164b52d855c28c89997daeff4af362c20e040","isMergeCommit":false,"messageTitle":"add assert and log","messageBody":"","fileTypesAndContributionMap":{"functional-code":{"insertions":25,"deletions":5}}},{"hash":"de44b826e4feca31183c99c93b9e2a67d16e3760","isMergeCommit":false,"messageTitle":"editted","messageBody":"","fileTypesAndContributionMap":{"functional-code":{"insertions":5,"deletions":2}}},{"hash":"31af511640f503aaf9f35ff355c00e22bfa85fba","isMergeCommit":false,"messageTitle":"Update DeadlineManager.java","messageBody":"","fileTypesAndContributionMap":{"functional-code":{"insertions":0,"deletions":1}}}]},{"date":"2023-03-19","commitResults":[{"hash":"5a837e3f457b004216f7e8b3957455aba2ad6809","isMergeCommit":true,"messageTitle":"Merge pull request #42 from kristianachwan/fix_staff_command_format","messageBody":"Fix staff command format","fileTypesAndContributionMap":{}},{"hash":"a0838b4dd243917cf27b3016a1ccbe2c6d3fb86d","isMergeCommit":false,"messageTitle":"delete log","messageBody":"","fileTypesAndContributionMap":{"functional-code":{"insertions":0,"deletions":12}}}]},{"date":"2023-03-21","commitResults":[{"hash":"8a220399cb04b88fbb3fb51153043babbde171a9","isMergeCommit":false,"messageTitle":"Update DeveloperGuide.md","messageBody":"","fileTypesAndContributionMap":{"docs":{"insertions":39,"deletions":1}}},{"hash":"aaa53a5fcc1d5f01f78494d694638f4e44e8eef5","isMergeCommit":false,"messageTitle":"add find deadline","messageBody":"","fileTypesAndContributionMap":{"functional-code":{"insertions":91,"deletions":8},"test-code":{"insertions":7,"deletions":1}}},{"hash":"a4cce585f79c539b856813ea424c1227d6c05c4c","isMergeCommit":false,"messageTitle":"change length","messageBody":"","fileTypesAndContributionMap":{"functional-code":{"insertions":3,"deletions":3}}}]},{"date":"2023-03-22","commitResults":[{"hash":"75d54e0e3bdf869126a7e4b719b4c32147cba122","isMergeCommit":true,"messageTitle":"Merge pull request #61 from darrenangwx/branch-Assertions","messageBody":"Update build.gradle","fileTypesAndContributionMap":{}},{"hash":"715f8a883a49931bcdba41f31019954ba05e5ba6","isMergeCommit":true,"messageTitle":"Merge branch \u0027master\u0027 into Stella1585-FindDeadline","messageBody":"","fileTypesAndContributionMap":{}}]},{"date":"2023-03-27","commitResults":[{"hash":"18fa6cab9badbcb65961da4a9e922621f7844cc0","isMergeCommit":false,"messageTitle":"Update UserGuide.md","messageBody":"","fileTypesAndContributionMap":{"docs":{"insertions":132,"deletions":18}}},{"hash":"5bd741b01a2d9d9c243f51eb0cc900aa9f98a9b9","isMergeCommit":false,"messageTitle":"Update UserGuide.md","messageBody":"","fileTypesAndContributionMap":{"docs":{"insertions":1,"deletions":1}}}]}]},"authorFileTypeContributionMap":{"kristianachwan":{"docs":31,"functional-code":220,"test-code":32},"douph810975":{"docs":68,"functional-code":274,"test-code":34},"Zeno-Zr":{"docs":211,"functional-code":313,"test-code":186},"darrenangwx":{"docs":181,"functional-code":866,"test-code":36,"other":3},"Stella1585":{"docs":145,"functional-code":338,"test-code":29}},"authorContributionVariance":{"kristianachwan":3291.1343,"douph810975":1481.3944,"Zeno-Zr":9882.225,"darrenangwx":9907.674,"Stella1585":9052.517},"authorDisplayNameMap":{"kristianachwan":"CS2113-W15-4 KRIS..HWAN","douph810975":"CS2113-W15-4 DOU ..IHAO","Zeno-Zr":"CS2113-W15-4 LIM ..RONG","darrenangwx":"CS2113-W15-4 ANG ..RREN","Stella1585":"CS2113-W15-4 ZHOU..UIQI"}}
