{"authorDailyContributionsMap":{"thant":[{"date":"2023-03-02","commitResults":[{"hash":"7b9bd8019bdb20caf75109cb1652c25186427e6c","isMergeCommit":false,"messageTitle":"Update README.md","messageBody":"","fileTypesAndContributionMap":{"docs":{"insertions":6,"deletions":63}}}]},{"date":"2023-03-09","commitResults":[{"hash":"27f4481a67889330d64884e409101f1359be4f73","isMergeCommit":true,"messageTitle":"Merge pull request #1 from jeraldgau/master","messageBody":"Base code for Duck","fileTypesAndContributionMap":{}}]},{"date":"2023-03-11","commitResults":[{"hash":"14324e6e0451447948a7e5310896732b793ed89e","isMergeCommit":true,"messageTitle":"Merge pull request #1 from AY2223S2-CS2113-T11-1/master","messageBody":"pulling","fileTypesAndContributionMap":{}},{"hash":"365cd2a2cbd4566b0bec265a3a351999a1dd1459","isMergeCommit":false,"messageTitle":"Added date time tracking for Duck inputs","messageBody":"","fileTypesAndContributionMap":{"functional-code":{"insertions":95,"deletions":32}}},{"hash":"8e2bc1442b03e26852bc4712c01f97d7be07014f","isMergeCommit":true,"messageTitle":"Merge pull request #4 from thant/master","messageBody":"Date time tracking + help function added","fileTypesAndContributionMap":{}}]},{"date":"2023-03-15","commitResults":[{"hash":"f29775ba0f0520e90181e90e435b5b7fd04bb84d","isMergeCommit":false,"messageTitle":"Added -clear function with double check capacity","messageBody":"-priority variable that is saved to datafile also\n\n-priority function that changes this priorty variable\n\n-list function updated to include priority\n","fileTypesAndContributionMap":{"functional-code":{"insertions":119,"deletions":9}}},{"hash":"8939bce8d9baf26c2a251e3b1b26e7bf64abccc8","isMergeCommit":true,"messageTitle":"Merge pull request #22 from thant/master","messageBody":"Added","fileTypesAndContributionMap":{}}]},{"date":"2023-03-22","commitResults":[{"hash":"2e19906c42b8ef054f11f40b8450c91466befe2f","isMergeCommit":false,"messageTitle":"Update DeveloperGuide.md","messageBody":"updated","fileTypesAndContributionMap":{"docs":{"insertions":140,"deletions":0}}},{"hash":"08ee5022d1b6e39550ff9156862ec065790badea","isMergeCommit":false,"messageTitle":"Update DeveloperGuide.md","messageBody":"edits to match style","fileTypesAndContributionMap":{"docs":{"insertions":9,"deletions":12}}},{"hash":"236fdd25c0acfcae9203acf92c9a987e5ed33dc6","isMergeCommit":false,"messageTitle":"Update DeveloperGuide.md","messageBody":"","fileTypesAndContributionMap":{"docs":{"insertions":9,"deletions":6}}},{"hash":"309412570d025d0e5c079f8976bed867e3845cf5","isMergeCommit":false,"messageTitle":"Update DeveloperGuide.md","messageBody":"","fileTypesAndContributionMap":{"docs":{"insertions":12,"deletions":12}}},{"hash":"c7f117a63546c27dbf4614aa4fa6883973f2089e","isMergeCommit":false,"messageTitle":"Update DeveloperGuide.md","messageBody":"","fileTypesAndContributionMap":{"docs":{"insertions":2,"deletions":2}}},{"hash":"f1baf616769f4befc47a97a3141b92f1178fbdf3","isMergeCommit":false,"messageTitle":"Update DeveloperGuide.md","messageBody":"","fileTypesAndContributionMap":{"docs":{"insertions":2,"deletions":2}}}]}],"miahjerry":[],"jeraldgau":[{"date":"2023-03-09","commitResults":[{"hash":"2d7d6f2d46a92b659abb6088a04044f407379941","isMergeCommit":false,"messageTitle":"Copy over from iP to serve as base code for Duck","messageBody":"","fileTypesAndContributionMap":{"functional-code":{"insertions":770,"deletions":21}}},{"hash":"0d5a591414a6268df65f4d955a663f8e8cd6fd89","isMergeCommit":false,"messageTitle":"Changed class and file names to Duck","messageBody":"","fileTypesAndContributionMap":{"other":{"insertions":30,"deletions":30}}},{"hash":"948b17596890624ec5fd7a35ca7bf960e899b954","isMergeCommit":false,"messageTitle":"Fixed a bug causing an error message to be shown when string input is given where an integer input is expected in the user command.","messageBody":"","fileTypesAndContributionMap":{"functional-code":{"insertions":2,"deletions":1}}},{"hash":"6b986d0ec21c35f0c3e35240d79baf1af7ed5ce9","isMergeCommit":false,"messageTitle":"Fixed checkstyle errors","messageBody":"","fileTypesAndContributionMap":{"functional-code":{"insertions":7,"deletions":7}}},{"hash":"61ffd5f78f8fde0eca9563278b3d0a68606e0dc7","isMergeCommit":false,"messageTitle":"Changed README back to the original text","messageBody":"Previously changed README to have changed files to compare with main repo, changing the README back for easier reference.","fileTypesAndContributionMap":{"docs":{"insertions":63,"deletions":6}}},{"hash":"4ebe339bdaeb53f80ee5242f8e7f24c8c300f58a","isMergeCommit":true,"messageTitle":"Merge pull request #3 from jeraldgau/master","messageBody":"Changed README back to the original text","fileTypesAndContributionMap":{}}]},{"date":"2023-03-15","commitResults":[{"hash":"f1c0a87f4ee653bcf734bab230063f6db35c077f","isMergeCommit":false,"messageTitle":"Refactored wrong date/time format message into the Ui class, and added borderlines.","messageBody":"","fileTypesAndContributionMap":{"functional-code":{"insertions":11,"deletions":6}}},{"hash":"d295be6618f69393bb41ead2adf47da9b6a53022","isMergeCommit":true,"messageTitle":"Merge pull request #20 from jeraldgau/master","messageBody":"Refactored wrong date/time format message into the Ui class, and added borderlines","fileTypesAndContributionMap":{}},{"hash":"bbc49565a8e5ca3ca97a3fafff45c924baef0453","isMergeCommit":false,"messageTitle":"Added SchoolClass task","messageBody":"","fileTypesAndContributionMap":{"functional-code":{"insertions":131,"deletions":0}}},{"hash":"6079673809aac7fb6521eded860ef0714e12cfbe","isMergeCommit":true,"messageTitle":"Merge branch \u0027Class-SchoolClass\u0027","messageBody":"","fileTypesAndContributionMap":{}},{"hash":"aff3a5572465e4e2af13e2faa809040783c7b691","isMergeCommit":true,"messageTitle":"Merge branch \u0027master\u0027 of https://github.com/AY2223S2-CS2113-T11-1/tp","messageBody":"","fileTypesAndContributionMap":{}},{"hash":"e7f31a839502f47976a4e271f5626280753511a5","isMergeCommit":false,"messageTitle":"- Fixed how saving and loading works after implementing the SchoolClass task and priority status. - Added how to add SchoolClasses into the help page.","messageBody":"","fileTypesAndContributionMap":{"functional-code":{"insertions":33,"deletions":32}}},{"hash":"a6591bb0b6bcc4605e5aa817eb473c956849f789","isMergeCommit":true,"messageTitle":"Merge pull request #23 from jeraldgau/master","messageBody":"Implemented SchoolClass Task","fileTypesAndContributionMap":{}},{"hash":"ba9ef643bd52a1c21ecfb930474b7367e8de3b5a","isMergeCommit":false,"messageTitle":"minor ui fix in error messages","messageBody":"","fileTypesAndContributionMap":{"functional-code":{"insertions":1,"deletions":1}}},{"hash":"b3126c50836a96725f692b63d5c52a57ecff355e","isMergeCommit":false,"messageTitle":"Fixed the index out of bounds bug","messageBody":"","fileTypesAndContributionMap":{"functional-code":{"insertions":4,"deletions":1}}},{"hash":"6cc376aff372b115d5e8218aba254c77b3a2f8ae","isMergeCommit":true,"messageTitle":"Merge branch \u0027invalid-command-bug-fix\u0027","messageBody":"","fileTypesAndContributionMap":{}},{"hash":"d3cb2d0e82fb432ae09412b4b92ae75346dcb127","isMergeCommit":true,"messageTitle":"Merge pull request #26 from jeraldgau/master","messageBody":"Bug Fix","fileTypesAndContributionMap":{}},{"hash":"ea760c4158fc3d3d68ff4e3f53341a46ba81c422","isMergeCommit":false,"messageTitle":"minor ui fix","messageBody":"","fileTypesAndContributionMap":{"functional-code":{"insertions":1,"deletions":1}}},{"hash":"ed9beab657c6aae59d53519e828fe24b69fdf242","isMergeCommit":true,"messageTitle":"Merge branch \u0027master\u0027 of https://github.com/AY2223S2-CS2113-T11-1/tp","messageBody":"","fileTypesAndContributionMap":{}},{"hash":"8e006c48aaf9b3b84aa00f51207d81760e289974","isMergeCommit":true,"messageTitle":"Merge pull request #27 from jeraldgau/master","messageBody":"Minor UI fix","tags":["v1.0"],"fileTypesAndContributionMap":{}}]},{"date":"2023-03-22","commitResults":[{"hash":"4e71fda0bd85d9d787ddf16a9bb8342691b98fde","isMergeCommit":false,"messageTitle":"Update Developer Guide","messageBody":"Added description of the SchoolClass Task and its associated functions.","fileTypesAndContributionMap":{"docs":{"insertions":30,"deletions":1}}},{"hash":"a7c7d0e4720117d0ab8f28b76e4ada1dd3440335","isMergeCommit":false,"messageTitle":"Update DeveloperGuide.md","messageBody":"","fileTypesAndContributionMap":{"docs":{"insertions":2,"deletions":0}}},{"hash":"1ab51231e5fb2afd772f20701874e7301426ecd6","isMergeCommit":false,"messageTitle":"Added junit tests for the Parser class","messageBody":"","fileTypesAndContributionMap":{"test-code":{"insertions":25,"deletions":12}}},{"hash":"547346e6f3c50c2b4ca68be37f76e77f7dacd009","isMergeCommit":true,"messageTitle":"Merge branch \u0027junit-tests\u0027","messageBody":"","fileTypesAndContributionMap":{}},{"hash":"d89a7bd66b2a3ec9a09e648521ed9ad4d7c9259d","isMergeCommit":true,"messageTitle":"Merge pull request #32 from jeraldgau/master","messageBody":"Added JUnit-Testing","fileTypesAndContributionMap":{}}]}],"MichelleLiang0116":[{"date":"2023-03-21","commitResults":[{"hash":"f3554807573ceed52092c856c8ec0e4b21886026","isMergeCommit":false,"messageTitle":"Display upcoming deadline","messageBody":"","fileTypesAndContributionMap":{"functional-code":{"insertions":101,"deletions":7}}}]}],"skyanzy":[{"date":"2023-03-23","commitResults":[{"hash":"8ba7ebeb0ca93532dded5881debe33a3ed794f86","isMergeCommit":false,"messageTitle":"Improved coding standard and added list-x-days feature","messageBody":"","fileTypesAndContributionMap":{"functional-code":{"insertions":55,"deletions":10}}},{"hash":"14fa94a295f98ac9d24356e86060fe60644ddca2","isMergeCommit":false,"messageTitle":"changed the star import for exceptions","messageBody":"","fileTypesAndContributionMap":{"functional-code":{"insertions":6,"deletions":1}}},{"hash":"6881017aae776beb1ad3767c0c4545a06e0ed118","isMergeCommit":true,"messageTitle":"Merge pull request #34 from skyanzy/master","messageBody":"some improved coding standard and added list-x-days feature","fileTypesAndContributionMap":{}}]}]},"authorFileTypeContributionMap":{"thant":{"docs":142,"functional-code":194,"test-code":0},"miahjerry":{"docs":0,"functional-code":0,"test-code":0},"jeraldgau":{"docs":80,"functional-code":877,"test-code":25},"MichelleLiang0116":{"docs":0,"functional-code":96,"test-code":0},"skyanzy":{"docs":0,"functional-code":61,"test-code":0}},"authorContributionVariance":{"thant":2070.0457,"miahjerry":0.0,"jeraldgau":25399.926,"MichelleLiang0116":323.7355,"skyanzy":143.88245},"authorDisplayNameMap":{"thant":"CS2113-T11-1 THAN..NYAN","miahjerry":"CS2113-T11-1 ONG ..MIAH","jeraldgau":"CS2113-T11-1 GAU ..RALD","MichelleLiang0116":"CS2113-T11-1 LIAN..G-YU","skyanzy":"CS2113-T11-1 YAN ..AIYA"}}
