{"authorDailyContributionsMap":{"SongZijin":[{"date":"2023-03-03","commitResults":[{"hash":"5f007872654b07c301b6b0e9862a312eba87760f","isMergeCommit":false,"messageTitle":"Updated AboutUs to include Song Zijin","messageBody":"","fileTypesAndContributionMap":{"docs":{"insertions":3,"deletions":7}}},{"hash":"190398f54d74a4140fb7fb280de49199ef32e056","isMergeCommit":true,"messageTitle":"Merge branch \u0027master\u0027 into AboutUs","messageBody":"","fileTypesAndContributionMap":{}},{"hash":"0e1d93a1e48e4f861c0736a6a9386da991e2be6a","isMergeCommit":true,"messageTitle":"Merge pull request #3 from SongZijin/AboutUs","messageBody":"Updated AboutUs to include Song Zijin","fileTypesAndContributionMap":{}}]},{"date":"2023-03-06","commitResults":[{"hash":"621c3688b5c0460c64ad6135d6881cca1ab8945e","isMergeCommit":false,"messageTitle":"Add Flashcard.java to construct a flashcard object","messageBody":"","fileTypesAndContributionMap":{"functional-code":{"insertions":10,"deletions":0}}},{"hash":"1c21224e6b7c4f26a4d932d2a3b7e9bb5a1fbd9b","isMergeCommit":false,"messageTitle":"Update constructor of Flashcard.java","messageBody":"The current version will take in an input line of the format\n\"add /q QUESTION /a ANSWER\" and create a new flashcard\nobject with QUESTION and ANSWER stored\n","fileTypesAndContributionMap":{"functional-code":{"insertions":18,"deletions":5}}},{"hash":"f57dc6aa89ead1e4c7d1edcf6d4e7ac00a72b6ac","isMergeCommit":false,"messageTitle":"Add exceptions for add function","messageBody":"","fileTypesAndContributionMap":{"functional-code":{"insertions":12,"deletions":0}}},{"hash":"4f414df60fb16632bd9606843d503bbdb5b962f8","isMergeCommit":false,"messageTitle":"Add abstract command object","messageBody":"","fileTypesAndContributionMap":{"functional-code":{"insertions":13,"deletions":0}}},{"hash":"ce98df6ab10b422648cc4bf418aedbdc16681876","isMergeCommit":false,"messageTitle":"Add command objects for adding a new flashcard","messageBody":"","fileTypesAndContributionMap":{"functional-code":{"insertions":30,"deletions":0}}},{"hash":"e3392d64ec301e37b5e44717c9247161f4c82bdf","isMergeCommit":false,"messageTitle":"Implement basic structure for the whole application","messageBody":"A structure similar to what is done in iP is implemented here, the code can\nonly handle add command and unknown command for now.\n","fileTypesAndContributionMap":{"functional-code":{"insertions":162,"deletions":0}}},{"hash":"4be87ab0daab374608bb25fc046645041235f3a9","isMergeCommit":false,"messageTitle":"Update Flashcard.java to better follow OOP standard","messageBody":"","fileTypesAndContributionMap":{"functional-code":{"insertions":20,"deletions":23}}},{"hash":"76e7e227a61c462c48bd348026c3e84bb84c94ee","isMergeCommit":false,"messageTitle":"Add unit testing codes for current functions","messageBody":"","fileTypesAndContributionMap":{"test-code":{"insertions":56,"deletions":0}}},{"hash":"46b2a6d298ab76b29a9608cf4e7f361ac61171dc","isMergeCommit":false,"messageTitle":"Update files to meet the requirements of CheckStyle","messageBody":"","fileTypesAndContributionMap":{"functional-code":{"insertions":1,"deletions":1},"test-code":{"insertions":2,"deletions":2}}},{"hash":"c424ff684b1a3e47ba2a3b92a947088c7e494a2b","isMergeCommit":true,"messageTitle":"Merge pull request #4 from SongZijin/add-new-flashcard","messageBody":"Implement the add new flashcard function","fileTypesAndContributionMap":{}}]},{"date":"2023-03-11","commitResults":[{"hash":"178ec6a22214ec9a209b7e8bdff91a91da035746","isMergeCommit":false,"messageTitle":"Update parser to resolve bug","messageBody":"The parser now translates an add command to question text and answer text\ncorrectly regardless of the sequence of the 2 commands.\n","fileTypesAndContributionMap":{"functional-code":{"insertions":18,"deletions":6}}},{"hash":"40ef17663a7c5adaa39f953a13fd6e84a09df097","isMergeCommit":false,"messageTitle":"Include the new feature in unit testing","messageBody":"","fileTypesAndContributionMap":{"test-code":{"insertions":8,"deletions":0}}}]},{"date":"2023-03-14","commitResults":[{"hash":"c51c5573607f4722767b3218fcb4f32ea76a330f","isMergeCommit":false,"messageTitle":"Include a welcome message that will be printed when starting","messageBody":"","fileTypesAndContributionMap":{"functional-code":{"insertions":5,"deletions":0}}}]}],"kdh3799":[{"date":"2023-03-02","commitResults":[{"hash":"098c8c1b87107c66882f82124f183b388f50c6c3","isMergeCommit":false,"messageTitle":"Add Dehao\u0027s info to AboutUs.md","messageBody":"","fileTypesAndContributionMap":{"docs":{"insertions":4,"deletions":7}}},{"hash":"b0bbada8b6ec1056b0836b7fcf79371c692f55de","isMergeCommit":true,"messageTitle":"Merge pull request #1 from kdh3799/AboutUs_Dehao","messageBody":"Add Dehao\u0027s info to AboutUs.md","fileTypesAndContributionMap":{}}]},{"date":"2023-03-09","commitResults":[{"hash":"ff66f5385091a7c50bf95585b3f06a38aa22dd91","isMergeCommit":false,"messageTitle":"Update Dehao profile picture in aboutus","messageBody":"","fileTypesAndContributionMap":{"docs":{"insertions":1,"deletions":1}}},{"hash":"4abae406a5efe67890c153f1f5b5cbf041200afa","isMergeCommit":true,"messageTitle":"Merge pull request #5 from kdh3799/master","messageBody":"Update Dehao profile picture in aboutus","fileTypesAndContributionMap":{}}]},{"date":"2023-03-12","commitResults":[{"hash":"74717ddd5a76a41289cdd5952a4f0923ab986cf0","isMergeCommit":false,"messageTitle":"Add function of reviewing flashcards","messageBody":"","fileTypesAndContributionMap":{"functional-code":{"insertions":113,"deletions":36}}}]},{"date":"2023-03-13","commitResults":[{"hash":"e70d563f55dc8efa02356f3a81c1e7d88f2885c0","isMergeCommit":false,"messageTitle":"Reformatted files","messageBody":"","fileTypesAndContributionMap":{"functional-code":{"insertions":35,"deletions":44}}},{"hash":"5b4d680475451226a4ebe87576da7f89959627ca","isMergeCommit":false,"messageTitle":"Reformat again for code style","messageBody":"","fileTypesAndContributionMap":{"functional-code":{"insertions":26,"deletions":22}}},{"hash":"031c85e301cb912887c3ee22029b4e379cf6368f","isMergeCommit":false,"messageTitle":"reformat parser import for code style","messageBody":"","fileTypesAndContributionMap":{"functional-code":{"insertions":7,"deletions":2}}},{"hash":"cf7bedd882e82ec78cc3a0af9706c4df867487f5","isMergeCommit":false,"messageTitle":"Reformat parser javadoc indent for code style","messageBody":"","fileTypesAndContributionMap":{"functional-code":{"insertions":1,"deletions":1}}},{"hash":"b900a0c8103502142134643ff1c187baf2cc7a72","isMergeCommit":false,"messageTitle":"Add Junit test in ParserTest for reviewCommand","messageBody":"","fileTypesAndContributionMap":{"test-code":{"insertions":7,"deletions":4}}},{"hash":"1b5bc89fbcdd0ceb0552c9f8ab8a4311a9e24c7b","isMergeCommit":false,"messageTitle":"Reformat import for ParserTest for code style","messageBody":"","fileTypesAndContributionMap":{"test-code":{"insertions":5,"deletions":1}}},{"hash":"ba6bb473e7bda565b401527599c2e131e53dfc9c","isMergeCommit":false,"messageTitle":"Add text-ui-test for reviewCommand, bugs present","messageBody":"","fileTypesAndContributionMap":{"other":{"insertions":1,"deletions":0}}},{"hash":"61563972a193594d50c5a3b36f1e4a749d2a929e","isMergeCommit":false,"messageTitle":"Modify ReviewCommand to trim space at the end of sout to pass text ui test","messageBody":"","fileTypesAndContributionMap":{"functional-code":{"insertions":1,"deletions":1},"other":{"insertions":1,"deletions":2}}},{"hash":"4352a082cbcda7dfcf4865070e3bfd307cbe8f19","isMergeCommit":false,"messageTitle":"Modify according to PR comments","messageBody":"","fileTypesAndContributionMap":{"functional-code":{"insertions":18,"deletions":25}}},{"hash":"4935709a8b67792282f9bf3df4df52d90c694387","isMergeCommit":false,"messageTitle":"Reformat for code style","messageBody":"","fileTypesAndContributionMap":{"functional-code":{"insertions":3,"deletions":5}}},{"hash":"ead5e34db2f87ac42e07c02af87f2038f16b9174","isMergeCommit":true,"messageTitle":"Merge pull request #30 from kdh3799/review_card_1.0","messageBody":"Add function of reviewing flashcards","fileTypesAndContributionMap":{}}]}],"moseslee9012":[{"date":"2023-03-09","commitResults":[{"hash":"1016b9428594ed0cfc41260836aad5155a5a60d8","isMergeCommit":false,"messageTitle":"Added entry in AboutUs.md and edited personal portfolio","messageBody":"","fileTypesAndContributionMap":{"docs":{"insertions":2,"deletions":1}}},{"hash":"1bc91e22925ba06bbed6636b4660b2e600c2d139","isMergeCommit":true,"messageTitle":"Merge branch \u0027AY2223S2-CS2113-T15-4:master\u0027 into master","messageBody":"","fileTypesAndContributionMap":{}}]},{"date":"2023-03-11","commitResults":[{"hash":"58a5fdd3a38707be476980013aada7b1557caf47","isMergeCommit":false,"messageTitle":"Added DeleteCommand class, added deleteFlashcard method in FlashcardList","messageBody":"","fileTypesAndContributionMap":{"functional-code":{"insertions":16,"deletions":0}}},{"hash":"371e7a664bf75390a1dcd1e6a7b22034fcf4cc30","isMergeCommit":false,"messageTitle":"Implemented delete function","messageBody":"","fileTypesAndContributionMap":{"functional-code":{"insertions":12,"deletions":0}}}]},{"date":"2023-03-12","commitResults":[{"hash":"bc3a284d407aa0514131879faf8a2852f5f5089a","isMergeCommit":true,"messageTitle":"Merge branch \u0027AY2223S2-CS2113-T15-4:master\u0027 into master","messageBody":"","fileTypesAndContributionMap":{}}]},{"date":"2023-03-13","commitResults":[{"hash":"3cdbfc12066e04a943ce040d4dfa757f353dd66f","isMergeCommit":true,"messageTitle":"Merge remote-tracking branch \u0027upstream/master\u0027","messageBody":"# Conflicts:\n#\tsrc/main/java/com/clanki/objects/FlashcardList.java\n#\tsrc/main/java/com/clanki/parser/Parser.java\n#\tsrc/main/java/com/clanki/ui/Ui.java\n","fileTypesAndContributionMap":{}},{"hash":"108670f182f0db5ee436e352d7d1422372c20ac6","isMergeCommit":false,"messageTitle":"Corrected wrong comment format in Parser class","messageBody":"","fileTypesAndContributionMap":{"functional-code":{"insertions":1,"deletions":2}}}]}],"joulev":[{"date":"2023-03-02","commitResults":[{"hash":"e87f21319111b1cffd59c676a0f9baabe6198660","isMergeCommit":false,"messageTitle":"Add my name to docs/AboutUs","messageBody":"Signed-off-by: Vu Van Dung \u003cme@joulev.dev\u003e\n","fileTypesAndContributionMap":{"docs":{"insertions":3,"deletions":7}}},{"hash":"b345ec2d8f0e933b0b22a0ecc54560d5174df511","isMergeCommit":true,"messageTitle":"Merge branch \u0027master\u0027 into joulev/update-about-us","messageBody":"","fileTypesAndContributionMap":{}},{"hash":"2f307a03ae3e6147e47ff19a58f22c8d5544c849","isMergeCommit":true,"messageTitle":"Merge pull request #2 from joulev/joulev/update-about-us","messageBody":"Add Dung\u0027s name to docs/AboutUs","fileTypesAndContributionMap":{}}]},{"date":"2023-03-09","commitResults":[{"hash":"7f767468bbf1fca2837e03b852f67b6b358345be","isMergeCommit":false,"messageTitle":"Reformat all Java source files according to style guide","messageBody":"Signed-off-by: Vu Van Dung \u003cme@joulev.dev\u003e\n","fileTypesAndContributionMap":{"functional-code":{"insertions":37,"deletions":31},"test-code":{"insertions":2,"deletions":3}}},{"hash":"28a0d8f7ef4fabec22b3a46ae247018db567ab11","isMergeCommit":false,"messageTitle":"Set up Clanki for use with Gradle","messageBody":"Signed-off-by: Vu Van Dung \u003cme@joulev.dev\u003e\n","fileTypesAndContributionMap":{"functional-code":{"insertions":19,"deletions":40},"other":{"insertions":71,"deletions":63},"test-code":{"insertions":0,"deletions":12}}},{"hash":"2c7a17dcb0942d551c3a2b0ca75285e4217f056f","isMergeCommit":true,"messageTitle":"Merge pull request #18 from moseslee9012/master","messageBody":"Added Moses into AboutUs.md","fileTypesAndContributionMap":{}},{"hash":"7bea748490e4608a9f9d1e839f3c3a4e1e7b2e3e","isMergeCommit":true,"messageTitle":"Merge pull request #15 from joulev/reformat","messageBody":"Reformat all Java source files according to style guide","fileTypesAndContributionMap":{}},{"hash":"89e6bf8e866be35270749be468e9f28a43cc9f3d","isMergeCommit":true,"messageTitle":"Merge branch \u0027master\u0027 into set-up-com-clanki","messageBody":"Signed-off-by: Vu Van Dung \u003cme@joulev.dev\u003e\n","fileTypesAndContributionMap":{}},{"hash":"184c16d7357a3d9fb4a15a829ec2db5d9dc1e7d0","isMergeCommit":true,"messageTitle":"Merge pull request #17 from joulev/set-up-com-clanki","messageBody":"Set up Clanki for use with Gradle","fileTypesAndContributionMap":{}},{"hash":"6e9693f70087478acd1b9fff80a12d28b480b6e7","isMergeCommit":false,"messageTitle":"Restructuring","messageBody":"Signed-off-by: Vu Van Dung \u003cme@joulev.dev\u003e\n","fileTypesAndContributionMap":{"functional-code":{"insertions":3,"deletions":5},"other":{"insertions":6,"deletions":5},"test-code":{"insertions":4,"deletions":3}}},{"hash":"be7d316c8ad583dec371640baebe6defd793813c","isMergeCommit":false,"messageTitle":"Implement additional properties and methods of the Flashcard class","messageBody":"Signed-off-by: Vu Van Dung \u003cme@joulev.dev\u003e\n","fileTypesAndContributionMap":{"functional-code":{"insertions":44,"deletions":2},"test-code":{"insertions":2,"deletions":2}}},{"hash":"917c2639aa3123646af8ef5ff8a6435e9b6d408e","isMergeCommit":false,"messageTitle":"Add some tests and refine due date formula","messageBody":"Signed-off-by: Vu Van Dung \u003cme@joulev.dev\u003e\n","fileTypesAndContributionMap":{"functional-code":{"insertions":19,"deletions":1},"test-code":{"insertions":36,"deletions":0}}},{"hash":"1718e245611ba543ae11d27de1d435ff5b848fa6","isMergeCommit":false,"messageTitle":"Remove redundant import","messageBody":"Why didn\u0027t VSCode flag this to me?\n\nSigned-off-by: Vu Van Dung \u003cme@joulev.dev\u003e\n","fileTypesAndContributionMap":{"functional-code":{"insertions":0,"deletions":1}}}]},{"date":"2023-03-10","commitResults":[{"hash":"1442aac7c40018170e1a191224f4f75e0b89d5d1","isMergeCommit":true,"messageTitle":"Merge pull request #19 from joulev/flashcard-class","messageBody":"Enhance the Flashcard class","fileTypesAndContributionMap":{}},{"hash":"3971e9855af6a438ef28e14c1da074fd0541eda6","isMergeCommit":false,"messageTitle":"Implement ByeCommand and infinite loop until \u0027bye\u0027","messageBody":"Signed-off-by: Vu Van Dung \u003cme@joulev.dev\u003e\n","fileTypesAndContributionMap":{"functional-code":{"insertions":33,"deletions":13}}},{"hash":"52e43cf0c2085449fd5e11379928cd2ca90a3e94","isMergeCommit":false,"messageTitle":"Restore AddCommand.toString()","messageBody":"Signed-off-by: Vu Van Dung \u003cme@joulev.dev\u003e\n","fileTypesAndContributionMap":{"functional-code":{"insertions":8,"deletions":0}}},{"hash":"936a8787027ca585c06ce45bc2e0e79acfaeb47e","isMergeCommit":false,"messageTitle":"Add tests","messageBody":"Signed-off-by: Vu Van Dung \u003cme@joulev.dev\u003e\n","fileTypesAndContributionMap":{"test-code":{"insertions":18,"deletions":0}}},{"hash":"6625332b39990cca045eb112733243c29b28f088","isMergeCommit":false,"messageTitle":"Make SPACED_REPETITION_FACTOR a static constant","messageBody":"Signed-off-by: Vu Van Dung \u003cme@joulev.dev\u003e\n","fileTypesAndContributionMap":{"functional-code":{"insertions":1,"deletions":1}}}]},{"date":"2023-03-11","commitResults":[{"hash":"5ad6e32a4eca16b6bcec948a29fd06ad6f412acf","isMergeCommit":true,"messageTitle":"Merge pull request #22 from joulev/loop-for-input-until-bye","messageBody":"Implement infinite loop to ask for user input until \u0027bye\u0027","fileTypesAndContributionMap":{}},{"hash":"48b6d8347035215fbeeebb0ae3b7e3a8ac49b4f6","isMergeCommit":true,"messageTitle":"Merge pull request #24 from joulev/fix-checkstyle-warning","messageBody":"Fix check style warning due to constant not marked as static","fileTypesAndContributionMap":{}},{"hash":"3cdea4d779bf143976b5e6ffc8b84c8e2e5f7459","isMergeCommit":true,"messageTitle":"Merge pull request #25 from SongZijin/20-addCommand-bug","messageBody":"","fileTypesAndContributionMap":{}}]},{"date":"2023-03-12","commitResults":[{"hash":"4f70717be4b0b3027d971f9596c3b1b7528c9048","isMergeCommit":true,"messageTitle":"Merge pull request #28 from javienneyeo/master","messageBody":"Added Javienne Yeo to AboutUs","fileTypesAndContributionMap":{}},{"hash":"75bdc0d5ec522357c4a2a8489cb8c34f796a6509","isMergeCommit":false,"messageTitle":"Update AboutUs.md","messageBody":"Signed-off-by: Vu Van Dung \u003cme@joulev.dev\u003e\n","fileTypesAndContributionMap":{"docs":{"insertions":7,"deletions":8}}}]},{"date":"2023-03-13","commitResults":[{"hash":"d42e8d35f9e5213dd6b9ed30b65e2efdaed2c4f3","isMergeCommit":true,"messageTitle":"Merge pull request #29 from joulev/resize-about-us-pictures","messageBody":"Resize all pictures in AboutUs.md to 100x100","fileTypesAndContributionMap":{}},{"hash":"92f02b7ea7873df286515774ca34d8d7de1da1d6","isMergeCommit":true,"messageTitle":"Merge pull request #32 from moseslee9012/master","messageBody":"","fileTypesAndContributionMap":{}}]},{"date":"2023-03-14","commitResults":[{"hash":"cb437c504f185ea52aa12e9745913093d284336a","isMergeCommit":true,"messageTitle":"Merge pull request #31 from javienneyeo/editflashcard","messageBody":"","fileTypesAndContributionMap":{}},{"hash":"5e7f64272e652538024216b21e6fb49a1649859a","isMergeCommit":true,"messageTitle":"Merge pull request #34 from SongZijin/welcome-message","messageBody":"Include a welcome message that will be printed when starting","fileTypesAndContributionMap":{}}]}],"javienneyeo":[{"date":"2023-03-12","commitResults":[{"hash":"510d38d5d4bd69d834cfa1566bedf70cbabe5efd","isMergeCommit":false,"messageTitle":"Added Javienne Yeo to AboutUs","messageBody":"","fileTypesAndContributionMap":{"docs":{"insertions":7,"deletions":7}}},{"hash":"e3d91a8830a586ce11a3916a216e1a5be12690e3","isMergeCommit":true,"messageTitle":"Merge branch \u0027master\u0027 into master","messageBody":"","fileTypesAndContributionMap":{}}]},{"date":"2023-03-13","commitResults":[{"hash":"f711d4bdf58c9954277b00d73a3fb4ef5359396e","isMergeCommit":false,"messageTitle":"Added function to update flashcards","messageBody":"","fileTypesAndContributionMap":{"functional-code":{"insertions":75,"deletions":5}}},{"hash":"eeb1fdaf70b4c20114c1ab55feab12604b3d0e8a","isMergeCommit":false,"messageTitle":"changed import *","messageBody":"","fileTypesAndContributionMap":{"functional-code":{"insertions":1,"deletions":2}}},{"hash":"23f46a65ac72a943d53b39d6396586fc44c6d47d","isMergeCommit":false,"messageTitle":"Added imports","messageBody":"","fileTypesAndContributionMap":{"functional-code":{"insertions":5,"deletions":0}}},{"hash":"17bd74c74a8e9b3e53d5f6c1bcbca3054efce2f7","isMergeCommit":false,"messageTitle":"Add Junit test for updateCommand","messageBody":"","fileTypesAndContributionMap":{"functional-code":{"insertions":0,"deletions":1},"test-code":{"insertions":8,"deletions":0}}},{"hash":"6eed601ddf6a8a69a22d59883f658911fa212a26","isMergeCommit":false,"messageTitle":"Fixed error","messageBody":"","fileTypesAndContributionMap":{"functional-code":{"insertions":2,"deletions":3}}},{"hash":"f41b5dacd7fcfb53a9f1803ab8dafab1992a6ad3","isMergeCommit":false,"messageTitle":"Added query after update in ParserTest","messageBody":"","fileTypesAndContributionMap":{"test-code":{"insertions":1,"deletions":1}}},{"hash":"ff5a9cada2f03309768e9cf6c2978de6ee9003bb","isMergeCommit":false,"messageTitle":"Removed getInput method","messageBody":"","fileTypesAndContributionMap":{"functional-code":{"insertions":1,"deletions":6}}}]},{"date":"2023-03-14","commitResults":[{"hash":"068249707681373ad9034b4f4cc888964c1e8be0","isMergeCommit":false,"messageTitle":"Removed unused import","messageBody":"","fileTypesAndContributionMap":{"functional-code":{"insertions":0,"deletions":1}}},{"hash":"8c2e0a96986e52c53d242366c56cd523968da477","isMergeCommit":false,"messageTitle":"Changed EXPECTED.TXT file","messageBody":"","fileTypesAndContributionMap":{"functional-code":{"insertions":3,"deletions":0}}},{"hash":"1992ca00fc16b5922ff20f298c9e6eccaf4218cb","isMergeCommit":false,"messageTitle":"Removed unused import statement","messageBody":"","fileTypesAndContributionMap":{"functional-code":{"insertions":0,"deletions":2}}},{"hash":"7cf48b82b724e12a33b32e879312d10095bd2f07","isMergeCommit":false,"messageTitle":"Removed trailing spaces at the end of printed line","messageBody":"","fileTypesAndContributionMap":{"functional-code":{"insertions":1,"deletions":1}}}]}]},"authorFileTypeContributionMap":{"SongZijin":{"docs":0,"functional-code":167,"test-code":53},"kdh3799":{"docs":0,"functional-code":89,"test-code":11},"moseslee9012":{"docs":1,"functional-code":34,"test-code":0},"joulev":{"docs":7,"functional-code":155,"test-code":62,"other":2},"javienneyeo":{"docs":0,"functional-code":68,"test-code":8}},"authorContributionVariance":{"SongZijin":4652.249,"kdh3799":2380.3906,"moseslee9012":29.136097,"joulev":6335.3135,"javienneyeo":457.71744},"authorDisplayNameMap":{"SongZijin":"CS2113-T15-4 SONG..IJIN","kdh3799":"CS2113-T15-4 KONG..EHAO","moseslee9012":"CS2113-T15-4 LEE ..OSES","joulev":"CS2113-T15-4 VU V..DUNG","javienneyeo":"CS2113-T15-4 JAVI.. MYN"}}
