{"authorDailyContributionsMap":{"SongZijin":[{"date":"2023-03-03","commitResults":[{"hash":"5f007872654b07c301b6b0e9862a312eba87760f","isMergeCommit":false,"messageTitle":"Updated AboutUs to include Song Zijin","messageBody":"","fileTypesAndContributionMap":{"docs":{"insertions":3,"deletions":7}}},{"hash":"190398f54d74a4140fb7fb280de49199ef32e056","isMergeCommit":true,"messageTitle":"Merge branch \u0027master\u0027 into AboutUs","messageBody":"","fileTypesAndContributionMap":{}},{"hash":"0e1d93a1e48e4f861c0736a6a9386da991e2be6a","isMergeCommit":true,"messageTitle":"Merge pull request #3 from SongZijin/AboutUs","messageBody":"Updated AboutUs to include Song Zijin","fileTypesAndContributionMap":{}}]},{"date":"2023-03-06","commitResults":[{"hash":"621c3688b5c0460c64ad6135d6881cca1ab8945e","isMergeCommit":false,"messageTitle":"Add Flashcard.java to construct a flashcard object","messageBody":"","fileTypesAndContributionMap":{"functional-code":{"insertions":10,"deletions":0}}},{"hash":"1c21224e6b7c4f26a4d932d2a3b7e9bb5a1fbd9b","isMergeCommit":false,"messageTitle":"Update constructor of Flashcard.java","messageBody":"The current version will take in an input line of the format\n\"add /q QUESTION /a ANSWER\" and create a new flashcard\nobject with QUESTION and ANSWER stored\n","fileTypesAndContributionMap":{"functional-code":{"insertions":18,"deletions":5}}},{"hash":"f57dc6aa89ead1e4c7d1edcf6d4e7ac00a72b6ac","isMergeCommit":false,"messageTitle":"Add exceptions for add function","messageBody":"","fileTypesAndContributionMap":{"functional-code":{"insertions":12,"deletions":0}}},{"hash":"4f414df60fb16632bd9606843d503bbdb5b962f8","isMergeCommit":false,"messageTitle":"Add abstract command object","messageBody":"","fileTypesAndContributionMap":{"functional-code":{"insertions":13,"deletions":0}}},{"hash":"ce98df6ab10b422648cc4bf418aedbdc16681876","isMergeCommit":false,"messageTitle":"Add command objects for adding a new flashcard","messageBody":"","fileTypesAndContributionMap":{"functional-code":{"insertions":30,"deletions":0}}},{"hash":"e3392d64ec301e37b5e44717c9247161f4c82bdf","isMergeCommit":false,"messageTitle":"Implement basic structure for the whole application","messageBody":"A structure similar to what is done in iP is implemented here, the code can\nonly handle add command and unknown command for now.\n","fileTypesAndContributionMap":{"functional-code":{"insertions":162,"deletions":0}}},{"hash":"4be87ab0daab374608bb25fc046645041235f3a9","isMergeCommit":false,"messageTitle":"Update Flashcard.java to better follow OOP standard","messageBody":"","fileTypesAndContributionMap":{"functional-code":{"insertions":20,"deletions":23}}},{"hash":"76e7e227a61c462c48bd348026c3e84bb84c94ee","isMergeCommit":false,"messageTitle":"Add unit testing codes for current functions","messageBody":"","fileTypesAndContributionMap":{"test-code":{"insertions":56,"deletions":0}}},{"hash":"46b2a6d298ab76b29a9608cf4e7f361ac61171dc","isMergeCommit":false,"messageTitle":"Update files to meet the requirements of CheckStyle","messageBody":"","fileTypesAndContributionMap":{"functional-code":{"insertions":1,"deletions":1},"test-code":{"insertions":2,"deletions":2}}},{"hash":"c424ff684b1a3e47ba2a3b92a947088c7e494a2b","isMergeCommit":true,"messageTitle":"Merge pull request #4 from SongZijin/add-new-flashcard","messageBody":"Implement the add new flashcard function","fileTypesAndContributionMap":{}}]}],"kdh3799":[{"date":"2023-03-02","commitResults":[{"hash":"098c8c1b87107c66882f82124f183b388f50c6c3","isMergeCommit":false,"messageTitle":"Add Dehao\u0027s info to AboutUs.md","messageBody":"","fileTypesAndContributionMap":{"docs":{"insertions":4,"deletions":7}}},{"hash":"b0bbada8b6ec1056b0836b7fcf79371c692f55de","isMergeCommit":true,"messageTitle":"Merge pull request #1 from kdh3799/AboutUs_Dehao","messageBody":"Add Dehao\u0027s info to AboutUs.md","fileTypesAndContributionMap":{}}]},{"date":"2023-03-09","commitResults":[{"hash":"ff66f5385091a7c50bf95585b3f06a38aa22dd91","isMergeCommit":false,"messageTitle":"Update Dehao profile picture in aboutus","messageBody":"","fileTypesAndContributionMap":{"docs":{"insertions":1,"deletions":1}}},{"hash":"4abae406a5efe67890c153f1f5b5cbf041200afa","isMergeCommit":true,"messageTitle":"Merge pull request #5 from kdh3799/master","messageBody":"Update Dehao profile picture in aboutus","fileTypesAndContributionMap":{}}]}],"moseslee9012":[{"date":"2023-03-09","commitResults":[{"hash":"1016b9428594ed0cfc41260836aad5155a5a60d8","isMergeCommit":false,"messageTitle":"Added entry in AboutUs.md and edited personal portfolio","messageBody":"","fileTypesAndContributionMap":{"docs":{"insertions":2,"deletions":1}}},{"hash":"1bc91e22925ba06bbed6636b4660b2e600c2d139","isMergeCommit":true,"messageTitle":"Merge branch \u0027AY2223S2-CS2113-T15-4:master\u0027 into master","messageBody":"","fileTypesAndContributionMap":{}}]}],"joulev":[{"date":"2023-03-02","commitResults":[{"hash":"e87f21319111b1cffd59c676a0f9baabe6198660","isMergeCommit":false,"messageTitle":"Add my name to docs/AboutUs","messageBody":"Signed-off-by: Vu Van Dung \u003cme@joulev.dev\u003e\n","fileTypesAndContributionMap":{"docs":{"insertions":3,"deletions":7}}},{"hash":"b345ec2d8f0e933b0b22a0ecc54560d5174df511","isMergeCommit":true,"messageTitle":"Merge branch \u0027master\u0027 into joulev/update-about-us","messageBody":"","fileTypesAndContributionMap":{}},{"hash":"2f307a03ae3e6147e47ff19a58f22c8d5544c849","isMergeCommit":true,"messageTitle":"Merge pull request #2 from joulev/joulev/update-about-us","messageBody":"Add Dung\u0027s name to docs/AboutUs","fileTypesAndContributionMap":{}}]},{"date":"2023-03-09","commitResults":[{"hash":"2c7a17dcb0942d551c3a2b0ca75285e4217f056f","isMergeCommit":true,"messageTitle":"Merge pull request #18 from moseslee9012/master","messageBody":"Added Moses into AboutUs.md","fileTypesAndContributionMap":{}}]}],"javienneyeo":[]},"authorFileTypeContributionMap":{"SongZijin":{"docs":2,"functional-code":237,"test-code":56},"kdh3799":{"docs":2,"functional-code":0,"test-code":0},"moseslee9012":{"docs":2,"functional-code":0,"test-code":0},"joulev":{"docs":1,"functional-code":0,"test-code":0},"javienneyeo":{"docs":0,"functional-code":0,"test-code":0}},"authorContributionVariance":{"SongZijin":5703.8545,"kdh3799":5.5691605,"moseslee9012":0.4081633,"joulev":4.5351486,"javienneyeo":0.0},"authorDisplayNameMap":{"SongZijin":"CS2113-T15-4 SONG..IJIN","kdh3799":"CS2113-T15-4 KONG..EHAO","moseslee9012":"CS2113-T15-4 LEE ..OSES","joulev":"CS2113-T15-4 VU V..DUNG","javienneyeo":"CS2113-T15-4 JAVI.. MYN"}}
