{"authorDailyContributionsMap":{"vishnuvk47":[{"date":"2023-03-02","commitResults":[{"hash":"2867de810139027c02d7fdc4ea66e2d657e61aad","isMergeCommit":false,"messageTitle":"Update README.md","messageBody":"Added team ID to readme","fileTypesAndContributionMap":{"docs":{"insertions":1,"deletions":1}}},{"hash":"e7b91054a0c2223476aae2d05a991a13f0509309","isMergeCommit":true,"messageTitle":"Merge pull request #1 from vishnuvk47/patch-1","messageBody":"Update README.md","fileTypesAndContributionMap":{}},{"hash":"832f9b33e33c624a52e5eefb6c6d15288240a9e2","isMergeCommit":false,"messageTitle":"added my basic info in the AboutUs.md","messageBody":"","fileTypesAndContributionMap":{"docs":{"insertions":7,"deletions":7}}},{"hash":"d25123c1508850ce5cf09ea77315e7d2211b523c","isMergeCommit":true,"messageTitle":"Merge pull request #2 from vishnuvk47/Vishnu-AboutUs","messageBody":"added my basic info in the AboutUs.md","fileTypesAndContributionMap":{}},{"hash":"aef82c2a5da97a3cdef30ca155645c966d33385b","isMergeCommit":true,"messageTitle":"Merge pull request #3 from tyuyang/Yu_Yang-AboutUs","messageBody":"Update personal details in AboutUs","fileTypesAndContributionMap":{}}]},{"date":"2023-03-09","commitResults":[{"hash":"3ed79b0a713ad0f73502b8c7466988f0dd4ab23b","isMergeCommit":true,"messageTitle":"Merge pull request #7 from manushridiv/Manushri-aboutme","messageBody":"added about me for Manushri","fileTypesAndContributionMap":{}}]},{"date":"2023-03-13","commitResults":[{"hash":"8bf598885451ed1c00700446eeb1f26683f4c021","isMergeCommit":true,"messageTitle":"Merge pull request #27 from Sherlock-YH/master","messageBody":"Add save feature","fileTypesAndContributionMap":{}},{"hash":"5598825aef894ac3a6878bac56369680abe65026","isMergeCommit":true,"messageTitle":"Merge pull request #29 from tyuyang/master","messageBody":"Create run() feature","fileTypesAndContributionMap":{}},{"hash":"92a2d9629a0ed2c3d3f3e090e9f65711162a1822","isMergeCommit":false,"messageTitle":"Created a createAccount method in BankWithUS class and also changed private AccountList to protected","messageBody":"","fileTypesAndContributionMap":{"functional-code":{"insertions":27,"deletions":4}}},{"hash":"fbcd166c57ec3a66bb90963b11bfe4031e3e8191","isMergeCommit":false,"messageTitle":"Changed the separator in save.txt from $ to ; and added a createAccount function to make a new account for the current user","messageBody":"","fileTypesAndContributionMap":{"functional-code":{"insertions":19,"deletions":7}}},{"hash":"f86b144ca777804aa77b34311f722456fdfbc425","isMergeCommit":false,"messageTitle":"Removed unecessary imports, changed switch to if else in parser; Made changes to comply with checkStyle","messageBody":"","fileTypesAndContributionMap":{"functional-code":{"insertions":6,"deletions":33}}}]},{"date":"2023-03-14","commitResults":[{"hash":"26a714d3d16418b3fc63805e6c9fd6ed34d6a865","isMergeCommit":false,"messageTitle":"Made changes to createAccount function in BankWithUs class","messageBody":"","fileTypesAndContributionMap":{"functional-code":{"insertions":13,"deletions":11}}},{"hash":"df371a479477c67663dac8b015dce6eeea654db9","isMergeCommit":false,"messageTitle":"Made changes to comply with checkstyleMain","messageBody":"","fileTypesAndContributionMap":{"functional-code":{"insertions":1,"deletions":1}}},{"hash":"4b76f711c5e6ed2c7c56bc49cf1daeb474024a65","isMergeCommit":true,"messageTitle":"Merge branch \u0027master\u0027 of github.com:AY2223S2-CS2113-T13-3/tp into new_feat","messageBody":"","fileTypesAndContributionMap":{}},{"hash":"8cee24fa06daeb895376a3d273024334f87c60f8","isMergeCommit":false,"messageTitle":"Added a case for View_Account to display account details as per user input","messageBody":"","fileTypesAndContributionMap":{"functional-code":{"insertions":14,"deletions":1}}}]},{"date":"2023-03-15","commitResults":[{"hash":"fd5fd47d7b3313b63815a0e6590203b4136ed40f","isMergeCommit":false,"messageTitle":"Formatted files more appropriately","messageBody":"","fileTypesAndContributionMap":{"functional-code":{"insertions":11,"deletions":14}}},{"hash":"cca54cb8ac27f6b579b014e83ba337b506e15e28","isMergeCommit":false,"messageTitle":"Changed the View_Account case to view-account","messageBody":"","fileTypesAndContributionMap":{"functional-code":{"insertions":1,"deletions":1}}},{"hash":"92393f717b5ad9b188c78ed53c918162f1303680","isMergeCommit":false,"messageTitle":"Reformatted the switch case indentation as checkstyle condition is diff from intellij auto format","messageBody":"","fileTypesAndContributionMap":{"functional-code":{"insertions":9,"deletions":9}}},{"hash":"36e01531805ea60763094fdc8d7e2e00a117b6fc","isMergeCommit":false,"messageTitle":"Removed an unused import in storageTest","messageBody":"","fileTypesAndContributionMap":{"test-code":{"insertions":0,"deletions":2}}},{"hash":"53396891e7f78375dd418191f372d5257cd47afd","isMergeCommit":false,"messageTitle":"extracted the printing of lines into a method called printLine in UI class","messageBody":"","fileTypesAndContributionMap":{"functional-code":{"insertions":3,"deletions":2}}},{"hash":"462490d2c96ad384dcb9e8463e2c225b0a48cc4c","isMergeCommit":false,"messageTitle":"Added a JUNIT test for AccountList addAccount method","messageBody":"","fileTypesAndContributionMap":{"test-code":{"insertions":11,"deletions":0}}},{"hash":"be3f729c27aff5638a3bbcc7e60e1d7a5adb8ac3","isMergeCommit":true,"messageTitle":"Added a help case in parser","messageBody":"","fileTypesAndContributionMap":{}},{"hash":"d16677a78a5c5fd39edaa81f27d5c988a619f8f9","isMergeCommit":false,"messageTitle":"Made small changes in naming to meet checkstyle","messageBody":"","fileTypesAndContributionMap":{"test-code":{"insertions":2,"deletions":3}}},{"hash":"a0e287f268645b3c113c29c8d0124fdd00c1ce8b","isMergeCommit":false,"messageTitle":"Added a welcome message","messageBody":"","fileTypesAndContributionMap":{"functional-code":{"insertions":15,"deletions":0}}},{"hash":"573c2ea9d552eda2b3f55adc24ace370f8678ae0","isMergeCommit":true,"messageTitle":"Merge pull request #44 from vishnuvk47/master","messageBody":"Add a help case in parser and a greet ASCII art","fileTypesAndContributionMap":{}}]},{"date":"2023-03-23","commitResults":[{"hash":"de207d4f3fd6047da9e1f35c4580337e3b782441","isMergeCommit":false,"messageTitle":"Changed MAIN account to Current Account and added a method in UI to display which account user switched to","messageBody":"","fileTypesAndContributionMap":{"functional-code":{"insertions":12,"deletions":2}}},{"hash":"bb47ae97444c9301124cadb46e614b5b3d60130f","isMergeCommit":false,"messageTitle":"trying to add a save goal feature","messageBody":"","fileTypesAndContributionMap":{"functional-code":{"insertions":13,"deletions":1}}},{"hash":"76e2a38bf814bb9f98706c87b4c6f19b80ad9b52","isMergeCommit":true,"messageTitle":"Resolve merge conflicts","messageBody":"","fileTypesAndContributionMap":{}},{"hash":"5906510629d02eacda0c76d401483e76fef12f2f","isMergeCommit":false,"messageTitle":"Added a SaveGoal class","messageBody":"","fileTypesAndContributionMap":{"functional-code":{"insertions":42,"deletions":2}}},{"hash":"3334c4d28650202b844c6602fc79e0a367961e81","isMergeCommit":true,"messageTitle":"resolved merge conflicts","messageBody":"","fileTypesAndContributionMap":{}}]},{"date":"2023-03-24","commitResults":[{"hash":"7f7dc5d021a0edc560338472a7b6eda634eea065","isMergeCommit":false,"messageTitle":"Add saveGoal feature and restricted withdrawal based on savegoal deadline","messageBody":"","fileTypesAndContributionMap":{"functional-code":{"insertions":95,"deletions":20}}},{"hash":"4c3f1af764c65cad775ef8c87720d729f886a34c","isMergeCommit":false,"messageTitle":"fixed bugs and handled exception in saveGoal and resolved checkstyle","messageBody":"","fileTypesAndContributionMap":{"functional-code":{"insertions":45,"deletions":22}}},{"hash":"68325df7145e9a4caadc94dfe468409b8a7426dd","isMergeCommit":false,"messageTitle":"Add all the commands to the ui.showHelp() method","messageBody":"","fileTypesAndContributionMap":{"functional-code":{"insertions":3,"deletions":0}}},{"hash":"8ba23be1288c44883125b0443e36051cc2f4ea81","isMergeCommit":false,"messageTitle":"Add new printLine() to ui.showHelp()","messageBody":"","fileTypesAndContributionMap":{"functional-code":{"insertions":1,"deletions":0}}},{"hash":"d54bb40ecebddb9261b058b7e3ed2144cba93d85","isMergeCommit":false,"messageTitle":"Cleaned up code","messageBody":"","fileTypesAndContributionMap":{"functional-code":{"insertions":43,"deletions":5}}},{"hash":"d36445365a3cb3bdff3546e7b61fb681228969c8","isMergeCommit":true,"messageTitle":"Merge branch \u0027master\u0027 into addNewfeature","messageBody":"","fileTypesAndContributionMap":{}},{"hash":"ba1e6985a3a944082187ed198f518d5c6835b4b8","isMergeCommit":false,"messageTitle":"add new method getName in account to comply with one of teh accountlist test that was added","messageBody":"","fileTypesAndContributionMap":{"functional-code":{"insertions":4,"deletions":0}}},{"hash":"e81e46ff41ac0540d5dc42cf9b1d51887d728b20","isMergeCommit":true,"messageTitle":"Merge branch \u0027addNewfeature\u0027 of github.com:vishnuvk47/tp into addNewfeature","messageBody":"","fileTypesAndContributionMap":{}},{"hash":"5c109b3d74e3231001a3a03c19d82ea1a6001679","isMergeCommit":false,"messageTitle":"Formatted code","messageBody":"","fileTypesAndContributionMap":{"functional-code":{"insertions":15,"deletions":13}}},{"hash":"09b25b4b3be2cf3de2979d794af20a606eca9d45","isMergeCommit":false,"messageTitle":"Reverted the exception handling for the invalid number Format and the split back to 2","messageBody":"","fileTypesAndContributionMap":{"functional-code":{"insertions":2,"deletions":2}}},{"hash":"56684aa537e7d3cfdbd40926092ad9bd0108cdb4","isMergeCommit":true,"messageTitle":"Merge pull request #72 from vishnuvk47/addNewfeature","messageBody":"Add Save Goal Feature","fileTypesAndContributionMap":{}},{"hash":"a66e8ea43e28c8fd0c82ccf396b38ef0507ad87a","isMergeCommit":false,"messageTitle":"Add Dev Guide","messageBody":"","fileTypesAndContributionMap":{"docs":{"insertions":139,"deletions":10}}},{"hash":"95660fb7723afba408d77418a18fc8d0819b174d","isMergeCommit":false,"messageTitle":"Add a setting up, getting started heading","messageBody":"","fileTypesAndContributionMap":{"docs":{"insertions":4,"deletions":0}}},{"hash":"b8b364024e8ba88e06d5ebc483775610a52609ba","isMergeCommit":false,"messageTitle":"Made Dev guide more consistent for the user stories","messageBody":"","fileTypesAndContributionMap":{"docs":{"insertions":1,"deletions":1}}}]},{"date":"2023-03-26","commitResults":[{"hash":"6f03a54452b660d101e90157ed3bb12a2726e623","isMergeCommit":false,"messageTitle":"Add savegoal to be able to be stored and also added a JUNIT test","messageBody":"","fileTypesAndContributionMap":{"functional-code":{"insertions":37,"deletions":10},"test-code":{"insertions":20,"deletions":22}}},{"hash":"3a6b7b36fa8cb26cb697f0fdc95b8ea8ca0a7fa9","isMergeCommit":true,"messageTitle":"Resolve conflicts","messageBody":"","fileTypesAndContributionMap":{}},{"hash":"cb6a1298ee15072c761aa1badde26a864b66be8b","isMergeCommit":false,"messageTitle":"Remove unused imports","messageBody":"","fileTypesAndContributionMap":{"test-code":{"insertions":0,"deletions":2}}},{"hash":"12af972d030bdedce0a2436939bac022a0837678","isMergeCommit":false,"messageTitle":"Add a line to remove leading zeroes in askUserForBalance method","messageBody":"","fileTypesAndContributionMap":{"functional-code":{"insertions":1,"deletions":0}}},{"hash":"f66c9ca8d74ad5661ee9c35f15d1c4075d9f7254","isMergeCommit":false,"messageTitle":"Made template for User Guide and added most baseline infos","messageBody":"","fileTypesAndContributionMap":{"docs":{"insertions":193,"deletions":23}}},{"hash":"fc2229d61e329f3c74822d3da9b49a6dffae69b5","isMergeCommit":false,"messageTitle":"Change position of method to remove leading zeroes to after .trim","messageBody":"","fileTypesAndContributionMap":{"functional-code":{"insertions":1,"deletions":1}}}]},{"date":"2023-03-27","commitResults":[{"hash":"0e87498632b59c00fc659c2c8d755b5975785526","isMergeCommit":false,"messageTitle":"Change order of code to remove leading zeroes to after .trim()","messageBody":"","fileTypesAndContributionMap":{"functional-code":{"insertions":1,"deletions":1}}},{"hash":"65d1a79d2a653785b30ba93b17e091b380b80f15","isMergeCommit":false,"messageTitle":"Corrected minor typo in userGuide","messageBody":"","fileTypesAndContributionMap":{"docs":{"insertions":1,"deletions":1}}},{"hash":"dd3dab9f5f0694d7718b6c7a60c27a726d1cba42","isMergeCommit":false,"messageTitle":"Made minor grammatical and spelling changes as per the PR review","messageBody":"","fileTypesAndContributionMap":{"docs":{"insertions":24,"deletions":5}}},{"hash":"e678625aec6067075c7a0cc9e2234945ad10a766","isMergeCommit":false,"messageTitle":"Solved issue so that 0.10 gets saved as 0.10 and not .10","messageBody":"","fileTypesAndContributionMap":{"functional-code":{"insertions":7,"deletions":1}}},{"hash":"1a1732602439b49a7582487ee29cc13541ab8de1","isMergeCommit":false,"messageTitle":"Changed spelling in the save goal porton of userGuide","messageBody":"","fileTypesAndContributionMap":{"docs":{"insertions":1,"deletions":1}}},{"hash":"94cbed0f50809354a42fb1e95e22d426a7c5238b","isMergeCommit":false,"messageTitle":"Update expected.txt to comply with io redir","messageBody":"","fileTypesAndContributionMap":{"functional-code":{"insertions":3,"deletions":4}}},{"hash":"22ae3a126bae471b1115cfff009dc20ed0e3f34e","isMergeCommit":true,"messageTitle":"Merge pull request #76 from vishnuvk47/branch-userGuide","messageBody":"Made template for User Guide and added most of baseline infos","fileTypesAndContributionMap":{}},{"hash":"f337cb117cb6f8aaac3d6ed63682584d27586e74","isMergeCommit":true,"messageTitle":"Merge branch \u0027branch-userGuide\u0027 merging branch into master after approval and tests","messageBody":"","fileTypesAndContributionMap":{}}]},{"date":"2023-03-28","commitResults":[{"hash":"a2f399d8c25eff5568e2249b41e67be95f1d5e39","isMergeCommit":false,"messageTitle":"Change logic and name of SaveGoal command","messageBody":"","fileTypesAndContributionMap":{"functional-code":{"insertions":3,"deletions":3}}},{"hash":"d9d6974a7dbe2fecb7f05546df516a425f0b6054","isMergeCommit":true,"messageTitle":"Merge branch \u0027master\u0027 of github.com:AY2223S2-CS2113-T13-3/tp","messageBody":"","fileTypesAndContributionMap":{}}]}],"tyuyang":[{"date":"2023-03-02","commitResults":[{"hash":"c4990b027d9b4c2b171ba12a3d583b8b0bd7bc04","isMergeCommit":false,"messageTitle":"Update personal details in AboutUs","messageBody":"","fileTypesAndContributionMap":{"docs":{"insertions":1,"deletions":1}}},{"hash":"ee8f0870b13b8e506da77ef02f00b6e6aaa1e997","isMergeCommit":false,"messageTitle":"Resized image as it was hilariously large","messageBody":"","fileTypesAndContributionMap":{"docs":{"insertions":1,"deletions":1}}},{"hash":"f8eb533caf7662ce9cc8252920252a41e3123fff","isMergeCommit":true,"messageTitle":"Merge pull request #4 from tyuyang/Yu_Yang-AboutUs","messageBody":"Resized image as it was hilariously large","fileTypesAndContributionMap":{}},{"hash":"e88d876115f1cbaf2cc9bbd888ddd99c336e83a0","isMergeCommit":true,"messageTitle":"Merge branch \u0027Yu_Yang-AboutUs\u0027","messageBody":"","fileTypesAndContributionMap":{}}]},{"date":"2023-03-03","commitResults":[{"hash":"5ba4c5a0e1955c39395ad32978ee3edcb1e9a225","isMergeCommit":true,"messageTitle":"Merge remote-tracking branch \u0027upstream/master\u0027","messageBody":"","fileTypesAndContributionMap":{}}]},{"date":"2023-03-10","commitResults":[{"hash":"7e436382d6b43d6f2633b4bb1a2b0d40f898a8ab","isMergeCommit":false,"messageTitle":"Remove the template Duke and Duke test files","messageBody":"","fileTypesAndContributionMap":{"functional-code":{"insertions":0,"deletions":21},"test-code":{"insertions":0,"deletions":12}}},{"hash":"cf0843a6bb0b323e5eb62c53dbb9b19819ebb682","isMergeCommit":false,"messageTitle":"Create skeleton code for BankWithUs","messageBody":"","fileTypesAndContributionMap":{"functional-code":{"insertions":28,"deletions":0}}},{"hash":"551fbc6f5b986ee80f1438f7fb99ee3f2499eefd","isMergeCommit":false,"messageTitle":"Resolve spelling mistake in the main file","messageBody":"","fileTypesAndContributionMap":{"functional-code":{"insertions":1,"deletions":1}}},{"hash":"b50d10276e93cc8997371325a15a225481a4fe85","isMergeCommit":false,"messageTitle":"Create java files for AccountList, Storage and Ui","messageBody":"","fileTypesAndContributionMap":{"functional-code":{"insertions":29,"deletions":0}}},{"hash":"a077612a125df8a281979d80366d77e859bf6d00","isMergeCommit":true,"messageTitle":"Merge remote-tracking branch \u0027upstream/master\u0027","messageBody":"","fileTypesAndContributionMap":{}},{"hash":"98893970d9365f62f7d124af6fc5c3d443db9b9d","isMergeCommit":false,"messageTitle":"Modify file to comply with checkstyle","messageBody":"","fileTypesAndContributionMap":{"functional-code":{"insertions":2,"deletions":2}}},{"hash":"e1cc2b3bf81eb42413fd10ee1769778e0fba04f0","isMergeCommit":false,"messageTitle":"Added load() function in Storage","messageBody":"","fileTypesAndContributionMap":{"functional-code":{"insertions":10,"deletions":3}}},{"hash":"30b91b19013f70e2fe7baadfa7292ae72a8146b6","isMergeCommit":false,"messageTitle":"Modify code to make it look nicer?","messageBody":"","fileTypesAndContributionMap":{"functional-code":{"insertions":8,"deletions":4}}},{"hash":"2acd29ea7dd22a1d225d13e1c95cf05cb0f7dea8","isMergeCommit":false,"messageTitle":"Added load() feature, along with create file feature","messageBody":"","fileTypesAndContributionMap":{"functional-code":{"insertions":40,"deletions":7}}},{"hash":"4633694ed855d03466414131d9b4feb866985c56","isMergeCommit":false,"messageTitle":"Create junit test for BankWithUs.java","messageBody":"","fileTypesAndContributionMap":{"test-code":{"insertions":16,"deletions":0}}},{"hash":"252bc8a238d34734a182f1b8e97afc09dc070ba3","isMergeCommit":false,"messageTitle":"Add java doc comments","messageBody":"","fileTypesAndContributionMap":{"functional-code":{"insertions":28,"deletions":4}}},{"hash":"c2aa3fd1945b15f26e7b1fa0accac5bda40feaf6","isMergeCommit":true,"messageTitle":"Merge pull request #8 from tyuyang/master","messageBody":"Created skeleton code for BankWithUs","fileTypesAndContributionMap":{}},{"hash":"43434fc818acb48c3797c5f913da7feb7684641d","isMergeCommit":false,"messageTitle":"Added junit test for storage","messageBody":"","fileTypesAndContributionMap":{"test-code":{"insertions":18,"deletions":0}}},{"hash":"4f649f9a6bdd45779f381458d11782d1c7f951e1","isMergeCommit":true,"messageTitle":"Merge pull request #1 from tyuyang/branch-feature-load","messageBody":"Branch feature load","fileTypesAndContributionMap":{}},{"hash":"2c2b349809b6b3da68e6ae7a7f89875e0319290e","isMergeCommit":false,"messageTitle":"Removed unnecessary imports","messageBody":"","fileTypesAndContributionMap":{"test-code":{"insertions":1,"deletions":5}}},{"hash":"a8b12529df31700c7a7ddca6758c8ae93a202d2d","isMergeCommit":true,"messageTitle":"Merge branch \u0027branch-feature-load\u0027","messageBody":"","fileTypesAndContributionMap":{}},{"hash":"e3a1016e06f9a5b065feaef2252d825db34d45d7","isMergeCommit":true,"messageTitle":"Merge remote-tracking branch \u0027origin/master\u0027","messageBody":"","fileTypesAndContributionMap":{}},{"hash":"8061ac7d4bb609e8e02a4ca88843ce5690757a96","isMergeCommit":false,"messageTitle":"Modified files to comply with checkstyle","messageBody":"","fileTypesAndContributionMap":{"functional-code":{"insertions":2,"deletions":2},"test-code":{"insertions":2,"deletions":4}}},{"hash":"dc9676284de2a1f50030acfe0d9340d24952b99a","isMergeCommit":false,"messageTitle":"Modify build.gradle","messageBody":"","fileTypesAndContributionMap":{"other":{"insertions":2,"deletions":2}}}]},{"date":"2023-03-12","commitResults":[{"hash":"48072520f37d4216c669b4389ffcde84f2972b16","isMergeCommit":false,"messageTitle":"Change function name from showLoadingError() to showFileNotFoundError","messageBody":"","fileTypesAndContributionMap":{"functional-code":{"insertions":2,"deletions":2}}},{"hash":"f4b1097cdd8a48b255844f6c9f2fb2219a77e346","isMergeCommit":true,"messageTitle":"Merge branch \u0027branch-test-build-gradle\u0027 into branch-feature-load","messageBody":"","fileTypesAndContributionMap":{}},{"hash":"8094949b346dd80dff8d6d2284678cd51a4714a8","isMergeCommit":true,"messageTitle":"Merge branch \u0027master\u0027 of https://github.com/AY2223S2-CS2113T-T13-3/tp into branch-feature-load","messageBody":"","fileTypesAndContributionMap":{}},{"hash":"2843fb18337642020dd336de210d2031e1a385a4","isMergeCommit":true,"messageTitle":"Merge branch \u0027branch-feature-load\u0027","messageBody":"","fileTypesAndContributionMap":{}},{"hash":"9d5da07c8a6f19587bbdd3283947f2b03c700d42","isMergeCommit":true,"messageTitle":"Merge pull request #26 from xiaoge26/master","messageBody":"Add create account method","fileTypesAndContributionMap":{}},{"hash":"2d52ef61d16a150da335f64f7dc0d93e37dc7693","isMergeCommit":true,"messageTitle":"Merge branch \u0027master\u0027 of https://github.com/AY2223S2-CS2113T-T13-3/tp","messageBody":"","fileTypesAndContributionMap":{}}]},{"date":"2023-03-13","commitResults":[{"hash":"b8d0fe6ec55a5af28f766c26dbf88bde5cceed3d","isMergeCommit":true,"messageTitle":"Merge branch \u0027master\u0027 of https://github.com/AY2223S2-CS2113T-T13-3/tp","messageBody":"","fileTypesAndContributionMap":{}},{"hash":"bef069940945d4e515a645fa98418e314525ddd1","isMergeCommit":false,"messageTitle":"Created Parser class","messageBody":"","fileTypesAndContributionMap":{"functional-code":{"insertions":81,"deletions":3}}},{"hash":"bebfeb7b6505b6e63bbf58b2e236c4a42beb7bf8","isMergeCommit":false,"messageTitle":"Created CommandNotFoundException","messageBody":"","fileTypesAndContributionMap":{"functional-code":{"insertions":9,"deletions":0}}},{"hash":"7c1aabfe2df19857c84e1106849c7bedaf5dfc0e","isMergeCommit":false,"messageTitle":"Fixed bug that will occur when exiting due to accounts being null","messageBody":"","fileTypesAndContributionMap":{"functional-code":{"insertions":2,"deletions":2}}},{"hash":"93adce46b9b40c1f59e67f28d8fec4485b1a8e7c","isMergeCommit":false,"messageTitle":"Added javadoc comments","messageBody":"","fileTypesAndContributionMap":{"functional-code":{"insertions":10,"deletions":0}}}]},{"date":"2023-03-14","commitResults":[{"hash":"4be0141b801634582b7c2524415725611084fa1f","isMergeCommit":true,"messageTitle":"Merge pull request #31 from vishnuvk47/branch-createAccount","messageBody":"Branch created a  createAccount method Ps will fixed ioredirection as program grows","fileTypesAndContributionMap":{}},{"hash":"645a7119ba0f6366da44a7dbb75b8b445e9b7627","isMergeCommit":true,"messageTitle":"Merge branch \u0027master\u0027 of https://github.com/AY2223S2-CS2113T-T13-3/tp","messageBody":"","fileTypesAndContributionMap":{}},{"hash":"7100911d660e4a7b8ca94e10608de28956fc09a5","isMergeCommit":true,"messageTitle":"Merge pull request #35 from Sherlock-YH/master","messageBody":"Add parseSavedFile","fileTypesAndContributionMap":{}},{"hash":"7e8b4d2e1a75994739626542504cfeaa60986e88","isMergeCommit":true,"messageTitle":"Merge remote-tracking branch \u0027upstream/master\u0027","messageBody":"","fileTypesAndContributionMap":{}},{"hash":"bd23def3a15aa441203b2967513f724376812c0f","isMergeCommit":false,"messageTitle":"Resolved checkstyle errors","messageBody":"","fileTypesAndContributionMap":{"functional-code":{"insertions":6,"deletions":5},"test-code":{"insertions":0,"deletions":2}}}]},{"date":"2023-03-15","commitResults":[{"hash":"bf6b481c4a9d3afff9b97b34026e5096e567232e","isMergeCommit":true,"messageTitle":"Merge pull request #39 from vishnuvk47/new_feat","messageBody":"Added a view-account case","fileTypesAndContributionMap":{}},{"hash":"930428252f0b86a7bc8cff071390482b8629883b","isMergeCommit":true,"messageTitle":"Merge pull request #40 from manushridiv/withdrawFeature","messageBody":"Added a Withdraw feature in switch case","fileTypesAndContributionMap":{}},{"hash":"2e8513ae1ad757c60dcf5dd0df5b807af2cdae90","isMergeCommit":true,"messageTitle":"Merge remote-tracking branch \u0027upstream/master\u0027","messageBody":"# Conflicts:\n#\tsrc/main/java/seedu/bankwithus/Parser.java\n#\ttext-ui-test/data/save.txt\n","fileTypesAndContributionMap":{}},{"hash":"057b015d5888f0abacf1968af7bc2ee815112f1d","isMergeCommit":false,"messageTitle":"Fixed checkstyle error from merge #40","messageBody":"","fileTypesAndContributionMap":{"functional-code":{"insertions":47,"deletions":20}}}]},{"date":"2023-03-16","commitResults":[{"hash":"82fca5cf87a4373322ab9af97e250c1a4b13a97c","isMergeCommit":true,"messageTitle":"Merge remote-tracking branch \u0027upstream/master\u0027","messageBody":"","fileTypesAndContributionMap":{}},{"hash":"41871ea791298f928cadf114c4af5c63c667cc5c","isMergeCommit":false,"messageTitle":"Move create account into AccountList class, modify AccountList constructor to create account if savefile does not exist automatically","messageBody":"","fileTypesAndContributionMap":{"functional-code":{"insertions":46,"deletions":35}}},{"hash":"1c4081de7487678ace516739b7b7a0225d3b34c8","isMergeCommit":false,"messageTitle":"Fixed bug where blank user name can be entered during account creation","messageBody":"","fileTypesAndContributionMap":{"functional-code":{"insertions":21,"deletions":2}}},{"hash":"5ec0fcbc9ece298a763be236bef68df2cfce7a27","isMergeCommit":false,"messageTitle":"Delete redundant import","messageBody":"","fileTypesAndContributionMap":{"functional-code":{"insertions":0,"deletions":1}}},{"hash":"d964cb2b95ec2c1526ff906f39e9932f8045d498","isMergeCommit":false,"messageTitle":"Delete redundant attribute","messageBody":"","fileTypesAndContributionMap":{"functional-code":{"insertions":0,"deletions":1}}},{"hash":"c4b6e7f85dde58aa1fa84576d7118184e0458575","isMergeCommit":false,"messageTitle":"Restructure create new account feature","messageBody":"","fileTypesAndContributionMap":{"functional-code":{"insertions":28,"deletions":25},"test-code":{"insertions":45,"deletions":44}}},{"hash":"4d719c27df8f94dabeeac09c808c6b67a14dc14a","isMergeCommit":false,"messageTitle":"Restructured startup feature","messageBody":"","fileTypesAndContributionMap":{"functional-code":{"insertions":80,"deletions":31},"test-code":{"insertions":6,"deletions":6}}},{"hash":"7542017286c4d5ec9ee3e87ae6217b51bd700f03","isMergeCommit":false,"messageTitle":"Delete dead code","messageBody":"","fileTypesAndContributionMap":{"functional-code":{"insertions":0,"deletions":33}}},{"hash":"65afd3f2c7c46c8e3c65dd6f3ec1005590622743","isMergeCommit":false,"messageTitle":"Modify location of greet text","messageBody":"","fileTypesAndContributionMap":{"functional-code":{"insertions":1,"deletions":1}}},{"hash":"a210dcd05caa87b68197e27b75cf60c3c77e3ed7","isMergeCommit":false,"messageTitle":"Remove unecessary attribute bwu","messageBody":"","fileTypesAndContributionMap":{"functional-code":{"insertions":1,"deletions":4}}},{"hash":"25638d204b26d5d69b174ca794b9f02c45334ab2","isMergeCommit":false,"messageTitle":"Prevent user from entering ; in the userName, which will cause problems in the savefile","messageBody":"","fileTypesAndContributionMap":{"functional-code":{"insertions":8,"deletions":0}}},{"hash":"8b1aef194168d9ca126dd7c974db5a31b73e0367","isMergeCommit":false,"messageTitle":"Make use of NegativeAmountException","messageBody":"","fileTypesAndContributionMap":{"functional-code":{"insertions":4,"deletions":2}}},{"hash":"ce2a8bf858336f6e68540dd4184398cf0d9e3c7c","isMergeCommit":false,"messageTitle":"Further prevent any shenanigans arising from people doing stupid stuff with their savefile","messageBody":"","fileTypesAndContributionMap":{"functional-code":{"insertions":6,"deletions":3}}},{"hash":"03bb4152fe4ce5e02a08ebbbd9bb555d220c4747","isMergeCommit":false,"messageTitle":"Shifted position of methods","messageBody":"","fileTypesAndContributionMap":{"functional-code":{"insertions":9,"deletions":9}}},{"hash":"9c54f00779773befd412522102d26083e5d75039","isMergeCommit":false,"messageTitle":"Add docutmentation, tidied up code","messageBody":"","fileTypesAndContributionMap":{"functional-code":{"insertions":82,"deletions":18}}},{"hash":"1c7a107479f9ba69d6fd539be8cba418d345e82e","isMergeCommit":false,"messageTitle":"Fix checkstyle errors, test checkstyle are generally commented out","messageBody":"","fileTypesAndContributionMap":{"functional-code":{"insertions":9,"deletions":9},"test-code":{"insertions":4,"deletions":4}}},{"hash":"ff56ec16ae58203a169c00ee760fee4fab917a10","isMergeCommit":false,"messageTitle":"Migrated exit command call to parseUserInput instead of BWU","messageBody":"","fileTypesAndContributionMap":{"functional-code":{"insertions":12,"deletions":6}}},{"hash":"b950eff8388cdd206cbc672450f60cd5155f1b7f","isMergeCommit":false,"messageTitle":"Change screen to ui, made bwu\u0027s ui the ui in parser","messageBody":"","fileTypesAndContributionMap":{"functional-code":{"insertions":13,"deletions":12}}},{"hash":"1713243aa96fad1e79c8372954e3853428c51644","isMergeCommit":false,"messageTitle":"Changed all occurences of bwu.getAccountList() to accountList so that it is more readable","messageBody":"","fileTypesAndContributionMap":{"functional-code":{"insertions":6,"deletions":5}}},{"hash":"f6a0ec736c4e53e353cc71dfed28305e25a58006","isMergeCommit":false,"messageTitle":"Create showBal() function in accountList","messageBody":"","fileTypesAndContributionMap":{"functional-code":{"insertions":10,"deletions":3}}},{"hash":"a48281fc2593cfc7ce3defc9ef8be95a1a4251e9","isMergeCommit":false,"messageTitle":"Fix error that occured due to accountList not being instantiated before Parser object","messageBody":"","fileTypesAndContributionMap":{"functional-code":{"insertions":1,"deletions":1}}},{"hash":"34265b39469d18a10ba772fbec59d7e99544193e","isMergeCommit":false,"messageTitle":"Add withdraw message to ui, use in withdraw command","messageBody":"","fileTypesAndContributionMap":{"functional-code":{"insertions":6,"deletions":0}}},{"hash":"efead4a6d982dd6c5119e8d333d63ca9e8fedf50","isMergeCommit":false,"messageTitle":"Changed name and balance in account to private","messageBody":"","fileTypesAndContributionMap":{"functional-code":{"insertions":6,"deletions":4}}},{"hash":"09b46c3ff6d32adbd342d7dc0fc084fecce62ca7","isMergeCommit":false,"messageTitle":"Replace setBalance with addBalance and subtractBalance","messageBody":"","fileTypesAndContributionMap":{"functional-code":{"insertions":6,"deletions":2}}},{"hash":"dc5b25f14a1b7dd670e612341707e1bd1b0fa1c4","isMergeCommit":false,"messageTitle":"Change parseWithdrawAmount to withdrawMoney function in accountList","messageBody":"","fileTypesAndContributionMap":{"functional-code":{"insertions":21,"deletions":17}}},{"hash":"309cfb2c11fb8089743332e85cce593fd3bec5c6","isMergeCommit":false,"messageTitle":"Delete part of comment","messageBody":"","fileTypesAndContributionMap":{"test-code":{"insertions":0,"deletions":1}}},{"hash":"92c27ce4a1b6d569ecc2d96e42aa2dd927dd153e","isMergeCommit":false,"messageTitle":"Shift InsufficientBalanceException to exception package","messageBody":"","fileTypesAndContributionMap":{"functional-code":{"insertions":2,"deletions":0},"other":{"insertions":1,"deletions":1}}},{"hash":"2ea8ff1129fd0e2954de052b1bed26d38f1d44aa","isMergeCommit":false,"messageTitle":"Closed savefile scanner","messageBody":"","fileTypesAndContributionMap":{"functional-code":{"insertions":1,"deletions":0}}},{"hash":"d9de9a0d8ef81eb086af1b86976b480fcfe65324","isMergeCommit":false,"messageTitle":"Commented out test","messageBody":"","fileTypesAndContributionMap":{"test-code":{"insertions":2,"deletions":2}}}]},{"date":"2023-03-22","commitResults":[{"hash":"62eab9384add1a2c6a3f5fdf08c707da88018afb","isMergeCommit":true,"messageTitle":"Merge pull request #55 from Sherlock-YH/master","messageBody":"add delete account feature","fileTypesAndContributionMap":{}}]},{"date":"2023-03-23","commitResults":[{"hash":"9a69506f68919a46dfc236b2ee98122aa590ba44","isMergeCommit":true,"messageTitle":"Merge remote-tracking branch \u0027upstream/master\u0027","messageBody":"","fileTypesAndContributionMap":{}},{"hash":"c15ee8ad729cd47bd5e762469ecad9789aead99f","isMergeCommit":true,"messageTitle":"Merge pull request #61 from Sherlock-YH/master","messageBody":"add authorship for Sherlock-YH","fileTypesAndContributionMap":{}},{"hash":"16f0fdb81768afa261943b7602a5faf533dc16c1","isMergeCommit":true,"messageTitle":"Merge remote-tracking branch \u0027upstream/master\u0027","messageBody":"","fileTypesAndContributionMap":{}},{"hash":"ea3954c7002bab5282c6fc5ebc2d3f1a47a19aae","isMergeCommit":false,"messageTitle":"Add update total amount withdrawn method","messageBody":"","fileTypesAndContributionMap":{"functional-code":{"insertions":26,"deletions":0}}},{"hash":"2f03a6a6185140f98d4510e1fdee2120b1a9656a","isMergeCommit":false,"messageTitle":"Extract withdrawal checker class, add documentation and tests","messageBody":"","fileTypesAndContributionMap":{"functional-code":{"insertions":72,"deletions":24},"test-code":{"insertions":29,"deletions":0}}},{"hash":"cdb34933d09f9a0b7042f0503a7ebe43f3a9d8d4","isMergeCommit":false,"messageTitle":"Add feature to save withdrawal information into savefile","messageBody":"","fileTypesAndContributionMap":{"functional-code":{"insertions":44,"deletions":3}}},{"hash":"93cd14c79febfc3b6a2f740288875fe8f666c59b","isMergeCommit":false,"messageTitle":"Fix exception that occurs if too little semicolons are in account details","messageBody":"","fileTypesAndContributionMap":{"functional-code":{"insertions":8,"deletions":8}}},{"hash":"e46e04f7e264564f5db5b8139ce13687598e7976","isMergeCommit":true,"messageTitle":"Merge pull request #67 from tyuyang/branch-withdrawal-limit","messageBody":"Create withdrawal checker class","fileTypesAndContributionMap":{}},{"hash":"9451d0cdd14d7f16f953112cd2d8ec3a060e8fda","isMergeCommit":true,"messageTitle":"Merge remote-tracking branch \u0027upstream/master\u0027","messageBody":"","fileTypesAndContributionMap":{}},{"hash":"bfd79c678bff7a733af75b47b42997b7c1ae3f19","isMergeCommit":true,"messageTitle":"Merge branch \u0027master\u0027 into branch-withdrawal-limit","messageBody":"","fileTypesAndContributionMap":{}},{"hash":"f0e3e55587ee80501106825a0a52cdc0a5c64692","isMergeCommit":false,"messageTitle":"Change save detail format","messageBody":"","fileTypesAndContributionMap":{"functional-code":{"insertions":2,"deletions":2}}},{"hash":"2f7584094665e0326e6bf246944df748b76f1e8e","isMergeCommit":false,"messageTitle":"Add logging","messageBody":"","fileTypesAndContributionMap":{"functional-code":{"insertions":14,"deletions":0}}},{"hash":"0a3918a53ff37d13b9d089e1c589c33838add94c","isMergeCommit":false,"messageTitle":"Add command to set withdrawal limit","messageBody":"","fileTypesAndContributionMap":{"functional-code":{"insertions":35,"deletions":0}}},{"hash":"f5da38e5bc1ba2d8c8eee9d76456b45131b5c81f","isMergeCommit":false,"messageTitle":"Update help mesaage","messageBody":"","fileTypesAndContributionMap":{"functional-code":{"insertions":1,"deletions":0}}},{"hash":"ced8e3d67fa263ff01711adbb334ef55d115603f","isMergeCommit":false,"messageTitle":"Fix fallthrough error","messageBody":"","fileTypesAndContributionMap":{"functional-code":{"insertions":1,"deletions":0}}},{"hash":"0d932f0fc23f2309e7dfcefb3d67c04120442246","isMergeCommit":true,"messageTitle":"Merge remote-tracking branch \u0027upstream/master\u0027 into branch-withdrawal-limit","messageBody":"# Conflicts:\n#\tsrc/main/java/seedu/bankwithus/AccountList.java\n","fileTypesAndContributionMap":{}}]},{"date":"2023-03-24","commitResults":[{"hash":"07244c9561e18db5d4f499b730e6cae2799a5917","isMergeCommit":true,"messageTitle":"Merge remote-tracking branch \u0027upstream/master\u0027","messageBody":"","fileTypesAndContributionMap":{}},{"hash":"4d73aae75791abe584da9a3479fd2629355d4bb1","isMergeCommit":false,"messageTitle":"Add ui improvement for checking and setting withdrawal limit","messageBody":"","fileTypesAndContributionMap":{"functional-code":{"insertions":42,"deletions":0}}},{"hash":"bc94df7f83d0e04440e0751dd9d8a04785605533","isMergeCommit":false,"messageTitle":"Modify withdrawalChecker toString function to save wl information into save file","messageBody":"","fileTypesAndContributionMap":{"functional-code":{"insertions":10,"deletions":2}}},{"hash":"4134dc67603f74e053c2df024e30c29936c57808","isMergeCommit":false,"messageTitle":"Add parsing of withdrawal limit in parse saved file method","messageBody":"","fileTypesAndContributionMap":{"functional-code":{"insertions":16,"deletions":7},"test-code":{"insertions":3,"deletions":3}}},{"hash":"7aa1ad7c603d3e8f2f14f2b3e43263fced2c9fe8","isMergeCommit":false,"messageTitle":"Add documentation and tests","messageBody":"","fileTypesAndContributionMap":{"functional-code":{"insertions":14,"deletions":3},"test-code":{"insertions":79,"deletions":5}}}]},{"date":"2023-03-25","commitResults":[{"hash":"9456ace00440d868779adc1fe98682dc7fbfc86a","isMergeCommit":true,"messageTitle":"Merge remote-tracking branch \u0027upstream/master\u0027","messageBody":"","fileTypesAndContributionMap":{}},{"hash":"8baf3cf4b5f64c82f93ee2414afc9ae30265bed9","isMergeCommit":true,"messageTitle":"Merge branch \u0027master\u0027 into branch-withdrawal-limit","messageBody":"# Conflicts:\n#\tsrc/main/java/seedu/bankwithus/AccountList.java\n#\tsrc/main/java/seedu/bankwithus/Ui.java\n#\ttext-ui-test/EXPECTED.TXT\n","fileTypesAndContributionMap":{}},{"hash":"66b1a2387cb514f17372580df1206208cc4461a5","isMergeCommit":false,"messageTitle":"Added @@author for vishnu in accountList class, shifted certain lines from withdraw method to isFailsSaveGoal method","messageBody":"","fileTypesAndContributionMap":{"functional-code":{"insertions":7,"deletions":5}}},{"hash":"9d5924de2024d1d9471205ea1bb240eacc239752","isMergeCommit":false,"messageTitle":"Add @@author for vishnu in Account class","messageBody":"","fileTypesAndContributionMap":{"functional-code":{"insertions":1,"deletions":0}}},{"hash":"cf50329b27478b92b852920d7c24e745a845b312","isMergeCommit":false,"messageTitle":"Add logic to prevent withdrawals when it will exceed wl","messageBody":"","fileTypesAndContributionMap":{"functional-code":{"insertions":32,"deletions":3}}},{"hash":"83bc2b4b9abfe2a512025bf1d6e948fa4132c36b","isMergeCommit":false,"messageTitle":"Fix checkstyle errors","messageBody":"","fileTypesAndContributionMap":{"functional-code":{"insertions":2,"deletions":2}}},{"hash":"a9b3309d074561059a5b2658ae99f96d07077b72","isMergeCommit":false,"messageTitle":"Add documentation for willExceedWithdrawalLimit","messageBody":"","fileTypesAndContributionMap":{"functional-code":{"insertions":6,"deletions":0}}}]},{"date":"2023-03-28","commitResults":[{"hash":"af95ffd21183833b91c1670ce09b5c8e112fe00e","isMergeCommit":true,"messageTitle":"Merge remote-tracking branch \u0027upstream/master\u0027","messageBody":"","fileTypesAndContributionMap":{}},{"hash":"4de79f1f1c2fb72f11ec3d3b261f5febd7f15729","isMergeCommit":true,"messageTitle":"Merge pull request #88 from vishnuvk47/master","messageBody":"Change SaveGoal command name and flipped logic of deadline","fileTypesAndContributionMap":{}},{"hash":"77eb9f25fa3fc744e66a3a6278f7290d0ff199dc","isMergeCommit":true,"messageTitle":"Merge remote-tracking branch \u0027upstream/master\u0027 into branch-debugging","messageBody":"","fileTypesAndContributionMap":{}},{"hash":"8c789da6bd6918f9d4db1bb4b13c3570b709cc6d","isMergeCommit":false,"messageTitle":"Fix transaction history not having feedback if there are no transactions","messageBody":"","fileTypesAndContributionMap":{"functional-code":{"insertions":21,"deletions":2}}},{"hash":"ca08a7f18182785698222e9d42fcaf56f6b9c8f2","isMergeCommit":false,"messageTitle":"Add printLine function after show-transactions is complete","messageBody":"","fileTypesAndContributionMap":{"functional-code":{"insertions":1,"deletions":0}}},{"hash":"ea536509e02967e81c52ce2c4b879bb7e660c5d1","isMergeCommit":true,"messageTitle":"Merge pull request #92 from manushridiv/branch-ug","messageBody":"made change in how Show saveGoal showed the deadline","fileTypesAndContributionMap":{}},{"hash":"edb3e1f726efda4bf274eaa8d789f01f517b5cde","isMergeCommit":true,"messageTitle":"Merge remote-tracking branch \u0027upstream/master\u0027 into branch-debugging","messageBody":"","fileTypesAndContributionMap":{}},{"hash":"db3becc0ebabe684f145cd2de2794a13369e9c1c","isMergeCommit":false,"messageTitle":"Fix checkstyle issues","messageBody":"","fileTypesAndContributionMap":{"functional-code":{"insertions":6,"deletions":6}}},{"hash":"160dd24c9e7ecf666a37dd6eaf885c0898fc7532","isMergeCommit":true,"messageTitle":"Merge pull request #96 from xiaoge26/master","messageBody":"Fix typos","fileTypesAndContributionMap":{}},{"hash":"e5219cdbca693971d6269a85414785c3a4848a94","isMergeCommit":false,"messageTitle":"Update show help","messageBody":"","fileTypesAndContributionMap":{"functional-code":{"insertions":7,"deletions":5}}},{"hash":"2b3073c317f8bbe34d7b04a6e932765eb0eb434b","isMergeCommit":false,"messageTitle":"Fix checkstyle","messageBody":"","fileTypesAndContributionMap":{"functional-code":{"insertions":6,"deletions":3}}},{"hash":"19a32b56bdbf7e2c31e5ed8f53c73caaab43ffb4","isMergeCommit":false,"messageTitle":"Fixed 2 small bugs: no printline after deposit, and set-wl no $ sign","messageBody":"","fileTypesAndContributionMap":{"functional-code":{"insertions":2,"deletions":1}}},{"hash":"95336d103139d193e4a382cf99c83a8907baac8d","isMergeCommit":false,"messageTitle":"Shifted ui.showFileCreated() to BWU since that is the only use of Ui in storage","messageBody":"","fileTypesAndContributionMap":{"functional-code":{"insertions":1,"deletions":4}}},{"hash":"0d9d0d29ee78287f2ca6c9f964482fcd83f2e0a6","isMergeCommit":false,"messageTitle":"Add tentative puml diagram for main architecture","messageBody":"","fileTypesAndContributionMap":{"docs":{"insertions":20,"deletions":0}}},{"hash":"b64a0bbf2cd5ca5c4b19a0d91c6a1cc737d9a487","isMergeCommit":false,"messageTitle":"Refine puml main diagram","messageBody":"","fileTypesAndContributionMap":{"docs":{"insertions":6,"deletions":4}}},{"hash":"98ad6e89cc3020efc2399eecb34bdcd80bae424c","isMergeCommit":false,"messageTitle":"Add temporary sequence uml diagram","messageBody":"","fileTypesAndContributionMap":{"docs":{"insertions":14,"deletions":0}}},{"hash":"6f4acf10f5b28d8a6404143f0c165beaf00df4be","isMergeCommit":false,"messageTitle":"Removed unused import","messageBody":"","fileTypesAndContributionMap":{"functional-code":{"insertions":0,"deletions":1}}},{"hash":"6d9eb9bfa39ee5ab1693fefd3c9a4da0d30b77aa","isMergeCommit":true,"messageTitle":"Merge branch \u0027branch-debugging\u0027 into branch-puml-diagrams","messageBody":"","fileTypesAndContributionMap":{}},{"hash":"a1c18d08d4b91b830d45195114090d998e82e9c7","isMergeCommit":false,"messageTitle":"Continued on example sequence diagram","messageBody":"","fileTypesAndContributionMap":{"docs":{"insertions":18,"deletions":2}}},{"hash":"21df2759ccb1ba9547e2b8a92adfd738ae74afa1","isMergeCommit":true,"messageTitle":"Merge pull request #98 from tyuyang/branch-debugging","messageBody":"Update show help","fileTypesAndContributionMap":{}}]},{"date":"2023-03-29","commitResults":[{"hash":"148c889830450998cbb65caa6e7a50c4cc11095d","isMergeCommit":true,"messageTitle":"Merge remote-tracking branch \u0027upstream/master\u0027 into branch-puml-diagrams","messageBody":"","fileTypesAndContributionMap":{}},{"hash":"7035cdd3143d1063e72ac13df93f49a388e89b3b","isMergeCommit":false,"messageTitle":"Finished example seq diagram","messageBody":"","fileTypesAndContributionMap":{"docs":{"insertions":50,"deletions":6}}},{"hash":"9a1f634478e7ce8bf29fd4e5a7afc4d662e37056","isMergeCommit":false,"messageTitle":"Added tentative puml diagrams to Developer guide","messageBody":"","fileTypesAndContributionMap":{"docs":{"insertions":9,"deletions":2}}},{"hash":"57b048479d7e7af0bf61ebbd6921795678213d9a","isMergeCommit":false,"messageTitle":"Make lots of changes: 1. Fix spelling mistakes 2. Rephrase certain lines 3. Change the order of features 4. Add set-wl and check-wl feature","messageBody":"","fileTypesAndContributionMap":{"docs":{"insertions":148,"deletions":68}}}]},{"date":"2023-03-30","commitResults":[{"hash":"0fc541f5ccb65035c2884deb1053ec6abeb8458b","isMergeCommit":false,"messageTitle":"Fixed logging messages","messageBody":"","fileTypesAndContributionMap":{"functional-code":{"insertions":12,"deletions":11}}},{"hash":"8ddbe8bc74c7643841fab6fdc3d1a83e2042a669","isMergeCommit":true,"messageTitle":"Merge remote-tracking branch \u0027upstream/master\u0027 into branch-puml-diagrams","messageBody":"","fileTypesAndContributionMap":{}},{"hash":"038ff2b3b3dff5b7b06fd1086eb9f82ad86100d9","isMergeCommit":true,"messageTitle":"Merge branch \u0027branch-puml-diagrams\u0027","messageBody":"","fileTypesAndContributionMap":{}},{"hash":"ca490120eeaf0e60813dae51738eac501c1af426","isMergeCommit":true,"messageTitle":"Merge pull request #101 from xiaoge26/master","messageBody":"Remove empty transaction file exception message","fileTypesAndContributionMap":{}}]}],"Sherlock-YH":[{"date":"2023-03-02","commitResults":[{"hash":"2329700b26f792636f0c8cdd002ac8e562d25f16","isMergeCommit":false,"messageTitle":"no message","messageBody":"","fileTypesAndContributionMap":{"docs":{"insertions":4,"deletions":4}}},{"hash":"f205bcf1a83385db823ac494afeeb7f8046fa993","isMergeCommit":true,"messageTitle":"Merge branch \u0027master\u0027 into heYao-AboutUs","messageBody":"","fileTypesAndContributionMap":{}},{"hash":"eceb70eb491ecd6705e4be9cf1cbd1bc9d21d2f2","isMergeCommit":true,"messageTitle":"Merge pull request #5 from Sherlock-YH/heYao-AboutUs","messageBody":"Change AboutUs","fileTypesAndContributionMap":{}}]},{"date":"2023-03-11","commitResults":[{"hash":"267ed40f73114c62012264cf9e776218858e7c53","isMergeCommit":false,"messageTitle":"add Account class","messageBody":"","fileTypesAndContributionMap":{"functional-code":{"insertions":28,"deletions":0}}}]},{"date":"2023-03-12","commitResults":[{"hash":"08ad17ce2937540023f053e27d60226e2fafd28e","isMergeCommit":true,"messageTitle":"Merge pull request #24 from Sherlock-YH/master","messageBody":"add Account class","fileTypesAndContributionMap":{}}]},{"date":"2023-03-13","commitResults":[{"hash":"bfca9ce3f437abde3ed4c77d1e5658196a52dddd","isMergeCommit":false,"messageTitle":"Add Save Feature and some JavaDoc","messageBody":"","fileTypesAndContributionMap":{"functional-code":{"insertions":25,"deletions":1}}},{"hash":"384ed2bd5f8eda491da38ab3337b5f14fab6bbad","isMergeCommit":false,"messageTitle":"Add exit method in Main Add farewell message in Ui","messageBody":"","fileTypesAndContributionMap":{"functional-code":{"insertions":20,"deletions":1}}},{"hash":"89e5b1d1248c9dfa55031207f34b1e05f44bdced","isMergeCommit":false,"messageTitle":"Change incorrect indentation level","messageBody":"","fileTypesAndContributionMap":{"functional-code":{"insertions":4,"deletions":3}}},{"hash":"c3691dbc69f0de6763634fd3ee9f7c45b716e0f2","isMergeCommit":false,"messageTitle":"Change indentation level","messageBody":"","fileTypesAndContributionMap":{"functional-code":{"insertions":2,"deletions":1}}},{"hash":"0c4e074072d06a0f7898fcad0996adc9bdf6432d","isMergeCommit":false,"messageTitle":"no message","messageBody":"","fileTypesAndContributionMap":{"functional-code":{"insertions":6,"deletions":6}}}]},{"date":"2023-03-14","commitResults":[{"hash":"f1637ebc123020d8d301296ab5d8e002dbed416f","isMergeCommit":false,"messageTitle":"Add save feature test","messageBody":"","fileTypesAndContributionMap":{"test-code":{"insertions":9,"deletions":0}}},{"hash":"6fee70a5d3fc7906d3bc482584f4e7dc9689d720","isMergeCommit":false,"messageTitle":"Add parseSavedFile","messageBody":"","fileTypesAndContributionMap":{"functional-code":{"insertions":19,"deletions":6},"test-code":{"insertions":1,"deletions":1}}},{"hash":"4fe140e9a71610f59345463cdd74b3c10496cc75","isMergeCommit":false,"messageTitle":"Add JavaDoc for parseSavedFile method","messageBody":"","fileTypesAndContributionMap":{"functional-code":{"insertions":7,"deletions":1}}},{"hash":"f35b42d03d301695f71f3ffd8dd893de923d9a88","isMergeCommit":false,"messageTitle":"Add save feature test","messageBody":"","fileTypesAndContributionMap":{"test-code":{"insertions":9,"deletions":0}}},{"hash":"9d42cea9c204f877da62135cdae94702b0f872a8","isMergeCommit":true,"messageTitle":"Merge branch \u0027branch-parseSaveFile\u0027","messageBody":"* branch-parseSaveFile:\n  Add JavaDoc for parseSavedFile method\n  Add parseSavedFile\n  Add save feature test\n\n# Conflicts:\n#\tsrc/main/java/seedu/bankwithus/Parser.java\n#\tsrc/test/java/seedu/bankwithus/StorageTest.java\n","fileTypesAndContributionMap":{}},{"hash":"eeba4bcc484b061b686a20642e8585bbf94fab11","isMergeCommit":false,"messageTitle":"Add parseSavedFile","messageBody":"","fileTypesAndContributionMap":{"functional-code":{"insertions":4,"deletions":2}}},{"hash":"ae93b46591e92c7a9acda6590e2c1ab514dd1451","isMergeCommit":false,"messageTitle":"Modify the Main block","messageBody":"","fileTypesAndContributionMap":{"functional-code":{"insertions":7,"deletions":7}}}]},{"date":"2023-03-17","commitResults":[{"hash":"0e6447f8345df3b2d15d70437c4f94ca391a0c41","isMergeCommit":true,"messageTitle":"Merge pull request #48 from tyuyang/branch-code-cleaning","messageBody":"Branch code cleaning","fileTypesAndContributionMap":{}}]},{"date":"2023-03-18","commitResults":[{"hash":"ae614c7df4368ef997b4d1eeb1a910fcab893145","isMergeCommit":false,"messageTitle":"Add delete account feature Add showEmptySavedFile exception Add some Ui to make the program looks better Add getSize() in AccountList","messageBody":"","fileTypesAndContributionMap":{"functional-code":{"insertions":149,"deletions":78}}},{"hash":"0b5eedcf78be38d3f8f5bb55a7351445638cf801","isMergeCommit":false,"messageTitle":"Add showAddedAccount in Ui","messageBody":"","fileTypesAndContributionMap":{"functional-code":{"insertions":8,"deletions":0}}}]},{"date":"2023-03-21","commitResults":[{"hash":"37f94aa3d44f288cc8bcecc3b25244e97894d25b","isMergeCommit":false,"messageTitle":"change indentation level","messageBody":"","fileTypesAndContributionMap":{"functional-code":{"insertions":50,"deletions":50}}}]},{"date":"2023-03-22","commitResults":[{"hash":"ec224cdfaaced0c21904e62233362f534f1e8543","isMergeCommit":false,"messageTitle":"Modify the try-catch block to show different messages when catching different exceptions","messageBody":"","fileTypesAndContributionMap":{"functional-code":{"insertions":6,"deletions":1}}},{"hash":"b4daf61e835253fd4e52e840ee31e115aa9a77a7","isMergeCommit":false,"messageTitle":"Modify the text-ui-test files","messageBody":"","fileTypesAndContributionMap":{"functional-code":{"insertions":2,"deletions":2}}},{"hash":"4fc93a3c31b7850c01f22ce9332ae926effccf82","isMergeCommit":false,"messageTitle":"add multiple-account command allows user to have more than one account modify text-ui-test files","messageBody":"","fileTypesAndContributionMap":{"functional-code":{"insertions":12,"deletions":5}}}]},{"date":"2023-03-23","commitResults":[{"hash":"c0b617a5c03cb4b11844e617259d73e0aa1cf6db","isMergeCommit":false,"messageTitle":"add switch account feature in ArrayList modify text-ui-test files and Ui add NoAccountException and OnlyOneAccount Ui","messageBody":"","fileTypesAndContributionMap":{"functional-code":{"insertions":68,"deletions":22},"other":{"insertions":1,"deletions":1}}},{"hash":"d658613b718315ac72c3b9ac495332e2d4c318b9","isMergeCommit":false,"messageTitle":"correct Checkstyle error","messageBody":"","fileTypesAndContributionMap":{"functional-code":{"insertions":62,"deletions":62}}},{"hash":"80e87b165df72285f630411ad26b32908589c772","isMergeCommit":false,"messageTitle":"change indentation level","messageBody":"","fileTypesAndContributionMap":{"functional-code":{"insertions":60,"deletions":60}}},{"hash":"096443931ec651ff8a4f4fe8aecbbc307f44816d","isMergeCommit":false,"messageTitle":"Tidy up the codes","messageBody":"","fileTypesAndContributionMap":{"functional-code":{"insertions":24,"deletions":27}}},{"hash":"adcde0de062eda2a30082b3a5f671d4aa4af58e7","isMergeCommit":false,"messageTitle":"change the attribute balance to String type","messageBody":"","fileTypesAndContributionMap":{"functional-code":{"insertions":30,"deletions":22}}},{"hash":"1bb401e7ee41551f3d97196b0197a20d778599f1","isMergeCommit":true,"messageTitle":"Merge pull request #57 from Sherlock-YH/master","messageBody":"Add switch account feature","fileTypesAndContributionMap":{}},{"hash":"fc0f638c3925b444c857ab44f6be29821bc2ca16","isMergeCommit":false,"messageTitle":"add authorship for Sherlock-YH","messageBody":"","fileTypesAndContributionMap":{"functional-code":{"insertions":25,"deletions":16}}},{"hash":"8f86072385033d37e9318af104ab4fc278e4e319","isMergeCommit":true,"messageTitle":"Merge pull request #60 from tyuyang/master","messageBody":"Modify gitignore","fileTypesAndContributionMap":{}}]},{"date":"2023-03-24","commitResults":[{"hash":"b275bd859bab985a129938b4ad7a9393f4647db3","isMergeCommit":true,"messageTitle":"Merge pull request #70 from tyuyang/branch-withdrawal-limit","messageBody":"Branch withdrawal limit","fileTypesAndContributionMap":{}}]}],"manushridiv":[{"date":"2023-03-09","commitResults":[{"hash":"f3f1c6a7033d6bb345f65d4fe61c97e25feb38c3","isMergeCommit":false,"messageTitle":"added about me","messageBody":"","fileTypesAndContributionMap":{"docs":{"insertions":1,"deletions":1}}}]},{"date":"2023-03-15","commitResults":[{"hash":"2ba8c0543988132a554affabfdab2743a3bb5cc3","isMergeCommit":false,"messageTitle":"Added withdraw case","messageBody":"","fileTypesAndContributionMap":{"functional-code":{"insertions":33,"deletions":11}}},{"hash":"f7867d323da6beb5d039aba74cd0cc410163caaf","isMergeCommit":true,"messageTitle":"added a check to withdraw only whats available in balance","messageBody":"","fileTypesAndContributionMap":{}}]},{"date":"2023-03-27","commitResults":[{"hash":"d43ae8ba4b2aae278f220dc3a81d3fc8e59445aa","isMergeCommit":true,"messageTitle":"Merge pull request #75 from vishnuvk47/master","messageBody":"Added SaveGoal detail to save.txt to store it for further use","fileTypesAndContributionMap":{}}]},{"date":"2023-03-28","commitResults":[{"hash":"9a7230a7b2deff4cf6db4123cfb1b708a66b2256","isMergeCommit":false,"messageTitle":"changes to UG and storage files","messageBody":"","fileTypesAndContributionMap":{"functional-code":{"insertions":7,"deletions":3},"docs":{"insertions":15,"deletions":12}}},{"hash":"1253080e3b69f402faff48417bfe6975d4c5438a","isMergeCommit":false,"messageTitle":"changes to UG, storage and fix date bugs","messageBody":"","fileTypesAndContributionMap":{"functional-code":{"insertions":6,"deletions":1}}},{"hash":"69154f9fbeff60f26dba465e913b2839999c0a8b","isMergeCommit":true,"messageTitle":"Merge branch \u0027master\u0027 of https://github.com/AY2223S2-CS2113-T13-3/tp into branch-ug","messageBody":"","fileTypesAndContributionMap":{}},{"hash":"24cbf9937eb3cb5a70a8ce0440b0434a2463a553","isMergeCommit":true,"messageTitle":"Merge pull request #95 from xiaoge26/master","messageBody":"Modify User Guide and Developer Guide","fileTypesAndContributionMap":{}},{"hash":"00cb95912b2bed91fcb5f9e228f06a221c7e008d","isMergeCommit":true,"messageTitle":"Merge pull request #94 from tyuyang/branch-debugging","messageBody":"Branch debugging","fileTypesAndContributionMap":{}}]}],"xiaoge26":[{"date":"2023-03-03","commitResults":[{"hash":"0582772bfc11ba03e1a9e9ecae77e1b1b980125d","isMergeCommit":false,"messageTitle":"Add self intro","messageBody":"","fileTypesAndContributionMap":{"docs":{"insertions":7,"deletions":7}}},{"hash":"e3e326c39d226308e4850ab36bb33411cb89af8f","isMergeCommit":true,"messageTitle":"Merge pull request #6 from xiaoge26/master","messageBody":"Add self intro","fileTypesAndContributionMap":{}}]},{"date":"2023-03-12","commitResults":[{"hash":"37da2c0534b46289e20c959d7ad23d093a03c153","isMergeCommit":true,"messageTitle":"Merge pull request #21 from tyuyang/master","messageBody":"Create feature load()","fileTypesAndContributionMap":{}},{"hash":"9a71ca5094d28d5b800dfea5c0ce2a88d4723891","isMergeCommit":false,"messageTitle":"Add create account feature","messageBody":"","fileTypesAndContributionMap":{"functional-code":{"insertions":15,"deletions":1}}},{"hash":"79f797c212650bf2d7858ac7f6d45afe4e72c8f4","isMergeCommit":true,"messageTitle":"Merge branch \u0027master\u0027 of https://github.com/AY2223S2-CS2113-T13-3/tp","messageBody":"# Conflicts:\n#\tsrc/main/java/seedu/bankwithus/AccountList.java\n","fileTypesAndContributionMap":{}},{"hash":"4daadf6a6c37ccf90c703686ed3dfe83af421958","isMergeCommit":false,"messageTitle":"Add create account feature","messageBody":"","fileTypesAndContributionMap":{"test-code":{"insertions":0,"deletions":2}}},{"hash":"9e8019d682f49f8e7c263604b9b6e3452977d737","isMergeCommit":false,"messageTitle":"Fix Checkstyle errors","messageBody":"","fileTypesAndContributionMap":{"functional-code":{"insertions":5,"deletions":7}}},{"hash":"e290bf28b9f7e4a5d919ac13b48237c3112d7d86","isMergeCommit":false,"messageTitle":"Fix Checkstyle errors","messageBody":"","fileTypesAndContributionMap":{"test-code":{"insertions":2,"deletions":2}}}]},{"date":"2023-03-14","commitResults":[{"hash":"1e582b449083fef8b7690317e24415c6d61d8f98","isMergeCommit":false,"messageTitle":"Add deposit feature","messageBody":"","fileTypesAndContributionMap":{"functional-code":{"insertions":45,"deletions":11},"test-code":{"insertions":24,"deletions":0}}},{"hash":"430d2d37a34673c7e3bd33926c7a9a2c74c4fe52","isMergeCommit":true,"messageTitle":"Merge branch \u0027master\u0027 of https://github.com/AY2223S2-CS2113-T13-3/tp","messageBody":"# Conflicts:\n#\tsrc/main/java/seedu/bankwithus/AccountList.java\n#\tsrc/main/java/seedu/bankwithus/BankWithUs.java\n#\tsrc/main/java/seedu/bankwithus/Parser.java\n","fileTypesAndContributionMap":{}},{"hash":"059f3b5bcadda2efb915af9bd32d7acc4855007b","isMergeCommit":false,"messageTitle":"Fix bugs","messageBody":"","fileTypesAndContributionMap":{"functional-code":{"insertions":3,"deletions":4}}},{"hash":"39ca09ef2c1e5ec37dd3166fc7f61e74038094d9","isMergeCommit":true,"messageTitle":"Merge branch \u0027master\u0027 into master","messageBody":"","fileTypesAndContributionMap":{}}]},{"date":"2023-03-15","commitResults":[{"hash":"5a6e0714f0b102883636f33bc19834814261be35","isMergeCommit":true,"messageTitle":"Merge pull request #41 from tyuyang/master","messageBody":"Fixed checkstyle errors from merge #40","fileTypesAndContributionMap":{}},{"hash":"af7c1c27ef4a3f55400aa31778607895746cb825","isMergeCommit":true,"messageTitle":"Merge branch \u0027master\u0027 of https://github.com/AY2223S2-CS2113-T13-3/tp","messageBody":"# Conflicts:\n#\tdata/save.txt\n#\tsrc/main/java/seedu/bankwithus/Parser.java\n","fileTypesAndContributionMap":{}},{"hash":"d7d46d419ebac441dccf50fae3e2fc4c85e1d427","isMergeCommit":true,"messageTitle":"Merge branch \u0027master\u0027 of https://github.com/xiaoge26/tp","messageBody":"# Conflicts:\n#\tsrc/main/java/seedu/bankwithus/Parser.java\n","fileTypesAndContributionMap":{}},{"hash":"97f156ab575fb1325271f126589097097bf50c1a","isMergeCommit":false,"messageTitle":"Handle number format exceptions","messageBody":"","fileTypesAndContributionMap":{"functional-code":{"insertions":24,"deletions":15}}},{"hash":"066e69559f49e5ae68c48152fdba26976bdfffd5","isMergeCommit":false,"messageTitle":"Fix coding standard violations","messageBody":"","fileTypesAndContributionMap":{"functional-code":{"insertions":3,"deletions":3}}},{"hash":"da10873424af342a4d9dcfef44551527676b307d","isMergeCommit":false,"messageTitle":"Rewrite accountList tests","messageBody":"","fileTypesAndContributionMap":{"test-code":{"insertions":4,"deletions":5}}},{"hash":"7596d50c7c4c9b9bff7adf0f9cad9d2143946152","isMergeCommit":false,"messageTitle":"Fix add account bugs","messageBody":"","fileTypesAndContributionMap":{"functional-code":{"insertions":21,"deletions":9},"test-code":{"insertions":12,"deletions":1}}},{"hash":"b371b63b7a9409862674159f1556051df084047d","isMergeCommit":true,"messageTitle":"Merge pull request #42 from xiaoge26/Deposit","messageBody":"Add Deposit Feature","tags":["v1.0"],"fileTypesAndContributionMap":{}}]},{"date":"2023-03-23","commitResults":[{"hash":"cd47a7b0105fcf9cf4e347b7f8efc2330e5f2844","isMergeCommit":true,"messageTitle":"Merge pull request #58 from Sherlock-YH/master","messageBody":"Change the attribute balance to String type","fileTypesAndContributionMap":{}},{"hash":"4f20ad903adfe1da846accc58c53305368f26c8e","isMergeCommit":false,"messageTitle":"Add authorship","messageBody":"","fileTypesAndContributionMap":{"functional-code":{"insertions":2,"deletions":0}}},{"hash":"5096ae597340aef27c2a7bf0482ea7df25178d7c","isMergeCommit":false,"messageTitle":"Fix accountList tests","messageBody":"","fileTypesAndContributionMap":{"functional-code":{"insertions":84,"deletions":8},"test-code":{"insertions":60,"deletions":49}}},{"hash":"f96f927b5bf0631559140d4b07d7d5af3dff7f83","isMergeCommit":false,"messageTitle":"Add more tests for accountList class","messageBody":"","fileTypesAndContributionMap":{"functional-code":{"insertions":6,"deletions":53},"test-code":{"insertions":24,"deletions":27}}},{"hash":"6e7986787c1c8724dc9a0708e7afd6e24aa16457","isMergeCommit":false,"messageTitle":"Fix Checkstyle errors","messageBody":"","fileTypesAndContributionMap":{"functional-code":{"insertions":3,"deletions":3}}},{"hash":"161e90c5a9d3ba76ef5f22a8edaee31ed5cd0706","isMergeCommit":false,"messageTitle":"Delete unused lines","messageBody":"","fileTypesAndContributionMap":{"test-code":{"insertions":0,"deletions":5}}},{"hash":"22e5f6c6ab456b8eefe48be631656c624cb7c413","isMergeCommit":false,"messageTitle":"Fix indentation errors","messageBody":"","fileTypesAndContributionMap":{"test-code":{"insertions":38,"deletions":40}}},{"hash":"44bd21552e26b90056c10215cc92358acc8a9ccd","isMergeCommit":true,"messageTitle":"Merge branch \u0027master\u0027 into master","messageBody":"","fileTypesAndContributionMap":{}},{"hash":"cf780f487f236b0c281469da39e56c82e9ad797a","isMergeCommit":false,"messageTitle":"Change test name","messageBody":"","fileTypesAndContributionMap":{"test-code":{"insertions":2,"deletions":2}}},{"hash":"b1ae7edd56973d458e285d7d1fe4bd526672cec4","isMergeCommit":true,"messageTitle":"Merge branch \u0027master\u0027 of https://github.com/xiaoge26/tp","messageBody":"","fileTypesAndContributionMap":{}},{"hash":"167706e1454735abec95d4be891fc51152f443e4","isMergeCommit":false,"messageTitle":"Remove a test temporarily","messageBody":"","fileTypesAndContributionMap":{"test-code":{"insertions":6,"deletions":0}}},{"hash":"e30e778929abaf287e2d4490bf96c4a495def7f0","isMergeCommit":false,"messageTitle":"Fix checkstyle errors","messageBody":"","fileTypesAndContributionMap":{"test-code":{"insertions":22,"deletions":25}}},{"hash":"deab713dbb07dba4d74e8a925c517f645742c864","isMergeCommit":false,"messageTitle":"Change indentation","messageBody":"","fileTypesAndContributionMap":{"test-code":{"insertions":19,"deletions":19}}},{"hash":"ecffead3d5688cd6dbcf718202b13f16449d34ad","isMergeCommit":true,"messageTitle":"Merge pull request #69 from xiaoge26/master","messageBody":"Fix and add tests for accountList class","fileTypesAndContributionMap":{}}]},{"date":"2023-03-24","commitResults":[{"hash":"bcb4d85a3f30c921b28ce3ec9d9b0a00ebc932e5","isMergeCommit":true,"messageTitle":"Merge pull request #73 from vishnuvk47/addNewfeature","messageBody":"Add Developer Guide Template","fileTypesAndContributionMap":{}}]},{"date":"2023-03-25","commitResults":[{"hash":"bd700226d9789ba156bcce1820c3eb549f546b90","isMergeCommit":true,"messageTitle":"Merge pull request #71 from tyuyang/branch-withdrawal-limit","messageBody":"Branch withdrawal limit","fileTypesAndContributionMap":{}},{"hash":"4fafcd0524ce7ebea73e38cdac374e1c35e5567c","isMergeCommit":false,"messageTitle":"Add view transaction feature","messageBody":"","fileTypesAndContributionMap":{"functional-code":{"insertions":108,"deletions":1}}},{"hash":"52c1876c1341accbb158210098530bb51538791e","isMergeCommit":false,"messageTitle":"Create packages for all classes","messageBody":"","fileTypesAndContributionMap":{"functional-code":{"insertions":4,"deletions":582},"other":{"insertions":15,"deletions":5},"test-code":{"insertions":3,"deletions":0}}},{"hash":"04e124641e8a49058536da97d312fbd33c91175a","isMergeCommit":false,"messageTitle":"Add transaction feature","messageBody":"","fileTypesAndContributionMap":{"functional-code":{"insertions":93,"deletions":8},"other":{"insertions":1,"deletions":0}}},{"hash":"6518ecab0d8ab15252762880d875b8c551e17220","isMergeCommit":false,"messageTitle":"Add save and load transactions feature","messageBody":"","fileTypesAndContributionMap":{"functional-code":{"insertions":91,"deletions":42},"test-code":{"insertions":3,"deletions":2}}},{"hash":"465e7c3ed6b605a635d35c12797f0aedd5bde5f9","isMergeCommit":false,"messageTitle":"Create user package","messageBody":"","fileTypesAndContributionMap":{"functional-code":{"insertions":628,"deletions":11},"test-code":{"insertions":1,"deletions":1}}},{"hash":"d5db1a7e1525010b0cdce69e86c9a1eecbbaee65","isMergeCommit":false,"messageTitle":"Fix checkstyle errors","messageBody":"","fileTypesAndContributionMap":{"functional-code":{"insertions":6,"deletions":4}}}]},{"date":"2023-03-26","commitResults":[{"hash":"1c6bfb90e814ecb7e9495aebf651dc8f5ebb030b","isMergeCommit":false,"messageTitle":"Fix bugs and refactor code","messageBody":"","fileTypesAndContributionMap":{"functional-code":{"insertions":22,"deletions":34},"other":{"insertions":0,"deletions":1}}},{"hash":"155be76fad5b49a610846b0231a83306810c9b29","isMergeCommit":true,"messageTitle":"Merge pull request #74 from xiaoge26/Transaction","messageBody":"Add view transactions for all account Feature","fileTypesAndContributionMap":{}}]},{"date":"2023-03-28","commitResults":[{"hash":"9375f04e597689369428df4ed84664ce8b3796cb","isMergeCommit":false,"messageTitle":"Modified User Guide and Developer Guide","messageBody":"","fileTypesAndContributionMap":{"functional-code":{"insertions":7,"deletions":0},"docs":{"insertions":27,"deletions":8}}},{"hash":"1ae38a0ce30d9abf38adcdb5d5d14ed9d0d32320","isMergeCommit":false,"messageTitle":"Fix checkstyle errors","messageBody":"","fileTypesAndContributionMap":{"functional-code":{"insertions":2,"deletions":1}}},{"hash":"0a8547e62952c89c9536ee19bc5b711800a03c4e","isMergeCommit":false,"messageTitle":"Fix typos","messageBody":"","fileTypesAndContributionMap":{"docs":{"insertions":5,"deletions":2}}}]},{"date":"2023-03-30","commitResults":[{"hash":"3536cbf0071282452c25da1147d447ccc3dede17","isMergeCommit":true,"messageTitle":"Merge pull request #100 from tyuyang/branch-puml-diagrams","messageBody":"Add main architecture and example seq diagram to dev guide","fileTypesAndContributionMap":{}},{"hash":"2b5f70434bed63e453cda40cef41450605df2479","isMergeCommit":false,"messageTitle":"Remove empty transaction file exception message","messageBody":"","fileTypesAndContributionMap":{"functional-code":{"insertions":2,"deletions":2}}},{"hash":"4d1dff76cab36bb3f3e7ec160e6e7137717f06e1","isMergeCommit":false,"messageTitle":"Fix text ui test","messageBody":"","fileTypesAndContributionMap":{"functional-code":{"insertions":1,"deletions":1}}},{"hash":"172bc37ac897231c064dfdf290c81f521db6b21b","isMergeCommit":true,"messageTitle":"Merge pull request #102 from tyuyang/master","messageBody":"Fix logging messages","tags":["v2.0"],"fileTypesAndContributionMap":{}},{"hash":"cb23f188c9ba54dfb08e937787c30ac63a0d4e9c","isMergeCommit":true,"messageTitle":"Merge branch \u0027master\u0027 of https://github.com/AY2223S2-CS2113-T13-3/tp","messageBody":"","fileTypesAndContributionMap":{}},{"hash":"839b25a9df3818bf03db49e1945e6a66191eccf5","isMergeCommit":false,"messageTitle":"Remove empty transaction file exception message","messageBody":"","fileTypesAndContributionMap":{"functional-code":{"insertions":2,"deletions":2}}},{"hash":"a89dc57977a59799f4c8cc0ea525c0b782052ce8","isMergeCommit":false,"messageTitle":"Add no transaction message","messageBody":"","fileTypesAndContributionMap":{"functional-code":{"insertions":5,"deletions":0}}}]}]},"authorFileTypeContributionMap":{"vishnuvk47":{"docs":273,"functional-code":187,"test-code":20},"tyuyang":{"docs":252,"functional-code":567,"test-code":137,"other":2},"Sherlock-YH":{"docs":1,"functional-code":339,"test-code":1},"manushridiv":{"docs":12,"functional-code":65,"test-code":0},"xiaoge26":{"docs":30,"functional-code":501,"test-code":42}},"authorContributionVariance":{"vishnuvk47":6517.3774,"tyuyang":16624.035,"Sherlock-YH":6726.8306,"manushridiv":87.69386,"xiaoge26":64668.52},"authorDisplayNameMap":{"vishnuvk47":"CS2113-T13-3 VISH..SHNU","tyuyang":"CS2113-T13-3 TAY ..YANG","Sherlock-YH":"CS2113-T13-3 YAO ..O HE","manushridiv":"CS2113-T13-3 DIVA..SHRI","xiaoge26":"CS2113-T13-3 LIU ..AOGE"}}
