[{"path":"build.gradle","fileType":"other","lines":[{"lineNumber":1,"author":{"gitId":"-"},"content":"plugins {","lastModifiedDate":"2020-05-25"},{"lineNumber":2,"author":{"gitId":"-"},"content":"    id \u0027java\u0027","lastModifiedDate":"2020-05-25"},{"lineNumber":3,"author":{"gitId":"-"},"content":"    id \u0027application\u0027","lastModifiedDate":"2020-05-25"},{"lineNumber":4,"author":{"gitId":"-"},"content":"    id \u0027checkstyle\u0027","lastModifiedDate":"2020-05-25"},{"lineNumber":5,"author":{"gitId":"-"},"content":"    id \u0027com.github.johnrengelman.shadow\u0027 version \u00277.1.2\u0027","lastModifiedDate":"2022-06-17"},{"lineNumber":6,"author":{"gitId":"-"},"content":"}","lastModifiedDate":"2020-05-25"},{"lineNumber":7,"author":{"gitId":"-"},"content":"","lastModifiedDate":"2020-05-25"},{"lineNumber":8,"author":{"gitId":"-"},"content":"repositories {","lastModifiedDate":"2020-05-25"},{"lineNumber":9,"author":{"gitId":"-"},"content":"    mavenCentral()","lastModifiedDate":"2020-05-25"},{"lineNumber":10,"author":{"gitId":"-"},"content":"}","lastModifiedDate":"2020-05-25"},{"lineNumber":11,"author":{"gitId":"-"},"content":"","lastModifiedDate":"2020-05-25"},{"lineNumber":12,"author":{"gitId":"-"},"content":"dependencies {","lastModifiedDate":"2020-05-25"},{"lineNumber":13,"author":{"gitId":"matthew-liu-zhenjie"},"content":"","lastModifiedDate":"2023-03-10"},{"lineNumber":14,"author":{"gitId":"matthew-liu-zhenjie"},"content":"    implementation \u0027com.google.code.gson:gson:2.10.1\u0027","lastModifiedDate":"2023-03-10"},{"lineNumber":15,"author":{"gitId":"-"},"content":"    testImplementation group: \u0027org.junit.jupiter\u0027, name: \u0027junit-jupiter-api\u0027, version: \u00275.5.0\u0027","lastModifiedDate":"2020-05-25"},{"lineNumber":16,"author":{"gitId":"-"},"content":"    testRuntimeOnly group: \u0027org.junit.jupiter\u0027, name: \u0027junit-jupiter-engine\u0027, version: \u00275.5.0\u0027","lastModifiedDate":"2020-05-25"},{"lineNumber":17,"author":{"gitId":"-"},"content":"}","lastModifiedDate":"2020-05-25"},{"lineNumber":18,"author":{"gitId":"-"},"content":"","lastModifiedDate":"2020-05-25"},{"lineNumber":19,"author":{"gitId":"-"},"content":"test {","lastModifiedDate":"2020-05-25"},{"lineNumber":20,"author":{"gitId":"-"},"content":"    useJUnitPlatform()","lastModifiedDate":"2020-05-25"},{"lineNumber":21,"author":{"gitId":"-"},"content":"","lastModifiedDate":"2020-05-25"},{"lineNumber":22,"author":{"gitId":"-"},"content":"    testLogging {","lastModifiedDate":"2020-05-25"},{"lineNumber":23,"author":{"gitId":"-"},"content":"        events \"passed\", \"skipped\", \"failed\"","lastModifiedDate":"2020-05-25"},{"lineNumber":24,"author":{"gitId":"-"},"content":"","lastModifiedDate":"2020-05-25"},{"lineNumber":25,"author":{"gitId":"-"},"content":"        showExceptions true","lastModifiedDate":"2020-05-25"},{"lineNumber":26,"author":{"gitId":"-"},"content":"        exceptionFormat \"full\"","lastModifiedDate":"2020-05-25"},{"lineNumber":27,"author":{"gitId":"-"},"content":"        showCauses true","lastModifiedDate":"2020-05-25"},{"lineNumber":28,"author":{"gitId":"-"},"content":"        showStackTraces true","lastModifiedDate":"2020-05-25"},{"lineNumber":29,"author":{"gitId":"-"},"content":"        showStandardStreams \u003d false","lastModifiedDate":"2020-05-25"},{"lineNumber":30,"author":{"gitId":"-"},"content":"    }","lastModifiedDate":"2020-05-25"},{"lineNumber":31,"author":{"gitId":"-"},"content":"}","lastModifiedDate":"2020-05-25"},{"lineNumber":32,"author":{"gitId":"-"},"content":"","lastModifiedDate":"2020-05-25"},{"lineNumber":33,"author":{"gitId":"-"},"content":"application {","lastModifiedDate":"2020-05-25"},{"lineNumber":34,"author":{"gitId":"-"},"content":"    mainClass \u003d \"seedu.duke.Duke\"","lastModifiedDate":"2022-06-17"},{"lineNumber":35,"author":{"gitId":"-"},"content":"}","lastModifiedDate":"2020-05-25"},{"lineNumber":36,"author":{"gitId":"-"},"content":"","lastModifiedDate":"2020-05-25"},{"lineNumber":37,"author":{"gitId":"-"},"content":"shadowJar {","lastModifiedDate":"2020-05-25"},{"lineNumber":38,"author":{"gitId":"-"},"content":"    archiveBaseName \u003d \"duke\"","lastModifiedDate":"2020-05-25"},{"lineNumber":39,"author":{"gitId":"-"},"content":"    archiveClassifier \u003d null","lastModifiedDate":"2020-05-25"},{"lineNumber":40,"author":{"gitId":"-"},"content":"}","lastModifiedDate":"2020-05-25"},{"lineNumber":41,"author":{"gitId":"-"},"content":"","lastModifiedDate":"2020-05-25"},{"lineNumber":42,"author":{"gitId":"-"},"content":"checkstyle {","lastModifiedDate":"2020-05-25"},{"lineNumber":43,"author":{"gitId":"-"},"content":"    toolVersion \u003d \u002710.2\u0027","lastModifiedDate":"2022-04-29"},{"lineNumber":44,"author":{"gitId":"-"},"content":"}","lastModifiedDate":"2020-05-25"},{"lineNumber":45,"author":{"gitId":"-"},"content":"","lastModifiedDate":"2020-05-25"},{"lineNumber":46,"author":{"gitId":"-"},"content":"run{","lastModifiedDate":"2020-05-25"},{"lineNumber":47,"author":{"gitId":"-"},"content":"    standardInput \u003d System.in","lastModifiedDate":"2020-05-25"},{"lineNumber":48,"author":{"gitId":"-"},"content":"}","lastModifiedDate":"2020-05-25"}],"authorContributionMap":{"matthew-liu-zhenjie":2,"-":46}},{"path":"docs/AboutUs.md","fileType":"docs","lines":[{"lineNumber":1,"author":{"gitId":"-"},"content":"# About us","lastModifiedDate":"2020-05-24"},{"lineNumber":2,"author":{"gitId":"-"},"content":"","lastModifiedDate":"2020-05-24"},{"lineNumber":3,"author":{"gitId":"-"},"content":"Display |   Name    | Github Profile | Portfolio ","lastModifiedDate":"2020-05-24"},{"lineNumber":4,"author":{"gitId":"hrithie"},"content":"--------|:---------:|:--------------:|:---------:","lastModifiedDate":"2023-03-10"},{"lineNumber":5,"author":{"gitId":"-"},"content":"![](https://via.placeholder.com/100.png?text\u003dPhoto) | John Doe  | [Github](https://github.com/) | [Portfolio](docs/team/johndoe.md)","lastModifiedDate":"2020-05-24"},{"lineNumber":6,"author":{"gitId":"-"},"content":"![](https://via.placeholder.com/100.png?text\u003dPhoto) |  Don Joe  | [Github](https://github.com/) | [Portfolio](docs/team/johndoe.md)","lastModifiedDate":"2020-05-24"},{"lineNumber":7,"author":{"gitId":"-"},"content":"![](https://via.placeholder.com/100.png?text\u003dPhoto) | Ron John  | [Github](https://github.com/) | [Portfolio](docs/team/johndoe.md)","lastModifiedDate":"2020-05-24"},{"lineNumber":8,"author":{"gitId":"-"},"content":"![](https://via.placeholder.com/100.png?text\u003dPhoto) | John Roe  | [Github](https://github.com/) | [Portfolio](docs/team/johndoe.md)","lastModifiedDate":"2020-05-24"},{"lineNumber":9,"author":{"gitId":"hrithie"},"content":"![](https://via.placeholder.com/100.png?text\u003dPhoto) | Sel Gomez | [Github](https://github.com/) | [Portfolio](docs/team/johndoe.md)","lastModifiedDate":"2023-03-10"}],"authorContributionMap":{"hrithie":2,"-":7}},{"path":"docs/README.md","fileType":"docs","lines":[{"lineNumber":1,"author":{"gitId":"-"},"content":"# Duke","lastModifiedDate":"2020-05-24"},{"lineNumber":2,"author":{"gitId":"-"},"content":"","lastModifiedDate":"2019-07-29"},{"lineNumber":3,"author":{"gitId":"kyrixn"},"content":"{Give product intro here}.","lastModifiedDate":"2023-03-03"},{"lineNumber":4,"author":{"gitId":"-"},"content":"","lastModifiedDate":"2019-07-29"},{"lineNumber":5,"author":{"gitId":"-"},"content":"Useful links:","lastModifiedDate":"2020-05-24"},{"lineNumber":6,"author":{"gitId":"-"},"content":"* [User Guide](UserGuide.md)","lastModifiedDate":"2020-05-24"},{"lineNumber":7,"author":{"gitId":"-"},"content":"* [Developer Guide](DeveloperGuide.md)","lastModifiedDate":"2020-05-24"},{"lineNumber":8,"author":{"gitId":"-"},"content":"* [About Us](AboutUs.md)","lastModifiedDate":"2020-05-24"}],"authorContributionMap":{"-":7,"kyrixn":1}},{"path":"src/main/java/seedu/duke/Duke.java","fileType":"functional-code","lines":[{"lineNumber":1,"author":{"gitId":"-"},"content":"package seedu.duke;","lastModifiedDate":"2020-05-24"},{"lineNumber":2,"author":{"gitId":"-"},"content":"","lastModifiedDate":"2020-05-24"},{"lineNumber":3,"author":{"gitId":"matthew-liu-zhenjie"},"content":"import java.util.Scanner;","lastModifiedDate":"2023-03-10"},{"lineNumber":4,"author":{"gitId":"matthew-liu-zhenjie"},"content":"//import seedu.duke.ui.Ui;","lastModifiedDate":"2023-03-09"},{"lineNumber":5,"author":{"gitId":"matthew-liu-zhenjie"},"content":"//import seedu.duke.EventList;","lastModifiedDate":"2023-03-09"},{"lineNumber":6,"author":{"gitId":"matthew-liu-zhenjie"},"content":"//import seedu.duke.parser.Parser;","lastModifiedDate":"2023-03-09"},{"lineNumber":7,"author":{"gitId":"-"},"content":"","lastModifiedDate":"2020-05-24"},{"lineNumber":8,"author":{"gitId":"matthew-liu-zhenjie"},"content":"","lastModifiedDate":"2023-03-10"},{"lineNumber":9,"author":{"gitId":"-"},"content":"public class Duke {","lastModifiedDate":"2019-07-29"},{"lineNumber":10,"author":{"gitId":"-"},"content":"    /**","lastModifiedDate":"2020-05-24"},{"lineNumber":11,"author":{"gitId":"-"},"content":"     * Main entry-point for the java.duke.Duke application.","lastModifiedDate":"2020-05-24"},{"lineNumber":12,"author":{"gitId":"-"},"content":"     */","lastModifiedDate":"2020-05-24"},{"lineNumber":13,"author":{"gitId":"matthew-liu-zhenjie"},"content":"    //private final TaskList tasks;","lastModifiedDate":"2023-03-09"},{"lineNumber":14,"author":{"gitId":"matthew-liu-zhenjie"},"content":"    //private final Ui ui;","lastModifiedDate":"2023-03-09"},{"lineNumber":15,"author":{"gitId":"matthew-liu-zhenjie"},"content":"    //private final Parser parser;","lastModifiedDate":"2023-03-09"},{"lineNumber":16,"author":{"gitId":"matthew-liu-zhenjie"},"content":"    public Duke (){","lastModifiedDate":"2023-03-09"},{"lineNumber":17,"author":{"gitId":"matthew-liu-zhenjie"},"content":"        //ui \u003d new Ui();","lastModifiedDate":"2023-03-09"},{"lineNumber":18,"author":{"gitId":"matthew-liu-zhenjie"},"content":"        //tasks \u003d new TaskList();","lastModifiedDate":"2023-03-09"},{"lineNumber":19,"author":{"gitId":"matthew-liu-zhenjie"},"content":"        //parser \u003d new Parser();","lastModifiedDate":"2023-03-09"},{"lineNumber":20,"author":{"gitId":"matthew-liu-zhenjie"},"content":"    }","lastModifiedDate":"2023-03-09"},{"lineNumber":21,"author":{"gitId":"matthew-liu-zhenjie"},"content":"    public void run(){","lastModifiedDate":"2023-03-09"},{"lineNumber":22,"author":{"gitId":"matthew-liu-zhenjie"},"content":"        //ui.showWelcome();","lastModifiedDate":"2023-03-09"},{"lineNumber":23,"author":{"gitId":"matthew-liu-zhenjie"},"content":"        //boolean isExit \u003d false;","lastModifiedDate":"2023-03-09"},{"lineNumber":24,"author":{"gitId":"matthew-liu-zhenjie"},"content":"        //while(!isExit){","lastModifiedDate":"2023-03-09"},{"lineNumber":25,"author":{"gitId":"matthew-liu-zhenjie"},"content":"            //String fullCommand \u003d ui.getUserCommand();","lastModifiedDate":"2023-03-09"},{"lineNumber":26,"author":{"gitId":"matthew-liu-zhenjie"},"content":"            //parser.parseInput(fullCommand, tasks);","lastModifiedDate":"2023-03-09"},{"lineNumber":27,"author":{"gitId":"matthew-liu-zhenjie"},"content":"            //if (fullCommand.equalsIgnoreCase(\"bye\")){","lastModifiedDate":"2023-03-09"},{"lineNumber":28,"author":{"gitId":"matthew-liu-zhenjie"},"content":"                //isExit \u003d true;","lastModifiedDate":"2023-03-09"},{"lineNumber":29,"author":{"gitId":"matthew-liu-zhenjie"},"content":"            //}","lastModifiedDate":"2023-03-09"},{"lineNumber":30,"author":{"gitId":"matthew-liu-zhenjie"},"content":"        //}","lastModifiedDate":"2023-03-09"},{"lineNumber":31,"author":{"gitId":"matthew-liu-zhenjie"},"content":"    }","lastModifiedDate":"2023-03-09"},{"lineNumber":32,"author":{"gitId":"-"},"content":"","lastModifiedDate":"2020-05-24"},{"lineNumber":33,"author":{"gitId":"matthew-liu-zhenjie"},"content":"    public static void main(String[] args) {","lastModifiedDate":"2023-03-09"},{"lineNumber":34,"author":{"gitId":"matthew-liu-zhenjie"},"content":"        String logo \u003d \" ____        _        \\n\"","lastModifiedDate":"2023-03-10"},{"lineNumber":35,"author":{"gitId":"matthew-liu-zhenjie"},"content":"                + \"|  _ \\\\ _   _| | _____ \\n\"","lastModifiedDate":"2023-03-10"},{"lineNumber":36,"author":{"gitId":"matthew-liu-zhenjie"},"content":"                + \"| | | | | | | |/ / _ \\\\\\n\"","lastModifiedDate":"2023-03-10"},{"lineNumber":37,"author":{"gitId":"matthew-liu-zhenjie"},"content":"                + \"| |_| | |_| |   \u003c  __/\\n\"","lastModifiedDate":"2023-03-10"},{"lineNumber":38,"author":{"gitId":"matthew-liu-zhenjie"},"content":"                + \"|____/ \\\\__,_|_|\\\\_\\\\___|\\n\";","lastModifiedDate":"2023-03-10"},{"lineNumber":39,"author":{"gitId":"matthew-liu-zhenjie"},"content":"        System.out.println(\"Hello from\\n\" + logo);","lastModifiedDate":"2023-03-10"},{"lineNumber":40,"author":{"gitId":"matthew-liu-zhenjie"},"content":"        System.out.println(\"What is your name?\");","lastModifiedDate":"2023-03-10"},{"lineNumber":41,"author":{"gitId":"matthew-liu-zhenjie"},"content":"","lastModifiedDate":"2023-03-10"},{"lineNumber":42,"author":{"gitId":"matthew-liu-zhenjie"},"content":"        Scanner in \u003d new Scanner(System.in);","lastModifiedDate":"2023-03-10"},{"lineNumber":43,"author":{"gitId":"matthew-liu-zhenjie"},"content":"        System.out.println(\"Hello \" + in.nextLine());","lastModifiedDate":"2023-03-10"},{"lineNumber":44,"author":{"gitId":"matthew-liu-zhenjie"},"content":"    }","lastModifiedDate":"2023-03-10"},{"lineNumber":45,"author":{"gitId":"-"},"content":"}","lastModifiedDate":"2019-07-29"},{"lineNumber":46,"author":{"gitId":"matthew-liu-zhenjie"},"content":"","lastModifiedDate":"2023-03-10"}],"authorContributionMap":{"matthew-liu-zhenjie":37,"-":9}},{"path":"src/main/java/seedu/duke/Event.java","fileType":"functional-code","lines":[{"lineNumber":1,"author":{"gitId":"kyrixn"},"content":"package seedu.duke;","lastModifiedDate":"2023-03-09"},{"lineNumber":2,"author":{"gitId":"kyrixn"},"content":"","lastModifiedDate":"2023-03-09"},{"lineNumber":3,"author":{"gitId":"kyrixn"},"content":"import java.time.LocalDateTime;","lastModifiedDate":"2023-03-09"},{"lineNumber":4,"author":{"gitId":"kyrixn"},"content":"import java.time.format.DateTimeFormatter;","lastModifiedDate":"2023-03-10"},{"lineNumber":5,"author":{"gitId":"kyrixn"},"content":"","lastModifiedDate":"2023-03-09"},{"lineNumber":6,"author":{"gitId":"kyrixn"},"content":"public class Event {","lastModifiedDate":"2023-03-09"},{"lineNumber":7,"author":{"gitId":"kyrixn"},"content":"    private static DateTimeFormatter formatter \u003d DateTimeFormatter.ofPattern(\"yyyy/MM/dd HH:mm\");","lastModifiedDate":"2023-03-10"},{"lineNumber":8,"author":{"gitId":"kyrixn"},"content":"    ","lastModifiedDate":"2023-03-09"},{"lineNumber":9,"author":{"gitId":"kyrixn"},"content":"    private String description;","lastModifiedDate":"2023-03-09"},{"lineNumber":10,"author":{"gitId":"kyrixn"},"content":"    private LocalDateTime startTime;","lastModifiedDate":"2023-03-09"},{"lineNumber":11,"author":{"gitId":"kyrixn"},"content":"    private LocalDateTime endTime;","lastModifiedDate":"2023-03-09"},{"lineNumber":12,"author":{"gitId":"kyrixn"},"content":"    private boolean hasEndInfo;","lastModifiedDate":"2023-03-09"},{"lineNumber":13,"author":{"gitId":"kyrixn"},"content":"    private boolean hasStartTime;","lastModifiedDate":"2023-03-09"},{"lineNumber":14,"author":{"gitId":"kyrixn"},"content":"    private boolean hasEndTime;","lastModifiedDate":"2023-03-09"},{"lineNumber":15,"author":{"gitId":"kyrixn"},"content":"","lastModifiedDate":"2023-03-09"},{"lineNumber":16,"author":{"gitId":"kyrixn"},"content":"    public Event(String eventDescription, LocalDateTime start, LocalDateTime end, boolean hasSt, boolean hasEd) {","lastModifiedDate":"2023-03-09"},{"lineNumber":17,"author":{"gitId":"kyrixn"},"content":"        this.description \u003d eventDescription;","lastModifiedDate":"2023-03-09"},{"lineNumber":18,"author":{"gitId":"kyrixn"},"content":"        this.startTime \u003d start;","lastModifiedDate":"2023-03-09"},{"lineNumber":19,"author":{"gitId":"kyrixn"},"content":"        this.endTime \u003d end;","lastModifiedDate":"2023-03-09"},{"lineNumber":20,"author":{"gitId":"kyrixn"},"content":"        this.hasEndInfo \u003d true;","lastModifiedDate":"2023-03-09"},{"lineNumber":21,"author":{"gitId":"kyrixn"},"content":"        this.hasStartTime \u003d hasSt;","lastModifiedDate":"2023-03-09"},{"lineNumber":22,"author":{"gitId":"kyrixn"},"content":"        this.hasEndTime \u003d hasEd;","lastModifiedDate":"2023-03-09"},{"lineNumber":23,"author":{"gitId":"kyrixn"},"content":"    }","lastModifiedDate":"2023-03-09"},{"lineNumber":24,"author":{"gitId":"kyrixn"},"content":"","lastModifiedDate":"2023-03-09"},{"lineNumber":25,"author":{"gitId":"kyrixn"},"content":"    public Event(String eventDescription, LocalDateTime start, boolean hasSt) {","lastModifiedDate":"2023-03-09"},{"lineNumber":26,"author":{"gitId":"kyrixn"},"content":"        this.description \u003d eventDescription;","lastModifiedDate":"2023-03-09"},{"lineNumber":27,"author":{"gitId":"kyrixn"},"content":"        this.startTime \u003d start;","lastModifiedDate":"2023-03-09"},{"lineNumber":28,"author":{"gitId":"kyrixn"},"content":"        this.hasEndTime \u003d false;","lastModifiedDate":"2023-03-09"},{"lineNumber":29,"author":{"gitId":"kyrixn"},"content":"        this.hasStartTime \u003d hasSt;","lastModifiedDate":"2023-03-09"},{"lineNumber":30,"author":{"gitId":"kyrixn"},"content":"        this.hasEndTime \u003d false;","lastModifiedDate":"2023-03-09"},{"lineNumber":31,"author":{"gitId":"kyrixn"},"content":"    }","lastModifiedDate":"2023-03-09"},{"lineNumber":32,"author":{"gitId":"kyrixn"},"content":"","lastModifiedDate":"2023-03-09"},{"lineNumber":33,"author":{"gitId":"kyrixn"},"content":"    public String getDescription() {","lastModifiedDate":"2023-03-09"},{"lineNumber":34,"author":{"gitId":"kyrixn"},"content":"        return description;","lastModifiedDate":"2023-03-09"},{"lineNumber":35,"author":{"gitId":"kyrixn"},"content":"    }","lastModifiedDate":"2023-03-09"},{"lineNumber":36,"author":{"gitId":"kyrixn"},"content":"","lastModifiedDate":"2023-03-09"},{"lineNumber":37,"author":{"gitId":"kyrixn"},"content":"    private String getOutputFormat(LocalDateTime timeInfo, boolean hasTimeDetail) {","lastModifiedDate":"2023-03-09"},{"lineNumber":38,"author":{"gitId":"kyrixn"},"content":"        if(!hasTimeDetail) {","lastModifiedDate":"2023-03-09"},{"lineNumber":39,"author":{"gitId":"kyrixn"},"content":"            String timeInString \u003d formatter.format(timeInfo).split(\" \")[0];","lastModifiedDate":"2023-03-10"},{"lineNumber":40,"author":{"gitId":"kyrixn"},"content":"            return timeInString;","lastModifiedDate":"2023-03-09"},{"lineNumber":41,"author":{"gitId":"kyrixn"},"content":"        }","lastModifiedDate":"2023-03-09"},{"lineNumber":42,"author":{"gitId":"kyrixn"},"content":"        return formatter.format(timeInfo);","lastModifiedDate":"2023-03-10"},{"lineNumber":43,"author":{"gitId":"kyrixn"},"content":"    }","lastModifiedDate":"2023-03-09"},{"lineNumber":44,"author":{"gitId":"kyrixn"},"content":"","lastModifiedDate":"2023-03-09"},{"lineNumber":45,"author":{"gitId":"kyrixn"},"content":"    public String getTime() {","lastModifiedDate":"2023-03-09"},{"lineNumber":46,"author":{"gitId":"kyrixn"},"content":"        if (hasEndInfo) {","lastModifiedDate":"2023-03-09"},{"lineNumber":47,"author":{"gitId":"kyrixn"},"content":"            return getOutputFormat(startTime, hasStartTime) + \" to \" + getOutputFormat(endTime, hasEndTime);","lastModifiedDate":"2023-03-09"},{"lineNumber":48,"author":{"gitId":"kyrixn"},"content":"        } else {","lastModifiedDate":"2023-03-09"},{"lineNumber":49,"author":{"gitId":"kyrixn"},"content":"            return getOutputFormat(startTime, hasStartTime);","lastModifiedDate":"2023-03-09"},{"lineNumber":50,"author":{"gitId":"kyrixn"},"content":"        }","lastModifiedDate":"2023-03-09"},{"lineNumber":51,"author":{"gitId":"kyrixn"},"content":"    }","lastModifiedDate":"2023-03-09"},{"lineNumber":52,"author":{"gitId":"kyrixn"},"content":"","lastModifiedDate":"2023-03-09"},{"lineNumber":53,"author":{"gitId":"kyrixn"},"content":"    public boolean hasEndTime() {","lastModifiedDate":"2023-03-09"},{"lineNumber":54,"author":{"gitId":"kyrixn"},"content":"        return hasEndTime;","lastModifiedDate":"2023-03-09"},{"lineNumber":55,"author":{"gitId":"kyrixn"},"content":"    }","lastModifiedDate":"2023-03-09"},{"lineNumber":56,"author":{"gitId":"kyrixn"},"content":"","lastModifiedDate":"2023-03-09"},{"lineNumber":57,"author":{"gitId":"kyrixn"},"content":"    public boolean hasStartTime() {","lastModifiedDate":"2023-03-09"},{"lineNumber":58,"author":{"gitId":"kyrixn"},"content":"        return hasStartTime;","lastModifiedDate":"2023-03-09"},{"lineNumber":59,"author":{"gitId":"kyrixn"},"content":"    }","lastModifiedDate":"2023-03-09"},{"lineNumber":60,"author":{"gitId":"kyrixn"},"content":"","lastModifiedDate":"2023-03-09"},{"lineNumber":61,"author":{"gitId":"kyrixn"},"content":"    public boolean hasEndInfo() {","lastModifiedDate":"2023-03-09"},{"lineNumber":62,"author":{"gitId":"kyrixn"},"content":"        return hasEndInfo;  ","lastModifiedDate":"2023-03-09"},{"lineNumber":63,"author":{"gitId":"kyrixn"},"content":"    }","lastModifiedDate":"2023-03-09"},{"lineNumber":64,"author":{"gitId":"kyrixn"},"content":"","lastModifiedDate":"2023-03-09"},{"lineNumber":65,"author":{"gitId":"kyrixn"},"content":"    public String toString() {","lastModifiedDate":"2023-03-09"},{"lineNumber":66,"author":{"gitId":"kyrixn"},"content":"        return \"[E] \" + getDescription() + \" (\" + getTime() + \")\";","lastModifiedDate":"2023-03-09"},{"lineNumber":67,"author":{"gitId":"kyrixn"},"content":"    }","lastModifiedDate":"2023-03-09"},{"lineNumber":68,"author":{"gitId":"kyrixn"},"content":"}","lastModifiedDate":"2023-03-09"}],"authorContributionMap":{"kyrixn":68}},{"path":"src/main/java/seedu/duke/EventList.java","fileType":"functional-code","lines":[{"lineNumber":1,"author":{"gitId":"kyrixn"},"content":"package seedu.duke;","lastModifiedDate":"2023-03-09"},{"lineNumber":2,"author":{"gitId":"kyrixn"},"content":"","lastModifiedDate":"2023-03-09"},{"lineNumber":3,"author":{"gitId":"kyrixn"},"content":"import java.util.ArrayList;","lastModifiedDate":"2023-03-09"},{"lineNumber":4,"author":{"gitId":"kyrixn"},"content":"import java.time.LocalDateTime;","lastModifiedDate":"2023-03-09"},{"lineNumber":5,"author":{"gitId":"kyrixn"},"content":"import java.time.format.DateTimeFormatter;","lastModifiedDate":"2023-03-09"},{"lineNumber":6,"author":{"gitId":"kyrixn"},"content":"","lastModifiedDate":"2023-03-09"},{"lineNumber":7,"author":{"gitId":"kyrixn"},"content":"public class EventList {","lastModifiedDate":"2023-03-09"},{"lineNumber":8,"author":{"gitId":"kyrixn"},"content":"    private static final String DTINIT \u003d \"2000/01/01 01:01\";","lastModifiedDate":"2023-03-09"},{"lineNumber":9,"author":{"gitId":"kyrixn"},"content":"    private static DateTimeFormatter dfWithTime \u003d DateTimeFormatter.ofPattern(\"yyyy/MM/dd HH:mm\");","lastModifiedDate":"2023-03-09"},{"lineNumber":10,"author":{"gitId":"kyrixn"},"content":"    ","lastModifiedDate":"2023-03-09"},{"lineNumber":11,"author":{"gitId":"kyrixn"},"content":"    protected ArrayList\u003cEvent\u003e taskList;","lastModifiedDate":"2023-03-09"},{"lineNumber":12,"author":{"gitId":"kyrixn"},"content":"    protected int listSize;","lastModifiedDate":"2023-03-09"},{"lineNumber":13,"author":{"gitId":"kyrixn"},"content":"    ","lastModifiedDate":"2023-03-09"},{"lineNumber":14,"author":{"gitId":"kyrixn"},"content":"    public EventList() {","lastModifiedDate":"2023-03-09"},{"lineNumber":15,"author":{"gitId":"kyrixn"},"content":"        this.taskList \u003d new ArrayList\u003cEvent\u003e();","lastModifiedDate":"2023-03-09"},{"lineNumber":16,"author":{"gitId":"kyrixn"},"content":"        this.listSize \u003d 0;","lastModifiedDate":"2023-03-09"},{"lineNumber":17,"author":{"gitId":"kyrixn"},"content":"    }","lastModifiedDate":"2023-03-09"},{"lineNumber":18,"author":{"gitId":"kyrixn"},"content":"","lastModifiedDate":"2023-03-09"},{"lineNumber":19,"author":{"gitId":"kyrixn"},"content":"    public EventList(ArrayList\u003cEvent\u003e events) {","lastModifiedDate":"2023-03-09"},{"lineNumber":20,"author":{"gitId":"kyrixn"},"content":"        this.taskList \u003d events;","lastModifiedDate":"2023-03-09"},{"lineNumber":21,"author":{"gitId":"kyrixn"},"content":"        this.listSize \u003d events.size();","lastModifiedDate":"2023-03-09"},{"lineNumber":22,"author":{"gitId":"kyrixn"},"content":"    }","lastModifiedDate":"2023-03-09"},{"lineNumber":23,"author":{"gitId":"kyrixn"},"content":"","lastModifiedDate":"2023-03-09"},{"lineNumber":24,"author":{"gitId":"kyrixn"},"content":"    public int getSize() {","lastModifiedDate":"2023-03-09"},{"lineNumber":25,"author":{"gitId":"kyrixn"},"content":"        return listSize;","lastModifiedDate":"2023-03-09"},{"lineNumber":26,"author":{"gitId":"kyrixn"},"content":"    }","lastModifiedDate":"2023-03-09"},{"lineNumber":27,"author":{"gitId":"kyrixn"},"content":"","lastModifiedDate":"2023-03-09"},{"lineNumber":28,"author":{"gitId":"kyrixn"},"content":"    public String getDetails(int index) {","lastModifiedDate":"2023-03-09"},{"lineNumber":29,"author":{"gitId":"kyrixn"},"content":"        return taskList.get(index).toString();","lastModifiedDate":"2023-03-09"},{"lineNumber":30,"author":{"gitId":"kyrixn"},"content":"    }","lastModifiedDate":"2023-03-09"},{"lineNumber":31,"author":{"gitId":"kyrixn"},"content":"","lastModifiedDate":"2023-03-09"},{"lineNumber":32,"author":{"gitId":"kyrixn"},"content":"    public void deleteThisTask(int index) {","lastModifiedDate":"2023-03-09"},{"lineNumber":33,"author":{"gitId":"kyrixn"},"content":"        taskList.remove(index);","lastModifiedDate":"2023-03-09"},{"lineNumber":34,"author":{"gitId":"kyrixn"},"content":"        listSize--;","lastModifiedDate":"2023-03-09"},{"lineNumber":35,"author":{"gitId":"kyrixn"},"content":"    }","lastModifiedDate":"2023-03-09"},{"lineNumber":36,"author":{"gitId":"kyrixn"},"content":"","lastModifiedDate":"2023-03-09"},{"lineNumber":37,"author":{"gitId":"kyrixn"},"content":"    private LocalDateTime changeToDate(String time, String date) {","lastModifiedDate":"2023-03-09"},{"lineNumber":38,"author":{"gitId":"kyrixn"},"content":"        String combination \u003d date + \" \" + time;","lastModifiedDate":"2023-03-09"},{"lineNumber":39,"author":{"gitId":"kyrixn"},"content":"        return LocalDateTime.parse(combination, dfWithTime);","lastModifiedDate":"2023-03-09"},{"lineNumber":40,"author":{"gitId":"kyrixn"},"content":"    }","lastModifiedDate":"2023-03-09"},{"lineNumber":41,"author":{"gitId":"kyrixn"},"content":"","lastModifiedDate":"2023-03-09"},{"lineNumber":42,"author":{"gitId":"kyrixn"},"content":"    private LocalDateTime changeToDate(String date) {","lastModifiedDate":"2023-03-09"},{"lineNumber":43,"author":{"gitId":"kyrixn"},"content":"        return LocalDateTime.parse(date + \" 00:00\", dfWithTime);","lastModifiedDate":"2023-03-09"},{"lineNumber":44,"author":{"gitId":"kyrixn"},"content":"    }","lastModifiedDate":"2023-03-09"},{"lineNumber":45,"author":{"gitId":"kyrixn"},"content":"    /**","lastModifiedDate":"2023-03-09"},{"lineNumber":46,"author":{"gitId":"kyrixn"},"content":"     * For two addEvent funcs below:","lastModifiedDate":"2023-03-09"},{"lineNumber":47,"author":{"gitId":"kyrixn"},"content":"     * if user doesn\u0027t input endDay(which means there is also no endTime), ","lastModifiedDate":"2023-03-09"},{"lineNumber":48,"author":{"gitId":"kyrixn"},"content":"     * you can just call .addEvent(description, startTime, startDay)","lastModifiedDate":"2023-03-09"},{"lineNumber":49,"author":{"gitId":"kyrixn"},"content":"     * ","lastModifiedDate":"2023-03-09"},{"lineNumber":50,"author":{"gitId":"kyrixn"},"content":"     * I also make the specific time(hh:mm) optional, so if user doesn\u0027t input the specfic time,","lastModifiedDate":"2023-03-09"},{"lineNumber":51,"author":{"gitId":"kyrixn"},"content":"     * you can just pass an empty String to that param and it will handle the rest things","lastModifiedDate":"2023-03-09"},{"lineNumber":52,"author":{"gitId":"kyrixn"},"content":"     * e.g. addEvent(descrption, \"\", startDay, \"\", endDay)","lastModifiedDate":"2023-03-09"},{"lineNumber":53,"author":{"gitId":"kyrixn"},"content":"     *      addEvent(descrption, \"\", startDay, endTime, endDay)","lastModifiedDate":"2023-03-09"},{"lineNumber":54,"author":{"gitId":"kyrixn"},"content":"     *      addEvent(descrption, \"\", startDay)","lastModifiedDate":"2023-03-09"},{"lineNumber":55,"author":{"gitId":"kyrixn"},"content":"     * so only startDay is strictly required.","lastModifiedDate":"2023-03-09"},{"lineNumber":56,"author":{"gitId":"kyrixn"},"content":"     * ","lastModifiedDate":"2023-03-09"},{"lineNumber":57,"author":{"gitId":"kyrixn"},"content":"     * and the same for reviseTimeInfo()","lastModifiedDate":"2023-03-09"},{"lineNumber":58,"author":{"gitId":"kyrixn"},"content":"     */","lastModifiedDate":"2023-03-09"},{"lineNumber":59,"author":{"gitId":"kyrixn"},"content":"    public void addEvent(String description, String startTime, String startDay, String endTime,","lastModifiedDate":"2023-03-09"},{"lineNumber":60,"author":{"gitId":"kyrixn"},"content":"            String endDay) {","lastModifiedDate":"2023-03-09"},{"lineNumber":61,"author":{"gitId":"kyrixn"},"content":"","lastModifiedDate":"2023-03-09"},{"lineNumber":62,"author":{"gitId":"kyrixn"},"content":"        boolean hasStTime \u003d true;","lastModifiedDate":"2023-03-09"},{"lineNumber":63,"author":{"gitId":"kyrixn"},"content":"        boolean hasEdTime \u003d true;","lastModifiedDate":"2023-03-10"},{"lineNumber":64,"author":{"gitId":"kyrixn"},"content":"        LocalDateTime combinedStartTime \u003d LocalDateTime.parse(DTINIT, dfWithTime);","lastModifiedDate":"2023-03-09"},{"lineNumber":65,"author":{"gitId":"kyrixn"},"content":"        LocalDateTime combinedEndTime \u003d LocalDateTime.parse(DTINIT, dfWithTime);","lastModifiedDate":"2023-03-09"},{"lineNumber":66,"author":{"gitId":"kyrixn"},"content":"","lastModifiedDate":"2023-03-09"},{"lineNumber":67,"author":{"gitId":"kyrixn"},"content":"        if (startTime.equals(\"\")) {","lastModifiedDate":"2023-03-09"},{"lineNumber":68,"author":{"gitId":"kyrixn"},"content":"            hasStTime \u003d false;","lastModifiedDate":"2023-03-09"},{"lineNumber":69,"author":{"gitId":"kyrixn"},"content":"            combinedStartTime \u003d changeToDate(startDay);","lastModifiedDate":"2023-03-09"},{"lineNumber":70,"author":{"gitId":"kyrixn"},"content":"        } else {","lastModifiedDate":"2023-03-09"},{"lineNumber":71,"author":{"gitId":"kyrixn"},"content":"            combinedStartTime \u003d changeToDate(startTime, startDay);","lastModifiedDate":"2023-03-09"},{"lineNumber":72,"author":{"gitId":"kyrixn"},"content":"        }","lastModifiedDate":"2023-03-09"},{"lineNumber":73,"author":{"gitId":"kyrixn"},"content":"","lastModifiedDate":"2023-03-09"},{"lineNumber":74,"author":{"gitId":"kyrixn"},"content":"        if (endTime.equals(\"\")) {","lastModifiedDate":"2023-03-09"},{"lineNumber":75,"author":{"gitId":"kyrixn"},"content":"            hasEdTime \u003d false;","lastModifiedDate":"2023-03-09"},{"lineNumber":76,"author":{"gitId":"kyrixn"},"content":"            combinedEndTime \u003d changeToDate(endDay);","lastModifiedDate":"2023-03-09"},{"lineNumber":77,"author":{"gitId":"kyrixn"},"content":"        } else{","lastModifiedDate":"2023-03-09"},{"lineNumber":78,"author":{"gitId":"kyrixn"},"content":"            combinedEndTime \u003d changeToDate(startTime, startDay);","lastModifiedDate":"2023-03-09"},{"lineNumber":79,"author":{"gitId":"kyrixn"},"content":"        }","lastModifiedDate":"2023-03-09"},{"lineNumber":80,"author":{"gitId":"kyrixn"},"content":"","lastModifiedDate":"2023-03-09"},{"lineNumber":81,"author":{"gitId":"kyrixn"},"content":"        Event newEvent \u003d new Event(description, combinedStartTime, combinedEndTime, hasStTime, hasEdTime);","lastModifiedDate":"2023-03-09"},{"lineNumber":82,"author":{"gitId":"kyrixn"},"content":"        taskList.add(newEvent);","lastModifiedDate":"2023-03-09"},{"lineNumber":83,"author":{"gitId":"kyrixn"},"content":"        listSize++;","lastModifiedDate":"2023-03-09"},{"lineNumber":84,"author":{"gitId":"kyrixn"},"content":"    }","lastModifiedDate":"2023-03-09"},{"lineNumber":85,"author":{"gitId":"kyrixn"},"content":"","lastModifiedDate":"2023-03-09"},{"lineNumber":86,"author":{"gitId":"kyrixn"},"content":"    public void addEvent(String description, String startTime, String startDay) {","lastModifiedDate":"2023-03-09"},{"lineNumber":87,"author":{"gitId":"kyrixn"},"content":"        boolean hasStTime \u003d true;","lastModifiedDate":"2023-03-09"},{"lineNumber":88,"author":{"gitId":"kyrixn"},"content":"        LocalDateTime combinedStartTime \u003d LocalDateTime.parse(DTINIT, dfWithTime);","lastModifiedDate":"2023-03-09"},{"lineNumber":89,"author":{"gitId":"kyrixn"},"content":"","lastModifiedDate":"2023-03-09"},{"lineNumber":90,"author":{"gitId":"kyrixn"},"content":"        if (startTime.equals(\"\")) {","lastModifiedDate":"2023-03-09"},{"lineNumber":91,"author":{"gitId":"kyrixn"},"content":"            hasStTime \u003d false;","lastModifiedDate":"2023-03-09"},{"lineNumber":92,"author":{"gitId":"kyrixn"},"content":"            combinedStartTime \u003d changeToDate(startDay);","lastModifiedDate":"2023-03-09"},{"lineNumber":93,"author":{"gitId":"kyrixn"},"content":"        } else {","lastModifiedDate":"2023-03-09"},{"lineNumber":94,"author":{"gitId":"kyrixn"},"content":"            combinedStartTime \u003d changeToDate(startTime, startDay);","lastModifiedDate":"2023-03-09"},{"lineNumber":95,"author":{"gitId":"kyrixn"},"content":"        }","lastModifiedDate":"2023-03-09"},{"lineNumber":96,"author":{"gitId":"kyrixn"},"content":"","lastModifiedDate":"2023-03-09"},{"lineNumber":97,"author":{"gitId":"kyrixn"},"content":"        Event newEvent \u003d new Event(description, combinedStartTime, hasStTime);","lastModifiedDate":"2023-03-09"},{"lineNumber":98,"author":{"gitId":"kyrixn"},"content":"        taskList.add(newEvent);","lastModifiedDate":"2023-03-09"},{"lineNumber":99,"author":{"gitId":"kyrixn"},"content":"        listSize++;","lastModifiedDate":"2023-03-09"},{"lineNumber":100,"author":{"gitId":"kyrixn"},"content":"    }","lastModifiedDate":"2023-03-09"},{"lineNumber":101,"author":{"gitId":"kyrixn"},"content":"    //tobedone reviseTimeInfo()","lastModifiedDate":"2023-03-09"},{"lineNumber":102,"author":{"gitId":"kyrixn"},"content":"","lastModifiedDate":"2023-03-09"},{"lineNumber":103,"author":{"gitId":"kyrixn"},"content":"    public ArrayList\u003cEvent\u003e getFullList() {","lastModifiedDate":"2023-03-09"},{"lineNumber":104,"author":{"gitId":"kyrixn"},"content":"        return this.taskList;","lastModifiedDate":"2023-03-09"},{"lineNumber":105,"author":{"gitId":"kyrixn"},"content":"    }","lastModifiedDate":"2023-03-09"},{"lineNumber":106,"author":{"gitId":"kyrixn"},"content":"}","lastModifiedDate":"2023-03-09"}],"authorContributionMap":{"kyrixn":106}},{"path":"src/main/java/seedu/duke/NPExceptions.java","fileType":"functional-code","lines":[{"lineNumber":1,"author":{"gitId":"kyrixn"},"content":"package seedu.duke;","lastModifiedDate":"2023-03-09"},{"lineNumber":2,"author":{"gitId":"kyrixn"},"content":"","lastModifiedDate":"2023-03-09"},{"lineNumber":3,"author":{"gitId":"kyrixn"},"content":"public class NPExceptions extends Exception{","lastModifiedDate":"2023-03-09"},{"lineNumber":4,"author":{"gitId":"kyrixn"},"content":"    NPExceptions(String s) {","lastModifiedDate":"2023-03-09"},{"lineNumber":5,"author":{"gitId":"kyrixn"},"content":"        super(s);","lastModifiedDate":"2023-03-09"},{"lineNumber":6,"author":{"gitId":"kyrixn"},"content":"    }","lastModifiedDate":"2023-03-09"},{"lineNumber":7,"author":{"gitId":"kyrixn"},"content":"}","lastModifiedDate":"2023-03-09"}],"authorContributionMap":{"kyrixn":7}},{"path":"src/main/java/seedu/duke/Parser.java","fileType":"functional-code","lines":[{"lineNumber":1,"author":{"gitId":"kyrixn"},"content":"// package seedu.duke;","lastModifiedDate":"2023-03-09"},{"lineNumber":2,"author":{"gitId":"matthew-liu-zhenjie"},"content":"","lastModifiedDate":"2023-03-08"},{"lineNumber":3,"author":{"gitId":"kyrixn"},"content":"// public class Parser {","lastModifiedDate":"2023-03-09"},{"lineNumber":4,"author":{"gitId":"matthew-liu-zhenjie"},"content":"","lastModifiedDate":"2023-03-08"},{"lineNumber":5,"author":{"gitId":"matthew-liu-zhenjie"},"content":"","lastModifiedDate":"2023-03-08"},{"lineNumber":6,"author":{"gitId":"kyrixn"},"content":"//     public static void parseCommand(String userInput, EventList eventList){","lastModifiedDate":"2023-03-09"},{"lineNumber":7,"author":{"gitId":"kyrixn"},"content":"//         userInput \u003d userinput.trim();","lastModifiedDate":"2023-03-09"},{"lineNumber":8,"author":{"gitId":"kyrixn"},"content":"//         String command \u003d userInput.substring(0, userInput.indexOf(\" \"));","lastModifiedDate":"2023-03-09"},{"lineNumber":9,"author":{"gitId":"kyrixn"},"content":"//         String remainder \u003d userInput.substring(userInput.indexOf(\" \")+ 1);","lastModifiedDate":"2023-03-09"},{"lineNumber":10,"author":{"gitId":"kyrixn"},"content":"//         switch (command) {","lastModifiedDate":"2023-03-09"},{"lineNumber":11,"author":{"gitId":"kyrixn"},"content":"//         case \"add\":","lastModifiedDate":"2023-03-09"},{"lineNumber":12,"author":{"gitId":"kyrixn"},"content":"//             parseAddCommand(remainder);","lastModifiedDate":"2023-03-09"},{"lineNumber":13,"author":{"gitId":"kyrixn"},"content":"//             break;","lastModifiedDate":"2023-03-09"},{"lineNumber":14,"author":{"gitId":"kyrixn"},"content":"//         case \"delete\":","lastModifiedDate":"2023-03-09"},{"lineNumber":15,"author":{"gitId":"kyrixn"},"content":"//             parseDeleteCommand(remainder);","lastModifiedDate":"2023-03-09"},{"lineNumber":16,"author":{"gitId":"kyrixn"},"content":"//             break;","lastModifiedDate":"2023-03-09"},{"lineNumber":17,"author":{"gitId":"kyrixn"},"content":"//         case \"list\":","lastModifiedDate":"2023-03-09"},{"lineNumber":18,"author":{"gitId":"matthew-liu-zhenjie"},"content":"","lastModifiedDate":"2023-03-08"},{"lineNumber":19,"author":{"gitId":"kyrixn"},"content":"//             break;","lastModifiedDate":"2023-03-09"},{"lineNumber":20,"author":{"gitId":"kyrixn"},"content":"//         case \"edit\":","lastModifiedDate":"2023-03-09"},{"lineNumber":21,"author":{"gitId":"matthew-liu-zhenjie"},"content":"","lastModifiedDate":"2023-03-08"},{"lineNumber":22,"author":{"gitId":"kyrixn"},"content":"//             break;","lastModifiedDate":"2023-03-09"},{"lineNumber":23,"author":{"gitId":"kyrixn"},"content":"//         default:","lastModifiedDate":"2023-03-09"},{"lineNumber":24,"author":{"gitId":"matthew-liu-zhenjie"},"content":"","lastModifiedDate":"2023-03-08"},{"lineNumber":25,"author":{"gitId":"kyrixn"},"content":"//             break;","lastModifiedDate":"2023-03-09"},{"lineNumber":26,"author":{"gitId":"kyrixn"},"content":"//         }","lastModifiedDate":"2023-03-09"},{"lineNumber":27,"author":{"gitId":"kyrixn"},"content":"//     }","lastModifiedDate":"2023-03-09"},{"lineNumber":28,"author":{"gitId":"matthew-liu-zhenjie"},"content":"","lastModifiedDate":"2023-03-08"},{"lineNumber":29,"author":{"gitId":"kyrixn"},"content":"//     private static void parseAddCommand(String remainder) {","lastModifiedDate":"2023-03-09"},{"lineNumber":30,"author":{"gitId":"kyrixn"},"content":"//         //Note no - anywhere else.","lastModifiedDate":"2023-03-09"},{"lineNumber":31,"author":{"gitId":"kyrixn"},"content":"//         String[] details \u003d remainder.split(\"-\");","lastModifiedDate":"2023-03-09"},{"lineNumber":32,"author":{"gitId":"kyrixn"},"content":"//         String eventName \u003d details[0];","lastModifiedDate":"2023-03-09"},{"lineNumber":33,"author":{"gitId":"kyrixn"},"content":"//         String startTime \u003d details[1];","lastModifiedDate":"2023-03-09"},{"lineNumber":34,"author":{"gitId":"kyrixn"},"content":"//         String startDate \u003d details[2];","lastModifiedDate":"2023-03-09"},{"lineNumber":35,"author":{"gitId":"kyrixn"},"content":"//         String endTime \u003d details[3];","lastModifiedDate":"2023-03-09"},{"lineNumber":36,"author":{"gitId":"kyrixn"},"content":"//         if (details.length \u003d\u003d 5){","lastModifiedDate":"2023-03-09"},{"lineNumber":37,"author":{"gitId":"kyrixn"},"content":"//             String endDate \u003d details[4];","lastModifiedDate":"2023-03-09"},{"lineNumber":38,"author":{"gitId":"kyrixn"},"content":"//             EventList.add(eventName, startTime, startDate, endTime, endDate);","lastModifiedDate":"2023-03-09"},{"lineNumber":39,"author":{"gitId":"kyrixn"},"content":"//         }","lastModifiedDate":"2023-03-09"},{"lineNumber":40,"author":{"gitId":"kyrixn"},"content":"//         else{","lastModifiedDate":"2023-03-09"},{"lineNumber":41,"author":{"gitId":"kyrixn"},"content":"//             EventList.add(eventName, startTime, startDate, endTime);","lastModifiedDate":"2023-03-09"},{"lineNumber":42,"author":{"gitId":"kyrixn"},"content":"//         }","lastModifiedDate":"2023-03-09"},{"lineNumber":43,"author":{"gitId":"kyrixn"},"content":"//         //TODO: Show successful add on UI. (For all cases)","lastModifiedDate":"2023-03-09"},{"lineNumber":44,"author":{"gitId":"kyrixn"},"content":"//     }","lastModifiedDate":"2023-03-09"},{"lineNumber":45,"author":{"gitId":"kyrixn"},"content":"// }","lastModifiedDate":"2023-03-09"}],"authorContributionMap":{"matthew-liu-zhenjie":7,"kyrixn":38}},{"path":"src/main/java/seedu/duke/storage/Storage.java","fileType":"functional-code","lines":[{"lineNumber":1,"author":{"gitId":"matthew-liu-zhenjie"},"content":"package seedu.duke.storage;","lastModifiedDate":"2023-03-09"},{"lineNumber":2,"author":{"gitId":"matthew-liu-zhenjie"},"content":"","lastModifiedDate":"2023-03-09"},{"lineNumber":3,"author":{"gitId":"matthew-liu-zhenjie"},"content":"import com.google.gson.GsonBuilder;","lastModifiedDate":"2023-03-09"},{"lineNumber":4,"author":{"gitId":"matthew-liu-zhenjie"},"content":"import com.google.gson.Gson;","lastModifiedDate":"2023-03-09"},{"lineNumber":5,"author":{"gitId":"matthew-liu-zhenjie"},"content":"import com.google.gson.reflect.TypeToken;","lastModifiedDate":"2023-03-10"},{"lineNumber":6,"author":{"gitId":"matthew-liu-zhenjie"},"content":"import com.google.gson.stream.JsonReader;","lastModifiedDate":"2023-03-09"},{"lineNumber":7,"author":{"gitId":"matthew-liu-zhenjie"},"content":"import seedu.duke.Event;","lastModifiedDate":"2023-03-10"},{"lineNumber":8,"author":{"gitId":"matthew-liu-zhenjie"},"content":"import seedu.duke.EventList;","lastModifiedDate":"2023-03-10"},{"lineNumber":9,"author":{"gitId":"matthew-liu-zhenjie"},"content":"import java.io.File;","lastModifiedDate":"2023-03-10"},{"lineNumber":10,"author":{"gitId":"matthew-liu-zhenjie"},"content":"import java.io.IOException;","lastModifiedDate":"2023-03-10"},{"lineNumber":11,"author":{"gitId":"matthew-liu-zhenjie"},"content":"import java.io.FileWriter;","lastModifiedDate":"2023-03-10"},{"lineNumber":12,"author":{"gitId":"matthew-liu-zhenjie"},"content":"import java.io.InputStreamReader;","lastModifiedDate":"2023-03-10"},{"lineNumber":13,"author":{"gitId":"matthew-liu-zhenjie"},"content":"import java.io.FileInputStream;","lastModifiedDate":"2023-03-10"},{"lineNumber":14,"author":{"gitId":"matthew-liu-zhenjie"},"content":"import java.nio.charset.StandardCharsets;","lastModifiedDate":"2023-03-09"},{"lineNumber":15,"author":{"gitId":"matthew-liu-zhenjie"},"content":"import java.util.ArrayList;","lastModifiedDate":"2023-03-09"},{"lineNumber":16,"author":{"gitId":"matthew-liu-zhenjie"},"content":"","lastModifiedDate":"2023-03-09"},{"lineNumber":17,"author":{"gitId":"matthew-liu-zhenjie"},"content":"/*","lastModifiedDate":"2023-03-09"},{"lineNumber":18,"author":{"gitId":"matthew-liu-zhenjie"},"content":"//Importing classes from ui, parser and Duke.","lastModifiedDate":"2023-03-09"},{"lineNumber":19,"author":{"gitId":"matthew-liu-zhenjie"},"content":" import seedu.duke.Parser","lastModifiedDate":"2023-03-09"},{"lineNumber":20,"author":{"gitId":"matthew-liu-zhenjie"},"content":" import seedu.duke.ui.Ui","lastModifiedDate":"2023-03-09"},{"lineNumber":21,"author":{"gitId":"matthew-liu-zhenjie"},"content":" import seedu.duke.Duke","lastModifiedDate":"2023-03-09"},{"lineNumber":22,"author":{"gitId":"matthew-liu-zhenjie"},"content":" import seedu.duke.Event","lastModifiedDate":"2023-03-09"},{"lineNumber":23,"author":{"gitId":"matthew-liu-zhenjie"},"content":" import seedu.duke.EventList","lastModifiedDate":"2023-03-09"},{"lineNumber":24,"author":{"gitId":"matthew-liu-zhenjie"},"content":" */","lastModifiedDate":"2023-03-09"},{"lineNumber":25,"author":{"gitId":"matthew-liu-zhenjie"},"content":"","lastModifiedDate":"2023-03-09"},{"lineNumber":26,"author":{"gitId":"matthew-liu-zhenjie"},"content":"","lastModifiedDate":"2023-03-09"},{"lineNumber":27,"author":{"gitId":"matthew-liu-zhenjie"},"content":"public class Storage {","lastModifiedDate":"2023-03-09"},{"lineNumber":28,"author":{"gitId":"matthew-liu-zhenjie"},"content":"    //private final Ui ui \u003d new Ui();","lastModifiedDate":"2023-03-09"},{"lineNumber":29,"author":{"gitId":"matthew-liu-zhenjie"},"content":"    private static final String fileLocation \u003d System.getProperty(\"user.dir\") + \"/save.json\";","lastModifiedDate":"2023-03-10"},{"lineNumber":30,"author":{"gitId":"matthew-liu-zhenjie"},"content":"    final TypeToken\u003cArrayList\u003cEvent\u003e\u003e eventToken \u003d new TypeToken\u003cArrayList\u003cEvent\u003e\u003e(){};","lastModifiedDate":"2023-03-10"},{"lineNumber":31,"author":{"gitId":"matthew-liu-zhenjie"},"content":"    GsonBuilder builder \u003d new GsonBuilder().setDateFormat(\"YYYY/MM/DD HH:mm:ss\").setPrettyPrinting();","lastModifiedDate":"2023-03-10"},{"lineNumber":32,"author":{"gitId":"matthew-liu-zhenjie"},"content":"    Gson gson \u003d builder.create();","lastModifiedDate":"2023-03-09"},{"lineNumber":33,"author":{"gitId":"matthew-liu-zhenjie"},"content":"","lastModifiedDate":"2023-03-10"},{"lineNumber":34,"author":{"gitId":"matthew-liu-zhenjie"},"content":"    public void saveToFile(EventList eventList) {","lastModifiedDate":"2023-03-10"},{"lineNumber":35,"author":{"gitId":"matthew-liu-zhenjie"},"content":"        File saveFile \u003d new File(fileLocation);","lastModifiedDate":"2023-03-09"},{"lineNumber":36,"author":{"gitId":"matthew-liu-zhenjie"},"content":"        String gsonData \u003d gson.toJson(eventList.getFullList());","lastModifiedDate":"2023-03-10"},{"lineNumber":37,"author":{"gitId":"matthew-liu-zhenjie"},"content":"        if (!saveFile.exists()) {","lastModifiedDate":"2023-03-09"},{"lineNumber":38,"author":{"gitId":"matthew-liu-zhenjie"},"content":"            try {","lastModifiedDate":"2023-03-09"},{"lineNumber":39,"author":{"gitId":"matthew-liu-zhenjie"},"content":"                saveFile.createNewFile();","lastModifiedDate":"2023-03-09"},{"lineNumber":40,"author":{"gitId":"matthew-liu-zhenjie"},"content":"            } catch (IOException e) {","lastModifiedDate":"2023-03-10"},{"lineNumber":41,"author":{"gitId":"matthew-liu-zhenjie"},"content":"                //ui.showException(\"IOException\");","lastModifiedDate":"2023-03-10"},{"lineNumber":42,"author":{"gitId":"matthew-liu-zhenjie"},"content":"            }","lastModifiedDate":"2023-03-09"},{"lineNumber":43,"author":{"gitId":"matthew-liu-zhenjie"},"content":"","lastModifiedDate":"2023-03-09"},{"lineNumber":44,"author":{"gitId":"matthew-liu-zhenjie"},"content":"        }","lastModifiedDate":"2023-03-09"},{"lineNumber":45,"author":{"gitId":"matthew-liu-zhenjie"},"content":"        try {","lastModifiedDate":"2023-03-09"},{"lineNumber":46,"author":{"gitId":"matthew-liu-zhenjie"},"content":"            FileWriter taskWriter;","lastModifiedDate":"2023-03-09"},{"lineNumber":47,"author":{"gitId":"matthew-liu-zhenjie"},"content":"            taskWriter \u003d new FileWriter(saveFile.getAbsoluteFile(), false);","lastModifiedDate":"2023-03-09"},{"lineNumber":48,"author":{"gitId":"matthew-liu-zhenjie"},"content":"            taskWriter.write(gsonData);","lastModifiedDate":"2023-03-09"},{"lineNumber":49,"author":{"gitId":"matthew-liu-zhenjie"},"content":"            taskWriter.close();","lastModifiedDate":"2023-03-09"},{"lineNumber":50,"author":{"gitId":"matthew-liu-zhenjie"},"content":"        } catch (IOException e) {","lastModifiedDate":"2023-03-09"},{"lineNumber":51,"author":{"gitId":"matthew-liu-zhenjie"},"content":"            System.out.println(\"IOException\");","lastModifiedDate":"2023-03-09"},{"lineNumber":52,"author":{"gitId":"matthew-liu-zhenjie"},"content":"        }","lastModifiedDate":"2023-03-09"},{"lineNumber":53,"author":{"gitId":"matthew-liu-zhenjie"},"content":"    }","lastModifiedDate":"2023-03-09"},{"lineNumber":54,"author":{"gitId":"matthew-liu-zhenjie"},"content":"","lastModifiedDate":"2023-03-09"},{"lineNumber":55,"author":{"gitId":"matthew-liu-zhenjie"},"content":"","lastModifiedDate":"2023-03-10"},{"lineNumber":56,"author":{"gitId":"matthew-liu-zhenjie"},"content":"    public ArrayList\u003cEvent\u003e loadEvents() {","lastModifiedDate":"2023-03-10"},{"lineNumber":57,"author":{"gitId":"matthew-liu-zhenjie"},"content":"        File saveFile \u003d new File(fileLocation);","lastModifiedDate":"2023-03-09"},{"lineNumber":58,"author":{"gitId":"matthew-liu-zhenjie"},"content":"        ArrayList\u003cEvent\u003e savedList \u003d new ArrayList\u003c\u003e();","lastModifiedDate":"2023-03-09"},{"lineNumber":59,"author":{"gitId":"matthew-liu-zhenjie"},"content":"        if (!saveFile.exists()) {","lastModifiedDate":"2023-03-09"},{"lineNumber":60,"author":{"gitId":"matthew-liu-zhenjie"},"content":"            return savedList;","lastModifiedDate":"2023-03-09"},{"lineNumber":61,"author":{"gitId":"matthew-liu-zhenjie"},"content":"        }","lastModifiedDate":"2023-03-09"},{"lineNumber":62,"author":{"gitId":"matthew-liu-zhenjie"},"content":"        InputStreamReader fileReader;","lastModifiedDate":"2023-03-09"},{"lineNumber":63,"author":{"gitId":"matthew-liu-zhenjie"},"content":"        try {","lastModifiedDate":"2023-03-09"},{"lineNumber":64,"author":{"gitId":"matthew-liu-zhenjie"},"content":"            fileReader \u003d new InputStreamReader(new FileInputStream(saveFile), StandardCharsets.UTF_8);","lastModifiedDate":"2023-03-09"},{"lineNumber":65,"author":{"gitId":"matthew-liu-zhenjie"},"content":"            JsonReader gsonInterpreter \u003d new JsonReader(fileReader);","lastModifiedDate":"2023-03-09"},{"lineNumber":66,"author":{"gitId":"matthew-liu-zhenjie"},"content":"            savedList \u003d gson.fromJson(fileReader, eventToken); //Placeholder.","lastModifiedDate":"2023-03-10"},{"lineNumber":67,"author":{"gitId":"matthew-liu-zhenjie"},"content":"        } catch (Exception e) {","lastModifiedDate":"2023-03-09"},{"lineNumber":68,"author":{"gitId":"matthew-liu-zhenjie"},"content":"            System.out.println(e);","lastModifiedDate":"2023-03-09"},{"lineNumber":69,"author":{"gitId":"matthew-liu-zhenjie"},"content":"        }","lastModifiedDate":"2023-03-09"},{"lineNumber":70,"author":{"gitId":"matthew-liu-zhenjie"},"content":"        return savedList;","lastModifiedDate":"2023-03-09"},{"lineNumber":71,"author":{"gitId":"matthew-liu-zhenjie"},"content":"    }","lastModifiedDate":"2023-03-09"},{"lineNumber":72,"author":{"gitId":"matthew-liu-zhenjie"},"content":"}","lastModifiedDate":"2023-03-09"}],"authorContributionMap":{"matthew-liu-zhenjie":72}},{"path":"src/test/java/seedu/duke/storage/StorageTest.java","fileType":"test-code","lines":[{"lineNumber":1,"author":{"gitId":"matthew-liu-zhenjie"},"content":"package seedu.duke.storage;","lastModifiedDate":"2023-03-10"},{"lineNumber":2,"author":{"gitId":"matthew-liu-zhenjie"},"content":"","lastModifiedDate":"2023-03-10"},{"lineNumber":3,"author":{"gitId":"matthew-liu-zhenjie"},"content":"import org.junit.jupiter.api.Order;","lastModifiedDate":"2023-03-10"},{"lineNumber":4,"author":{"gitId":"matthew-liu-zhenjie"},"content":"import org.junit.jupiter.api.Test;","lastModifiedDate":"2023-03-10"},{"lineNumber":5,"author":{"gitId":"matthew-liu-zhenjie"},"content":"","lastModifiedDate":"2023-03-10"},{"lineNumber":6,"author":{"gitId":"matthew-liu-zhenjie"},"content":"import seedu.duke.EventList;","lastModifiedDate":"2023-03-10"},{"lineNumber":7,"author":{"gitId":"matthew-liu-zhenjie"},"content":"","lastModifiedDate":"2023-03-10"},{"lineNumber":8,"author":{"gitId":"matthew-liu-zhenjie"},"content":"import java.io.File;","lastModifiedDate":"2023-03-10"},{"lineNumber":9,"author":{"gitId":"matthew-liu-zhenjie"},"content":"import java.io.FileNotFoundException;","lastModifiedDate":"2023-03-10"},{"lineNumber":10,"author":{"gitId":"matthew-liu-zhenjie"},"content":"","lastModifiedDate":"2023-03-10"},{"lineNumber":11,"author":{"gitId":"matthew-liu-zhenjie"},"content":"class StorageTest {","lastModifiedDate":"2023-03-10"},{"lineNumber":12,"author":{"gitId":"matthew-liu-zhenjie"},"content":"","lastModifiedDate":"2023-03-10"},{"lineNumber":13,"author":{"gitId":"matthew-liu-zhenjie"},"content":"    private static final String fileLocation \u003d System.getProperty(\"user.dir\") + \"/save.json\";","lastModifiedDate":"2023-03-10"},{"lineNumber":14,"author":{"gitId":"matthew-liu-zhenjie"},"content":"    File saveFile \u003d new File(fileLocation);","lastModifiedDate":"2023-03-10"},{"lineNumber":15,"author":{"gitId":"matthew-liu-zhenjie"},"content":"    private final Storage storage \u003d new Storage();","lastModifiedDate":"2023-03-10"},{"lineNumber":16,"author":{"gitId":"matthew-liu-zhenjie"},"content":"    @Test","lastModifiedDate":"2023-03-10"},{"lineNumber":17,"author":{"gitId":"matthew-liu-zhenjie"},"content":"    @Order(1)","lastModifiedDate":"2023-03-10"},{"lineNumber":18,"author":{"gitId":"matthew-liu-zhenjie"},"content":"    public void emptyLoad(){ //check that it can load when there isn\u0027t an instance of save.json in the path.","lastModifiedDate":"2023-03-10"},{"lineNumber":19,"author":{"gitId":"matthew-liu-zhenjie"},"content":"        saveFile.delete();","lastModifiedDate":"2023-03-10"},{"lineNumber":20,"author":{"gitId":"matthew-liu-zhenjie"},"content":"        EventList testList \u003d new EventList(storage.loadEvents());","lastModifiedDate":"2023-03-10"},{"lineNumber":21,"author":{"gitId":"matthew-liu-zhenjie"},"content":"        storage.loadEvents();","lastModifiedDate":"2023-03-10"},{"lineNumber":22,"author":{"gitId":"matthew-liu-zhenjie"},"content":"        assert((testList.getSize()\u003d\u003d0) \u0026\u0026 (!saveFile.exists()));","lastModifiedDate":"2023-03-10"},{"lineNumber":23,"author":{"gitId":"matthew-liu-zhenjie"},"content":"    }","lastModifiedDate":"2023-03-10"},{"lineNumber":24,"author":{"gitId":"matthew-liu-zhenjie"},"content":"    @Test","lastModifiedDate":"2023-03-10"},{"lineNumber":25,"author":{"gitId":"matthew-liu-zhenjie"},"content":"    @Order(2)","lastModifiedDate":"2023-03-10"},{"lineNumber":26,"author":{"gitId":"matthew-liu-zhenjie"},"content":"    public void saveEvents(){ //check that storage class saves a file","lastModifiedDate":"2023-03-10"},{"lineNumber":27,"author":{"gitId":"matthew-liu-zhenjie"},"content":"        EventList testList \u003d new EventList();","lastModifiedDate":"2023-03-10"},{"lineNumber":28,"author":{"gitId":"matthew-liu-zhenjie"},"content":"        testList.addEvent(\"testing\", \"10:00\", \"2023/03/20\", \"10:00\", \"2023/03/21\");","lastModifiedDate":"2023-03-10"},{"lineNumber":29,"author":{"gitId":"matthew-liu-zhenjie"},"content":"        testList.addEvent(\"testing2\",\"03:24\", \"2023/04/01\", \"08:50\", \"2023/03/23\");","lastModifiedDate":"2023-03-10"},{"lineNumber":30,"author":{"gitId":"matthew-liu-zhenjie"},"content":"        storage.saveToFile(testList);","lastModifiedDate":"2023-03-10"},{"lineNumber":31,"author":{"gitId":"matthew-liu-zhenjie"},"content":"        assert(saveFile.exists());","lastModifiedDate":"2023-03-10"},{"lineNumber":32,"author":{"gitId":"matthew-liu-zhenjie"},"content":"        saveFile.delete();","lastModifiedDate":"2023-03-10"},{"lineNumber":33,"author":{"gitId":"matthew-liu-zhenjie"},"content":"    }","lastModifiedDate":"2023-03-10"},{"lineNumber":34,"author":{"gitId":"matthew-liu-zhenjie"},"content":"","lastModifiedDate":"2023-03-10"},{"lineNumber":35,"author":{"gitId":"matthew-liu-zhenjie"},"content":"","lastModifiedDate":"2023-03-10"},{"lineNumber":36,"author":{"gitId":"matthew-liu-zhenjie"},"content":"    @Test","lastModifiedDate":"2023-03-10"},{"lineNumber":37,"author":{"gitId":"matthew-liu-zhenjie"},"content":"    @Order(3)","lastModifiedDate":"2023-03-10"},{"lineNumber":38,"author":{"gitId":"matthew-liu-zhenjie"},"content":"    public void loadEvents() throws FileNotFoundException {","lastModifiedDate":"2023-03-10"},{"lineNumber":39,"author":{"gitId":"matthew-liu-zhenjie"},"content":"        //checks that storage EventList from deserialized save.json matches original EventList data","lastModifiedDate":"2023-03-10"},{"lineNumber":40,"author":{"gitId":"matthew-liu-zhenjie"},"content":"        EventList original \u003d new EventList();","lastModifiedDate":"2023-03-10"},{"lineNumber":41,"author":{"gitId":"matthew-liu-zhenjie"},"content":"        original.addEvent(\"testing\", \"10:00\", \"2023/03/20\",","lastModifiedDate":"2023-03-10"},{"lineNumber":42,"author":{"gitId":"matthew-liu-zhenjie"},"content":"                \"10:00\", \"2023/03/21\");","lastModifiedDate":"2023-03-10"},{"lineNumber":43,"author":{"gitId":"matthew-liu-zhenjie"},"content":"        original.addEvent(\"testing2\",\"03:24\", \"2023/04/01\",","lastModifiedDate":"2023-03-10"},{"lineNumber":44,"author":{"gitId":"matthew-liu-zhenjie"},"content":"                \"08:50\", \"2023/03/23\");","lastModifiedDate":"2023-03-10"},{"lineNumber":45,"author":{"gitId":"matthew-liu-zhenjie"},"content":"        storage.saveToFile(original);","lastModifiedDate":"2023-03-10"},{"lineNumber":46,"author":{"gitId":"matthew-liu-zhenjie"},"content":"        EventList testListCheck \u003d new EventList();","lastModifiedDate":"2023-03-10"},{"lineNumber":47,"author":{"gitId":"matthew-liu-zhenjie"},"content":"        testListCheck.addEvent(\"testing\", \"10:00\", \"2023/03/20\",","lastModifiedDate":"2023-03-10"},{"lineNumber":48,"author":{"gitId":"matthew-liu-zhenjie"},"content":"                \"10:00\", \"2023/03/21\");","lastModifiedDate":"2023-03-10"},{"lineNumber":49,"author":{"gitId":"matthew-liu-zhenjie"},"content":"        testListCheck.addEvent(\"testing2\",\"03:24\", \"2023/04/01\",","lastModifiedDate":"2023-03-10"},{"lineNumber":50,"author":{"gitId":"matthew-liu-zhenjie"},"content":"                \"08:50\", \"2023/03/23\");","lastModifiedDate":"2023-03-10"},{"lineNumber":51,"author":{"gitId":"matthew-liu-zhenjie"},"content":"        EventList testList \u003d new EventList(storage.loadEvents());","lastModifiedDate":"2023-03-10"},{"lineNumber":52,"author":{"gitId":"matthew-liu-zhenjie"},"content":"        String a \u003d testListCheck.getFullList().toString();","lastModifiedDate":"2023-03-10"},{"lineNumber":53,"author":{"gitId":"matthew-liu-zhenjie"},"content":"        String b \u003d testList.getFullList().toString();","lastModifiedDate":"2023-03-10"},{"lineNumber":54,"author":{"gitId":"matthew-liu-zhenjie"},"content":"        assert(a.equals(b));","lastModifiedDate":"2023-03-10"},{"lineNumber":55,"author":{"gitId":"matthew-liu-zhenjie"},"content":"        saveFile.delete();","lastModifiedDate":"2023-03-10"},{"lineNumber":56,"author":{"gitId":"matthew-liu-zhenjie"},"content":"    }","lastModifiedDate":"2023-03-10"},{"lineNumber":57,"author":{"gitId":"matthew-liu-zhenjie"},"content":"    @Test","lastModifiedDate":"2023-03-10"},{"lineNumber":58,"author":{"gitId":"matthew-liu-zhenjie"},"content":"    @Order(4)","lastModifiedDate":"2023-03-10"},{"lineNumber":59,"author":{"gitId":"matthew-liu-zhenjie"},"content":"    public void updateEvents(){ //Check that data can be updated and matches what was updated.","lastModifiedDate":"2023-03-10"},{"lineNumber":60,"author":{"gitId":"matthew-liu-zhenjie"},"content":"        EventList original \u003d new EventList();","lastModifiedDate":"2023-03-10"},{"lineNumber":61,"author":{"gitId":"matthew-liu-zhenjie"},"content":"        original.addEvent(\"testing\", \"10:00\", \"2023/03/20\",","lastModifiedDate":"2023-03-10"},{"lineNumber":62,"author":{"gitId":"matthew-liu-zhenjie"},"content":"                \"10:00\", \"2023/03/21\");","lastModifiedDate":"2023-03-10"},{"lineNumber":63,"author":{"gitId":"matthew-liu-zhenjie"},"content":"        original.addEvent(\"testing2\",\"03:24\", \"2023/04/01\",","lastModifiedDate":"2023-03-10"},{"lineNumber":64,"author":{"gitId":"matthew-liu-zhenjie"},"content":"                \"08:50\", \"2023/03/23\");","lastModifiedDate":"2023-03-10"},{"lineNumber":65,"author":{"gitId":"matthew-liu-zhenjie"},"content":"        storage.saveToFile(original);","lastModifiedDate":"2023-03-10"},{"lineNumber":66,"author":{"gitId":"matthew-liu-zhenjie"},"content":"        EventList edited \u003d new EventList(storage.loadEvents());","lastModifiedDate":"2023-03-10"},{"lineNumber":67,"author":{"gitId":"matthew-liu-zhenjie"},"content":"        edited.addEvent(\"edit new event\", \"19:00\", \"2023/03/20\", \"13:00\", \"2023/03/21\");","lastModifiedDate":"2023-03-10"},{"lineNumber":68,"author":{"gitId":"matthew-liu-zhenjie"},"content":"        storage.saveToFile(edited);","lastModifiedDate":"2023-03-10"},{"lineNumber":69,"author":{"gitId":"matthew-liu-zhenjie"},"content":"        EventList savedEvent \u003d  new EventList(storage.loadEvents());","lastModifiedDate":"2023-03-10"},{"lineNumber":70,"author":{"gitId":"matthew-liu-zhenjie"},"content":"        String a \u003d edited.getFullList().toString();","lastModifiedDate":"2023-03-10"},{"lineNumber":71,"author":{"gitId":"matthew-liu-zhenjie"},"content":"        String b \u003d savedEvent.getFullList().toString();","lastModifiedDate":"2023-03-10"},{"lineNumber":72,"author":{"gitId":"matthew-liu-zhenjie"},"content":"        assert(a.equals(b));","lastModifiedDate":"2023-03-10"},{"lineNumber":73,"author":{"gitId":"matthew-liu-zhenjie"},"content":"        saveFile.delete();","lastModifiedDate":"2023-03-10"},{"lineNumber":74,"author":{"gitId":"matthew-liu-zhenjie"},"content":"    }","lastModifiedDate":"2023-03-10"},{"lineNumber":75,"author":{"gitId":"matthew-liu-zhenjie"},"content":"}","lastModifiedDate":"2023-03-10"}],"authorContributionMap":{"matthew-liu-zhenjie":75}}]
