{"authorDailyContributionsMap":{"matthew-liu-zhenjie":[{"date":"2023-03-03","commitResults":[{"hash":"875daf2caa12552dc778043b0fcc1960446a8af9","isMergeCommit":false,"messageTitle":"Update AboutUs.md","messageBody":"","fileTypesAndContributionMap":{"docs":{"insertions":7,"deletions":7}}}]},{"date":"2023-03-08","commitResults":[{"hash":"754b7eecb4976432796c3c2f1fb50374a3c54532","isMergeCommit":false,"messageTitle":"Add Parser class","messageBody":"","fileTypesAndContributionMap":{"functional-code":{"insertions":45,"deletions":0}}}]},{"date":"2023-03-09","commitResults":[{"hash":"3d4144c43668dcd52700b760bc97cb2918e1c55c","isMergeCommit":false,"messageTitle":"Add storage class","messageBody":"","fileTypesAndContributionMap":{"functional-code":{"insertions":68,"deletions":0}}},{"hash":"35afcdc9e95df3da0b6023c086964f4daf63bf28","isMergeCommit":false,"messageTitle":"Update Duke.java","messageBody":"","fileTypesAndContributionMap":{"functional-code":{"insertions":24,"deletions":10}}},{"hash":"f8d08aa9fc96ff4539da6855ac8f5508a0a09270","isMergeCommit":true,"messageTitle":"Merge pull request #12 from kyrixn/event-calss","messageBody":"Event and EventList class implementation looks good. However will need to implement exception handling later on.\r\n\r\nNote that the current date-time format must be  yyyy/MM/DD hh:mm","fileTypesAndContributionMap":{}}]},{"date":"2023-03-10","commitResults":[{"hash":"1e4b7c0ea45ff2d07f74662fecea7fe2042b81a6","isMergeCommit":true,"messageTitle":"Merge remote-tracking branch \u0027upstream/master\u0027","messageBody":"","fileTypesAndContributionMap":{}},{"hash":"ad176eae9908616dc2e4d94ba5cf68726a30aeb8","isMergeCommit":false,"messageTitle":"Update Duke.java","messageBody":"Add newline to Duke.java","fileTypesAndContributionMap":{"functional-code":{"insertions":1,"deletions":1}}},{"hash":"c38442974d8f206c1f23272fc8de8e2090f97cc8","isMergeCommit":true,"messageTitle":"Merge pull request #13 from kyrixn/event-calss","messageBody":"fixed bugs in EventList.getDetails()","fileTypesAndContributionMap":{}},{"hash":"233620e3f61ff7ef4ed041814bbe776149120c42","isMergeCommit":false,"messageTitle":"add gson to build.grade dependencies","messageBody":"","fileTypesAndContributionMap":{"other":{"insertions":2,"deletions":0}}},{"hash":"0a1af92d21573e7a1fd0916a85a7fa9bb0af2112","isMergeCommit":false,"messageTitle":"Update Storage class","messageBody":"","fileTypesAndContributionMap":{"functional-code":{"insertions":22,"deletions":20}}},{"hash":"b094e317a39a3b5b20d7e58acab3127d62e62d3b","isMergeCommit":false,"messageTitle":"Add StorageTest JUnit test","messageBody":"","fileTypesAndContributionMap":{"test-code":{"insertions":50,"deletions":0}}},{"hash":"4332727e01248ff54e27e04039008e0709c45cc8","isMergeCommit":true,"messageTitle":"Merge remote-tracking branch \u0027upstream/master\u0027","messageBody":"","fileTypesAndContributionMap":{}},{"hash":"8c8797ceeec9a260a52708a8387d4584ab2998ad","isMergeCommit":false,"messageTitle":"Update JUnit test for storage class","messageBody":"","fileTypesAndContributionMap":{"test-code":{"insertions":53,"deletions":22}}},{"hash":"45cd56edca15a4415e546dc3839806cd3693beab","isMergeCommit":false,"messageTitle":"Update Storage class","messageBody":"","fileTypesAndContributionMap":{"functional-code":{"insertions":6,"deletions":4},"test-code":{"insertions":1,"deletions":4}}},{"hash":"b8eb005a73a9a321b971d76a469527c43923fdcd","isMergeCommit":true,"messageTitle":"Merge commit \u002772d9ec21692beace4a764c0ca1f7dbc2cb045699\u0027","messageBody":"","fileTypesAndContributionMap":{}},{"hash":"94dd1b70165a8b923f9456ee057f7c9f356f2c88","isMergeCommit":false,"messageTitle":"Fix checkstyle error in Duke.java","messageBody":"","fileTypesAndContributionMap":{"functional-code":{"insertions":16,"deletions":16}}},{"hash":"797d4cb93bb3f3e2988fb41543f1f54152fc6de4","isMergeCommit":false,"messageTitle":"Update StorageTest.java","messageBody":"","fileTypesAndContributionMap":{"test-code":{"insertions":0,"deletions":3}}},{"hash":"27b5b6eb32166688cd78d6f3d6c00b402f7a4496","isMergeCommit":false,"messageTitle":"Fix checkstyle error in StorageTest","messageBody":"","fileTypesAndContributionMap":{"test-code":{"insertions":5,"deletions":6}}},{"hash":"d53889fb2d94d2200df7cd76ec6a769a1df93a2e","isMergeCommit":false,"messageTitle":"Update StorageTest.java","messageBody":"Fix checkstyle errors","fileTypesAndContributionMap":{"test-code":{"insertions":5,"deletions":5}}},{"hash":"a7da4c05448d65f7e50d66d1d2994c721a468426","isMergeCommit":false,"messageTitle":"Update Duke.java","messageBody":"Fix main function.","fileTypesAndContributionMap":{"functional-code":{"insertions":13,"deletions":2}}},{"hash":"a4f1d1de5347ef9d55c567cc8b168091fd3f6801","isMergeCommit":true,"messageTitle":"Merge remote-tracking branch \u0027origin/master\u0027","messageBody":"# Conflicts:\n#\tsrc/test/java/seedu/duke/storage/StorageTest.java\n","fileTypesAndContributionMap":{}},{"hash":"299c094aa05f365c566e3730b66a3ef6a47a32e3","isMergeCommit":false,"messageTitle":"Update Duke.java","messageBody":"","fileTypesAndContributionMap":{"functional-code":{"insertions":1,"deletions":1}}}]},{"date":"2023-03-13","commitResults":[{"hash":"f1082cef51ba8690bb9c860264f84b06de66f56b","isMergeCommit":true,"messageTitle":"Merge pull request #26 from hrithie/hrithieMenon-v1.0","messageBody":"Update Duke \u0026 Expected","fileTypesAndContributionMap":{}},{"hash":"ef1395f11a929a6df97d74637243f587e1ac2e64","isMergeCommit":true,"messageTitle":"Merge pull request #27 from AY2223S2-CS2113-F13-3/hrithieMenon-v1.0","messageBody":"Ui and Parser class","fileTypesAndContributionMap":{}},{"hash":"fc4a69c98af87725445cd4054224bce1e41557cb","isMergeCommit":false,"messageTitle":"Update duke.java, fix add command in parser","messageBody":"","fileTypesAndContributionMap":{"functional-code":{"insertions":18,"deletions":25}}},{"hash":"6d909fc8f31c6241f763d9c0ece09ca53f6b931a","isMergeCommit":false,"messageTitle":"Fix delete in parser.java","messageBody":"","fileTypesAndContributionMap":{"functional-code":{"insertions":4,"deletions":2}}},{"hash":"225f1b9c9af3734841edfa3f0c24aa53ffbf43b7","isMergeCommit":false,"messageTitle":"Fix list method in parser.java","messageBody":"","fileTypesAndContributionMap":{"functional-code":{"insertions":38,"deletions":17}}},{"hash":"2ed37395edf8749ec8bbb4c6c2e24e5fa3751d1c","isMergeCommit":false,"messageTitle":"Add parseEditCommand to Parser.java","messageBody":"","fileTypesAndContributionMap":{"functional-code":{"insertions":37,"deletions":1}}},{"hash":"b601674622826ed65224fa9e4d32050be6649974","isMergeCommit":false,"messageTitle":"Update showWelcome method in Ui and text-ui-test files","messageBody":"","fileTypesAndContributionMap":{"functional-code":{"insertions":0,"deletions":3}}},{"hash":"737638fb6f1d5abe62229554e80f3d1b46a6b173","isMergeCommit":false,"messageTitle":"Fix checkstyle errors","messageBody":"","fileTypesAndContributionMap":{"functional-code":{"insertions":3,"deletions":2}}},{"hash":"73c093cab8fd3523fddcedd8222446178491c775","isMergeCommit":true,"messageTitle":"Merge pull request #29 from kyrixn/edit-time","messageBody":"Edit time","fileTypesAndContributionMap":{}},{"hash":"02ab2d41ab03941051f14a1d0d3acac124b4b87c","isMergeCommit":true,"messageTitle":"Merge branch \u0027master\u0027 into edit-time","messageBody":"","fileTypesAndContributionMap":{}}]},{"date":"2023-03-14","commitResults":[{"hash":"307e92bebce407b2759b903dc58f05e58ff4076a","isMergeCommit":false,"messageTitle":"Add EventListAdapter class to Storage. Add getStartTime and getEndTime methods to Event class to support EventListAdapter. Update Duke.java to save file on exit and load on initialization","messageBody":"Regular typeadapter class resulted in unsuppressable warnings after each save and load.\n","fileTypesAndContributionMap":{"functional-code":{"insertions":211,"deletions":8},"other":{"insertions":0,"deletions":1}}},{"hash":"0cdcf63e5d4bd1889f629149ede08c3db0677842","isMergeCommit":false,"messageTitle":"Fix Checkstyle Errors","messageBody":"","fileTypesAndContributionMap":{"functional-code":{"insertions":2,"deletions":3}}},{"hash":"53d56187deb80f657e05c0fd3849e843b3a48ed4","isMergeCommit":false,"messageTitle":"Add EventListTest Junit test","messageBody":"","fileTypesAndContributionMap":{"test-code":{"insertions":40,"deletions":0}}},{"hash":"cff185fb70c76bd466566689e3442a662df1ef6e","isMergeCommit":false,"messageTitle":"Add ParserTest JUnit test","messageBody":"","fileTypesAndContributionMap":{"test-code":{"insertions":26,"deletions":0}}},{"hash":"6837ccaea4b5c0d6be2bf76f609d5009adc6c6fd","isMergeCommit":true,"messageTitle":"Merge pull request #36 from kyrixn/edit-time","messageBody":"finished parseEditCommand and revised corresponding func in EventList","fileTypesAndContributionMap":{}}]},{"date":"2023-03-16","commitResults":[{"hash":"cf2d15b15c3d12c235579a2f1299d1e6a527eb85","isMergeCommit":true,"messageTitle":"Merge remote-tracking branch \u0027upstream/master\u0027","messageBody":"","fileTypesAndContributionMap":{}},{"hash":"2585a9e37da02c97beef1058fffa596e263125a8","isMergeCommit":false,"messageTitle":"Remove commented code in Storage.java","messageBody":"","fileTypesAndContributionMap":{"functional-code":{"insertions":7,"deletions":6}}},{"hash":"11d0b69637880511e7644c7385cfde35bec3ffd6","isMergeCommit":false,"messageTitle":"Update Parser.java","messageBody":"Add Exception handling for duplicate flags in add command. This is to prevent a bug where mistyped flag \"-e t \" is misinterpreted as event description \"t\".\n","fileTypesAndContributionMap":{"functional-code":{"insertions":32,"deletions":6}}},{"hash":"cd499c4c1dd399243b0393c63c44ed83eff0be8b","isMergeCommit":false,"messageTitle":"Update JavaDoc in EventList and Ui","messageBody":"","fileTypesAndContributionMap":{"functional-code":{"insertions":17,"deletions":11}}},{"hash":"5f8278254b0ceeba4c55e9813bae4913171f04bf","isMergeCommit":false,"messageTitle":"Add JavaDoc for Storage and EventListAdapter","messageBody":"","fileTypesAndContributionMap":{"functional-code":{"insertions":39,"deletions":14}}},{"hash":"dd5095e841d5e17d32f0fb4f139f280b7862ff88","isMergeCommit":true,"messageTitle":"Merge pull request #57 from matthew-liu-zhenjie/master","messageBody":"Add JavaDoc and additional Exception Handling","fileTypesAndContributionMap":{}},{"hash":"4c2f41e7ee6fce7c3bed652a4a6cd8835128e28d","isMergeCommit":true,"messageTitle":"Merge pull request #58 from Zemdalk/st-comp-in-edit","messageBody":"Make st compulsory in edit \u0026 modify UG","fileTypesAndContributionMap":{}},{"hash":"178657834d7c6453c2c29fe2acb174586e2e982a","isMergeCommit":true,"messageTitle":"Merge pull request #59 from AY2223S2-CS2113-F13-3/st-comp-in-edit","messageBody":"St comp in edit","fileTypesAndContributionMap":{}},{"hash":"592aced6a1a0881639a4e5ccbe093ab2cc59cb54","isMergeCommit":false,"messageTitle":"Update UserGuide.md","messageBody":"Fix hyperlinks for Releases and Issue Tracker","tags":["V1.0"],"fileTypesAndContributionMap":{"docs":{"insertions":2,"deletions":2}}}]},{"date":"2023-03-17","commitResults":[{"hash":"44635f3fe685b1b81be1713590b777c5dd2891cd","isMergeCommit":true,"messageTitle":"Merge remote-tracking branch \u0027origin/master\u0027","messageBody":"","fileTypesAndContributionMap":{}}]},{"date":"2023-03-21","commitResults":[{"hash":"04334032f5090f9bfeebf40557b8bd0784267bc8","isMergeCommit":false,"messageTitle":"Add Lesson, SemData and NusModule class","messageBody":"Helper classes to represent relevant details of modules offered by NUS\n","fileTypesAndContributionMap":{"functional-code":{"insertions":118,"deletions":0}}},{"hash":"ce615ab950463abda3c1344d6f471f476d4436e1","isMergeCommit":false,"messageTitle":"Add TypeAdapter to convert Json file to Module Hash Map","messageBody":"","fileTypesAndContributionMap":{"functional-code":{"insertions":246,"deletions":0},"test-code":{"insertions":22,"deletions":0}}},{"hash":"1043eee1acf54744bdede90358b636a989486b78","isMergeCommit":false,"messageTitle":"Refactor NusModule Container for SemData to HashMap.","messageBody":"","fileTypesAndContributionMap":{"functional-code":{"insertions":58,"deletions":14},"test-code":{"insertions":9,"deletions":3}}},{"hash":"c84dbfe0f1f6027fe6931df3b17448b2367215dc","isMergeCommit":false,"messageTitle":"Fix checkstyle errors.","messageBody":"","fileTypesAndContributionMap":{"functional-code":{"insertions":2,"deletions":2}}}]},{"date":"2023-03-22","commitResults":[{"hash":"9f341bcb511c75c483c10bc00afd11ed2504f913","isMergeCommit":true,"messageTitle":"Merge remote-tracking branch \u0027origin/master\u0027","messageBody":"","fileTypesAndContributionMap":{}},{"hash":"e0bc058c64a04d3a2724368966ae2672e458769f","isMergeCommit":false,"messageTitle":"Add UML diagram and update DG","messageBody":"","fileTypesAndContributionMap":{"docs":{"insertions":144,"deletions":0}}},{"hash":"0b192b21debc6da8ff2c85311d0cd7d0481ad0e6","isMergeCommit":false,"messageTitle":"Update Storage.java","messageBody":"","fileTypesAndContributionMap":{"functional-code":{"insertions":2,"deletions":2}}},{"hash":"51843c22da263fccbaf47bc70aaa341e95d15fdf","isMergeCommit":true,"messageTitle":"Merge pull request #64 from kyrixn/master","messageBody":"fixed edit by name and improved the input standard of date and time ","fileTypesAndContributionMap":{}}]},{"date":"2023-03-23","commitResults":[{"hash":"3255bcad4ebc70702c6033de8b77dedc3d4327bb","isMergeCommit":true,"messageTitle":"Merge pull request #66 from kyrixn/schedule","messageBody":"Schedule","fileTypesAndContributionMap":{}},{"hash":"deca6f89ea781cf3c31b03161fddd74f318f5084","isMergeCommit":false,"messageTitle":"Update DeveloperGuide.md","messageBody":"Fix broken link to image","fileTypesAndContributionMap":{"docs":{"insertions":2,"deletions":2}}},{"hash":"e0125826a8afc3b0a0d3e2b89ed2ba1d5b7cb4ad","isMergeCommit":false,"messageTitle":"Update DeveloperGuide.md","messageBody":"Fix broken image links","fileTypesAndContributionMap":{"docs":{"insertions":2,"deletions":2}}}]},{"date":"2023-03-27","commitResults":[{"hash":"35cb17be2eeace2ea3b65d4a7e1252561b5a606b","isMergeCommit":true,"messageTitle":"Merge pull request #72 from hrithie/hrithieMenon-v2.1","messageBody":"Created Add Modules","fileTypesAndContributionMap":{}},{"hash":"1fdfe5b10ab1d2f979b9efd153ba597656bc6932","isMergeCommit":true,"messageTitle":"Merge pull request #74 from kyrixn/master","messageBody":"recreate previous PR","fileTypesAndContributionMap":{}}]},{"date":"2023-03-28","commitResults":[{"hash":"79016df6101f0cd194205f2b12cbaec0d0ff12a8","isMergeCommit":true,"messageTitle":"Merge remote-tracking branch \u0027upstream/master\u0027","messageBody":"","fileTypesAndContributionMap":{}},{"hash":"61676a6fd8436f3f82db634b6d0549c9c35e398d","isMergeCommit":true,"messageTitle":"Merge pull request #78 from kyrixn/master","messageBody":"fixed bugs in showing recurring info","fileTypesAndContributionMap":{}},{"hash":"a8e1a1a44ecaf536b734eb39d8158fa05761e8c1","isMergeCommit":true,"messageTitle":"Merge remote-tracking branch \u0027upstream/master\u0027","messageBody":"","fileTypesAndContributionMap":{}},{"hash":"b3f7843d332aeaf07d770d19eb2f6438e1ce88f1","isMergeCommit":false,"messageTitle":"Fix typo in Schedule.java","messageBody":"","fileTypesAndContributionMap":{"functional-code":{"insertions":1,"deletions":1}}},{"hash":"1f46bd3a0534d54482930d29ae61432636aa2c8b","isMergeCommit":false,"messageTitle":"Add getter method for isRecurring in Schedule.java","messageBody":"","fileTypesAndContributionMap":{"functional-code":{"insertions":4,"deletions":0}}},{"hash":"3be008c42eba1c05ee362f9361b9c7b71cf0a3ad","isMergeCommit":false,"messageTitle":"Update EventListAdapter","messageBody":"Added functionality to store \u0026 retrieve location and recurrence.\n","fileTypesAndContributionMap":{"functional-code":{"insertions":50,"deletions":1}}},{"hash":"194dbf5a8bca22aa7ce475aeec7e9176fdf8ceac","isMergeCommit":false,"messageTitle":"Fix Checkstyle Error","messageBody":"","fileTypesAndContributionMap":{"functional-code":{"insertions":4,"deletions":4}}},{"hash":"ce3921185c5b87efbe876f62dba7d1ed412661bb","isMergeCommit":false,"messageTitle":"Refactor Storage to JsonEventListStorage, NusModuleConverter to JsonNusModuleLoader. Add EventListStorage and NusModuleLoader interfaces","messageBody":"","fileTypesAndContributionMap":{"functional-code":{"insertions":93,"deletions":0},"other":{"insertions":3,"deletions":3},"test-code":{"insertions":0,"deletions":76}}},{"hash":"41f4e3b964b97e97e8a161a46a22f141c66620d7","isMergeCommit":false,"messageTitle":"Add Storage interface and Storage Manager class","messageBody":"","fileTypesAndContributionMap":{"functional-code":{"insertions":44,"deletions":64},"test-code":{"insertions":76,"deletions":0}}},{"hash":"8197501f7bee8740571ff316c9e30f99ebbbb746","isMergeCommit":false,"messageTitle":"Update Duke, Parser and Ui for Storage API","messageBody":"","fileTypesAndContributionMap":{"functional-code":{"insertions":15,"deletions":5}}},{"hash":"c059c46c15f314d453b562a2fa7cb5e2839398a5","isMergeCommit":true,"messageTitle":"Merge branch \u0027master\u0027 of https://github.com/AY2223S2-CS2113-F13-3/tp into StorageAPI","messageBody":"","fileTypesAndContributionMap":{}},{"hash":"31941310d005fe74b63b5baabc3e54cdd64ad487","isMergeCommit":true,"messageTitle":"Merge pull request #88 from kyrixn/master","messageBody":"added sequential diagram in DG for EventList and added some content i…","fileTypesAndContributionMap":{}},{"hash":"6dccae007dc1c510ea3bd59519c3bc10dddb9d60","isMergeCommit":true,"messageTitle":"Merge branch \u0027master\u0027 of https://github.com/AY2223S2-CS2113-F13-3/tp into StorageAPI","messageBody":"","fileTypesAndContributionMap":{}}]},{"date":"2023-03-30","commitResults":[{"hash":"b3d261962761ef01acffc0d6ccd7ffe70fae6c5a","isMergeCommit":false,"messageTitle":"Add JavaDocs for Storage Package","messageBody":"","fileTypesAndContributionMap":{"functional-code":{"insertions":52,"deletions":1}}},{"hash":"ba845436253d8b69cdb04f6c9238cc00003c83c5","isMergeCommit":false,"messageTitle":"Update DG and class diagram for storage package. Add Sequence diagram for loading and saving Events, and loading Nusmods data.","messageBody":"","fileTypesAndContributionMap":{"docs":{"insertions":174,"deletions":27}}}]}],"hrithie":[{"date":"2023-03-03","commitResults":[{"hash":"4c5c11f32e355eb53e1cb1ffd78d2e8836446b7d","isMergeCommit":false,"messageTitle":"Update AboutUs.md","messageBody":"Added\n","fileTypesAndContributionMap":{"docs":{"insertions":7,"deletions":7}}}]},{"date":"2023-03-10","commitResults":[{"hash":"7640bb76760e1c72027a3e3294dfe3228453e9db","isMergeCommit":true,"messageTitle":"Merge branch \u0027master\u0027 into master","messageBody":"","fileTypesAndContributionMap":{}},{"hash":"72d9ec21692beace4a764c0ca1f7dbc2cb045699","isMergeCommit":true,"messageTitle":"Merge pull request #14 from hrithie/master","messageBody":"Update AboutUs.md","fileTypesAndContributionMap":{}},{"hash":"babf4c2064af5527a28d0498caea7964a446eb0b","isMergeCommit":false,"messageTitle":"Update About Us","messageBody":"","fileTypesAndContributionMap":{"docs":{"insertions":7,"deletions":7}}},{"hash":"4a36d11670bae004492e4185697c562a8c1442e7","isMergeCommit":true,"messageTitle":"Merge branch \u0027master\u0027 into hrithieMenon-AboutUs","messageBody":"","fileTypesAndContributionMap":{}},{"hash":"224d5fd016ba6e018352781c40c698caa6807e2f","isMergeCommit":true,"messageTitle":"Merge pull request #15 from hrithie/hrithieMenon-AboutUs","messageBody":"Update About Us","fileTypesAndContributionMap":{}},{"hash":"460df9cdf8b3a4b9b9ff18d7b450b26cab79c013","isMergeCommit":true,"messageTitle":"Merge pull request #20 from matthew-liu-zhenjie/master","messageBody":"Add Storage class and StorageTest JUnit test","fileTypesAndContributionMap":{}}]},{"date":"2023-03-13","commitResults":[{"hash":"b7db0d0fcca7451dc49097bed1c00ec32d820078","isMergeCommit":false,"messageTitle":"Update Duke, EventList, Parser, Ui","messageBody":"","fileTypesAndContributionMap":{"functional-code":{"insertions":183,"deletions":69}}},{"hash":"d74435483c803d80238b52d2d738468add707754","isMergeCommit":false,"messageTitle":"Update Duke \u0026 Expected","messageBody":"","fileTypesAndContributionMap":{"functional-code":{"insertions":1,"deletions":1}}}]},{"date":"2023-03-15","commitResults":[{"hash":"e3e72e7c43fbd797ba1d23db03e456e4b14ec7fa","isMergeCommit":false,"messageTitle":"Update Parser.java for delete -all tag","messageBody":"","fileTypesAndContributionMap":{"functional-code":{"insertions":11,"deletions":2}}},{"hash":"0233e19e74954aeb47613402e67f8b556e68e165","isMergeCommit":false,"messageTitle":"Update User Guide, Parser and Ui","messageBody":"","fileTypesAndContributionMap":{"functional-code":{"insertions":14,"deletions":16},"docs":{"insertions":107,"deletions":22}}},{"hash":"e7b4c63f07dd9115c95a2cf7601de109e13cb186","isMergeCommit":false,"messageTitle":"Modify User Guide","messageBody":"","fileTypesAndContributionMap":{"docs":{"insertions":1,"deletions":1}}},{"hash":"e7adc85105002b6fa94423faf245b38e492dc519","isMergeCommit":false,"messageTitle":"Modify ReadMe","messageBody":"","fileTypesAndContributionMap":{"docs":{"insertions":6,"deletions":2}}}]},{"date":"2023-03-23","commitResults":[{"hash":"fd29680e8339dc70506cbc52d8e5e5f7039c6294","isMergeCommit":true,"messageTitle":"Merge pull request #67 from AY2223S2-CS2113-F13-3/schedule","messageBody":"Schedule","fileTypesAndContributionMap":{}}]},{"date":"2023-03-24","commitResults":[{"hash":"587937438642eff7e61f4e96610c1fdc07261907","isMergeCommit":false,"messageTitle":"Create UserClass.puml","messageBody":"","fileTypesAndContributionMap":{"docs":{"insertions":7,"deletions":0}}},{"hash":"b6bfa0f9be776b4c0ff0cafe4eb52162bb21b8cd","isMergeCommit":false,"messageTitle":"Update UserClass.puml","messageBody":"","fileTypesAndContributionMap":{"docs":{"insertions":7,"deletions":0}}},{"hash":"e97dd90b0b1ff3264b420861eb97438b5f2da1b9","isMergeCommit":false,"messageTitle":"Update DeveloperGuide.md","messageBody":"","fileTypesAndContributionMap":{"docs":{"insertions":24,"deletions":1}}}]},{"date":"2023-03-27","commitResults":[{"hash":"e67fe7a034d06f4306c328d831dd97fe4e3b2610","isMergeCommit":false,"messageTitle":"Add module function","messageBody":"","fileTypesAndContributionMap":{"functional-code":{"insertions":185,"deletions":18},"test-code":{"insertions":1,"deletions":1}}},{"hash":"29954390348c276e5eb44ceff9e0e17e1c6bec12","isMergeCommit":false,"messageTitle":"Added newline to Parser, Ui, User, UserUtility","messageBody":"","fileTypesAndContributionMap":{"functional-code":{"insertions":4,"deletions":5}}},{"hash":"2f63617911f7bb19194c91885f6dccec3ab9d040","isMergeCommit":false,"messageTitle":"Added Table Ui","messageBody":"","fileTypesAndContributionMap":{"other":{"insertions":1776,"deletions":0}}},{"hash":"7778c8b158bbe3f7c97e4a5c32b86237f59641f0","isMergeCommit":false,"messageTitle":"Revert \"Added Table Ui\"","messageBody":"This reverts commit 2f63617911f7bb19194c91885f6dccec3ab9d040.\n","fileTypesAndContributionMap":{"other":{"insertions":0,"deletions":1776}}},{"hash":"45f75b06751e8db1c9926a2dc954e3297b1cb8dd","isMergeCommit":false,"messageTitle":"Add timetable Ui v1.0","messageBody":"","fileTypesAndContributionMap":{"functional-code":{"insertions":96,"deletions":16}}},{"hash":"c8977e9287ba442e46f6bac6b27ae2c50ba49b06","isMergeCommit":false,"messageTitle":"Update UserGuide with Add Module and List Timetable command","messageBody":"","fileTypesAndContributionMap":{"docs":{"insertions":102,"deletions":4}}}]},{"date":"2023-03-28","commitResults":[{"hash":"fe7f6272d823386c6838e60a7df5e6d346e8c48f","isMergeCommit":true,"messageTitle":"Merge pull request #75 from Zemdalk/master","messageBody":"","fileTypesAndContributionMap":{}},{"hash":"812527965a902f46f7d548a32bf42c1eff118e0b","isMergeCommit":false,"messageTitle":"Fixed issue #81","messageBody":"","fileTypesAndContributionMap":{"functional-code":{"insertions":7,"deletions":4}}},{"hash":"07f639611e32274b24c936325b87488560659e8c","isMergeCommit":true,"messageTitle":"Merge pull request #83 from matthew-liu-zhenjie/StorageFix","messageBody":"Storage fix","fileTypesAndContributionMap":{}},{"hash":"abfbcd182fc18c34888f9173399f3c3c1475862a","isMergeCommit":false,"messageTitle":"Fixed checkstyle error","messageBody":"","fileTypesAndContributionMap":{"functional-code":{"insertions":2,"deletions":1}}},{"hash":"18af826a84fbb77805c7dbd852691ac1b205340a","isMergeCommit":true,"messageTitle":"Merge pull request #1 from AY2223S2-CS2113-F13-3/master","messageBody":"Pull","fileTypesAndContributionMap":{}},{"hash":"a88f7a75b2454d78589da613964a545561187a16","isMergeCommit":false,"messageTitle":"Cleaned comments","messageBody":"","fileTypesAndContributionMap":{"functional-code":{"insertions":9,"deletions":9}}},{"hash":"3a10a57db98d5046ca4e7d3812e87e8937dbdcf1","isMergeCommit":false,"messageTitle":"Added JUnit \u0026 assertion","messageBody":"","fileTypesAndContributionMap":{"functional-code":{"insertions":2,"deletions":1},"test-code":{"insertions":7,"deletions":0}}}]},{"date":"2023-03-29","commitResults":[{"hash":"39753194553a3f06e6044d54434f0769cf2141f8","isMergeCommit":false,"messageTitle":"Add UML diagram for addEvent \u0026 addModules","messageBody":"","fileTypesAndContributionMap":{"docs":{"insertions":60,"deletions":0}}},{"hash":"c7bad9f5b108822e6ffa85080c9ad1b4fc3e489e","isMergeCommit":false,"messageTitle":"Clean comments","messageBody":"","fileTypesAndContributionMap":{"functional-code":{"insertions":9,"deletions":9}}},{"hash":"30b22919195eec5421c9c3e0282fbbf2830fb87b","isMergeCommit":false,"messageTitle":"Update DG","messageBody":"","fileTypesAndContributionMap":{"docs":{"insertions":18,"deletions":0}}}]},{"date":"2023-03-30","commitResults":[{"hash":"850fefc9d75cd8eb330df2db404ca2a9414fdc7f","isMergeCommit":true,"messageTitle":"Merge pull request #92 from matthew-liu-zhenjie/StorageDocumentation","messageBody":"Storage documentation","fileTypesAndContributionMap":{}}]}],"kyrixn":[{"date":"2023-03-03","commitResults":[{"hash":"bace5a8a5725530c6b597ca39e0d9cba44ac8b94","isMergeCommit":false,"messageTitle":"Update README.md","messageBody":"","fileTypesAndContributionMap":{"docs":{"insertions":1,"deletions":1}}},{"hash":"ad6f944a08b862663f5a3c9577567cae5061028d","isMergeCommit":true,"messageTitle":"Merge pull request #1 from matthew-liu-zhenjie/matthewLiu-AboutUs","messageBody":"Update AboutUs.md","fileTypesAndContributionMap":{}}]},{"date":"2023-03-08","commitResults":[{"hash":"3c741e1265ccb8c8352076b070d530334bf7aff1","isMergeCommit":true,"messageTitle":"Merge pull request #3 from matthew-liu-zhenjie/master","messageBody":"Add Parser class","fileTypesAndContributionMap":{}}]},{"date":"2023-03-09","commitResults":[{"hash":"ccb7dd9316a533dea727cfe88a1aed79961b40e0","isMergeCommit":false,"messageTitle":"first version of Event","messageBody":"","fileTypesAndContributionMap":{"functional-code":{"insertions":43,"deletions":0}}},{"hash":"5e369e2e2da1dbaa1e54488b0fe3b01f1b9bcb14","isMergeCommit":false,"messageTitle":"first version of Event","messageBody":"","fileTypesAndContributionMap":{"functional-code":{"insertions":2,"deletions":3}}},{"hash":"4138f9ba68c06e50b60b0897039e4223dd301391","isMergeCommit":false,"messageTitle":"finished eventlist function instead of revision","messageBody":"","fileTypesAndContributionMap":{"functional-code":{"insertions":74,"deletions":5}}},{"hash":"c6bafdbe076c79b441bccc964db2d10947a28863","isMergeCommit":false,"messageTitle":"fixed bugs, still haven\u0027t finished revise time","messageBody":"","fileTypesAndContributionMap":{"functional-code":{"insertions":88,"deletions":51}}},{"hash":"cbfa825145e4a8879609af5624456d98b726d3da","isMergeCommit":false,"messageTitle":"imporved style","messageBody":"","fileTypesAndContributionMap":{"functional-code":{"insertions":19,"deletions":8}}},{"hash":"47e106b90f4fc397152bd078bb1b8db7e0f7bfd9","isMergeCommit":false,"messageTitle":"revised getTime func","messageBody":"","fileTypesAndContributionMap":{"functional-code":{"insertions":11,"deletions":3}}},{"hash":"0f6edaf3c5d24e59980471180c567d78ced02da7","isMergeCommit":false,"messageTitle":"add some comments","messageBody":"","fileTypesAndContributionMap":{"functional-code":{"insertions":15,"deletions":1}}}]},{"date":"2023-03-10","commitResults":[{"hash":"e06f9d07549d3fec216863a0a00aa41b5cf78e94","isMergeCommit":false,"messageTitle":"fixed bugs in EventList.getDetails()","messageBody":"","fileTypesAndContributionMap":{"functional-code":{"insertions":8,"deletions":8}}}]},{"date":"2023-03-11","commitResults":[{"hash":"3993b81021af4b5fa4302d8d3ccbaa75006a73af","isMergeCommit":true,"messageTitle":"Merge pull request #23 from AY2223S2-CS2113-F13-3/Storage","messageBody":"Merge Storage to master","fileTypesAndContributionMap":{}}]},{"date":"2023-03-13","commitResults":[{"hash":"7cf9ffe5fd3b99f0b16d8b3844fa695d56919508","isMergeCommit":false,"messageTitle":"finished edit time using index","messageBody":"","fileTypesAndContributionMap":{"functional-code":{"insertions":55,"deletions":2}}},{"hash":"29c731a753818a185f91472cbb824d2b5d40ad3d","isMergeCommit":false,"messageTitle":"added final class TimeAndFlag, did refactoring and finished edit time using event name","messageBody":"","fileTypesAndContributionMap":{"functional-code":{"insertions":56,"deletions":59}}},{"hash":"f976f3595ff3512833b6b6b12fb3bd3c43f57b3f","isMergeCommit":false,"messageTitle":"fixed a bug in parser","messageBody":"","fileTypesAndContributionMap":{"functional-code":{"insertions":1,"deletions":1}}},{"hash":"cacdc0e28e28eaa0225680f99fbd73c279216d36","isMergeCommit":false,"messageTitle":"added comment for handling exceptions","messageBody":"","fileTypesAndContributionMap":{"functional-code":{"insertions":2,"deletions":0}}},{"hash":"ee4659b9571b1039a348258a4b1c1648dc9818ff","isMergeCommit":true,"messageTitle":"Merge pull request #28 from matthew-liu-zhenjie/master","messageBody":"Bugfix - Ui and Parser","fileTypesAndContributionMap":{}},{"hash":"e1bc94a2ff8630a5c1834ed8764ab09879636681","isMergeCommit":true,"messageTitle":"fixed conflicts","messageBody":"","fileTypesAndContributionMap":{}},{"hash":"9d1333c73edae73825018047ae164030f79d93eb","isMergeCommit":false,"messageTitle":"fixed bugs in parser","messageBody":"","fileTypesAndContributionMap":{"functional-code":{"insertions":5,"deletions":6}}},{"hash":"0465f36bf57a0db35f3e0edbe94c92dd8da87ffb","isMergeCommit":true,"messageTitle":"Merge pull request #31 from kyrixn/edit-time","messageBody":"Edit time","fileTypesAndContributionMap":{}},{"hash":"9d9a796fb9080aa2594a015f9add641fdd879e92","isMergeCommit":true,"messageTitle":"Merge pull request #32 from AY2223S2-CS2113-F13-3/edit-time","messageBody":"fixed bugs in parser","fileTypesAndContributionMap":{}}]},{"date":"2023-03-14","commitResults":[{"hash":"37501da594e5e54aa42d9391ad6037b5a78714e0","isMergeCommit":true,"messageTitle":"Merge pull request #34 from matthew-liu-zhenjie/master","messageBody":"Implement EventListAdapter to serialize/deserialize EventList class \u0026 Integrate saving feature","fileTypesAndContributionMap":{}},{"hash":"1e33ba02ef2cd7833127713ec1b162837068b265","isMergeCommit":true,"messageTitle":"Merge pull request #35 from matthew-liu-zhenjie/JUnit_test","messageBody":"Add JUnit tests for Parser and EventList","fileTypesAndContributionMap":{}},{"hash":"d70a18d5833fbc64f5d05ad7923e4b0fcfe3383d","isMergeCommit":false,"messageTitle":"add two more tests, finished parse edit command and revised correspoding func in EventList","messageBody":"","fileTypesAndContributionMap":{"functional-code":{"insertions":16,"deletions":2},"test-code":{"insertions":11,"deletions":5}}},{"hash":"40e509a003b8b3a6d6fa9112d2aaccc617a9d2a6","isMergeCommit":true,"messageTitle":"Merge pull request #37 from AY2223S2-CS2113-F13-3/edit-time","messageBody":"merge latest EventList to master","fileTypesAndContributionMap":{}}]},{"date":"2023-03-15","commitResults":[{"hash":"c013b7dce4416ed00d2107f2565c32f2f189d5f3","isMergeCommit":false,"messageTitle":"improved a bit of Ui","messageBody":"","fileTypesAndContributionMap":{"functional-code":{"insertions":29,"deletions":39}}},{"hash":"1005f827c9baea82aff1d54b4d9d59e2b46002ae","isMergeCommit":false,"messageTitle":"changed text-ui-test","messageBody":"","fileTypesAndContributionMap":{"functional-code":{"insertions":3,"deletions":1}}},{"hash":"1de28f2e301cff79e2c110eff11594c8d2b2433f","isMergeCommit":true,"messageTitle":"Merge pull request #41 from hrithie/hrithieMenon-v1.0","messageBody":"Update User Guide.md, ReadMe.md, Expected.txt and Ui.java","fileTypesAndContributionMap":{}},{"hash":"10c0519c584398eab3293599c6ee2ba37ae53c3a","isMergeCommit":false,"messageTitle":"removed current logo","messageBody":"","fileTypesAndContributionMap":{"functional-code":{"insertions":1,"deletions":3}}},{"hash":"7ee2052a69669de6e2eb1c87be8aeb140956c4fa","isMergeCommit":true,"messageTitle":"merged my UI","messageBody":"","fileTypesAndContributionMap":{}},{"hash":"e1355a4b0d03e95e1fdba0104746ee24a42ecc3c","isMergeCommit":false,"messageTitle":"immporves UI and finiished delete all","messageBody":"","fileTypesAndContributionMap":{"functional-code":{"insertions":59,"deletions":9},"test-code":{"insertions":1,"deletions":1}}},{"hash":"8e8b5a891c5c3827afcdd19d1053156fb158b351","isMergeCommit":true,"messageTitle":"Merge pull request #44 from kyrixn/master","messageBody":"improved ui and implemented delete all","fileTypesAndContributionMap":{}},{"hash":"cb9d25baec1edc70946b256eabf22ca8d8e4f91d","isMergeCommit":true,"messageTitle":"Merge pull request #46 from Zemdalk/fix-edit-index","messageBody":"Fix edit index","fileTypesAndContributionMap":{}}]},{"date":"2023-03-16","commitResults":[{"hash":"59e575cf7d86552743735d2cc2ec6f2c78ef5e03","isMergeCommit":true,"messageTitle":"Merge pull request #50 from AY2223S2-CS2113-F13-3/improve-ui","messageBody":"Improve UI merge to master","fileTypesAndContributionMap":{}},{"hash":"5c785c5ab582d0db087434cc692890524fa1ca8e","isMergeCommit":true,"messageTitle":"Merge pull request #53 from AY2223S2-CS2113-F13-3/fix-edit-index","messageBody":"Merge from fix-edit-index to master","fileTypesAndContributionMap":{}},{"hash":"d9007f85e1808be76db027dd02beb58810ffcc74","isMergeCommit":false,"messageTitle":"fixed bugs and improved UI","messageBody":"","fileTypesAndContributionMap":{"functional-code":{"insertions":21,"deletions":12}}},{"hash":"1f4333550071fdee24e2af036977e93244d02a92","isMergeCommit":false,"messageTitle":"Update Ui.java","messageBody":"","fileTypesAndContributionMap":{"functional-code":{"insertions":1,"deletions":1}}},{"hash":"f43933a5eb3bd49d363bb9d2bcd489ea07165a2f","isMergeCommit":false,"messageTitle":"tried to fix error in auto-ui-test","messageBody":"","fileTypesAndContributionMap":{"functional-code":{"insertions":1,"deletions":1}}},{"hash":"4e2f7bf559b8d4b88076a816eb74a69c9d92c0e7","isMergeCommit":true,"messageTitle":"Merge pull request #55 from kyrixn/master","messageBody":"try to do V1","fileTypesAndContributionMap":{}},{"hash":"cc94c33ace26205f0fd1a00cefab8e3bd2fd80c0","isMergeCommit":true,"messageTitle":"Merge pull request #56 from AY2223S2-CS2113-F13-3/try-merge-V1","messageBody":"Try to merge v1 to master","fileTypesAndContributionMap":{}}]},{"date":"2023-03-21","commitResults":[{"hash":"7f8b648f2a51a4a33d2ec4a37bee61dad611e917","isMergeCommit":true,"messageTitle":"Merge pull request #63 from matthew-liu-zhenjie/nusmods_feature","messageBody":"Add data representation for NUS modules","fileTypesAndContributionMap":{}}]},{"date":"2023-03-22","commitResults":[{"hash":"6aa591f755e0bc7f15f38029ea21aa6298652154","isMergeCommit":false,"messageTitle":"found bugs in editing with time and fixed them, improved the input standar so that for now only startdate is required for editing and adding event. All form of times information (w or w/o ed,st,et) should be presented correctly on UI now.","messageBody":"","fileTypesAndContributionMap":{"functional-code":{"insertions":58,"deletions":51}}},{"hash":"7523cc12fcb16742b95f89f1627fe6e42d21bf35","isMergeCommit":true,"messageTitle":"Merge branch \u0027improve-parser\u0027","messageBody":"","fileTypesAndContributionMap":{}},{"hash":"bcca30d44285dcd22011cea79eeb23de9bed42a9","isMergeCommit":true,"messageTitle":"Merge pull request #65 from matthew-liu-zhenjie/DevGuide","messageBody":"Dev guide","fileTypesAndContributionMap":{}}]},{"date":"2023-03-23","commitResults":[{"hash":"a64f687633c64d95627f38ed709260b20daced35","isMergeCommit":false,"messageTitle":"start DG","messageBody":"","fileTypesAndContributionMap":{"docs":{"insertions":11,"deletions":0}}},{"hash":"d7d7811a55d336323be05624a7945665fc308184","isMergeCommit":false,"messageTitle":"created skeleton for Schedule and replaces all Event class with Schedule","messageBody":"","fileTypesAndContributionMap":{"functional-code":{"insertions":179,"deletions":76},"test-code":{"insertions":11,"deletions":7}}}]},{"date":"2023-03-24","commitResults":[{"hash":"9c695f4995321892e7c32ee03e8776f82dc7ac45","isMergeCommit":false,"messageTitle":"implement add event with recurring time","messageBody":"","fileTypesAndContributionMap":{"functional-code":{"insertions":87,"deletions":38}}},{"hash":"a6889ef034541eb7d0c40aa63ed9cf30d8353eec","isMergeCommit":true,"messageTitle":"Merge pull request #68 from hrithie/master","messageBody":"Update DeveloperGuide.md and Creation of .puml files","fileTypesAndContributionMap":{}},{"hash":"0d858fb9176812eea7f436c51e1e34c17aca1b06","isMergeCommit":false,"messageTitle":"DG branch","messageBody":"","fileTypesAndContributionMap":{"functional-code":{"insertions":1,"deletions":0}}},{"hash":"014efd4bd815667d2c9db54bb325e26b1a3ff0d8","isMergeCommit":true,"messageTitle":"Merge branch \u0027master\u0027 of https://github.com/AY2223S2-CS2113-F13-3/tp into DG","messageBody":"","fileTypesAndContributionMap":{}},{"hash":"9acc2e4cf7ff88429d3e1b0fff0c4a3eea339433","isMergeCommit":false,"messageTitle":"start DG","messageBody":"","fileTypesAndContributionMap":{"docs":{"insertions":13,"deletions":8}}},{"hash":"16c9768aab3d262e4a57627ff4e10cbe7c51070b","isMergeCommit":false,"messageTitle":"improved code quality","messageBody":"","fileTypesAndContributionMap":{"functional-code":{"insertions":2,"deletions":1}}},{"hash":"a3f6c3d6c62ba9257a4156cb79ef4845c17b0f0d","isMergeCommit":false,"messageTitle":"added DG","messageBody":"","fileTypesAndContributionMap":{"docs":{"insertions":18,"deletions":8}}},{"hash":"c870c7ccee073ac17b245a8d48e8ced57be76fca","isMergeCommit":true,"messageTitle":"Merge branch \u0027DG\u0027 into schedule","messageBody":"","fileTypesAndContributionMap":{}},{"hash":"63373a0d96dd500a38d189a7559c453b049f9a11","isMergeCommit":true,"messageTitle":"Merge pull request #69 from kyrixn/schedule","messageBody":"Schedule","fileTypesAndContributionMap":{}},{"hash":"cfa18171500ec68a5dc2477d4e550cd2c92e0581","isMergeCommit":true,"messageTitle":"Merge pull request #70 from AY2223S2-CS2113-F13-3/schedule","messageBody":"Schedule","fileTypesAndContributionMap":{}}]},{"date":"2023-03-27","commitResults":[{"hash":"36f0022e5067eed3c9fb251faf02522c7613c6dd","isMergeCommit":false,"messageTitle":"added coverage test","messageBody":"","fileTypesAndContributionMap":{"other":{"insertions":14,"deletions":0}}},{"hash":"3c17728cecd22394b4ae8b055da63f2ba1c1d20d","isMergeCommit":true,"messageTitle":"Merge branch \u0027master\u0027 of https://github.com/AY2223S2-CS2113-F13-3/tp into schedule","messageBody":"","fileTypesAndContributionMap":{}},{"hash":"89c6b9902fa1dd58b6b203df2f2b1209c59de8c6","isMergeCommit":false,"messageTitle":"add with recurring time","messageBody":"","fileTypesAndContributionMap":{"functional-code":{"insertions":11,"deletions":3}}},{"hash":"daac770eda127b8238dc4ea378697c32e79b4872","isMergeCommit":false,"messageTitle":"added back adding recurring event and further created some functions might be used for recurring event (getNextNTimes)","messageBody":"","fileTypesAndContributionMap":{"functional-code":{"insertions":23,"deletions":5}}}]},{"date":"2023-03-28","commitResults":[{"hash":"06d3c0c66c3faa3c9767908a1e6cd7dc84554ea0","isMergeCommit":false,"messageTitle":"fixed bugs in showing recurring info","messageBody":"","fileTypesAndContributionMap":{"functional-code":{"insertions":1,"deletions":1}}},{"hash":"f41956793553fb520bfd429e3980c5df423c8b77","isMergeCommit":false,"messageTitle":"added sequential diagram in DG for EventList and added some content in UG","messageBody":"","fileTypesAndContributionMap":{"docs":{"insertions":15,"deletions":3}}},{"hash":"3a418fcb66c75498180efb9c09afaa8dbfc2d0c7","isMergeCommit":true,"messageTitle":"Merge pull request #89 from AY2223S2-CS2113-F13-3/add-edit-location","messageBody":"Create constructors related to location in `Event` and `Schedule`","fileTypesAndContributionMap":{}},{"hash":"5da0057a312292b6ac527fe95064419ce33c06b9","isMergeCommit":true,"messageTitle":"Merge pull request #90 from matthew-liu-zhenjie/StorageAPI","messageBody":"Storage API","fileTypesAndContributionMap":{}}]},{"date":"2023-03-29","commitResults":[{"hash":"f9a1be47e6b0435d13c6c14435ae16a7db3ffede","isMergeCommit":true,"messageTitle":"Merge pull request #91 from hrithie/hrithieMenon-v2.0","messageBody":"Add UML diagram for addEvent \u0026 addModules","fileTypesAndContributionMap":{}}]}],"Zemdalk":[{"date":"2023-03-03","commitResults":[{"hash":"4f181100cb09a0cb8ab5f4676d6280c53c669bbd","isMergeCommit":false,"messageTitle":"update AboutUs","messageBody":"","fileTypesAndContributionMap":{"docs":{"insertions":1,"deletions":1}}}]},{"date":"2023-03-08","commitResults":[{"hash":"de9cecc18efc00a32b7113b75e7e18e0d6276516","isMergeCommit":true,"messageTitle":"Merge branch \u0027master\u0027 of https://github.com/AY2223S2-CS2113-F13-3/tp","messageBody":"","fileTypesAndContributionMap":{}}]},{"date":"2023-03-10","commitResults":[{"hash":"adc75c4e47b76c1282111d879f8d505924443f98","isMergeCommit":true,"messageTitle":"Merge branch \u0027master\u0027 of https://github.com/AY2223S2-CS2113-F13-3/tp","messageBody":"","fileTypesAndContributionMap":{}}]},{"date":"2023-03-14","commitResults":[{"hash":"79177426f89c7ddb5a58c6df9c3b040f3d361c90","isMergeCommit":true,"messageTitle":"Merge branch \u0027master\u0027 of https://github.com/AY2223S2-CS2113-F13-3/tp","messageBody":"","fileTypesAndContributionMap":{}}]},{"date":"2023-03-15","commitResults":[{"hash":"fb7ea360e3183aee82cc2c5abed5c9f32a875109","isMergeCommit":false,"messageTitle":"Handle exceptions and implement edit function","messageBody":"Exception handled:\n1. Date/time format error\n2. Index out of bound\n3. Invalid add command format\n\nEdit implemented: immature because if you input sd only, st would be\noverwritten by \"\".\n","fileTypesAndContributionMap":{"functional-code":{"insertions":142,"deletions":71},"test-code":{"insertions":4,"deletions":3}}},{"hash":"81f7fdfe3c00806ec3d49605c37ada2d0c5df477","isMergeCommit":true,"messageTitle":"Merge branch \u0027master\u0027 of https://github.com/AY2223S2-CS2113-F13-3/tp","messageBody":"Accept current change instead of incoming change. Maybe we can discuss.\n","fileTypesAndContributionMap":{}},{"hash":"1445855f38c452c99477cd1d01fac171956f04f1","isMergeCommit":true,"messageTitle":"Merge pull request #43 from Zemdalk/master","messageBody":"Handle exception and implement edit function","fileTypesAndContributionMap":{}},{"hash":"a3c1a9326e50fd723f40b36481f6345b522c0809","isMergeCommit":false,"messageTitle":"Fix edit bug: add \"-i\"","messageBody":"","fileTypesAndContributionMap":{"functional-code":{"insertions":40,"deletions":24}}},{"hash":"7f6975e80c1a92c691a484f040bc3689df201c4d","isMergeCommit":false,"messageTitle":"Show success message for edit function","messageBody":"","fileTypesAndContributionMap":{"functional-code":{"insertions":2,"deletions":0}}}]},{"date":"2023-03-16","commitResults":[{"hash":"ad65ed5297f532b237b0102bf8c4d0767061e80c","isMergeCommit":true,"messageTitle":"Merge branch \u0027master\u0027 into fix-edit-index","messageBody":"","fileTypesAndContributionMap":{}},{"hash":"fdb10aaae89dd1b2f989544d1cec43f0a1f2f206","isMergeCommit":false,"messageTitle":"Resolve merge conflict","messageBody":"","fileTypesAndContributionMap":{"functional-code":{"insertions":7,"deletions":3}}},{"hash":"526caa52fd1cf7a845328fd374cb36a4bc038ca3","isMergeCommit":true,"messageTitle":"Merge pull request #52 from Zemdalk/fix-edit-index","messageBody":"Resolve merge conflict in #51 ","fileTypesAndContributionMap":{}},{"hash":"d50ae3ec9496fe1a6c7f3bc599040ce77352c80e","isMergeCommit":false,"messageTitle":"Make st  compulsory in edit \u0026 modify UG","messageBody":"","fileTypesAndContributionMap":{"functional-code":{"insertions":10,"deletions":6},"docs":{"insertions":6,"deletions":3}}},{"hash":"3370a7155b18cf137d7f2beceb98ab2e3e304a12","isMergeCommit":true,"messageTitle":"Merge branch \u0027st-comp-in-edit\u0027","messageBody":"","fileTypesAndContributionMap":{}}]},{"date":"2023-03-21","commitResults":[{"hash":"0b20a1c828679f784a1df001e6f47b161610d36e","isMergeCommit":true,"messageTitle":"Merge branch \u0027master\u0027 of https://github.com/AY2223S2-CS2113-F13-3/tp","messageBody":"","fileTypesAndContributionMap":{}}]},{"date":"2023-03-23","commitResults":[{"hash":"736367e1d23317d5c2ecc58d4c79806cbf710456","isMergeCommit":true,"messageTitle":"Merge branch \u0027master\u0027 of https://github.com/AY2223S2-CS2113-F13-3/tp","messageBody":"","fileTypesAndContributionMap":{}}]},{"date":"2023-03-26","commitResults":[{"hash":"c285b4c65330acfdebd164bf653889e2dcac520a","isMergeCommit":true,"messageTitle":"Merge branch \u0027master\u0027 of https://github.com/AY2223S2-CS2113-F13-3/tp","messageBody":"","fileTypesAndContributionMap":{}}]},{"date":"2023-03-27","commitResults":[{"hash":"f08360c85917a27843400a4e1d98231254225fad","isMergeCommit":false,"messageTitle":"Implement adding and editing location","messageBody":"","fileTypesAndContributionMap":{"functional-code":{"insertions":70,"deletions":5},"other":{"insertions":14,"deletions":0}}},{"hash":"608dd8f413b21bb4a919bc7740267e4256c7a6f9","isMergeCommit":false,"messageTitle":"Update UG","messageBody":"","fileTypesAndContributionMap":{"docs":{"insertions":3,"deletions":2}}}]},{"date":"2023-03-28","commitResults":[{"hash":"dd2c336793d40abafeed50dfd04e4419a0f3695d","isMergeCommit":false,"messageTitle":"remove jacoco","messageBody":"","fileTypesAndContributionMap":{"other":{"insertions":0,"deletions":14}}},{"hash":"688e1cf2f676aba3921da6e884b884fa7fe1c9cb","isMergeCommit":true,"messageTitle":"Merge pull request #77 from AY2223S2-CS2113-F13-3/add-edit-location","messageBody":"Add and edit location","fileTypesAndContributionMap":{}},{"hash":"37d921479b2ed49389d8118bba2104ff4849f929","isMergeCommit":false,"messageTitle":"add contructors related to location","messageBody":"","fileTypesAndContributionMap":{"functional-code":{"insertions":77,"deletions":0}}},{"hash":"215f1336c5c798939d4d530ca6ecd00854c0d969","isMergeCommit":true,"messageTitle":"Merge branch \u0027master\u0027 of https://github.com/AY2223S2-CS2113-F13-3/tp","messageBody":"","fileTypesAndContributionMap":{}},{"hash":"e0dd49b6c6614635202c27d724cb1054fa258229","isMergeCommit":true,"messageTitle":"Merge pull request #86 from hrithie/master","messageBody":"Fixed issue #81","fileTypesAndContributionMap":{}},{"hash":"0481e36e714be2fa8b50a34e16c2b1e4705f54cf","isMergeCommit":false,"messageTitle":"add contructors related to location","messageBody":"","fileTypesAndContributionMap":{"functional-code":{"insertions":6,"deletions":4}}},{"hash":"7360e8ef1e6db8f3aee4d11b71649e996bf0d858","isMergeCommit":true,"messageTitle":"Merge branch \u0027master\u0027 of https://github.com/AY2223S2-CS2113-F13-3/tp","messageBody":"","fileTypesAndContributionMap":{}},{"hash":"3cdfcf21c628853584003b7b43da42114a4fd438","isMergeCommit":false,"messageTitle":"add contructors related to location","messageBody":"","fileTypesAndContributionMap":{"functional-code":{"insertions":12,"deletions":11}}},{"hash":"16a47481c1b376cecf5936698305972bbdb678ea","isMergeCommit":true,"messageTitle":"Merge pull request #87 from Zemdalk/master","messageBody":"Create constructors related to location in `Event` and `Schedule`","fileTypesAndContributionMap":{}}]}]},"authorFileTypeContributionMap":{"matthew-liu-zhenjie":{"docs":293,"functional-code":989,"test-code":160,"other":1},"hrithie":{"docs":321,"functional-code":375,"test-code":7},"kyrixn":{"docs":41,"functional-code":513,"test-code":17,"other":14},"Zemdalk":{"docs":6,"functional-code":260,"test-code":3}},"authorContributionVariance":{"matthew-liu-zhenjie":13927.942,"hrithie":368416.34,"kyrixn":5820.134,"Zemdalk":2387.3438},"authorDisplayNameMap":{"matthew-liu-zhenjie":"CS2113-F13-3 MATT.. JIE","hrithie":"CS2113-F13-3 HRIT..ENON","kyrixn":"CS2113-F13-3 ZHAN..ENZE","Zemdalk":"CS2113-F13-3 LYU ..NGYU"}}
