{"authorDailyContributionsMap":{"matthew-liu-zhenjie":[{"date":"2023-03-03","commitResults":[{"hash":"875daf2caa12552dc778043b0fcc1960446a8af9","isMergeCommit":false,"messageTitle":"Update AboutUs.md","messageBody":"","fileTypesAndContributionMap":{"docs":{"insertions":7,"deletions":7}}}]},{"date":"2023-03-08","commitResults":[{"hash":"754b7eecb4976432796c3c2f1fb50374a3c54532","isMergeCommit":false,"messageTitle":"Add Parser class","messageBody":"","fileTypesAndContributionMap":{"functional-code":{"insertions":45,"deletions":0}}}]},{"date":"2023-03-09","commitResults":[{"hash":"3d4144c43668dcd52700b760bc97cb2918e1c55c","isMergeCommit":false,"messageTitle":"Add storage class","messageBody":"","fileTypesAndContributionMap":{"functional-code":{"insertions":68,"deletions":0}}},{"hash":"35afcdc9e95df3da0b6023c086964f4daf63bf28","isMergeCommit":false,"messageTitle":"Update Duke.java","messageBody":"","fileTypesAndContributionMap":{"functional-code":{"insertions":24,"deletions":10}}},{"hash":"f8d08aa9fc96ff4539da6855ac8f5508a0a09270","isMergeCommit":true,"messageTitle":"Merge pull request #12 from kyrixn/event-calss","messageBody":"Event and EventList class implementation looks good. However will need to implement exception handling later on.\r\n\r\nNote that the current date-time format must be  yyyy/MM/DD hh:mm","fileTypesAndContributionMap":{}}]},{"date":"2023-03-10","commitResults":[{"hash":"1e4b7c0ea45ff2d07f74662fecea7fe2042b81a6","isMergeCommit":true,"messageTitle":"Merge remote-tracking branch \u0027upstream/master\u0027","messageBody":"","fileTypesAndContributionMap":{}},{"hash":"ad176eae9908616dc2e4d94ba5cf68726a30aeb8","isMergeCommit":false,"messageTitle":"Update Duke.java","messageBody":"Add newline to Duke.java","fileTypesAndContributionMap":{"functional-code":{"insertions":1,"deletions":1}}},{"hash":"c38442974d8f206c1f23272fc8de8e2090f97cc8","isMergeCommit":true,"messageTitle":"Merge pull request #13 from kyrixn/event-calss","messageBody":"fixed bugs in EventList.getDetails()","fileTypesAndContributionMap":{}},{"hash":"233620e3f61ff7ef4ed041814bbe776149120c42","isMergeCommit":false,"messageTitle":"add gson to build.grade dependencies","messageBody":"","fileTypesAndContributionMap":{"other":{"insertions":2,"deletions":0}}},{"hash":"0a1af92d21573e7a1fd0916a85a7fa9bb0af2112","isMergeCommit":false,"messageTitle":"Update Storage class","messageBody":"","fileTypesAndContributionMap":{"functional-code":{"insertions":22,"deletions":20}}},{"hash":"b094e317a39a3b5b20d7e58acab3127d62e62d3b","isMergeCommit":false,"messageTitle":"Add StorageTest JUnit test","messageBody":"","fileTypesAndContributionMap":{"test-code":{"insertions":50,"deletions":0}}},{"hash":"4332727e01248ff54e27e04039008e0709c45cc8","isMergeCommit":true,"messageTitle":"Merge remote-tracking branch \u0027upstream/master\u0027","messageBody":"","fileTypesAndContributionMap":{}},{"hash":"8c8797ceeec9a260a52708a8387d4584ab2998ad","isMergeCommit":false,"messageTitle":"Update JUnit test for storage class","messageBody":"","fileTypesAndContributionMap":{"test-code":{"insertions":53,"deletions":22}}},{"hash":"45cd56edca15a4415e546dc3839806cd3693beab","isMergeCommit":false,"messageTitle":"Update Storage class","messageBody":"","fileTypesAndContributionMap":{"functional-code":{"insertions":6,"deletions":4},"test-code":{"insertions":1,"deletions":4}}},{"hash":"b8eb005a73a9a321b971d76a469527c43923fdcd","isMergeCommit":true,"messageTitle":"Merge commit \u002772d9ec21692beace4a764c0ca1f7dbc2cb045699\u0027","messageBody":"","fileTypesAndContributionMap":{}},{"hash":"94dd1b70165a8b923f9456ee057f7c9f356f2c88","isMergeCommit":false,"messageTitle":"Fix checkstyle error in Duke.java","messageBody":"","fileTypesAndContributionMap":{"functional-code":{"insertions":16,"deletions":16}}},{"hash":"797d4cb93bb3f3e2988fb41543f1f54152fc6de4","isMergeCommit":false,"messageTitle":"Update StorageTest.java","messageBody":"","fileTypesAndContributionMap":{"test-code":{"insertions":0,"deletions":3}}},{"hash":"d53889fb2d94d2200df7cd76ec6a769a1df93a2e","isMergeCommit":false,"messageTitle":"Update StorageTest.java","messageBody":"Fix checkstyle errors","fileTypesAndContributionMap":{"test-code":{"insertions":5,"deletions":5}}},{"hash":"a7da4c05448d65f7e50d66d1d2994c721a468426","isMergeCommit":false,"messageTitle":"Update Duke.java","messageBody":"Fix main function.","fileTypesAndContributionMap":{"functional-code":{"insertions":13,"deletions":2}}},{"hash":"299c094aa05f365c566e3730b66a3ef6a47a32e3","isMergeCommit":false,"messageTitle":"Update Duke.java","messageBody":"","fileTypesAndContributionMap":{"functional-code":{"insertions":1,"deletions":1}}}]}],"hrithie":[{"date":"2023-03-03","commitResults":[{"hash":"4c5c11f32e355eb53e1cb1ffd78d2e8836446b7d","isMergeCommit":false,"messageTitle":"Update AboutUs.md","messageBody":"Added\n","fileTypesAndContributionMap":{"docs":{"insertions":7,"deletions":7}}}]},{"date":"2023-03-10","commitResults":[{"hash":"7640bb76760e1c72027a3e3294dfe3228453e9db","isMergeCommit":true,"messageTitle":"Merge branch \u0027master\u0027 into master","messageBody":"","fileTypesAndContributionMap":{}},{"hash":"72d9ec21692beace4a764c0ca1f7dbc2cb045699","isMergeCommit":true,"messageTitle":"Merge pull request #14 from hrithie/master","messageBody":"Update AboutUs.md","fileTypesAndContributionMap":{}},{"hash":"babf4c2064af5527a28d0498caea7964a446eb0b","isMergeCommit":false,"messageTitle":"Update About Us","messageBody":"","fileTypesAndContributionMap":{"docs":{"insertions":7,"deletions":7}}},{"hash":"4a36d11670bae004492e4185697c562a8c1442e7","isMergeCommit":true,"messageTitle":"Merge branch \u0027master\u0027 into hrithieMenon-AboutUs","messageBody":"","fileTypesAndContributionMap":{}},{"hash":"224d5fd016ba6e018352781c40c698caa6807e2f","isMergeCommit":true,"messageTitle":"Merge pull request #15 from hrithie/hrithieMenon-AboutUs","messageBody":"Update About Us","fileTypesAndContributionMap":{}},{"hash":"460df9cdf8b3a4b9b9ff18d7b450b26cab79c013","isMergeCommit":true,"messageTitle":"Merge pull request #20 from matthew-liu-zhenjie/master","messageBody":"Add Storage class and StorageTest JUnit test","fileTypesAndContributionMap":{}}]}],"kyrixn":[{"date":"2023-03-03","commitResults":[{"hash":"bace5a8a5725530c6b597ca39e0d9cba44ac8b94","isMergeCommit":false,"messageTitle":"Update README.md","messageBody":"","fileTypesAndContributionMap":{"docs":{"insertions":1,"deletions":1}}},{"hash":"ad6f944a08b862663f5a3c9577567cae5061028d","isMergeCommit":true,"messageTitle":"Merge pull request #1 from matthew-liu-zhenjie/matthewLiu-AboutUs","messageBody":"Update AboutUs.md","fileTypesAndContributionMap":{}}]},{"date":"2023-03-08","commitResults":[{"hash":"3c741e1265ccb8c8352076b070d530334bf7aff1","isMergeCommit":true,"messageTitle":"Merge pull request #3 from matthew-liu-zhenjie/master","messageBody":"Add Parser class","fileTypesAndContributionMap":{}}]},{"date":"2023-03-09","commitResults":[{"hash":"ccb7dd9316a533dea727cfe88a1aed79961b40e0","isMergeCommit":false,"messageTitle":"first version of Event","messageBody":"","fileTypesAndContributionMap":{"functional-code":{"insertions":43,"deletions":0}}},{"hash":"5e369e2e2da1dbaa1e54488b0fe3b01f1b9bcb14","isMergeCommit":false,"messageTitle":"first version of Event","messageBody":"","fileTypesAndContributionMap":{"functional-code":{"insertions":2,"deletions":3}}},{"hash":"4138f9ba68c06e50b60b0897039e4223dd301391","isMergeCommit":false,"messageTitle":"finished eventlist function instead of revision","messageBody":"","fileTypesAndContributionMap":{"functional-code":{"insertions":74,"deletions":5}}},{"hash":"c6bafdbe076c79b441bccc964db2d10947a28863","isMergeCommit":false,"messageTitle":"fixed bugs, still haven\u0027t finished revise time","messageBody":"","fileTypesAndContributionMap":{"functional-code":{"insertions":88,"deletions":51}}},{"hash":"cbfa825145e4a8879609af5624456d98b726d3da","isMergeCommit":false,"messageTitle":"imporved style","messageBody":"","fileTypesAndContributionMap":{"functional-code":{"insertions":19,"deletions":8}}},{"hash":"47e106b90f4fc397152bd078bb1b8db7e0f7bfd9","isMergeCommit":false,"messageTitle":"revised getTime func","messageBody":"","fileTypesAndContributionMap":{"functional-code":{"insertions":11,"deletions":3}}},{"hash":"0f6edaf3c5d24e59980471180c567d78ced02da7","isMergeCommit":false,"messageTitle":"add some comments","messageBody":"","fileTypesAndContributionMap":{"functional-code":{"insertions":15,"deletions":1}}}]},{"date":"2023-03-10","commitResults":[{"hash":"e06f9d07549d3fec216863a0a00aa41b5cf78e94","isMergeCommit":false,"messageTitle":"fixed bugs in EventList.getDetails()","messageBody":"","fileTypesAndContributionMap":{"functional-code":{"insertions":8,"deletions":8}}}]},{"date":"2023-03-11","commitResults":[{"hash":"3993b81021af4b5fa4302d8d3ccbaa75006a73af","isMergeCommit":true,"messageTitle":"Merge pull request #23 from AY2223S2-CS2113-F13-3/Storage","messageBody":"Merge Storage to master","fileTypesAndContributionMap":{}}]}],"Zemdalk":[]},"authorFileTypeContributionMap":{"matthew-liu-zhenjie":{"docs":0,"functional-code":116,"test-code":75,"other":2},"hrithie":{"docs":2,"functional-code":0,"test-code":0},"kyrixn":{"docs":1,"functional-code":219,"test-code":0},"Zemdalk":{"docs":0,"functional-code":0,"test-code":0}},"authorContributionVariance":{"matthew-liu-zhenjie":2906.7788,"hrithie":15.561438,"kyrixn":4327.535,"Zemdalk":0.0},"authorDisplayNameMap":{"matthew-liu-zhenjie":"CS2113-F13-3 MATT.. JIE","hrithie":"CS2113-F13-3 HRIT..ENON","kyrixn":"CS2113-F13-3 ZHAN..ENZE","Zemdalk":"CS2113-F13-3 LYU ..NGYU"}}
