{"authorDailyContributionsMap":{"ChongQiRong":[{"date":"2023-03-02","commitResults":[{"hash":"89120a0196382f932650d5c8478d645b67fd8dc6","isMergeCommit":false,"messageTitle":"Update AboutUs","messageBody":"","fileTypesAndContributionMap":{"docs":{"insertions":3,"deletions":7}}},{"hash":"66500ece1237630443380dd4e605e9cfe9c0e51a","isMergeCommit":false,"messageTitle":"Update .md under teams","messageBody":"","fileTypesAndContributionMap":{"docs":{"insertions":1,"deletions":1}}},{"hash":"71dcec30fe40df7a6c810d4fb05cb9e7a515e182","isMergeCommit":true,"messageTitle":"Merge remote-tracking branch \u0027tpRepo/master\u0027 into Edit-AboutUs","messageBody":"# Conflicts:\n#\tdocs/AboutUs.md\n#\tdocs/team/benjaminpoh.md\n#\tdocs/team/johndoe.md\n#\tdocs/team/qirong.md\n","fileTypesAndContributionMap":{}},{"hash":"79aa0dd1e2c9dafe9770844949cfd1d2619cae11","isMergeCommit":true,"messageTitle":"Merge pull request #2 from ChongQiRong/Edit-AboutUs","messageBody":"Update AboutUs","fileTypesAndContributionMap":{}}]},{"date":"2023-03-06","commitResults":[{"hash":"fef6058db65e4c80947e06e9a9722a8d5fdc5621","isMergeCommit":false,"messageTitle":"Edit name from Duke to rainyDay","messageBody":"","fileTypesAndContributionMap":{"functional-code":{"insertions":13,"deletions":21},"other":{"insertions":2,"deletions":2}}},{"hash":"313fe67830ad73263dd0bb5f134fe676d91e83ce","isMergeCommit":false,"messageTitle":"Edit gradle and expected txt files","messageBody":"","fileTypesAndContributionMap":{"other":{"insertions":1,"deletions":1}}},{"hash":"a6e295b61a7e0965a4ab6a722f1358a06c6ce118","isMergeCommit":true,"messageTitle":"Merge pull request #6 from ChongQiRong/changeName","messageBody":"Edit name from Duke to rainyDay","fileTypesAndContributionMap":{}}]}],"KN-CY":[{"date":"2023-03-02","commitResults":[{"hash":"8efba72ecd8b60e34f26aaae488b1cc9335bfb2d","isMergeCommit":false,"messageTitle":"Update AboutUs.md","messageBody":"","fileTypesAndContributionMap":{"docs":{"insertions":4,"deletions":7}}},{"hash":"c4e490eaa6c64ad58786bd14536af688ea8887d7","isMergeCommit":false,"messageTitle":"Create kaemonng.md","messageBody":"","fileTypesAndContributionMap":{"docs":{"insertions":1,"deletions":1}}},{"hash":"10fff03ec95f0466961eab0d3e022520af7d5c46","isMergeCommit":true,"messageTitle":"Merge remote-tracking branch \u0027tpRepo/master\u0027 into Edit-aboutme","messageBody":"# Conflicts:\n#\tdocs/AboutUs.md\n#\tdocs/team/johndoe.md\n#\tdocs/team/kaemonng.md\n#\tdocs/team/lilin.md\n","fileTypesAndContributionMap":{}},{"hash":"b40e59293e9b42ae235d06884d3d5aafe0073461","isMergeCommit":true,"messageTitle":"Merge pull request #3 from KN-CY/Edit-aboutme","messageBody":"Update AboutUs.md","fileTypesAndContributionMap":{}}]}],"azriellee":[{"date":"2023-03-02","commitResults":[{"hash":"6b4db11bc42aafb4c4d691af8ce6facb78ea936f","isMergeCommit":false,"messageTitle":"update AboutUs \u0026 my own .md file","messageBody":"","fileTypesAndContributionMap":{"docs":{"insertions":5,"deletions":8}}},{"hash":"bb45f5fd4ca3108050d245d1f5b8cb72ff02ee60","isMergeCommit":true,"messageTitle":"Merge remote-tracking branch \u0027tprepo/master\u0027 into azrielBranch","messageBody":"# Conflicts:\n#\tdocs/AboutUs.md\n#\tdocs/team/azriellee.md\n#\tdocs/team/johndoe.md\n#\tdocs/team/lilin.md\n","fileTypesAndContributionMap":{}},{"hash":"47dd0d1232d2fced97765a6a88006f698709d856","isMergeCommit":true,"messageTitle":"Merge pull request #4 from azriellee/azrielBranch","messageBody":"update AboutUs \u0026 my own .md file","fileTypesAndContributionMap":{}}]}],"BenjaminPoh":[{"date":"2023-03-02","commitResults":[{"hash":"5f770939c68adbc8acc2518e7d91b153a678f32d","isMergeCommit":false,"messageTitle":"Update README.md","messageBody":"","fileTypesAndContributionMap":{"docs":{"insertions":1,"deletions":1}}},{"hash":"fb236d1607a638cd3ae38210d0262fe17162324e","isMergeCommit":false,"messageTitle":"Update README.md","messageBody":"","fileTypesAndContributionMap":{"docs":{"insertions":1,"deletions":1}}},{"hash":"3a03ddb9a8aaf5588d3ca591396305b9197016d7","isMergeCommit":false,"messageTitle":"Update AboutUs.md","messageBody":"","fileTypesAndContributionMap":{"docs":{"insertions":3,"deletions":7}}},{"hash":"b5b6e860b9d9ff2087576b81c48edf9406828497","isMergeCommit":false,"messageTitle":"Update .md under teams","messageBody":"","fileTypesAndContributionMap":{"docs":{"insertions":1,"deletions":1}}},{"hash":"225aa654381ffd4d4443a35271573b7e5d804b5d","isMergeCommit":true,"messageTitle":"Merge pull request #1 from BenjaminPoh/Edit-aboutme","messageBody":"Edit aboutme","fileTypesAndContributionMap":{}}]}],"lil1n":[{"date":"2023-03-02","commitResults":[{"hash":"775eb721a32ee3d229588e10cfa9527882aa3b7e","isMergeCommit":false,"messageTitle":"Update AboutUs.md","messageBody":"","fileTypesAndContributionMap":{"docs":{"insertions":3,"deletions":7}}},{"hash":"456840accb343a08ad9634567545620494e8d0de","isMergeCommit":false,"messageTitle":"Fix typo in AboutUs.md","messageBody":"","fileTypesAndContributionMap":{"docs":{"insertions":1,"deletions":1}}},{"hash":"7c1c0ea0a3b441049a733ba6062711d578a24de2","isMergeCommit":false,"messageTitle":"Update .md under team","messageBody":"","fileTypesAndContributionMap":{"docs":{"insertions":1,"deletions":1}}},{"hash":"7631990dc74b2bdad59930722c39b448cfac5e7f","isMergeCommit":true,"messageTitle":"Merge remote-tracking branch \u0027tp-repo/master\u0027 into LiLin-AboutUs","messageBody":"# Conflicts:\n#\tdocs/AboutUs.md\n#\tdocs/team/johndoe.md\n#\tdocs/team/lilin.md\n#\tdocs/team/qirong.md\n","fileTypesAndContributionMap":{}},{"hash":"43252bafa47d6e736252c000d4c06047a2b6855a","isMergeCommit":true,"messageTitle":"Merge pull request #5 from lil1n/LiLin-AboutUs","messageBody":"Li lin about us","fileTypesAndContributionMap":{}}]},{"date":"2023-03-08","commitResults":[{"hash":"280ef47af46950967c5851ad23c7f5bdad0495dd","isMergeCommit":false,"messageTitle":"add FinancialStatement class","messageBody":"","fileTypesAndContributionMap":{"functional-code":{"insertions":52,"deletions":0}}},{"hash":"799aad0ef672518f122b9f79c3875102fe867f3f","isMergeCommit":false,"messageTitle":"Add FlowDirection enum class","messageBody":"","fileTypesAndContributionMap":{"functional-code":{"insertions":6,"deletions":0}}},{"hash":"045d91dffeb37d4f50782562465f49e069f2db3c","isMergeCommit":true,"messageTitle":"Merge pull request #18 from lil1n/financialStatement-Class","messageBody":"Add FinancialStatement class","fileTypesAndContributionMap":{}},{"hash":"c11c86f406bc1044f0b93d84eb27b9aeeda5d9dd","isMergeCommit":false,"messageTitle":"add generateReport method","messageBody":"","fileTypesAndContributionMap":{"functional-code":{"insertions":28,"deletions":0}}},{"hash":"1ed430b2cd4fb45d71f5e760252812097092e3df","isMergeCommit":true,"messageTitle":"Merge pull request #19 from lil1n/branch-generateReport","messageBody":"add generateReport method","fileTypesAndContributionMap":{}},{"hash":"07981d3fe3b8eda1aa121595fe3f8308948a37a5","isMergeCommit":false,"messageTitle":"add deleteFinancialStatement method","messageBody":"","fileTypesAndContributionMap":{"functional-code":{"insertions":8,"deletions":0}}},{"hash":"9a6286ae5b0a30050f9dc45b582db74d15c13ca6","isMergeCommit":true,"messageTitle":"Merge pull request #20 from lil1n/branch-deleteEntry","messageBody":"add deleteFinancialStatement method","fileTypesAndContributionMap":{}},{"hash":"818cbfd41d0316c7d9b83fd1c19aecd4092844a9","isMergeCommit":false,"messageTitle":"add addFinancialStatement method","messageBody":"","fileTypesAndContributionMap":{"functional-code":{"insertions":7,"deletions":0}}}]},{"date":"2023-03-09","commitResults":[{"hash":"370c95ef2bf0686e4f56758cb3281509c009a0ea","isMergeCommit":true,"messageTitle":"Merge pull request #21 from lil1n/branch-addEntry","messageBody":"add addFinancialStatement method","fileTypesAndContributionMap":{}}]}]},"authorFileTypeContributionMap":{"ChongQiRong":{"docs":2,"functional-code":13,"test-code":2,"other":1},"KN-CY":{"docs":4,"functional-code":0,"test-code":0},"azriellee":{"docs":2,"functional-code":0,"test-code":0},"BenjaminPoh":{"docs":4,"functional-code":0,"test-code":0},"lil1n":{"docs":2,"functional-code":101,"test-code":0}},"authorContributionVariance":{"ChongQiRong":76.9161,"KN-CY":7.664401,"azriellee":7.664401,"BenjaminPoh":11.60998,"lil1n":465.1066},"authorDisplayNameMap":{"ChongQiRong":"CS2113T-T09-1 CHON..RONG","KN-CY":"CS2113T-T09-1 KAEM..NGYU","azriellee":"CS2113T-T09-1 LEE ..RIEL","BenjaminPoh":"CS2113T-T09-1 POH ..AMIN","lil1n":"CS2113T-T09-1 ONG .. LIN"}}
