{"authorDailyContributionsMap":{"ChongQiRong":[{"date":"2023-03-02","commitResults":[{"hash":"89120a0196382f932650d5c8478d645b67fd8dc6","messageTitle":"Update AboutUs","messageBody":"","fileTypesAndContributionMap":{"docs":{"insertions":3,"deletions":7}}},{"hash":"66500ece1237630443380dd4e605e9cfe9c0e51a","messageTitle":"Update .md under teams","messageBody":"","fileTypesAndContributionMap":{"docs":{"insertions":1,"deletions":1}}}]}],"KN-CY":[{"date":"2023-03-02","commitResults":[{"hash":"8efba72ecd8b60e34f26aaae488b1cc9335bfb2d","messageTitle":"Update AboutUs.md","messageBody":"","fileTypesAndContributionMap":{"docs":{"insertions":4,"deletions":7}}},{"hash":"c4e490eaa6c64ad58786bd14536af688ea8887d7","messageTitle":"Create kaemonng.md","messageBody":"","fileTypesAndContributionMap":{"docs":{"insertions":1,"deletions":1}}}]}],"azriellee":[{"date":"2023-03-02","commitResults":[{"hash":"6b4db11bc42aafb4c4d691af8ce6facb78ea936f","messageTitle":"update AboutUs \u0026 my own .md file","messageBody":"","fileTypesAndContributionMap":{"docs":{"insertions":5,"deletions":8}}}]}],"BenjaminPoh":[{"date":"2023-03-02","commitResults":[{"hash":"5f770939c68adbc8acc2518e7d91b153a678f32d","messageTitle":"Update README.md","messageBody":"","fileTypesAndContributionMap":{"docs":{"insertions":1,"deletions":1}}},{"hash":"fb236d1607a638cd3ae38210d0262fe17162324e","messageTitle":"Update README.md","messageBody":"","fileTypesAndContributionMap":{"docs":{"insertions":1,"deletions":1}}},{"hash":"3a03ddb9a8aaf5588d3ca591396305b9197016d7","messageTitle":"Update AboutUs.md","messageBody":"","fileTypesAndContributionMap":{"docs":{"insertions":3,"deletions":7}}},{"hash":"b5b6e860b9d9ff2087576b81c48edf9406828497","messageTitle":"Update .md under teams","messageBody":"","fileTypesAndContributionMap":{"docs":{"insertions":1,"deletions":1}}}]}],"lil1n":[{"date":"2023-03-02","commitResults":[{"hash":"775eb721a32ee3d229588e10cfa9527882aa3b7e","messageTitle":"Update AboutUs.md","messageBody":"","fileTypesAndContributionMap":{"docs":{"insertions":3,"deletions":7}}},{"hash":"456840accb343a08ad9634567545620494e8d0de","messageTitle":"Fix typo in AboutUs.md","messageBody":"","fileTypesAndContributionMap":{"docs":{"insertions":1,"deletions":1}}},{"hash":"7c1c0ea0a3b441049a733ba6062711d578a24de2","messageTitle":"Update .md under team","messageBody":"","fileTypesAndContributionMap":{"docs":{"insertions":1,"deletions":1}}}]}]},"authorFileTypeContributionMap":{"ChongQiRong":{"docs":2,"functional-code":0,"test-code":0},"KN-CY":{"docs":4,"functional-code":0,"test-code":0},"azriellee":{"docs":2,"functional-code":0,"test-code":0},"BenjaminPoh":{"docs":4,"functional-code":0,"test-code":0},"lil1n":{"docs":2,"functional-code":0,"test-code":0}},"authorContributionVariance":{"ChongQiRong":9.551021,"KN-CY":11.209183,"azriellee":11.209183,"BenjaminPoh":16.979591,"lil1n":13.0},"authorDisplayNameMap":{"ChongQiRong":"CS2113T-T09-1 CHON..RONG","KN-CY":"CS2113T-T09-1 KAEM..NGYU","azriellee":"CS2113T-T09-1 LEE ..RIEL","BenjaminPoh":"CS2113T-T09-1 POH ..AMIN","lil1n":"CS2113T-T09-1 ONG .. LIN"}}
