{"authorDailyContributionsMap":{"ChongQiRong":[{"date":"2023-03-02","commitResults":[{"hash":"89120a0196382f932650d5c8478d645b67fd8dc6","isMergeCommit":false,"messageTitle":"Update AboutUs","messageBody":"","fileTypesAndContributionMap":{"docs":{"insertions":3,"deletions":7}}},{"hash":"66500ece1237630443380dd4e605e9cfe9c0e51a","isMergeCommit":false,"messageTitle":"Update .md under teams","messageBody":"","fileTypesAndContributionMap":{"docs":{"insertions":1,"deletions":1}}},{"hash":"71dcec30fe40df7a6c810d4fb05cb9e7a515e182","isMergeCommit":true,"messageTitle":"Merge remote-tracking branch \u0027tpRepo/master\u0027 into Edit-AboutUs","messageBody":"# Conflicts:\n#\tdocs/AboutUs.md\n#\tdocs/team/benjaminpoh.md\n#\tdocs/team/johndoe.md\n#\tdocs/team/qirong.md\n","fileTypesAndContributionMap":{}},{"hash":"79aa0dd1e2c9dafe9770844949cfd1d2619cae11","isMergeCommit":true,"messageTitle":"Merge pull request #2 from ChongQiRong/Edit-AboutUs","messageBody":"Update AboutUs","fileTypesAndContributionMap":{}}]},{"date":"2023-03-06","commitResults":[{"hash":"fef6058db65e4c80947e06e9a9722a8d5fdc5621","isMergeCommit":false,"messageTitle":"Edit name from Duke to rainyDay","messageBody":"","fileTypesAndContributionMap":{"functional-code":{"insertions":13,"deletions":21},"other":{"insertions":2,"deletions":2}}},{"hash":"313fe67830ad73263dd0bb5f134fe676d91e83ce","isMergeCommit":false,"messageTitle":"Edit gradle and expected txt files","messageBody":"","fileTypesAndContributionMap":{"other":{"insertions":1,"deletions":1}}},{"hash":"a6e295b61a7e0965a4ab6a722f1358a06c6ce118","isMergeCommit":true,"messageTitle":"Merge pull request #6 from ChongQiRong/changeName","messageBody":"Edit name from Duke to rainyDay","fileTypesAndContributionMap":{}}]},{"date":"2023-03-09","commitResults":[{"hash":"179cd9430df54cf545bff67298c2e5d92d1609ff","isMergeCommit":true,"messageTitle":"Merge branch \u0027master\u0027 into writeToFile","messageBody":"","fileTypesAndContributionMap":{}},{"hash":"c90f60e4bbda40448d4395bf942a1b85b2e791ed","isMergeCommit":true,"messageTitle":"Merge branch \u0027master\u0027 into writeToFile","messageBody":"","fileTypesAndContributionMap":{}},{"hash":"9d346ed71163684d1e43850f41ebdb3d5bf3f171","isMergeCommit":false,"messageTitle":"Implement save function","messageBody":"","fileTypesAndContributionMap":{"functional-code":{"insertions":23,"deletions":1},"test-code":{"insertions":2,"deletions":0}}},{"hash":"4ae098ade8f6f3eceab75f4c959c6d024d5e8157","isMergeCommit":false,"messageTitle":"Change formatting for array declaration","messageBody":"","fileTypesAndContributionMap":{"functional-code":{"insertions":4,"deletions":4}}},{"hash":"452847b7e2e951505cdd3fac6c695e89fc98cacb","isMergeCommit":false,"messageTitle":"Edit EXPECTED.TXT and input.txt","messageBody":"","fileTypesAndContributionMap":{"functional-code":{"insertions":0,"deletions":1}}},{"hash":"b8796dfcb14b9b761dc21d3e5a80ae1e00b2c803","isMergeCommit":true,"messageTitle":"Merge branch \u0027master\u0027 into writeToFile","messageBody":"# Conflicts:\n#\tsrc/main/java/seedu/rainyDay/rainyDay.java\n","fileTypesAndContributionMap":{}},{"hash":"df3d0531801f6928b01dba57de15bbea7ade27ef","isMergeCommit":true,"messageTitle":"Merge pull request #34 from ChongQiRong/writeToFile","messageBody":"Implement save function","fileTypesAndContributionMap":{}},{"hash":"dc22f371ab75bec1c8d55a5f4d0a621e02b2e2cb","isMergeCommit":false,"messageTitle":"Add JUnit Testing for writeToFile Function","messageBody":"","fileTypesAndContributionMap":{"test-code":{"insertions":29,"deletions":2}}},{"hash":"9cde211a3a8a0101f042b33555cd4e5d7dc3c0ad","isMergeCommit":false,"messageTitle":"Pass financial report as a variable for generateReport method","messageBody":"","fileTypesAndContributionMap":{"functional-code":{"insertions":2,"deletions":2}}},{"hash":"ce8fe881da5133e095131ba6a028c364361f8703","isMergeCommit":true,"messageTitle":"Merge branch \u0027master\u0027 into branch-JUnitTestForWriteToFile","messageBody":"# Conflicts:\n#\tsrc/test/java/seedu/rainyDay/rainyDayTest.java\n","fileTypesAndContributionMap":{}},{"hash":"33361ed3385f610a14907bbecfa313b162615c7a","isMergeCommit":true,"messageTitle":"Merge pull request #40 from ChongQiRong/branch-JUnitTestForWriteToFile","messageBody":"Add Junit testing for writeToFile","fileTypesAndContributionMap":{}}]},{"date":"2023-03-10","commitResults":[{"hash":"02f18a4832371d18c49047b7c51f5f9da941bfa6","isMergeCommit":true,"messageTitle":"Merge branch \u0027master\u0027 of https://github.com/AY2223S2-CS2113T-T09-1/tp","messageBody":"","fileTypesAndContributionMap":{}},{"hash":"598e59f7aa15e7f34eee7f944cd0bab3e46328a1","isMergeCommit":true,"messageTitle":"Merge branch \u0027master\u0027 of https://github.com/AY2223S2-CS2113T-T09-1/tp","messageBody":"","fileTypesAndContributionMap":{}},{"hash":"562252b32589d92a163e640a5cba7c8fbd4eec15","isMergeCommit":true,"messageTitle":"Merge branch \u0027master\u0027 of https://github.com/AY2223S2-CS2113T-T09-1/tp","messageBody":"","fileTypesAndContributionMap":{}}]},{"date":"2023-03-13","commitResults":[{"hash":"ea9fe3c2a69d014c133feeefafc0e18952fe9e82","isMergeCommit":true,"messageTitle":"Merge branch \u0027master\u0027 of https://github.com/AY2223S2-CS2113T-T09-1/tp","messageBody":"","fileTypesAndContributionMap":{}},{"hash":"56db76c621592c9adfcb9156a6c7e5b4e21274a2","isMergeCommit":false,"messageTitle":"Refactor Storage and UI in package","messageBody":"","fileTypesAndContributionMap":{"functional-code":{"insertions":12,"deletions":11},"other":{"insertions":2,"deletions":2},"test-code":{"insertions":5,"deletions":5}}},{"hash":"8274f6fff837dae4b5764aeed77e9f017e3ed0c5","isMergeCommit":false,"messageTitle":"Replace single line imports with multi-line imports","messageBody":"","fileTypesAndContributionMap":{"test-code":{"insertions":6,"deletions":4}}},{"hash":"04f1782c2381783ccaa72be90a41d48066dd6e40","isMergeCommit":false,"messageTitle":"Remove CommandTest out of package","messageBody":"","fileTypesAndContributionMap":{"other":{"insertions":2,"deletions":2}}},{"hash":"b6f48a2e7e9fee229ec3b23874e176a4cffd7b2d","isMergeCommit":true,"messageTitle":"Merge branch \u0027master\u0027 of https://github.com/AY2223S2-CS2113T-T09-1/tp","messageBody":"","fileTypesAndContributionMap":{}},{"hash":"9075f9f3840f8169152a17d4a3d9a45069ee5cb0","isMergeCommit":true,"messageTitle":"Merge branch \u0027master\u0027 into ImproveOOP","messageBody":"# Conflicts:\n#\tsrc/main/java/seedu/rainyDay/RainyDay.java\n","fileTypesAndContributionMap":{}},{"hash":"1d3c68198c2fbc6cd9b2d00389304fcf684aba43","isMergeCommit":false,"messageTitle":"Replace single line import with multiline","messageBody":"","fileTypesAndContributionMap":{"test-code":{"insertions":1,"deletions":1}}},{"hash":"23e53061ab328d56c08cc173bddfd82d085bef65","isMergeCommit":false,"messageTitle":"Fix parserTest","messageBody":"","fileTypesAndContributionMap":{"test-code":{"insertions":6,"deletions":5}}},{"hash":"388ba7961342f475cc9ae7e995d52de0033dbb47","isMergeCommit":false,"messageTitle":"Fix parserTest","messageBody":"","fileTypesAndContributionMap":{"test-code":{"insertions":3,"deletions":7}}},{"hash":"2f627f1ff3084855de5709a180a6b5196db488e5","isMergeCommit":true,"messageTitle":"Merge pull request #64 from ChongQiRong/ImproveOOP","messageBody":"Improve OOP","fileTypesAndContributionMap":{}}]},{"date":"2023-03-14","commitResults":[{"hash":"3588399aed323e85ce64b8d7b069b1a4ec001ba7","isMergeCommit":false,"messageTitle":"Refactor commands into individual classes","messageBody":"","fileTypesAndContributionMap":{"functional-code":{"insertions":103,"deletions":53}}},{"hash":"1961eb303809e72b7804b8d97ad7d9c1f9b5f87c","isMergeCommit":false,"messageTitle":"Create exception class and ErrorMessage enum class","messageBody":"","fileTypesAndContributionMap":{"functional-code":{"insertions":22,"deletions":4}}},{"hash":"5aa1e20fae26fb378fbc559f3416040f63e2a5e2","isMergeCommit":false,"messageTitle":"Fixed Junit test after refactoring commands into classes","messageBody":"","fileTypesAndContributionMap":{"test-code":{"insertions":14,"deletions":12}}},{"hash":"b1259a8453d2587bc6eee6a7bd3a31fc2d41f52f","isMergeCommit":false,"messageTitle":"Fix line indentation for Parser and suppress warning for Storage class","messageBody":"","fileTypesAndContributionMap":{"functional-code":{"insertions":3,"deletions":2}}},{"hash":"59f0f83f824322ba2a0536c1760a1ddb6503ebd3","isMergeCommit":false,"messageTitle":"Fix indentation","messageBody":"","fileTypesAndContributionMap":{"functional-code":{"insertions":2,"deletions":2}}},{"hash":"d6d54a732d41ec1c066a84db59d15936909bbbd6","isMergeCommit":true,"messageTitle":"Merge pull request #69 from ChongQiRong/RefactorCommands","messageBody":"Refactor commands","fileTypesAndContributionMap":{}},{"hash":"4ea175508964b65bb608b2f2a9e9ab80eccf1224","isMergeCommit":false,"messageTitle":"Add Logger to RainyDay","messageBody":"","fileTypesAndContributionMap":{"functional-code":{"insertions":12,"deletions":1}}},{"hash":"18e6bfb4dc2ea60aed48c3bf549eea6f6269a0f3","isMergeCommit":true,"messageTitle":"Merge pull request #73 from ChongQiRong/Logging","messageBody":"Add Logger to RainyDay","fileTypesAndContributionMap":{}},{"hash":"e0797f0ff83bad26b420d066937c261456cfa9d7","isMergeCommit":false,"messageTitle":"Add assertion for run method in RainyDay.java","messageBody":"","fileTypesAndContributionMap":{"functional-code":{"insertions":1,"deletions":0}}},{"hash":"d77e587187da7cce7302818ad0eb8926092faf6a","isMergeCommit":false,"messageTitle":"Replace \u003d\u003d with !\u003d in assert statement in run method","messageBody":"","fileTypesAndContributionMap":{"functional-code":{"insertions":1,"deletions":1}}},{"hash":"629ef7db550c371c0da01ac20bb2c0f93dc0fa87","isMergeCommit":true,"messageTitle":"Merge pull request #76 from ChongQiRong/JavaAssert","messageBody":"Add assertion for run method in RainyDay.java","fileTypesAndContributionMap":{}}]},{"date":"2023-03-15","commitResults":[{"hash":"1fec7a4ca53fe82d1dca7d5ad98388f80fcae73f","isMergeCommit":false,"messageTitle":"Setup logger for Rainyday","messageBody":"","fileTypesAndContributionMap":{"functional-code":{"insertions":15,"deletions":1}}},{"hash":"be95f13995e06ca3483cd32813c0cc7dd42b90e7","isMergeCommit":false,"messageTitle":"Change declaration order","messageBody":"","fileTypesAndContributionMap":{"functional-code":{"insertions":11,"deletions":11}}},{"hash":"2241f9f237e7d04aaf8de73b35958e4816e0f4d9","isMergeCommit":false,"messageTitle":"Remove assert false statement causing bug","messageBody":"","fileTypesAndContributionMap":{"functional-code":{"insertions":0,"deletions":1}}}]},{"date":"2023-03-17","commitResults":[{"hash":"96549c5d242876c664de4070d97fab1bd5adbb64","isMergeCommit":true,"messageTitle":"Merge pull request #115 from BenjaminPoh/CategoryFeature","messageBody":"Category feature","fileTypesAndContributionMap":{}}]},{"date":"2023-03-18","commitResults":[{"hash":"43e7665c9cebbd1c508ec6052dbccb483ce091b1","isMergeCommit":true,"messageTitle":"Merge pull request #119 from KN-CY/fix-savename","messageBody":"Fix savename","fileTypesAndContributionMap":{}}]}],"KN-CY":[{"date":"2023-03-02","commitResults":[{"hash":"8efba72ecd8b60e34f26aaae488b1cc9335bfb2d","isMergeCommit":false,"messageTitle":"Update AboutUs.md","messageBody":"","fileTypesAndContributionMap":{"docs":{"insertions":4,"deletions":7}}},{"hash":"c4e490eaa6c64ad58786bd14536af688ea8887d7","isMergeCommit":false,"messageTitle":"Create kaemonng.md","messageBody":"","fileTypesAndContributionMap":{"docs":{"insertions":1,"deletions":1}}},{"hash":"10fff03ec95f0466961eab0d3e022520af7d5c46","isMergeCommit":true,"messageTitle":"Merge remote-tracking branch \u0027tpRepo/master\u0027 into Edit-aboutme","messageBody":"# Conflicts:\n#\tdocs/AboutUs.md\n#\tdocs/team/johndoe.md\n#\tdocs/team/kaemonng.md\n#\tdocs/team/lilin.md\n","fileTypesAndContributionMap":{}},{"hash":"b40e59293e9b42ae235d06884d3d5aafe0073461","isMergeCommit":true,"messageTitle":"Merge pull request #3 from KN-CY/Edit-aboutme","messageBody":"Update AboutUs.md","fileTypesAndContributionMap":{}}]},{"date":"2023-03-09","commitResults":[{"hash":"e7f6b2cbd41b92aafe3556a1f085d1ada4879a95","isMergeCommit":false,"messageTitle":"Add load from file feature","messageBody":"","fileTypesAndContributionMap":{"functional-code":{"insertions":23,"deletions":1}}},{"hash":"9c6785df38cfa3b8e292d61ceada56a4ee426cca","isMergeCommit":false,"messageTitle":"Refactor loadFromFile method","messageBody":"","fileTypesAndContributionMap":{"functional-code":{"insertions":1,"deletions":5}}},{"hash":"24d418fcfd011834246beaf68e40eaf41565919b","isMergeCommit":true,"messageTitle":"Merge pull request #43 from KN-CY/add-loadFile","messageBody":"Add load file","fileTypesAndContributionMap":{}},{"hash":"2a611198b73dc2e2db552b19842347e26be00fa4","isMergeCommit":false,"messageTitle":"Refactor loadFromFile","messageBody":"","fileTypesAndContributionMap":{"functional-code":{"insertions":21,"deletions":20}}},{"hash":"fa35542e4b40d188258412238da21e140420c77d","isMergeCommit":false,"messageTitle":"Add JUnit test for loadFromFile method to check for IOException with empty file","messageBody":"","fileTypesAndContributionMap":{"test-code":{"insertions":12,"deletions":0}}},{"hash":"074b1d942c6a28ee36ba457d504e5d6f03a641f7","isMergeCommit":false,"messageTitle":"Add JUnit test for loadFromFile method to check for ClassNotFoundException with invalid file type","messageBody":"","fileTypesAndContributionMap":{"test-code":{"insertions":7,"deletions":1}}},{"hash":"a7d990383a15635fc83a6e96851f2961eab793fd","isMergeCommit":true,"messageTitle":"Merge pull request #44 from KN-CY/add-JUnit-loadFromFile","messageBody":"Add JUnit testing for loadFromFile","fileTypesAndContributionMap":{}}]},{"date":"2023-03-12","commitResults":[{"hash":"dc380e9738777efbc88f2e06cdf1938a1c6ba7ae","isMergeCommit":false,"messageTitle":"Add Storage class and update Storage test accordingly","messageBody":"","fileTypesAndContributionMap":{"functional-code":{"insertions":49,"deletions":34},"test-code":{"insertions":60,"deletions":44}}},{"hash":"e2f44a5206dc3cd61e7f15df3d58d18652669b99","isMergeCommit":false,"messageTitle":"Fix checkstyle error","messageBody":"","fileTypesAndContributionMap":{"functional-code":{"insertions":0,"deletions":2}}},{"hash":"5173ac9624ba548f3fae23f1d571e6476684826d","isMergeCommit":true,"messageTitle":"Merge pull request #59 from KN-CY/add-Storageclass","messageBody":"Add storageclass","fileTypesAndContributionMap":{}},{"hash":"76be2ffd5268237b2d8ea0c516d29f43e5293450","isMergeCommit":false,"messageTitle":"Edit writeToFileTest_contentMatch","messageBody":"","fileTypesAndContributionMap":{"test-code":{"insertions":3,"deletions":8}}},{"hash":"288419da62c053d85c077fd9b63eeb2e34db62da","isMergeCommit":false,"messageTitle":"Remove unused imports","messageBody":"","fileTypesAndContributionMap":{"test-code":{"insertions":0,"deletions":2}}},{"hash":"6c4cef4a0967c120fc980235a15b8990169338e7","isMergeCommit":true,"messageTitle":"Merge pull request #61 from KN-CY/edit-StorageTest","messageBody":"Edit StorageTest","fileTypesAndContributionMap":{}}]},{"date":"2023-03-14","commitResults":[{"hash":"4fdf11d6959e1a6fc8dcdc75914ca3380e43d746","isMergeCommit":false,"messageTitle":"Edit Storage class and Storage JUnit tests","messageBody":"","fileTypesAndContributionMap":{"functional-code":{"insertions":8,"deletions":14},"test-code":{"insertions":1,"deletions":1}}},{"hash":"1976798de9952fa6a3ddfb5d91da2075084ee1dc","isMergeCommit":true,"messageTitle":"Merge pull request #78 from KN-CY/Edit-Storageclass-savefinancialreport","messageBody":"Edit Storage class and Storage test","fileTypesAndContributionMap":{}},{"hash":"774cc31a8d741b7d1dfed2010883ab4a5a719e59","isMergeCommit":false,"messageTitle":"Edit FinancialReport","messageBody":"","fileTypesAndContributionMap":{"functional-code":{"insertions":13,"deletions":2}}},{"hash":"4cddcd92d61ad2c66c49283d4725c0383d17abe6","isMergeCommit":false,"messageTitle":"Edit UI","messageBody":"","fileTypesAndContributionMap":{"functional-code":{"insertions":7,"deletions":7}}},{"hash":"7be0b682bb384e2f4dfe5192579b2af800224e44","isMergeCommit":true,"messageTitle":"Merge pull request #79 from KN-CY/add-savename","messageBody":"Add save name","fileTypesAndContributionMap":{}},{"hash":"2c2b050424dfab43c5fcfaf9c6760c72fde392a4","isMergeCommit":false,"messageTitle":"Add assert for username","messageBody":"","fileTypesAndContributionMap":{"functional-code":{"insertions":4,"deletions":1}}},{"hash":"ff3e6b0ae48d788b8a05d71044005989d0bc1187","isMergeCommit":false,"messageTitle":"Remove assert in loadFromFile","messageBody":"","fileTypesAndContributionMap":{"functional-code":{"insertions":0,"deletions":1}}},{"hash":"a7210fb2c8956ebb93ce76b3efcc0e64d7c15cf9","isMergeCommit":true,"messageTitle":"Merge pull request #81 from KN-CY/add-assert-username","messageBody":"Add assert for username","fileTypesAndContributionMap":{}},{"hash":"17487f459a7b15feb6acef73da9eb86c27c0e750","isMergeCommit":false,"messageTitle":"Add logging to Storage class","messageBody":"","fileTypesAndContributionMap":{"functional-code":{"insertions":8,"deletions":0}}},{"hash":"6b063ce98fd80cd224fe23e6ac79e4097b352794","isMergeCommit":true,"messageTitle":"Merge pull request #83 from KN-CY/add-logging-Storageclass","messageBody":"Add logging to Storage class","fileTypesAndContributionMap":{}}]},{"date":"2023-03-15","commitResults":[{"hash":"579da681c25f87ad8d06c0f45b9a21e466d9a38f","isMergeCommit":true,"messageTitle":"Merge pull request #90 from ChongQiRong/SetupLoger","messageBody":"Setup logger for Rainyday","fileTypesAndContributionMap":{}},{"hash":"92141bf1f8b64655001774e59155fb86fc6c6d46","isMergeCommit":true,"messageTitle":"Merge pull request #93 from lil1n/branch-fixGetReportName","messageBody":"Branch fix get report name","fileTypesAndContributionMap":{}},{"hash":"bb075c0980d1640ec6201fe7b41fd659ee7a2d9f","isMergeCommit":false,"messageTitle":"Edit Storage class logging","messageBody":"","fileTypesAndContributionMap":{"functional-code":{"insertions":16,"deletions":2}}}]},{"date":"2023-03-18","commitResults":[{"hash":"ad0f000662625e43d7620f355208f14ff28d1fa8","isMergeCommit":true,"messageTitle":"Merge pull request #117 from BenjaminPoh/ImproveUI","messageBody":"Improve UI","fileTypesAndContributionMap":{}},{"hash":"3188f9da417fb3e9445f447534615e6be5d681af","isMergeCommit":false,"messageTitle":"Save financial report after adding name","messageBody":"","fileTypesAndContributionMap":{"functional-code":{"insertions":4,"deletions":0}}},{"hash":"f24115d764f3570784fddbd0c23f54a078bc41d9","isMergeCommit":false,"messageTitle":"Refactor saving of report to go under FinancialReport instead of commands class","messageBody":"","fileTypesAndContributionMap":{"functional-code":{"insertions":2,"deletions":7}}},{"hash":"40a24fae8c4dcfb488aa864fd80d0b3e624e01cb","isMergeCommit":false,"messageTitle":"Fix checkstyle warnings","messageBody":"","fileTypesAndContributionMap":{"functional-code":{"insertions":11,"deletions":14}}}]}],"azriellee":[{"date":"2023-03-02","commitResults":[{"hash":"6b4db11bc42aafb4c4d691af8ce6facb78ea936f","isMergeCommit":false,"messageTitle":"update AboutUs \u0026 my own .md file","messageBody":"","fileTypesAndContributionMap":{"docs":{"insertions":5,"deletions":8}}},{"hash":"bb45f5fd4ca3108050d245d1f5b8cb72ff02ee60","isMergeCommit":true,"messageTitle":"Merge remote-tracking branch \u0027tprepo/master\u0027 into azrielBranch","messageBody":"# Conflicts:\n#\tdocs/AboutUs.md\n#\tdocs/team/azriellee.md\n#\tdocs/team/johndoe.md\n#\tdocs/team/lilin.md\n","fileTypesAndContributionMap":{}},{"hash":"47dd0d1232d2fced97765a6a88006f698709d856","isMergeCommit":true,"messageTitle":"Merge pull request #4 from azriellee/azrielBranch","messageBody":"update AboutUs \u0026 my own .md file","fileTypesAndContributionMap":{}}]},{"date":"2023-03-09","commitResults":[{"hash":"beeebd474343f65f514595ae71916005c650997a","isMergeCommit":false,"messageTitle":"implement basic parser","messageBody":"","fileTypesAndContributionMap":{"functional-code":{"insertions":48,"deletions":7}}},{"hash":"4c33c44c0ebfbc8d744ff2c3e2bb63509af1bc4a","isMergeCommit":true,"messageTitle":"Merge pull request #31 from azriellee/branch-createparser","messageBody":"implement basic parser ","fileTypesAndContributionMap":{}},{"hash":"19910d7cf8ae9889c5cab3e8f54079a62d92a005","isMergeCommit":false,"messageTitle":"checkstyle fix","messageBody":"","fileTypesAndContributionMap":{"functional-code":{"insertions":6,"deletions":4}}},{"hash":"d2ad71904f6ee669924a99c731bf214586e58900","isMergeCommit":false,"messageTitle":"fix array brackets in parseUserInput function in rainyDay.java","messageBody":"","fileTypesAndContributionMap":{"functional-code":{"insertions":4,"deletions":4}}}]},{"date":"2023-03-10","commitResults":[{"hash":"5b0137e1d1b8e70c72f98e67673d0b5e9d35669c","isMergeCommit":true,"messageTitle":"Merge branch \u0027master\u0027 of https://github.com/AY2223S2-CS2113T-T09-1/tp","messageBody":"# Conflicts:\n#\tsrc/main/java/seedu/rainyDay/rainyDay.java\n","fileTypesAndContributionMap":{}},{"hash":"5decf99597b4d6695043f7da18bbf0cf6dc9d087","isMergeCommit":true,"messageTitle":"Merge branch \u0027master\u0027 into branch-createparser","messageBody":"","fileTypesAndContributionMap":{}},{"hash":"30ad16e09dbd3b479873716544277d22b7fd2095","isMergeCommit":true,"messageTitle":"Merge branch \u0027master\u0027 of https://github.com/AY2223S2-CS2113T-T09-1/tp","messageBody":"","fileTypesAndContributionMap":{}},{"hash":"d3a737075fc3c6e2a67ad5e458721b81654d7a09","isMergeCommit":true,"messageTitle":"Merge branch \u0027master\u0027 into branch-createparser","messageBody":"","fileTypesAndContributionMap":{}},{"hash":"b4d10053490797e4a81685162a0031617528c0f8","isMergeCommit":true,"messageTitle":"Merge pull request #52 from azriellee/branch-createparser","messageBody":"Branch createparser","fileTypesAndContributionMap":{}},{"hash":"cce197ceb6b8da62435f008687d81bee1f12dea9","isMergeCommit":false,"messageTitle":"Update JUnit tests for parser and parser to throw exceptions for wrong user input","messageBody":"","fileTypesAndContributionMap":{"functional-code":{"insertions":9,"deletions":5},"test-code":{"insertions":43,"deletions":0}}},{"hash":"3fedf14dfd9b3eefad0c56be53aaa88c2e885325","isMergeCommit":true,"messageTitle":"Merge pull request #53 from azriellee/branch-parserJUnitTest","messageBody":"Update JUnit tests and exceptions for parser","fileTypesAndContributionMap":{}}]},{"date":"2023-03-13","commitResults":[{"hash":"1bd8c642f2982d3776e19b0d167c9cd3208a67ca","isMergeCommit":true,"messageTitle":"Merge branch \u0027master\u0027 of https://github.com/AY2223S2-CS2113T-T09-1/tp","messageBody":"","fileTypesAndContributionMap":{}},{"hash":"e1ffb88586d278b25f9865eaf99619a643219c02","isMergeCommit":false,"messageTitle":"Add OOP for parser","messageBody":"","fileTypesAndContributionMap":{"functional-code":{"insertions":59,"deletions":43},"other":{"insertions":5,"deletions":7},"test-code":{"insertions":2,"deletions":2}}},{"hash":"dc40455be8b2beca083393107c15163be5866bdc","isMergeCommit":true,"messageTitle":"Merge pull request #63 from azriellee/branch-ParserOOP","messageBody":"Branch parser oop","fileTypesAndContributionMap":{}},{"hash":"216f08f81844dae7e7cd3df8587cc68b083878c4","isMergeCommit":true,"messageTitle":"Merge branch \u0027master\u0027 of https://github.com/AY2223S2-CS2113T-T09-1/tp into branch-ParserOOP","messageBody":"","fileTypesAndContributionMap":{}}]},{"date":"2023-03-14","commitResults":[{"hash":"b4cd124c1f10d2f145c2e958f27523bdecf4e5e3","isMergeCommit":false,"messageTitle":"Improve OOP and handle exceptions for Parser","messageBody":"","fileTypesAndContributionMap":{"functional-code":{"insertions":54,"deletions":19}}},{"hash":"dc0ff53433b2da39180de389d9776f7584a39e46","isMergeCommit":false,"messageTitle":"Improve checkstyle","messageBody":"","fileTypesAndContributionMap":{"functional-code":{"insertions":1,"deletions":1}}},{"hash":"41aee816ac77d0b1b613812fbdca50b20a3401b7","isMergeCommit":false,"messageTitle":"Improve checkstyle","messageBody":"","fileTypesAndContributionMap":{"functional-code":{"insertions":4,"deletions":2}}},{"hash":"23862116e82de3f8bf0f436d7b1747b047d0de32","isMergeCommit":true,"messageTitle":"Merge pull request #67 from azriellee/branch-ParserExceptions","messageBody":"Branch parser exceptions","fileTypesAndContributionMap":{}},{"hash":"613f2e114caefd87d026c0a451bf8d289810a85f","isMergeCommit":true,"messageTitle":"Merge branch \u0027master\u0027 of https://github.com/AY2223S2-CS2113T-T09-1/tp into branch-ParserExceptions","messageBody":"","fileTypesAndContributionMap":{}},{"hash":"4ceedf1fa0767be6844c53f1410be6ae33409a28","isMergeCommit":false,"messageTitle":"Add assertions and logging to parser","messageBody":"","fileTypesAndContributionMap":{"functional-code":{"insertions":20,"deletions":2}}},{"hash":"22c58a7d7d55d566cf8523db6134edace44993ab","isMergeCommit":true,"messageTitle":"Merge pull request #87 from azriellee/Branch-ParserAssertionLogging","messageBody":"Branch parser assertion logging. Fixes #84 and #85 ","fileTypesAndContributionMap":{}},{"hash":"87f70a5587ea19b67efd20aa6cc1db17734d48ef","isMergeCommit":true,"messageTitle":"Merge pull request #88 from BenjaminPoh/MS1BugFixes","messageBody":"Refactored Error messages to Exceptions class from UI Class","fileTypesAndContributionMap":{}}]}],"BenjaminPoh":[{"date":"2023-03-02","commitResults":[{"hash":"5f770939c68adbc8acc2518e7d91b153a678f32d","isMergeCommit":false,"messageTitle":"Update README.md","messageBody":"","fileTypesAndContributionMap":{"docs":{"insertions":1,"deletions":1}}},{"hash":"fb236d1607a638cd3ae38210d0262fe17162324e","isMergeCommit":false,"messageTitle":"Update README.md","messageBody":"","fileTypesAndContributionMap":{"docs":{"insertions":1,"deletions":1}}},{"hash":"3a03ddb9a8aaf5588d3ca591396305b9197016d7","isMergeCommit":false,"messageTitle":"Update AboutUs.md","messageBody":"","fileTypesAndContributionMap":{"docs":{"insertions":3,"deletions":7}}},{"hash":"b5b6e860b9d9ff2087576b81c48edf9406828497","isMergeCommit":false,"messageTitle":"Update .md under teams","messageBody":"","fileTypesAndContributionMap":{"docs":{"insertions":1,"deletions":1}}},{"hash":"225aa654381ffd4d4443a35271573b7e5d804b5d","isMergeCommit":true,"messageTitle":"Merge pull request #1 from BenjaminPoh/Edit-aboutme","messageBody":"Edit aboutme","fileTypesAndContributionMap":{}}]},{"date":"2023-03-09","commitResults":[{"hash":"f1adc2910b675aa4b546b34399b1cf827a948727","isMergeCommit":false,"messageTitle":"Added UI Class to handle interactions with the user","messageBody":"","fileTypesAndContributionMap":{"functional-code":{"insertions":24,"deletions":4}}},{"hash":"be5c030cbbc3acdf91e7505ffbb415acea5ee5ab","isMergeCommit":true,"messageTitle":"Merge remote-tracking branch \u0027tpRepo/master\u0027 into createUIClass","messageBody":"# Conflicts:\n#\tsrc/main/java/seedu/rainyDay/rainyDay.java\n","fileTypesAndContributionMap":{}},{"hash":"7575582157b7c037205cc4909c67f59387e755ff","isMergeCommit":true,"messageTitle":"Merge pull request #42 from BenjaminPoh/createUIClass","messageBody":"Added UI Class to handle interactions with the user","fileTypesAndContributionMap":{}},{"hash":"e4ba2d10986f900a4f6c414cdf9c39d70c891479","isMergeCommit":true,"messageTitle":"Merge branch \u0027createUIClass\u0027","messageBody":"","fileTypesAndContributionMap":{}},{"hash":"65adaf3ab5d0c7c3d7a1d67298a53f16ff574900","isMergeCommit":false,"messageTitle":"Implemented basic JTesting for UI class","messageBody":"","fileTypesAndContributionMap":{"other":{"insertions":1,"deletions":0},"test-code":{"insertions":38,"deletions":0}}},{"hash":"04bb227b3ba7c437e48fd5fb560eae53e7ba9cb2","isMergeCommit":true,"messageTitle":"Merge pull request #45 from BenjaminPoh/JTesting-UI","messageBody":"Jtesting UI","fileTypesAndContributionMap":{}}]},{"date":"2023-03-12","commitResults":[{"hash":"bcf53ee3412d4c85751bb109ca7fa4b6d8037ddc","isMergeCommit":false,"messageTitle":"Refactored changes to UI. Updated JTest files to reflect these changes.","messageBody":"","fileTypesAndContributionMap":{"functional-code":{"insertions":44,"deletions":19},"test-code":{"insertions":73,"deletions":25}}},{"hash":"0a9a378d43936b6452076be85c2b66e33c8f0cff","isMergeCommit":false,"messageTitle":"Fixed order of Variable Definition","messageBody":"","fileTypesAndContributionMap":{"test-code":{"insertions":2,"deletions":3}}},{"hash":"18d98877a3de0ea2f4e7eaee4da0549ae3c63263","isMergeCommit":true,"messageTitle":"Merge pull request #57 from BenjaminPoh/UpdateUI","messageBody":"Refactored changes to UI. ","fileTypesAndContributionMap":{}}]},{"date":"2023-03-13","commitResults":[{"hash":"c7709ad6b02da9ae80c8e122525e06f3275ad39a","isMergeCommit":false,"messageTitle":"Completed basic UI","messageBody":"","fileTypesAndContributionMap":{"functional-code":{"insertions":34,"deletions":35},"other":{"insertions":5,"deletions":4},"test-code":{"insertions":32,"deletions":5}}},{"hash":"fe5fe5c280761134e131a4f693945f3c09682f5c","isMergeCommit":true,"messageTitle":"Merge branch \u0027master\u0027 into CompleteBasicUI","messageBody":"# Conflicts:\n#\tsrc/main/java/seedu/rainyDay/RainyDay.java\n#\tsrc/main/java/seedu/rainyDay/modules/UI.java\n#\tsrc/test/java/seedu/rainyDay/CommandTest.java\n#\tsrc/test/java/seedu/rainyDay/ParserTest.java\n#\tsrc/test/java/seedu/rainyDay/StorageTest.java\n","fileTypesAndContributionMap":{}},{"hash":"d6424efa108486e50f2037e534d632070df40ab8","isMergeCommit":false,"messageTitle":"ParserTest parseDeleteCommand() to fix","messageBody":"","fileTypesAndContributionMap":{"test-code":{"insertions":2,"deletions":0}}},{"hash":"214e8415d307fb5e78ed748da71fbaac2f8097ff","isMergeCommit":false,"messageTitle":"Remove unused import","messageBody":"","fileTypesAndContributionMap":{"test-code":{"insertions":0,"deletions":1}}},{"hash":"ea53af116fcfdccec6e07a0aca40d8b682e52a39","isMergeCommit":false,"messageTitle":"Fixed text-ui-test bug","messageBody":"","fileTypesAndContributionMap":{"functional-code":{"insertions":3,"deletions":3}}},{"hash":"1dc59b5cffb0076b2c3fb1a7193e3f77432284e4","isMergeCommit":true,"messageTitle":"Merge pull request #65 from BenjaminPoh/CompleteBasicUI","messageBody":"Completed basic UI + Bug fixes","fileTypesAndContributionMap":{}}]},{"date":"2023-03-14","commitResults":[{"hash":"a79f7be1d57c688113ac6b895b21c95b0e08d57e","isMergeCommit":false,"messageTitle":"Refactored Error messages to Exceptions class from UI Class","messageBody":"","fileTypesAndContributionMap":{"functional-code":{"insertions":31,"deletions":43}}},{"hash":"876ba364e108c6569e8aa526a18f5e651103be27","isMergeCommit":true,"messageTitle":"Merge branch \u0027master\u0027 into MS1BugFixes","messageBody":"# Conflicts:\n#\tsrc/main/java/seedu/rainyDay/data/Parser.java\n#\tsrc/main/java/seedu/rainyDay/modules/Ui.java\n","fileTypesAndContributionMap":{}}]},{"date":"2023-03-15","commitResults":[{"hash":"599d3602a935c2fdc35d6017ff6f3941453c34fe","isMergeCommit":false,"messageTitle":"Fixed bug related to Null Pointer Exception being thrown from username. Added Assertions and Logs","messageBody":"","fileTypesAndContributionMap":{"functional-code":{"insertions":20,"deletions":8},"test-code":{"insertions":3,"deletions":3}}},{"hash":"1596db2ddea90c6cbd1bde41830d623c22c9abc6","isMergeCommit":true,"messageTitle":"Merge branch \u0027master\u0027 into AssertAndLog","messageBody":"# Conflicts:\n#\tsrc/main/java/seedu/rainyDay/RainyDay.java\n","fileTypesAndContributionMap":{}},{"hash":"c3b62a74239b1cc8a41bdfcfc7679f39e29aac53","isMergeCommit":false,"messageTitle":"Fixed Indentation","messageBody":"","fileTypesAndContributionMap":{"functional-code":{"insertions":1,"deletions":1}}},{"hash":"f9da950c426ef1432b2a5fd5f009a633ef0a24e8","isMergeCommit":false,"messageTitle":"Refactor name of function","messageBody":"","fileTypesAndContributionMap":{"functional-code":{"insertions":2,"deletions":2}}},{"hash":"3e6c428ff6d3a24e0e1ab91a01ddc19f972637ed","isMergeCommit":false,"messageTitle":"Remove unused import","messageBody":"","fileTypesAndContributionMap":{"test-code":{"insertions":0,"deletions":1}}}]},{"date":"2023-03-16","commitResults":[{"hash":"05a878e24d92c605a57bf0a47a3b51d11086c95b","isMergeCommit":false,"messageTitle":"Update view command with a more friendly UI","messageBody":"","fileTypesAndContributionMap":{"functional-code":{"insertions":37,"deletions":20},"test-code":{"insertions":14,"deletions":4}}},{"hash":"81fbac339268b1768b62a2e3a940873c2747b073","isMergeCommit":true,"messageTitle":"Merge pull request #97 from lil1n/branch-v1UserGuide","messageBody":"update v1.0 features to user guide","fileTypesAndContributionMap":{}},{"hash":"fcc53fd49865f64a0e92d47bbc59cf549961bdd9","isMergeCommit":true,"messageTitle":"Merge pull request #110 from lil1n/branch-AssertionsLoggingv1.0","messageBody":"add loggings and assertions","fileTypesAndContributionMap":{}},{"hash":"3f56ed738226f5ee5cade41d0c1484dabf5c9647","isMergeCommit":true,"messageTitle":"Merge branch \u0027master\u0027 into ImproveUI","messageBody":"# Conflicts:\n#\tsrc/main/java/seedu/rainyDay/command/ViewCommand.java\n","fileTypesAndContributionMap":{}},{"hash":"9ce24761693b9eb22c1fc460afa94b6e5066cd8a","isMergeCommit":false,"messageTitle":"Update order of variable declaration","messageBody":"","fileTypesAndContributionMap":{"test-code":{"insertions":13,"deletions":13}}},{"hash":"0336155b4ff9ba9b46ab49e3159f4343f1809ba3","isMergeCommit":false,"messageTitle":"See previous","messageBody":"","fileTypesAndContributionMap":{"test-code":{"insertions":3,"deletions":3}}},{"hash":"d6677142c41f2253fee958bc5028d24754455111","isMergeCommit":false,"messageTitle":"Shift test in ViewCommandTest to be reflected in text-ui-test","messageBody":"","fileTypesAndContributionMap":{"test-code":{"insertions":1,"deletions":27}}}]},{"date":"2023-03-17","commitResults":[{"hash":"cee0fb0b1ce35d7c6bc22a77dc9f3cb5414597da","isMergeCommit":false,"messageTitle":"Add Category Feature. To update Parsing Function","messageBody":"","fileTypesAndContributionMap":{"functional-code":{"insertions":16,"deletions":5},"test-code":{"insertions":13,"deletions":9}}},{"hash":"f6da2e6e9fbdab49272bf90597fc5af360dd0a68","isMergeCommit":true,"messageTitle":"Merge branch \u0027master\u0027 into CategoryFeature","messageBody":"","fileTypesAndContributionMap":{}},{"hash":"2b010ee98abe18d61720ef7d844ad0baaa148e0f","isMergeCommit":false,"messageTitle":"Update Parser to check for category feature.","messageBody":"","fileTypesAndContributionMap":{"functional-code":{"insertions":25,"deletions":14},"test-code":{"insertions":2,"deletions":4}}}]},{"date":"2023-03-18","commitResults":[{"hash":"835bd0341dc42de33d44ad9c8e3a6691fb21f476","isMergeCommit":true,"messageTitle":"Merge branch \u0027master\u0027 into ImproveUI","messageBody":"","fileTypesAndContributionMap":{}},{"hash":"629e05e9c904d0061cad1252961d17008190189b","isMergeCommit":false,"messageTitle":"Add umbrella logo for RainyDay","messageBody":"","fileTypesAndContributionMap":{"functional-code":{"insertions":14,"deletions":1}}},{"hash":"dafd19133b6b59e70d4c4a453124ca24e024d74e","isMergeCommit":false,"messageTitle":"Change variable declaration order and replace constants to private","messageBody":"","fileTypesAndContributionMap":{"functional-code":{"insertions":11,"deletions":10}}},{"hash":"139eaa940dfac3a30c4f45531a29a3f50e4c8d42","isMergeCommit":false,"messageTitle":"Update logo to remove trailing whitespaces","messageBody":"","fileTypesAndContributionMap":{"functional-code":{"insertions":11,"deletions":11}}}]}],"lil1n":[{"date":"2023-03-02","commitResults":[{"hash":"775eb721a32ee3d229588e10cfa9527882aa3b7e","isMergeCommit":false,"messageTitle":"Update AboutUs.md","messageBody":"","fileTypesAndContributionMap":{"docs":{"insertions":3,"deletions":7}}},{"hash":"456840accb343a08ad9634567545620494e8d0de","isMergeCommit":false,"messageTitle":"Fix typo in AboutUs.md","messageBody":"","fileTypesAndContributionMap":{"docs":{"insertions":1,"deletions":1}}},{"hash":"7c1c0ea0a3b441049a733ba6062711d578a24de2","isMergeCommit":false,"messageTitle":"Update .md under team","messageBody":"","fileTypesAndContributionMap":{"docs":{"insertions":1,"deletions":1}}},{"hash":"7631990dc74b2bdad59930722c39b448cfac5e7f","isMergeCommit":true,"messageTitle":"Merge remote-tracking branch \u0027tp-repo/master\u0027 into LiLin-AboutUs","messageBody":"# Conflicts:\n#\tdocs/AboutUs.md\n#\tdocs/team/johndoe.md\n#\tdocs/team/lilin.md\n#\tdocs/team/qirong.md\n","fileTypesAndContributionMap":{}},{"hash":"43252bafa47d6e736252c000d4c06047a2b6855a","isMergeCommit":true,"messageTitle":"Merge pull request #5 from lil1n/LiLin-AboutUs","messageBody":"Li lin about us","fileTypesAndContributionMap":{}}]},{"date":"2023-03-08","commitResults":[{"hash":"280ef47af46950967c5851ad23c7f5bdad0495dd","isMergeCommit":false,"messageTitle":"add FinancialStatement class","messageBody":"","fileTypesAndContributionMap":{"functional-code":{"insertions":52,"deletions":0}}},{"hash":"799aad0ef672518f122b9f79c3875102fe867f3f","isMergeCommit":false,"messageTitle":"Add FlowDirection enum class","messageBody":"","fileTypesAndContributionMap":{"functional-code":{"insertions":6,"deletions":0}}},{"hash":"045d91dffeb37d4f50782562465f49e069f2db3c","isMergeCommit":true,"messageTitle":"Merge pull request #18 from lil1n/financialStatement-Class","messageBody":"Add FinancialStatement class","fileTypesAndContributionMap":{}},{"hash":"c11c86f406bc1044f0b93d84eb27b9aeeda5d9dd","isMergeCommit":false,"messageTitle":"add generateReport method","messageBody":"","fileTypesAndContributionMap":{"functional-code":{"insertions":28,"deletions":0}}},{"hash":"1ed430b2cd4fb45d71f5e760252812097092e3df","isMergeCommit":true,"messageTitle":"Merge pull request #19 from lil1n/branch-generateReport","messageBody":"add generateReport method","fileTypesAndContributionMap":{}},{"hash":"07981d3fe3b8eda1aa121595fe3f8308948a37a5","isMergeCommit":false,"messageTitle":"add deleteFinancialStatement method","messageBody":"","fileTypesAndContributionMap":{"functional-code":{"insertions":8,"deletions":0}}},{"hash":"9a6286ae5b0a30050f9dc45b582db74d15c13ca6","isMergeCommit":true,"messageTitle":"Merge pull request #20 from lil1n/branch-deleteEntry","messageBody":"add deleteFinancialStatement method","fileTypesAndContributionMap":{}},{"hash":"818cbfd41d0316c7d9b83fd1c19aecd4092844a9","isMergeCommit":false,"messageTitle":"add addFinancialStatement method","messageBody":"","fileTypesAndContributionMap":{"functional-code":{"insertions":7,"deletions":0}}}]},{"date":"2023-03-09","commitResults":[{"hash":"370c95ef2bf0686e4f56758cb3281509c009a0ea","isMergeCommit":true,"messageTitle":"Merge pull request #21 from lil1n/branch-addEntry","messageBody":"add addFinancialStatement method","fileTypesAndContributionMap":{}},{"hash":"6d5910da430af6c8af5533559fc80df5af5da384","isMergeCommit":false,"messageTitle":"add JUnit test for addFinancialStatement method","messageBody":"","fileTypesAndContributionMap":{"test-code":{"insertions":13,"deletions":0}}},{"hash":"3ba6ef3567d5570248326e97c22e949c43af8761","isMergeCommit":false,"messageTitle":"fix bug in output for addFinancialStatement method","messageBody":"","fileTypesAndContributionMap":{"functional-code":{"insertions":3,"deletions":1}}},{"hash":"1ccffcdab01518fa2d1c183ff38a13e1b368e603","isMergeCommit":true,"messageTitle":"Merge pull request #30 from lil1n/branch-fixAddFinancialStatemementBug","messageBody":"Branch fix add financial statement bug","fileTypesAndContributionMap":{}},{"hash":"3d2255091baa62bc8add43e6f71588ff2e0fe5fb","isMergeCommit":false,"messageTitle":"fix bug for JUnit test: verifyAddStatement method","messageBody":"","fileTypesAndContributionMap":{"test-code":{"insertions":1,"deletions":1}}},{"hash":"46df92b2ba262cd3ed8796c3b561a7ad712f61cc","isMergeCommit":true,"messageTitle":"Merge pull request #32 from lil1n/bugFix-verifyAddStatementMethod","messageBody":"fix bug for JUnit test: verifyAddStatement method","fileTypesAndContributionMap":{}},{"hash":"5b0bb7bd9347c0c206d323bf6114a695888bfa40","isMergeCommit":false,"messageTitle":"remove unused import","messageBody":"","fileTypesAndContributionMap":{"functional-code":{"insertions":0,"deletions":1}}},{"hash":"7b80fc3b2b78011c2a4b7b573fe0b868da44f4dc","isMergeCommit":true,"messageTitle":"Merge pull request #33 from lil1n/bugFix-verifyAddStatementMethod","messageBody":"remove unused import","fileTypesAndContributionMap":{}},{"hash":"ff2fdb4aeea0b20412f78c6f1570504acdd40c7a","isMergeCommit":false,"messageTitle":"fix checkstyle error on array brackets","messageBody":"","fileTypesAndContributionMap":{"functional-code":{"insertions":4,"deletions":4}}},{"hash":"83e276396011ca20ba1d321730f5e763887e71e5","isMergeCommit":true,"messageTitle":"fix checkstyle error on array brackets","messageBody":"","fileTypesAndContributionMap":{}},{"hash":"2d3e5c39718f85bdd6d6986df9722e9b33b4d99d","isMergeCommit":false,"messageTitle":"improve readability","messageBody":"","fileTypesAndContributionMap":{"functional-code":{"insertions":1,"deletions":0}}},{"hash":"417bb0700ad4682ec4ce608f47891005c33bd0bc","isMergeCommit":false,"messageTitle":"add JUnit test for deleteFinancialStatement method","messageBody":"","fileTypesAndContributionMap":{"test-code":{"insertions":8,"deletions":0}}},{"hash":"08af6b2a60608e11f64603d3dd6433966e393d13","isMergeCommit":false,"messageTitle":"improve code quality: remove unused parameters and import","messageBody":"","fileTypesAndContributionMap":{"test-code":{"insertions":0,"deletions":4}}},{"hash":"48c2f9edf9d9b8cc300a3f0fae621cf0adb46816","isMergeCommit":false,"messageTitle":"remove unused variables","messageBody":"","fileTypesAndContributionMap":{"test-code":{"insertions":1,"deletions":1}}},{"hash":"1b09bba260cec3ca3a9ed13f4b2689475ffea94e","isMergeCommit":true,"messageTitle":"Merge pull request #37 from lil1n/branch-verifydeleteFinancialStatement","messageBody":"Add JUnit testing for deleteFinancialStatement method","fileTypesAndContributionMap":{}},{"hash":"92ba8fb39502665228154d5bd002404a8c5eb4df","isMergeCommit":false,"messageTitle":"add JUnit test for generateReport method","messageBody":"","fileTypesAndContributionMap":{"functional-code":{"insertions":3,"deletions":3}}},{"hash":"f90bbc4444fcbff3ed3a5499abd76dd606b05975","isMergeCommit":false,"messageTitle":"Revert \"add JUnit test for generateReport method\"","messageBody":"This reverts commit 92ba8fb39502665228154d5bd002404a8c5eb4df.\n","fileTypesAndContributionMap":{"functional-code":{"insertions":3,"deletions":3}}},{"hash":"ef1e730d3a61a7d3df931a027770009e864a2621","isMergeCommit":false,"messageTitle":"add JUnit test for generateReport method","messageBody":"","fileTypesAndContributionMap":{"test-code":{"insertions":16,"deletions":0}}},{"hash":"57e6895fb161e9f1decf18190048e5691e7ac702","isMergeCommit":false,"messageTitle":"fix bug in generateReport method","messageBody":"","fileTypesAndContributionMap":{"functional-code":{"insertions":3,"deletions":3}}},{"hash":"790a8a7039f7781fa77e10e2161d60c6b598334b","isMergeCommit":true,"messageTitle":"Merge remote-tracking branch \u0027tp-repo/master\u0027 into branch-verifyGenerateReport","messageBody":"# Conflicts:\n#\tsrc/test/java/seedu/rainyDay/rainyDayTest.java\n","fileTypesAndContributionMap":{}},{"hash":"24637adbe10dcef03b12ee305298e95d5f2e6f88","isMergeCommit":true,"messageTitle":"Merge pull request #41 from lil1n/branch-verifyGenerateReport","messageBody":"add JUnit testing for generateReport method","fileTypesAndContributionMap":{}},{"hash":"06aeff70cfe8e7bdbb1946d9c278dfefc7e15bb9","isMergeCommit":false,"messageTitle":"add FinancialReport class","messageBody":"","fileTypesAndContributionMap":{"functional-code":{"insertions":52,"deletions":0}}},{"hash":"52ce3b8877c355fe5f45454e22329e16a2545f4d","isMergeCommit":false,"messageTitle":"change class from ArrayList\u003cFinancialStatement\u003e to FinancialReport","messageBody":"","fileTypesAndContributionMap":{"functional-code":{"insertions":22,"deletions":16}}},{"hash":"dd569218f083f4221ca0a4acdb923d1260a9165a","isMergeCommit":false,"messageTitle":"update class to FinancialReport and fix JUnit tests","messageBody":"","fileTypesAndContributionMap":{"functional-code":{"insertions":5,"deletions":1},"test-code":{"insertions":32,"deletions":24}}},{"hash":"f220f4a45b94b14b447960c7af83b0ba16845eda","isMergeCommit":true,"messageTitle":"Merge remote-tracking branch \u0027tp-repo/master\u0027 into branch-addFinancialReportClass","messageBody":"# Conflicts:\n#\tsrc/main/java/seedu/rainyDay/rainyDay.java\n#\tsrc/test/java/seedu/rainyDay/rainyDayTest.java\n","fileTypesAndContributionMap":{}},{"hash":"20a33c90fdba0c2e22be2174b72d73deb4e0c530","isMergeCommit":false,"messageTitle":"fix code formatting","messageBody":"","fileTypesAndContributionMap":{"functional-code":{"insertions":3,"deletions":3},"test-code":{"insertions":4,"deletions":3}}},{"hash":"30b36231dd3e9a71d063500211fe97552c18e47a","isMergeCommit":false,"messageTitle":"fix code formatting to pass checkstyle","messageBody":"","fileTypesAndContributionMap":{"functional-code":{"insertions":2,"deletions":1}}},{"hash":"1f234c061c1b3f979806707ac96aab43c393520b","isMergeCommit":false,"messageTitle":"rename rainyDay to RainyDay, update method name for checkstyle","messageBody":"","fileTypesAndContributionMap":{"other":{"insertions":17,"deletions":17}}},{"hash":"86e9dfae234fb3e2803056205952dd0cdaaa45ad","isMergeCommit":false,"messageTitle":"code refactoring: remove redundant code, modify method name to fit checkstyle","messageBody":"","fileTypesAndContributionMap":{"test-code":{"insertions":6,"deletions":6}}},{"hash":"7bea90d984dd5ceb3123b8f38e6d5b62bb03f1ef","isMergeCommit":false,"messageTitle":"modify method name to pass checkstyle","messageBody":"","fileTypesAndContributionMap":{"test-code":{"insertions":2,"deletions":2}}}]},{"date":"2023-03-10","commitResults":[{"hash":"ef3ef09b247bc1e23fa511dfed4946680e14da83","isMergeCommit":false,"messageTitle":"fix bug in build.gradle: update rainyDay to RainyDay","messageBody":"","fileTypesAndContributionMap":{"other":{"insertions":1,"deletions":1}}},{"hash":"c4cb6c035a360cc5041071b67ab00a2ae8d8aedf","isMergeCommit":false,"messageTitle":"change /r/n to System.lineSeparator()","messageBody":"","fileTypesAndContributionMap":{"test-code":{"insertions":1,"deletions":1}}},{"hash":"02c13556f7d2a1905ce5fb5d8092a31634135871","isMergeCommit":true,"messageTitle":"Merge pull request #48 from lil1n/branch-addFinancialReportClass","messageBody":"add financial report class and fix JUnit tests","fileTypesAndContributionMap":{}},{"hash":"f8d2fdb1ac6b98074d409f213939bcbcd1c3bd44","isMergeCommit":false,"messageTitle":"add command class, refactor command actions into command","messageBody":"","fileTypesAndContributionMap":{"functional-code":{"insertions":55,"deletions":46},"test-code":{"insertions":59,"deletions":47}}},{"hash":"bd3af44f1f18cdc6ad0eacf7e80ea8b5558fd375","isMergeCommit":false,"messageTitle":"refactor code","messageBody":"","fileTypesAndContributionMap":{"functional-code":{"insertions":9,"deletions":9},"other":{"insertions":20,"deletions":10},"test-code":{"insertions":4,"deletions":4}}},{"hash":"edf372aaae17baf4026eb2d05ef876079c0d619b","isMergeCommit":false,"messageTitle":"refactor code","messageBody":"","fileTypesAndContributionMap":{"test-code":{"insertions":8,"deletions":3}}},{"hash":"7da62024d12542829803f405d62c05e08a8a5ec0","isMergeCommit":false,"messageTitle":"fix coding standard","messageBody":"","fileTypesAndContributionMap":{"functional-code":{"insertions":2,"deletions":2}}},{"hash":"ba1c2a7eea5dc4145d5843aae0c1bdf1adf48a70","isMergeCommit":true,"messageTitle":"Merge pull request #54 from lil1n/branch-refactorCode","messageBody":"Refactor code","fileTypesAndContributionMap":{}},{"hash":"88534e64baf579132d187751d83d03bbe62de492","isMergeCommit":false,"messageTitle":"bug fix","messageBody":"","fileTypesAndContributionMap":{"functional-code":{"insertions":1,"deletions":1}}}]},{"date":"2023-03-14","commitResults":[{"hash":"3439330f02602b7d46b33436fc6f1e433428792f","isMergeCommit":false,"messageTitle":"add assertion to addFinancialStatement.execute to assert new task added","messageBody":"","fileTypesAndContributionMap":{"functional-code":{"insertions":5,"deletions":0}}},{"hash":"d066ce3b40d84b77f54494b4149c2fcf9811c215","isMergeCommit":true,"messageTitle":"Merge pull request #71 from lil1n/branch-addAssert","messageBody":"add assertion to assert new task added","fileTypesAndContributionMap":{}},{"hash":"de6cadf1a0d694884dcea44631164c36827f5812","isMergeCommit":false,"messageTitle":"rename classes","messageBody":"","fileTypesAndContributionMap":{"other":{"insertions":84,"deletions":84}}},{"hash":"f93888fc4f9081eb2ed39641568687d9e151f6e3","isMergeCommit":false,"messageTitle":"refactor code","messageBody":"","fileTypesAndContributionMap":{"functional-code":{"insertions":68,"deletions":49},"test-code":{"insertions":22,"deletions":15}}},{"hash":"9ecb5a62ee09fcdce7bbc7f2f3eb9a2d2e97586b","isMergeCommit":false,"messageTitle":"add logging to AddCommand class","messageBody":"","fileTypesAndContributionMap":{"functional-code":{"insertions":20,"deletions":8}}},{"hash":"4dd3594b76c9610b75234d96254ec257048d6d28","isMergeCommit":false,"messageTitle":"add financialReport attribute to command class","messageBody":"","fileTypesAndContributionMap":{"functional-code":{"insertions":8,"deletions":1}}},{"hash":"158feb9c5610e2193eecb238a476dbdccf41806d","isMergeCommit":false,"messageTitle":"add enableAssertions \u003d true","messageBody":"","fileTypesAndContributionMap":{"other":{"insertions":2,"deletions":1}}},{"hash":"7e5b98e7fd1a0194927269f778a69a69704e73db","isMergeCommit":false,"messageTitle":"fix JUnit test","messageBody":"","fileTypesAndContributionMap":{"functional-code":{"insertions":3,"deletions":3},"test-code":{"insertions":15,"deletions":5}}},{"hash":"0ed70501aa1f8e60e2acaad3b14b464981fc0736","isMergeCommit":true,"messageTitle":"Merge branch \u0027master\u0027 into branch-refactorcodeandLog","messageBody":"# Conflicts:\n#\tsrc/main/java/seedu/rainyDay/RainyDay.java\n","fileTypesAndContributionMap":{}},{"hash":"812ea8ce824d75da929ae054d377cf501f20172e","isMergeCommit":false,"messageTitle":"make packages for respective test classes","messageBody":"","fileTypesAndContributionMap":{"other":{"insertions":146,"deletions":152},"test-code":{"insertions":185,"deletions":118}}},{"hash":"c544b00b5b636c7793c4984836e40b440ed6d07b","isMergeCommit":false,"messageTitle":"add empty line after every command output","messageBody":"","fileTypesAndContributionMap":{"functional-code":{"insertions":6,"deletions":0}}},{"hash":"151919864cd1507dd1c4b9b0cb6a9c448d88e98d","isMergeCommit":false,"messageTitle":"update AddCommand execute() log to write to file","messageBody":"","fileTypesAndContributionMap":{"functional-code":{"insertions":14,"deletions":0}}},{"hash":"bc2a3f977021e34dc37543a9675c932ffaed2f5d","isMergeCommit":true,"messageTitle":"Merge pull request #77 from lil1n/branch-refactorcodeandLog","messageBody":"Refactor code and add logging to addCommand","fileTypesAndContributionMap":{}}]},{"date":"2023-03-15","commitResults":[{"hash":"fa324db98f057e02a86d238e36ab208ce754fc02","isMergeCommit":true,"messageTitle":"Merge pull request #91 from BenjaminPoh/AssertAndLog","messageBody":"Added Assertions and Logs to UI","fileTypesAndContributionMap":{}},{"hash":"6ef144830c5713442107e2edea248f8070028943","isMergeCommit":false,"messageTitle":"bug fix for getReportOwner in financialReport class","messageBody":"","fileTypesAndContributionMap":{"functional-code":{"insertions":3,"deletions":1}}},{"hash":"5e972f702eb56199a82a84ad95525d29bd8d44ce","isMergeCommit":false,"messageTitle":"fix assertion","messageBody":"","fileTypesAndContributionMap":{"functional-code":{"insertions":2,"deletions":2}}},{"hash":"462c23b243cc2c17b98658050089c5e46c5b19aa","isMergeCommit":true,"messageTitle":"Merge pull request #94 from KN-CY/edit-logging-Storageclass","messageBody":"Edit Storage class logging","tags":["v1.0"],"fileTypesAndContributionMap":{}},{"hash":"cb46ffd9c5794be2e8fc20db715b31a018c913ed","isMergeCommit":false,"messageTitle":"update v1.0 features to user guide","messageBody":"","fileTypesAndContributionMap":{"docs":{"insertions":47,"deletions":15}}}]},{"date":"2023-03-16","commitResults":[{"hash":"d84dcae19bcf0a57bbe10b2787a491d142ddfe4a","isMergeCommit":false,"messageTitle":"fix bug in logger for AddCommand","messageBody":"","fileTypesAndContributionMap":{"functional-code":{"insertions":14,"deletions":7}}},{"hash":"cb483999779b084fafee37479338b485d0b281ca","isMergeCommit":false,"messageTitle":"add setupLogger abstract method in Command class","messageBody":"","fileTypesAndContributionMap":{"functional-code":{"insertions":7,"deletions":0}}},{"hash":"052145dc2d2a4b5cd4d0d1b52db6826b502daf6f","isMergeCommit":false,"messageTitle":"add logging and assertions in DeleteCommand class","messageBody":"","fileTypesAndContributionMap":{"functional-code":{"insertions":39,"deletions":0}}},{"hash":"2724a3eda33e413ce49b4c953eea3a349c2ac9c4","isMergeCommit":false,"messageTitle":"add empty setupLogger method to HelpCommand class","messageBody":"","fileTypesAndContributionMap":{"functional-code":{"insertions":7,"deletions":0}}},{"hash":"afd2e02cc84a8da447989b9d62e1410444132b6a","isMergeCommit":false,"messageTitle":"add logging and assertions to ViewCommand class","messageBody":"","fileTypesAndContributionMap":{"functional-code":{"insertions":45,"deletions":0}}},{"hash":"014804af0973db410f10e51ee93a9956e102d592","isMergeCommit":false,"messageTitle":"remove unused imports","messageBody":"","fileTypesAndContributionMap":{"functional-code":{"insertions":0,"deletions":5}}},{"hash":"ada7c6d95b9a325b1f4d9c720cd5da73f907813b","isMergeCommit":false,"messageTitle":"update userguide","messageBody":"","fileTypesAndContributionMap":{"docs":{"insertions":73,"deletions":15}}},{"hash":"19f960b7be0f9285e4a9cdac561e642ff45d1a3b","isMergeCommit":false,"messageTitle":"add image in step 4 of user guide","messageBody":"","fileTypesAndContributionMap":{"docs":{"insertions":3,"deletions":0}}},{"hash":"c926ab5fdf7d6772d75aa3cda6de48a0ed712fa3","isMergeCommit":false,"messageTitle":"bug fix for image name","messageBody":"","fileTypesAndContributionMap":{"docs":{"insertions":2,"deletions":2}}}]},{"date":"2023-03-17","commitResults":[{"hash":"d88f379e3592ca89145d042d1f777969039667e4","isMergeCommit":true,"messageTitle":"Merge pull request #112 from BenjaminPoh/ImproveUI","messageBody":"Update view command with a more friendly UI","fileTypesAndContributionMap":{}}]}]},"authorFileTypeContributionMap":{"ChongQiRong":{"docs":2,"functional-code":123,"test-code":10},"KN-CY":{"docs":4,"functional-code":96,"test-code":43},"azriellee":{"docs":2,"functional-code":56,"test-code":29},"BenjaminPoh":{"docs":4,"functional-code":172,"test-code":64,"other":1},"lil1n":{"docs":111,"functional-code":311,"test-code":164,"other":2}},"authorContributionVariance":{"ChongQiRong":2020.9731,"KN-CY":1645.8766,"azriellee":962.1158,"BenjaminPoh":2148.4988,"lil1n":37540.043},"authorDisplayNameMap":{"ChongQiRong":"CS2113T-T09-1 CHON..RONG","KN-CY":"CS2113T-T09-1 KAEM..NGYU","azriellee":"CS2113T-T09-1 LEE ..RIEL","BenjaminPoh":"CS2113T-T09-1 POH ..AMIN","lil1n":"CS2113T-T09-1 ONG .. LIN"}}
