{"authorDailyContributionsMap":{"ysl-28":[{"date":"2023-03-01","commitResults":[{"hash":"d72535cec609a5b4c707b6fc5fe20f9ab0d929a2","isMergeCommit":false,"messageTitle":"Update AboutUs","messageBody":"","fileTypesAndContributionMap":{"docs":{"insertions":3,"deletions":7}}},{"hash":"a460b7bcd46c3cd3e45d348b55b888c166c032e9","isMergeCommit":false,"messageTitle":"Fix table border","messageBody":"","fileTypesAndContributionMap":{"docs":{"insertions":3,"deletions":3}}}]},{"date":"2023-03-11","commitResults":[{"hash":"6ffa46e822df1d2b9c0ef9379b2f139e499f88cd","isMergeCommit":false,"messageTitle":"Add list functionality","messageBody":"","fileTypesAndContributionMap":{"functional-code":{"insertions":178,"deletions":1}}},{"hash":"74f35caf286aa11f14d9e3aa482bea7efc5912f1","isMergeCommit":false,"messageTitle":"Refactor code","messageBody":"","fileTypesAndContributionMap":{"functional-code":{"insertions":103,"deletions":97}}},{"hash":"15fc803ebdbce73ed38758a6cd42038a1bcd8e8a","isMergeCommit":false,"messageTitle":"Fix table formatting","messageBody":"","fileTypesAndContributionMap":{"functional-code":{"insertions":154,"deletions":40}}},{"hash":"caee7f809898fe73506912e00dd608dfd8cce9d4","isMergeCommit":false,"messageTitle":"Add error message when printing an empty inventory","messageBody":"","fileTypesAndContributionMap":{"functional-code":{"insertions":27,"deletions":133}}},{"hash":"cbd9fd9044366f1370d87867e59bb56d633f053e","isMergeCommit":true,"messageTitle":"Merge branch \u0027master\u0027 into branch-list","messageBody":"","fileTypesAndContributionMap":{}},{"hash":"bf0a2d9fc4d73826adeeafeb1e3b28198e51d911","isMergeCommit":true,"messageTitle":"Merge pull request #29 from ysl-28/branch-list","messageBody":"Add list feature","fileTypesAndContributionMap":{}},{"hash":"a869e68617cdb1927db843a9844bb7a94bcb48c3","isMergeCommit":false,"messageTitle":"Refactor list functions","messageBody":"","fileTypesAndContributionMap":{"functional-code":{"insertions":67,"deletions":22}}},{"hash":"448cf5adab6d91af379c957729e1f29d8ef171f8","isMergeCommit":false,"messageTitle":"Remove commented code","messageBody":"","fileTypesAndContributionMap":{"functional-code":{"insertions":2,"deletions":18}}},{"hash":"5edbc6f74407cb4b9b5463018f7a9eb8501da134","isMergeCommit":false,"messageTitle":"Fix variable access definition order in Ui class","messageBody":"","fileTypesAndContributionMap":{"functional-code":{"insertions":10,"deletions":13}}},{"hash":"d3d1600035f786cccfabe046c1b9fa1c12e76b65","isMergeCommit":false,"messageTitle":"Fix coding style problems","messageBody":"","fileTypesAndContributionMap":{"functional-code":{"insertions":2,"deletions":2}}},{"hash":"7c6a58baab2c98415b0990c796864eac6c0ef5be","isMergeCommit":false,"messageTitle":"Edit padded string in printAttribute method","messageBody":"","fileTypesAndContributionMap":{"functional-code":{"insertions":1,"deletions":1},"other":{"insertions":1,"deletions":1}}},{"hash":"12e48282fa76084490cdef7951b52c93d3590128","isMergeCommit":true,"messageTitle":"Merge pull request #30 from ysl-28/branch-list-refactor","messageBody":"Refactor list functions","fileTypesAndContributionMap":{}},{"hash":"f44c3020777cc59d31801de350c7e385739d54ec","isMergeCommit":false,"messageTitle":"Add tests for printing list","messageBody":"","fileTypesAndContributionMap":{"functional-code":{"insertions":2,"deletions":4},"test-code":{"insertions":51,"deletions":0}}},{"hash":"c7c46d9779a0ffdee6d3e727a6d9d529210622ab","isMergeCommit":true,"messageTitle":"Merge pull request #31 from ysl-28/branch-junit","messageBody":"Add tests for printing list","fileTypesAndContributionMap":{}}]},{"date":"2023-03-13","commitResults":[{"hash":"43351bb608b89b680c1f44ffb4ccf6ee01369349","isMergeCommit":true,"messageTitle":"Merge pull request #33 from firwer/master","messageBody":"Auto-formatting \u0026 Add missing documentation","fileTypesAndContributionMap":{}},{"hash":"345562f2682933cea711fc739edb42b633e19c6a","isMergeCommit":false,"messageTitle":"Fix bugs for printing list","messageBody":"","fileTypesAndContributionMap":{"functional-code":{"insertions":42,"deletions":40}}},{"hash":"cf8eacbab3e8898807ca14975770e54ba457b8a4","isMergeCommit":true,"messageTitle":"Merge pull request #34 from ysl-28/master","messageBody":"Fix bugs for printing list","fileTypesAndContributionMap":{}}]}],"ngkaiwen123":[{"date":"2023-03-01","commitResults":[{"hash":"03e4a37d4b98249475d681b55e340a08000f75e8","isMergeCommit":false,"messageTitle":"Updated Personal Details","messageBody":"","fileTypesAndContributionMap":{"docs":{"insertions":3,"deletions":7}}}]},{"date":"2023-03-10","commitResults":[{"hash":"e3fe4956b8f8bf94ef34b7c38d93616a72859ff2","isMergeCommit":false,"messageTitle":"-Added Edit Function to MagusStock","messageBody":"","fileTypesAndContributionMap":{"functional-code":{"insertions":166,"deletions":0}}},{"hash":"842cb0f0edcc796dbd12de18f4cbfa17eb309bd2","isMergeCommit":true,"messageTitle":"Merge branch \u0027branch-Update-Quantity\u0027","messageBody":"","fileTypesAndContributionMap":{}},{"hash":"932c81c22f4abe24be0495e91e347c8a7668eac5","isMergeCommit":false,"messageTitle":"-Formatting changes","messageBody":"","fileTypesAndContributionMap":{"functional-code":{"insertions":8,"deletions":9}}},{"hash":"46757af7ce9c68d92f9202920eca8d487c293d63","isMergeCommit":false,"messageTitle":"-More formatting changes.","messageBody":"","fileTypesAndContributionMap":{"functional-code":{"insertions":26,"deletions":16}}},{"hash":"4deb053784c3e45327eb55ded8be0f0bc8cdfb76","isMergeCommit":false,"messageTitle":"-Format Change 3.0","messageBody":"","fileTypesAndContributionMap":{"functional-code":{"insertions":1,"deletions":1}}},{"hash":"ea1699f484270214d8100690cb4243eafdf1e094","isMergeCommit":false,"messageTitle":"-Formatting 4.0","messageBody":"","fileTypesAndContributionMap":{"functional-code":{"insertions":1,"deletions":2}}},{"hash":"ab831968808fc10969a50fd59fd1c26ae5608876","isMergeCommit":false,"messageTitle":"Partial Complete Edit Unit test","messageBody":"","fileTypesAndContributionMap":{"test-code":{"insertions":25,"deletions":0}}},{"hash":"9c26f3dfc152fe0acdb72b5dc786477aa4609f4b","isMergeCommit":true,"messageTitle":"Merge pull request #21 from ngkaiwen123/master","messageBody":"-Added Edit Function","fileTypesAndContributionMap":{}}]}],"ArtemiszenN":[{"date":"2023-03-01","commitResults":[{"hash":"83d3c41039033ff55eff86772b1fe387c8645418","isMergeCommit":false,"messageTitle":"Update amogus","messageBody":"","fileTypesAndContributionMap":{"docs":{"insertions":8,"deletions":7}}},{"hash":"0c2f7dc1dbb95bbad5a42bd60cdc45462a799da8","isMergeCommit":false,"messageTitle":"Update amogus 2","messageBody":"","fileTypesAndContributionMap":{"docs":{"insertions":0,"deletions":4}}},{"hash":"810b278088957c00fb2ddfffb3eb80c678a14cb1","isMergeCommit":true,"messageTitle":"Merge pull request #1 from ArtemiszenN/artemis-AboutUs","messageBody":"Update amogus\r\namogusamogusmaogus","fileTypesAndContributionMap":{}}]},{"date":"2023-03-08","commitResults":[{"hash":"a30ac44e2e39451ec69c2a112d1aa674bc99e276","isMergeCommit":false,"messageTitle":"Add initial classes","messageBody":"","fileTypesAndContributionMap":{"functional-code":{"insertions":124,"deletions":12}}},{"hash":"53f276b238ff90d887daaf691219709af8138c96","isMergeCommit":true,"messageTitle":"Merge pull request #18 from ArtemiszenN/branch-initial","messageBody":"Add initial classes","fileTypesAndContributionMap":{}}]},{"date":"2023-03-10","commitResults":[{"hash":"031d6ef55edaee92530213d166b7d4d831e02628","isMergeCommit":false,"messageTitle":"Add Trie Functionality Refactor Code","messageBody":"","fileTypesAndContributionMap":{"functional-code":{"insertions":172,"deletions":13},"test-code":{"insertions":35,"deletions":0}}},{"hash":"e879bea1ebdb4d00444c93ce6f5154286149b553","isMergeCommit":true,"messageTitle":"Merge pull request #23 from ArtemiszenN/trie","messageBody":"Add Trie Functionality","fileTypesAndContributionMap":{}}]},{"date":"2023-03-11","commitResults":[{"hash":"0536339e6a02a6cf4aa4ec23e211cf063460bf26","isMergeCommit":false,"messageTitle":"Add search, searchupc, filter functionality Add SearchFilterErrorException Fix text-ui-test","messageBody":"","fileTypesAndContributionMap":{"functional-code":{"insertions":235,"deletions":23},"other":{"insertions":13,"deletions":2},"test-code":{"insertions":2,"deletions":0}}},{"hash":"91faef1544c688e04cd837a0fe8e152094418017","isMergeCommit":false,"messageTitle":"Add MissingParametersException.missingSearchItemParameters Actually add filter functionality for category and tags","messageBody":"","fileTypesAndContributionMap":{"functional-code":{"insertions":61,"deletions":14}}},{"hash":"48ff3f492e7e376e0e74a69a96b6285049e4c612","isMergeCommit":true,"messageTitle":"Merge pull request #24 from ArtemiszenN/branch-search","messageBody":"Search, filter","fileTypesAndContributionMap":{}},{"hash":"0b2de604fd9e1eaca9c4f751663c0e17176f2d6b","isMergeCommit":false,"messageTitle":"Refactor code","messageBody":"","fileTypesAndContributionMap":{"functional-code":{"insertions":15,"deletions":14}}},{"hash":"f7cba734313b765dae5480379efa68d0fa5af6d9","isMergeCommit":true,"messageTitle":"Merge pull request #25 from ArtemiszenN/master","messageBody":"Refactor code","fileTypesAndContributionMap":{}},{"hash":"1850f4fa8a06b2d9fce9c7602678c1b1f9c906a1","isMergeCommit":false,"messageTitle":"Refactor code","messageBody":"","fileTypesAndContributionMap":{"test-code":{"insertions":1,"deletions":3}}},{"hash":"12988448b05f74bf20af820572a2768b07b6d654","isMergeCommit":true,"messageTitle":"Merge pull request #26 from ArtemiszenN/master","messageBody":"Refactor code","fileTypesAndContributionMap":{}},{"hash":"a86f3aaf3cf09d253675321d4e15f1cb9bf90ef7","isMergeCommit":false,"messageTitle":"Refactor Code","messageBody":"","fileTypesAndContributionMap":{"test-code":{"insertions":1,"deletions":0}}},{"hash":"f663cd5ffdeecca53e2d05bcd0ab6549b87c5ed0","isMergeCommit":true,"messageTitle":"Merge pull request #27 from ArtemiszenN/master","messageBody":"Refactor Code","fileTypesAndContributionMap":{}}]}],"Ng-YZ":[{"date":"2023-03-01","commitResults":[{"hash":"c6ba6a9bf639668014aa058a0c1a50c96c4e614f","isMergeCommit":false,"messageTitle":"Update about us page :)","messageBody":"","fileTypesAndContributionMap":{"docs":{"insertions":3,"deletions":7}}}]},{"date":"2023-03-09","commitResults":[{"hash":"9d22f0632c5b086fe54aaf537daec5898f525071","isMergeCommit":true,"messageTitle":"Merge pull request #19 from firwer/master","messageBody":"feat: add functionality and color coding","fileTypesAndContributionMap":{}}]}],"firwer":[{"date":"2023-03-01","commitResults":[{"hash":"2366fe5ecb23279ac693ccd91fa98f2010fc1ffc","isMergeCommit":false,"messageTitle":"initial commit","messageBody":"","fileTypesAndContributionMap":{"docs":{"insertions":10,"deletions":13}}},{"hash":"cd228fbd23fbd5595e112d290a2a984b31167769","isMergeCommit":true,"messageTitle":"Merge branch \u0027master\u0027 into master","messageBody":"","fileTypesAndContributionMap":{}},{"hash":"329fad749cc802c8e14bd9e58131de9187e4bcae","isMergeCommit":true,"messageTitle":"Merge pull request #15 from firwer/master","messageBody":"Poh Wei Pin - initial commit","fileTypesAndContributionMap":{}},{"hash":"56c4d7eb11fd19e835b54dc41cca2f82797e06e6","isMergeCommit":true,"messageTitle":"Merge branch \u0027master\u0027 into master","messageBody":"","fileTypesAndContributionMap":{}},{"hash":"58dbfbf54185fcddb84bf696cee242288c473297","isMergeCommit":true,"messageTitle":"Merge pull request #14 from ngkaiwen123/master","messageBody":"Updated Personal Details","fileTypesAndContributionMap":{}},{"hash":"14b979434ceb864c8f4f315818bae00c6d8fc440","isMergeCommit":true,"messageTitle":"Merge branch \u0027master\u0027 into branch-aboutus","messageBody":"","fileTypesAndContributionMap":{}},{"hash":"481c82cac09d31c28ffe00d33d2d5ef54d38f2df","isMergeCommit":true,"messageTitle":"Merge pull request #16 from Ng-YZ/branch-aboutus","messageBody":"Update about us page :,)","fileTypesAndContributionMap":{}},{"hash":"d57fa3476ab5808a07338f3a5a586853006e8084","isMergeCommit":true,"messageTitle":"Merge branch \u0027master\u0027 into shanling-About-Us","messageBody":"","fileTypesAndContributionMap":{}},{"hash":"6c94c8df6907cf39b811ec4a86541f3238cd6820","isMergeCommit":true,"messageTitle":"Merge pull request #17 from ysl-28/shanling-About-Us","messageBody":"Update about-us","fileTypesAndContributionMap":{}}]},{"date":"2023-03-09","commitResults":[{"hash":"5c58cae4b7912b0b8310657eef44cb8424c69cae","isMergeCommit":false,"messageTitle":"feat: add functionality and color coding","messageBody":"","fileTypesAndContributionMap":{"functional-code":{"insertions":135,"deletions":17}}}]},{"date":"2023-03-13","commitResults":[{"hash":"c752edbd3890b0e4da734692949b1b5f1cd5baad","isMergeCommit":false,"messageTitle":"style: Auto-format code","messageBody":"","fileTypesAndContributionMap":{"functional-code":{"insertions":169,"deletions":123}}},{"hash":"ed00f2fef51e212e9c0871cf52a83fb211ea6703","isMergeCommit":false,"messageTitle":"docs: Add javadocs for search \u0026 add functions","messageBody":"","fileTypesAndContributionMap":{"functional-code":{"insertions":15,"deletions":1}}},{"hash":"d6efa2794e34e005858c37fe308188a437479985","isMergeCommit":false,"messageTitle":"docs: Add more javadocs for parsing functions","messageBody":"","fileTypesAndContributionMap":{"functional-code":{"insertions":17,"deletions":3}}}]}]},"authorFileTypeContributionMap":{"ysl-28":{"docs":2,"functional-code":225,"test-code":51},"ngkaiwen123":{"docs":1,"functional-code":151,"test-code":24},"ArtemiszenN":{"docs":2,"functional-code":557,"test-code":37},"Ng-YZ":{"docs":0,"functional-code":0,"test-code":0},"firwer":{"docs":10,"functional-code":196,"test-code":0}},"authorContributionVariance":{"ysl-28":33184.348,"ngkaiwen123":2492.64,"ArtemiszenN":7666.791,"Ng-YZ":3.840002,"firwer":4843.8657},"authorDisplayNameMap":{"ysl-28":"CS2113-W12-3 YONG..LING","ngkaiwen123":"CS2113-W12-3 NG K.. WEN","ArtemiszenN":"CS2113-W12-3 ARTE..NGOH","Ng-YZ":"CS2113-W12-3 NG Y..ZHEN","firwer":"CS2113-W12-3 POH .. PIN"}}
