{"authorDailyContributionsMap":{"ysl-28":[{"date":"2023-03-01","commitResults":[{"hash":"d72535cec609a5b4c707b6fc5fe20f9ab0d929a2","isMergeCommit":false,"messageTitle":"Update AboutUs","messageBody":"","fileTypesAndContributionMap":{"docs":{"insertions":3,"deletions":7}}},{"hash":"a460b7bcd46c3cd3e45d348b55b888c166c032e9","isMergeCommit":false,"messageTitle":"Fix table border","messageBody":"","fileTypesAndContributionMap":{"docs":{"insertions":3,"deletions":3}}}]},{"date":"2023-03-11","commitResults":[{"hash":"6ffa46e822df1d2b9c0ef9379b2f139e499f88cd","isMergeCommit":false,"messageTitle":"Add list functionality","messageBody":"","fileTypesAndContributionMap":{"functional-code":{"insertions":178,"deletions":1}}},{"hash":"74f35caf286aa11f14d9e3aa482bea7efc5912f1","isMergeCommit":false,"messageTitle":"Refactor code","messageBody":"","fileTypesAndContributionMap":{"functional-code":{"insertions":103,"deletions":97}}},{"hash":"15fc803ebdbce73ed38758a6cd42038a1bcd8e8a","isMergeCommit":false,"messageTitle":"Fix table formatting","messageBody":"","fileTypesAndContributionMap":{"functional-code":{"insertions":154,"deletions":40}}},{"hash":"caee7f809898fe73506912e00dd608dfd8cce9d4","isMergeCommit":false,"messageTitle":"Add error message when printing an empty inventory","messageBody":"","fileTypesAndContributionMap":{"functional-code":{"insertions":27,"deletions":133}}},{"hash":"cbd9fd9044366f1370d87867e59bb56d633f053e","isMergeCommit":true,"messageTitle":"Merge branch \u0027master\u0027 into branch-list","messageBody":"","fileTypesAndContributionMap":{}},{"hash":"bf0a2d9fc4d73826adeeafeb1e3b28198e51d911","isMergeCommit":true,"messageTitle":"Merge pull request #29 from ysl-28/branch-list","messageBody":"Add list feature","fileTypesAndContributionMap":{}},{"hash":"a869e68617cdb1927db843a9844bb7a94bcb48c3","isMergeCommit":false,"messageTitle":"Refactor list functions","messageBody":"","fileTypesAndContributionMap":{"functional-code":{"insertions":67,"deletions":22}}},{"hash":"448cf5adab6d91af379c957729e1f29d8ef171f8","isMergeCommit":false,"messageTitle":"Remove commented code","messageBody":"","fileTypesAndContributionMap":{"functional-code":{"insertions":2,"deletions":18}}},{"hash":"5edbc6f74407cb4b9b5463018f7a9eb8501da134","isMergeCommit":false,"messageTitle":"Fix variable access definition order in Ui class","messageBody":"","fileTypesAndContributionMap":{"functional-code":{"insertions":10,"deletions":13}}},{"hash":"d3d1600035f786cccfabe046c1b9fa1c12e76b65","isMergeCommit":false,"messageTitle":"Fix coding style problems","messageBody":"","fileTypesAndContributionMap":{"functional-code":{"insertions":2,"deletions":2}}},{"hash":"7c6a58baab2c98415b0990c796864eac6c0ef5be","isMergeCommit":false,"messageTitle":"Edit padded string in printAttribute method","messageBody":"","fileTypesAndContributionMap":{"functional-code":{"insertions":1,"deletions":1},"other":{"insertions":1,"deletions":1}}},{"hash":"12e48282fa76084490cdef7951b52c93d3590128","isMergeCommit":true,"messageTitle":"Merge pull request #30 from ysl-28/branch-list-refactor","messageBody":"Refactor list functions","fileTypesAndContributionMap":{}},{"hash":"f44c3020777cc59d31801de350c7e385739d54ec","isMergeCommit":false,"messageTitle":"Add tests for printing list","messageBody":"","fileTypesAndContributionMap":{"functional-code":{"insertions":2,"deletions":4},"test-code":{"insertions":51,"deletions":0}}},{"hash":"c7c46d9779a0ffdee6d3e727a6d9d529210622ab","isMergeCommit":true,"messageTitle":"Merge pull request #31 from ysl-28/branch-junit","messageBody":"Add tests for printing list","fileTypesAndContributionMap":{}}]},{"date":"2023-03-13","commitResults":[{"hash":"43351bb608b89b680c1f44ffb4ccf6ee01369349","isMergeCommit":true,"messageTitle":"Merge pull request #33 from firwer/master","messageBody":"Auto-formatting \u0026 Add missing documentation","fileTypesAndContributionMap":{}},{"hash":"345562f2682933cea711fc739edb42b633e19c6a","isMergeCommit":false,"messageTitle":"Fix bugs for printing list","messageBody":"","fileTypesAndContributionMap":{"functional-code":{"insertions":42,"deletions":40}}},{"hash":"cf8eacbab3e8898807ca14975770e54ba457b8a4","isMergeCommit":true,"messageTitle":"Merge pull request #34 from ysl-28/master","messageBody":"Fix bugs for printing list","fileTypesAndContributionMap":{}}]},{"date":"2023-03-14","commitResults":[{"hash":"5149171559ad2a9a3a52eec02d35d8344f62cada","isMergeCommit":false,"messageTitle":"Remove nested loop in printTableSeparator method","messageBody":"","fileTypesAndContributionMap":{"functional-code":{"insertions":1,"deletions":4},"test-code":{"insertions":2,"deletions":2}}},{"hash":"a7c3f370e45bcb2d928ec5ca2d90eeadcb364adb","isMergeCommit":true,"messageTitle":"Merge pull request #37 from ngkaiwen123/master","messageBody":"Minor Edits","fileTypesAndContributionMap":{}},{"hash":"3204202302b2836b8c8ee3fa4cc62affddd747b7","isMergeCommit":true,"messageTitle":"Merge branch \u0027master\u0027 of https://github.com/AY2223S2-CS2113-W12-3/tp","messageBody":"","fileTypesAndContributionMap":{}},{"hash":"612612a6f5dc481ef24590968e7e851a013d7f37","isMergeCommit":true,"messageTitle":"Merge branch \u0027master\u0027 of https://github.com/AY2223S2-CS2113-W12-3/tp","messageBody":"","fileTypesAndContributionMap":{}},{"hash":"7e44baa178f6a509e01db1455119dbad75cd8a6b","isMergeCommit":true,"messageTitle":"Merge pull request #39 from ysl-28/master","messageBody":"Remove nested loop in printTableSeparator method","fileTypesAndContributionMap":{}},{"hash":"30b7604eafd6b8dea6304494aea5479048d474e6","isMergeCommit":false,"messageTitle":"Remove unused import statement","messageBody":"","fileTypesAndContributionMap":{"test-code":{"insertions":2,"deletions":2}}}]},{"date":"2023-03-15","commitResults":[{"hash":"f21f3300eb3dabcd64521c77ecaeb34896f03785","isMergeCommit":false,"messageTitle":"Add printing of dollar sign to list function","messageBody":"","fileTypesAndContributionMap":{"functional-code":{"insertions":4,"deletions":2},"test-code":{"insertions":14,"deletions":14}}},{"hash":"f2cd8c0cda0d01033fde70731a22aba5c6654671","isMergeCommit":true,"messageTitle":"Merge branch \u0027master\u0027 of https://github.com/AY2223S2-CS2113-W12-3/tp","messageBody":"","fileTypesAndContributionMap":{}},{"hash":"770d1a49780f80e86f95f82c571afacff74c13d6","isMergeCommit":true,"messageTitle":"Merge pull request #42 from ysl-28/master","messageBody":"Add printing of dollar sign for price in list function","fileTypesAndContributionMap":{}}]},{"date":"2023-03-21","commitResults":[{"hash":"27d5a8e8477d5e274a9a981bf62ea8ff94eed0a1","isMergeCommit":true,"messageTitle":"Merge pull request #47 from firwer/master","messageBody":"refactor: Packages, minor refactors and docs","fileTypesAndContributionMap":{}},{"hash":"dd33094a060a1efbcb3614729835badca7fc3252","isMergeCommit":false,"messageTitle":"Add outline of list function to DG","messageBody":"","fileTypesAndContributionMap":{"docs":{"insertions":16,"deletions":0}}},{"hash":"f7d2a04ecf4e3260a752882326191b867341c9a9","isMergeCommit":true,"messageTitle":"Merge pull request #48 from ysl-28/master","messageBody":"Add outline of list function to DG","fileTypesAndContributionMap":{}}]},{"date":"2023-03-22","commitResults":[{"hash":"e87c67ae78570cff1d6c0341dbcff7b9a95c8594","isMergeCommit":false,"messageTitle":"Fix coding style errors","messageBody":"","fileTypesAndContributionMap":{"functional-code":{"insertions":40,"deletions":33},"test-code":{"insertions":8,"deletions":7}}},{"hash":"cc9eedd13648143c5387c440384e58138ceca418","isMergeCommit":true,"messageTitle":"Resolve merge conflict","messageBody":"","fileTypesAndContributionMap":{}},{"hash":"959af4580d17a0656c82381a5e3e881c6a43418a","isMergeCommit":true,"messageTitle":"Merge pull request #52 from Ng-YZ/master","messageBody":"Add contents list and headers for features in implementation of Developer Guide","fileTypesAndContributionMap":{}},{"hash":"c645377ab4b30b04a967858b1365ad140bf241d2","isMergeCommit":true,"messageTitle":"Fix coding style violations","messageBody":"","fileTypesAndContributionMap":{}},{"hash":"7080e6ccf22039e28490270f236d2d1b423be036","isMergeCommit":true,"messageTitle":"Merge pull request #54 from ysl-28/master","messageBody":"Fix coding style violations","fileTypesAndContributionMap":{}},{"hash":"6cd854b1de78f3c2cd2ed06bfa7ec80d58e994a8","isMergeCommit":false,"messageTitle":"Add new test for list command","messageBody":"","fileTypesAndContributionMap":{"test-code":{"insertions":32,"deletions":0}}},{"hash":"c06a9e45da2cd24cc2f4c8833a02747736d1601a","isMergeCommit":true,"messageTitle":"Merge pull request #56 from Ng-YZ/master","messageBody":"Add help function","fileTypesAndContributionMap":{}}]},{"date":"2023-03-23","commitResults":[{"hash":"ef3e92cbcdd37634f2ee8cf2b77c3945b3916e2e","isMergeCommit":false,"messageTitle":"Add Alert, AlertList and AddAlertCommand classes","messageBody":"","fileTypesAndContributionMap":{"functional-code":{"insertions":168,"deletions":11},"test-code":{"insertions":3,"deletions":1}}},{"hash":"10b103f021d9d7e78aa6f61e358519c0976d9a11","isMergeCommit":false,"messageTitle":"Add error messages for AddAlertCommand","messageBody":"","fileTypesAndContributionMap":{"functional-code":{"insertions":57,"deletions":29}}},{"hash":"036d4633146b887d413a6639f77e3ecd3e66a416","isMergeCommit":true,"messageTitle":"Resolve merge conflict","messageBody":"","fileTypesAndContributionMap":{}},{"hash":"c64d4570044f4077b5795bc81cb405b50b31313b","isMergeCommit":false,"messageTitle":"Fix coding style errors","messageBody":"","fileTypesAndContributionMap":{"functional-code":{"insertions":11,"deletions":16}}},{"hash":"c69c7fb9c515aaec04147d00713119ab1b80ee87","isMergeCommit":false,"messageTitle":"Fix coding style errors","messageBody":"","fileTypesAndContributionMap":{"functional-code":{"insertions":4,"deletions":2}}},{"hash":"5b5445bdd1b793f6b9a17f169e8cd465e9a900ce","isMergeCommit":true,"messageTitle":"Merge pull request #62 from ysl-28/master","messageBody":"Add Alert, AlertList and AddAlertCommand classes","fileTypesAndContributionMap":{}},{"hash":"e3d534051d8a0d507955ecefc6ad41d91baed05a","isMergeCommit":false,"messageTitle":"Add error handling for when invalid quantities are set for alerts","messageBody":"","fileTypesAndContributionMap":{"functional-code":{"insertions":66,"deletions":7}}},{"hash":"873feeb5e5202b83a6a73d68120887d8d954077d","isMergeCommit":true,"messageTitle":"Merge pull request #63 from ysl-28/master","messageBody":"Add error handling for when invalid quantities are set for alerts","fileTypesAndContributionMap":{}},{"hash":"4427f731a13d0d7142a664894d4c0eca8da0ff56","isMergeCommit":false,"messageTitle":"Add RemoveAlertCommand class","messageBody":"","fileTypesAndContributionMap":{"functional-code":{"insertions":53,"deletions":2}}},{"hash":"2452b433b9b0a53f0ec4b744b29ff02f770c71a9","isMergeCommit":true,"messageTitle":"Merge branch \u0027master\u0027 of https://github.com/AY2223S2-CS2113-W12-3/tp","messageBody":"","fileTypesAndContributionMap":{}}]},{"date":"2023-03-24","commitResults":[{"hash":"9bec4913887847af45f7840a2750bd296e4d749c","isMergeCommit":false,"messageTitle":"Add RemoveAlertCommand class","messageBody":"","fileTypesAndContributionMap":{"functional-code":{"insertions":116,"deletions":15}}},{"hash":"b8d1a3a3c07b0544d786a114dd5dcfdedd178bda","isMergeCommit":false,"messageTitle":"Add error message printing for removing alerts","messageBody":"","fileTypesAndContributionMap":{"functional-code":{"insertions":29,"deletions":30}}},{"hash":"cececdb1cc5abc7857b62ce3ea913297cf580e29","isMergeCommit":false,"messageTitle":"Fix coding style violations","messageBody":"","fileTypesAndContributionMap":{"functional-code":{"insertions":7,"deletions":10}}},{"hash":"ef8eee421d3868468b672ca6a1f8fe2d1fa4f6cc","isMergeCommit":true,"messageTitle":"Merge pull request #67 from ysl-28/master","messageBody":"Add RemoveAlertCommand class","fileTypesAndContributionMap":{}}]},{"date":"2023-03-25","commitResults":[{"hash":"224eb775f5dffb72982f59bd0f6247accf061bf2","isMergeCommit":false,"messageTitle":"Add alert list printing to Ui class","messageBody":"","fileTypesAndContributionMap":{"functional-code":{"insertions":59,"deletions":5}}},{"hash":"4ad099d16a2d64aedbd8e04ef37532af39655472","isMergeCommit":true,"messageTitle":"Merge pull request #69 from firwer/master","messageBody":"Feat: Bunch of things was improved","fileTypesAndContributionMap":{}},{"hash":"d29716c22c66514a2b42230491d28047a8fa2807","isMergeCommit":true,"messageTitle":"Merge branch \u0027master\u0027 of https://github.com/AY2223S2-CS2113-W12-3/tp","messageBody":"","fileTypesAndContributionMap":{}},{"hash":"acc79e9d76335f40e2a7527d9b0dfc4140c0eacf","isMergeCommit":false,"messageTitle":"Remove unused members of AlertList class and fix printing of total no of alerts","messageBody":"","fileTypesAndContributionMap":{"functional-code":{"insertions":54,"deletions":23}}},{"hash":"32276f6e41cb1f7546b82fafc6017d1f42ffaaac","isMergeCommit":false,"messageTitle":"Fix bug where alerts were not deleted when corresponding item was removed","messageBody":"","fileTypesAndContributionMap":{"functional-code":{"insertions":51,"deletions":19}}},{"hash":"19b1623c5904c62b450115e0e3e87ead9e3b9293","isMergeCommit":false,"messageTitle":"Fix some coding style violations","messageBody":"","fileTypesAndContributionMap":{"functional-code":{"insertions":41,"deletions":17}}},{"hash":"adf9a5d15bf0b4389d96668ce2e28e5e8bf15388","isMergeCommit":false,"messageTitle":"Update help guide","messageBody":"","fileTypesAndContributionMap":{"functional-code":{"insertions":7,"deletions":3},"test-code":{"insertions":0,"deletions":1}}},{"hash":"a35756bd4de424e5c27602200a6c5d78632d897c","isMergeCommit":false,"messageTitle":"Add test for adding alert","messageBody":"","fileTypesAndContributionMap":{"test-code":{"insertions":25,"deletions":0}}}]},{"date":"2023-03-26","commitResults":[{"hash":"824d8a3fa484617c246e998324c8617e96af65a9","isMergeCommit":true,"messageTitle":"Merge pull request #70 from ysl-28/master","messageBody":"Fix bug for removing alerts when item is removed","fileTypesAndContributionMap":{}}]}],"ngkaiwen123":[{"date":"2023-03-01","commitResults":[{"hash":"03e4a37d4b98249475d681b55e340a08000f75e8","isMergeCommit":false,"messageTitle":"Updated Personal Details","messageBody":"","fileTypesAndContributionMap":{"docs":{"insertions":3,"deletions":7}}}]},{"date":"2023-03-10","commitResults":[{"hash":"e3fe4956b8f8bf94ef34b7c38d93616a72859ff2","isMergeCommit":false,"messageTitle":"-Added Edit Function to MagusStock","messageBody":"","fileTypesAndContributionMap":{"functional-code":{"insertions":166,"deletions":0}}},{"hash":"842cb0f0edcc796dbd12de18f4cbfa17eb309bd2","isMergeCommit":true,"messageTitle":"Merge branch \u0027branch-Update-Quantity\u0027","messageBody":"","fileTypesAndContributionMap":{}},{"hash":"932c81c22f4abe24be0495e91e347c8a7668eac5","isMergeCommit":false,"messageTitle":"-Formatting changes","messageBody":"","fileTypesAndContributionMap":{"functional-code":{"insertions":8,"deletions":9}}},{"hash":"46757af7ce9c68d92f9202920eca8d487c293d63","isMergeCommit":false,"messageTitle":"-More formatting changes.","messageBody":"","fileTypesAndContributionMap":{"functional-code":{"insertions":26,"deletions":16}}},{"hash":"4deb053784c3e45327eb55ded8be0f0bc8cdfb76","isMergeCommit":false,"messageTitle":"-Format Change 3.0","messageBody":"","fileTypesAndContributionMap":{"functional-code":{"insertions":1,"deletions":1}}},{"hash":"ea1699f484270214d8100690cb4243eafdf1e094","isMergeCommit":false,"messageTitle":"-Formatting 4.0","messageBody":"","fileTypesAndContributionMap":{"functional-code":{"insertions":1,"deletions":2}}},{"hash":"ab831968808fc10969a50fd59fd1c26ae5608876","isMergeCommit":false,"messageTitle":"Partial Complete Edit Unit test","messageBody":"","fileTypesAndContributionMap":{"test-code":{"insertions":25,"deletions":0}}},{"hash":"9c26f3dfc152fe0acdb72b5dc786477aa4609f4b","isMergeCommit":true,"messageTitle":"Merge pull request #21 from ngkaiwen123/master","messageBody":"-Added Edit Function","fileTypesAndContributionMap":{}}]},{"date":"2023-03-13","commitResults":[{"hash":"be09753e984e2792a8c09cbd53e1a69335b633a3","isMergeCommit":false,"messageTitle":"-JUnit Test changes.","messageBody":"","fileTypesAndContributionMap":{"functional-code":{"insertions":1,"deletions":1},"test-code":{"insertions":1,"deletions":1}}},{"hash":"28fa634086802abacb939f53c50a3e7ed0172486","isMergeCommit":true,"messageTitle":"Merge branch \u0027master\u0027 of https://github.com/ngkaiwen123/tp","messageBody":"","fileTypesAndContributionMap":{}}]},{"date":"2023-03-14","commitResults":[{"hash":"89458e39a9115f642ca8c3bd8b2deb459605b89c","isMergeCommit":true,"messageTitle":"Merge branch \u0027AY2223S2-CS2113-W12-3:master\u0027 into master","messageBody":"","fileTypesAndContributionMap":{}},{"hash":"c026f3dc3a34d5cefb05c2f3e61870d28e5ac2e8","isMergeCommit":true,"messageTitle":"Merge branch \u0027AY2223S2-CS2113-W12-3:master\u0027 into master","messageBody":"","fileTypesAndContributionMap":{}},{"hash":"9fecf9f70d9c0c49c51c3341881721b2dcb28873","isMergeCommit":false,"messageTitle":"Added asserts, changed method name","messageBody":"","fileTypesAndContributionMap":{"functional-code":{"insertions":9,"deletions":25},"docs":{"insertions":11,"deletions":7},"test-code":{"insertions":1,"deletions":1}}},{"hash":"77969f9fefe006a5c168acaaf6d211fc37cef9e2","isMergeCommit":true,"messageTitle":"Merge branch \u0027master\u0027 of https://github.com/ngkaiwen123/tp","messageBody":"# Conflicts:\n#\tsrc/main/java/seedu/duke/Parser.java\n","fileTypesAndContributionMap":{}},{"hash":"06cf39e48966e9d3dc305718b00fa3ed7fa3623d","isMergeCommit":false,"messageTitle":"Resolve conflicts","messageBody":"","fileTypesAndContributionMap":{"functional-code":{"insertions":0,"deletions":8}}},{"hash":"78ba1846c2b4d9e9f7037aa134b4ce77e11abc6d","isMergeCommit":true,"messageTitle":"Merge pull request #38 from ngkaiwen123/master","messageBody":"Resolve conflicts","fileTypesAndContributionMap":{}}]},{"date":"2023-03-21","commitResults":[{"hash":"201f1da9546df92b1af355abe05a4ed2943ae9c7","isMergeCommit":false,"messageTitle":"-Removed assertion","messageBody":"","fileTypesAndContributionMap":{"functional-code":{"insertions":0,"deletions":1}}},{"hash":"84b9c6d791d49dbbef8e767bd2da61536e7d87b3","isMergeCommit":true,"messageTitle":"Merge branch \u0027master\u0027 of https://github.com/ngkaiwen123/tp","messageBody":"","fileTypesAndContributionMap":{}},{"hash":"5709ecb244f0abf9a0d86b51956eae22c22ace08","isMergeCommit":false,"messageTitle":"-Fixed Edit Command listing item despite invalid edit inputs. -New methods added to UI and EditCommand classes for better readeability. -Further documentation added to new methods.","messageBody":"","fileTypesAndContributionMap":{"functional-code":{"insertions":71,"deletions":7}}}]},{"date":"2023-03-22","commitResults":[{"hash":"fc77d8556df4e277675c9c4c956e9267c46569cc","isMergeCommit":true,"messageTitle":"Merge branch \u0027AY2223S2-CS2113-W12-3:master\u0027 into master","messageBody":"","fileTypesAndContributionMap":{}},{"hash":"d75b71c4321cd0868272c14b76484da7736964b5","isMergeCommit":false,"messageTitle":"-Fixes to edit command. -User inputs with no further instructions other than the command itself will no longer cause program to take reference from previous user instruction. -Some additions to user guide. -Added more UI methods.","messageBody":"","fileTypesAndContributionMap":{"functional-code":{"insertions":91,"deletions":40},"docs":{"insertions":24,"deletions":4}}},{"hash":"671bd382af057f64f2b8650aaf780de76b41bae0","isMergeCommit":true,"messageTitle":"Merge pull request #50 from ngkaiwen123/master","messageBody":"Bug Fixes to Program","fileTypesAndContributionMap":{}},{"hash":"9f2913f8f5f372932f50538c50719973fe8b2fb9","isMergeCommit":false,"messageTitle":"Enabled assertions.","messageBody":"","fileTypesAndContributionMap":{"functional-code":{"insertions":0,"deletions":2},"other":{"insertions":2,"deletions":1}}},{"hash":"a58618df27759ed481dfefa4ff5b3cdd0d615072","isMergeCommit":true,"messageTitle":"Merge pull request #51 from ngkaiwen123/master","messageBody":"Enabled assertions.","fileTypesAndContributionMap":{}}]}],"ArtemiszenN":[{"date":"2023-03-01","commitResults":[{"hash":"83d3c41039033ff55eff86772b1fe387c8645418","isMergeCommit":false,"messageTitle":"Update amogus","messageBody":"","fileTypesAndContributionMap":{"docs":{"insertions":8,"deletions":7}}},{"hash":"0c2f7dc1dbb95bbad5a42bd60cdc45462a799da8","isMergeCommit":false,"messageTitle":"Update amogus 2","messageBody":"","fileTypesAndContributionMap":{"docs":{"insertions":0,"deletions":4}}},{"hash":"810b278088957c00fb2ddfffb3eb80c678a14cb1","isMergeCommit":true,"messageTitle":"Merge pull request #1 from ArtemiszenN/artemis-AboutUs","messageBody":"Update amogus\r\namogusamogusmaogus","fileTypesAndContributionMap":{}}]},{"date":"2023-03-08","commitResults":[{"hash":"a30ac44e2e39451ec69c2a112d1aa674bc99e276","isMergeCommit":false,"messageTitle":"Add initial classes","messageBody":"","fileTypesAndContributionMap":{"functional-code":{"insertions":124,"deletions":12}}},{"hash":"53f276b238ff90d887daaf691219709af8138c96","isMergeCommit":true,"messageTitle":"Merge pull request #18 from ArtemiszenN/branch-initial","messageBody":"Add initial classes","fileTypesAndContributionMap":{}}]},{"date":"2023-03-10","commitResults":[{"hash":"031d6ef55edaee92530213d166b7d4d831e02628","isMergeCommit":false,"messageTitle":"Add Trie Functionality Refactor Code","messageBody":"","fileTypesAndContributionMap":{"functional-code":{"insertions":172,"deletions":13},"test-code":{"insertions":35,"deletions":0}}},{"hash":"e879bea1ebdb4d00444c93ce6f5154286149b553","isMergeCommit":true,"messageTitle":"Merge pull request #23 from ArtemiszenN/trie","messageBody":"Add Trie Functionality","fileTypesAndContributionMap":{}}]},{"date":"2023-03-11","commitResults":[{"hash":"0536339e6a02a6cf4aa4ec23e211cf063460bf26","isMergeCommit":false,"messageTitle":"Add search, searchupc, filter functionality Add SearchFilterErrorException Fix text-ui-test","messageBody":"","fileTypesAndContributionMap":{"functional-code":{"insertions":235,"deletions":23},"other":{"insertions":13,"deletions":2},"test-code":{"insertions":2,"deletions":0}}},{"hash":"91faef1544c688e04cd837a0fe8e152094418017","isMergeCommit":false,"messageTitle":"Add MissingParametersException.missingSearchItemParameters Actually add filter functionality for category and tags","messageBody":"","fileTypesAndContributionMap":{"functional-code":{"insertions":61,"deletions":14}}},{"hash":"48ff3f492e7e376e0e74a69a96b6285049e4c612","isMergeCommit":true,"messageTitle":"Merge pull request #24 from ArtemiszenN/branch-search","messageBody":"Search, filter","fileTypesAndContributionMap":{}},{"hash":"0b2de604fd9e1eaca9c4f751663c0e17176f2d6b","isMergeCommit":false,"messageTitle":"Refactor code","messageBody":"","fileTypesAndContributionMap":{"functional-code":{"insertions":15,"deletions":14}}},{"hash":"f7cba734313b765dae5480379efa68d0fa5af6d9","isMergeCommit":true,"messageTitle":"Merge pull request #25 from ArtemiszenN/master","messageBody":"Refactor code","fileTypesAndContributionMap":{}},{"hash":"1850f4fa8a06b2d9fce9c7602678c1b1f9c906a1","isMergeCommit":false,"messageTitle":"Refactor code","messageBody":"","fileTypesAndContributionMap":{"test-code":{"insertions":1,"deletions":3}}},{"hash":"12988448b05f74bf20af820572a2768b07b6d654","isMergeCommit":true,"messageTitle":"Merge pull request #26 from ArtemiszenN/master","messageBody":"Refactor code","fileTypesAndContributionMap":{}},{"hash":"a86f3aaf3cf09d253675321d4e15f1cb9bf90ef7","isMergeCommit":false,"messageTitle":"Refactor Code","messageBody":"","fileTypesAndContributionMap":{"test-code":{"insertions":1,"deletions":0}}},{"hash":"f663cd5ffdeecca53e2d05bcd0ab6549b87c5ed0","isMergeCommit":true,"messageTitle":"Merge pull request #27 from ArtemiszenN/master","messageBody":"Refactor Code","fileTypesAndContributionMap":{}},{"hash":"8c2e03cfd35e7fad3937f7dc5d535d246c0d52a6","isMergeCommit":false,"messageTitle":"Fix EditTest not initialising parser","messageBody":"","fileTypesAndContributionMap":{"test-code":{"insertions":1,"deletions":1}}}]},{"date":"2023-03-12","commitResults":[{"hash":"5cefcaeec2fc0a72056b53aadcfcdc522720bc2d","isMergeCommit":true,"messageTitle":"Merge branch \u0027master\u0027 of https://github.com/AY2223S2-CS2113-W12-3/tp into newMaster","messageBody":"","fileTypesAndContributionMap":{}}]},{"date":"2023-03-14","commitResults":[{"hash":"e1f6f6eb2036d1850153bd03797240fa0cd16ecb","isMergeCommit":true,"messageTitle":"Merge branch \u0027newMaster\u0027 of https://github.com/ArtemiszenN/tp into newMaster","messageBody":"","fileTypesAndContributionMap":{}},{"hash":"f50debdeeb62a70f9753ea8842222fa90e0ad36f","isMergeCommit":false,"messageTitle":"Update trie code in remove functions to be in the right block","messageBody":"","fileTypesAndContributionMap":{"functional-code":{"insertions":2,"deletions":2}}},{"hash":"3bd8939164ed504077b780cde578227e920a9053","isMergeCommit":true,"messageTitle":"Merge pull request #35 from ArtemiszenN/master","messageBody":"Update trie code in remove functions to be in the right block","fileTypesAndContributionMap":{}},{"hash":"efade97adcfaa3c667b5bd0c6b96de2670f20027","isMergeCommit":true,"messageTitle":"Merge remote-tracking branch \u0027origin/master\u0027 into newMaster","messageBody":"","fileTypesAndContributionMap":{}},{"hash":"9acf15b70a6152da1942f77499792233ed54aca4","isMergeCommit":true,"messageTitle":"Merge branch \u0027newMaster\u0027 of https://github.com/ArtemiszenN/tp into newMaster","messageBody":"","fileTypesAndContributionMap":{}},{"hash":"4c6e2f933549f919d289f24254e162c2f6ad9c7f","isMergeCommit":false,"messageTitle":"Removed unused import Fixed wrong parameter being passde in inventory search","messageBody":"","fileTypesAndContributionMap":{"functional-code":{"insertions":7,"deletions":16}}},{"hash":"4aefa26ee97cf9f5b14b1578dd06675266e44019","isMergeCommit":true,"messageTitle":"Merge pull request #36 from ArtemiszenN/newMaster","messageBody":"Fix checksum and search","fileTypesAndContributionMap":{}}]},{"date":"2023-03-22","commitResults":[{"hash":"63581102022181630e6735a6b0283f5d26cf40c1","isMergeCommit":false,"messageTitle":"Add types for search Place searchupc and search in one function in searchcommand Fix search using the entire name of the item Add search tests","messageBody":"","fileTypesAndContributionMap":{"functional-code":{"insertions":81,"deletions":64},"test-code":{"insertions":84,"deletions":0}}},{"hash":"3e4fa87df40765d7446d86df4cc5cf03ba71354e","isMergeCommit":true,"messageTitle":"Merge pull request #58 from ArtemiszenN/newMaster","messageBody":"Add types for search","fileTypesAndContributionMap":{}},{"hash":"6295ac5e2482157378d42421212b61f07d393adc","isMergeCommit":false,"messageTitle":"Change ITEM_NOT_FOUND to be more generic Add exception handling to RemoveCommand Change AddCommandTest to test for every word of the item name instead of the item name","messageBody":"","fileTypesAndContributionMap":{"functional-code":{"insertions":18,"deletions":3},"test-code":{"insertions":3,"deletions":1}}},{"hash":"8f2e9b60e1cdbf6962c16b4ebb0be78413170b76","isMergeCommit":true,"messageTitle":"Merge pull request #59 from ArtemiszenN/newMaster","messageBody":"Change ITEM_NOT_FOUND to be more generic","fileTypesAndContributionMap":{}},{"hash":"2ce44dccbf0e54369621b9450b5bda2f3de431ab","isMergeCommit":false,"messageTitle":"Re-introduce edit and trie tests","messageBody":"","fileTypesAndContributionMap":{"test-code":{"insertions":64,"deletions":62}}},{"hash":"2137c9083e57062d74c2e6d543e15d686c9c50dc","isMergeCommit":true,"messageTitle":"Merge pull request #60 from ArtemiszenN/newMaster","messageBody":"Re-introduce edit and trie tests","fileTypesAndContributionMap":{}},{"hash":"ca3b1c45dbc88457598346d5c56b413ef9f120ca","isMergeCommit":false,"messageTitle":"Fix checkstyle errors in edittest (somehow checkstyle plugin can\u0027t update in real time ig 🤡)","messageBody":"","fileTypesAndContributionMap":{"test-code":{"insertions":0,"deletions":2}}},{"hash":"951f6264c7a9d0dbc89456579993b596345a5384","isMergeCommit":true,"messageTitle":"Merge pull request #61 from ArtemiszenN/newMaster","messageBody":"Fix checkstyle errors in edittest (somehow checkstyle plugin can\u0027t up…","fileTypesAndContributionMap":{}}]},{"date":"2023-03-23","commitResults":[{"hash":"d0ddfc1d4e352b670dcaf3c24e3c52eecef83515","isMergeCommit":false,"messageTitle":"Refactor parser class under chain of responsibility design pattern Edit tests to fit new parser definition Comment out ParserTest as it is no longer relevant","messageBody":"","fileTypesAndContributionMap":{"functional-code":{"insertions":490,"deletions":375},"test-code":{"insertions":65,"deletions":52}}},{"hash":"1dc352887d56fa8a752599ba193de6950f787140","isMergeCommit":false,"messageTitle":"Fix checkstyle errors","messageBody":"","fileTypesAndContributionMap":{"functional-code":{"insertions":24,"deletions":17}}},{"hash":"a05d60b134ac139e02ac367ad88e8c3078c7179f","isMergeCommit":false,"messageTitle":"Fix line toooooooooooo long .-.","messageBody":"","fileTypesAndContributionMap":{"functional-code":{"insertions":2,"deletions":2}}},{"hash":"d53d0c62af77f214b266e6e4db527dc2938d5d4a","isMergeCommit":false,"messageTitle":"Remove text ui tests","messageBody":"","fileTypesAndContributionMap":{"other":{"insertions":0,"deletions":42}}},{"hash":"c649ee6887e1308fc8b1545e2035ab9c74ee31df","isMergeCommit":false,"messageTitle":"Revert \"Remove text ui tests\"","messageBody":"This reverts commit d53d0c62af77f214b266e6e4db527dc2938d5d4a.\n","fileTypesAndContributionMap":{"other":{"insertions":42,"deletions":0}}},{"hash":"f2ed4b314c58769b7c0e04c34c407ca3adce52de","isMergeCommit":false,"messageTitle":"Neutered text-ui-tests","messageBody":"","fileTypesAndContributionMap":{"other":{"insertions":2,"deletions":22}}},{"hash":"7fcefcaad9238840b566be4b6c8af8e88eea33c3","isMergeCommit":true,"messageTitle":"Merge pull request #65 from ArtemiszenN/newMaster","messageBody":"Refactor parser class under chain of responsibility design pattern","fileTypesAndContributionMap":{}},{"hash":"5475a1bb34c9db64e879e06400f4cc71a76ef1eb","isMergeCommit":false,"messageTitle":"Attempt to neuter text-ui-tests again","messageBody":"","fileTypesAndContributionMap":{"other":{"insertions":19,"deletions":1}}},{"hash":"ecbdd479b7edfd3e3bbc38c2ac02b5abde3dfe62","isMergeCommit":false,"messageTitle":"Operation get rid of the tests","messageBody":"","fileTypesAndContributionMap":{"other":{"insertions":1,"deletions":0}}},{"hash":"8d6657450285bd505393f4ebe8ffa058e4f1ec55","isMergeCommit":false,"messageTitle":"Operation get rid of tests windows edition part 2 electric boogaloooo","messageBody":"","fileTypesAndContributionMap":{"other":{"insertions":0,"deletions":15}}},{"hash":"96a1e47725d14eae35b0870971a5af31604b0f91","isMergeCommit":true,"messageTitle":"Merge pull request #66 from ArtemiszenN/newMaster","messageBody":" Operation get rid of the tests ","fileTypesAndContributionMap":{}}]},{"date":"2023-03-24","commitResults":[{"hash":"85a9af40ce48d098bf76bab40a98470cbdff61ea","isMergeCommit":false,"messageTitle":"Add text documentation for filter and search in developerguide.md","messageBody":"","fileTypesAndContributionMap":{"functional-code":{"insertions":18,"deletions":17},"docs":{"insertions":58,"deletions":3}}},{"hash":"a9ada81e63ad0c22ab60996c265bacd7999c6ffe","isMergeCommit":false,"messageTitle":"Add diagrammatic documentation for filter and step functionality","messageBody":"","fileTypesAndContributionMap":{"docs":{"insertions":141,"deletions":3}}},{"hash":"04c124b4bf8cf2b4e19063672f6984f296fa7965","isMergeCommit":true,"messageTitle":"Merge pull request #68 from ArtemiszenN/newMaster","messageBody":"Add documentation for search and filter","fileTypesAndContributionMap":{}}]},{"date":"2023-03-26","commitResults":[{"hash":"4ac52e81ad10b102b2fd51f780a95525399199ec","isMergeCommit":false,"messageTitle":"Add history function","messageBody":"","fileTypesAndContributionMap":{"functional-code":{"insertions":326,"deletions":50}}},{"hash":"1eb638eea3cd2f41592ad00691dcafb0756b9952","isMergeCommit":false,"messageTitle":"Add filter and history tests","messageBody":"","fileTypesAndContributionMap":{"functional-code":{"insertions":12,"deletions":7},"test-code":{"insertions":97,"deletions":6}}},{"hash":"400e115c6495d0956e9c432af9f04d13373a3988","isMergeCommit":false,"messageTitle":"Fix checkstyle","messageBody":"","fileTypesAndContributionMap":{"functional-code":{"insertions":16,"deletions":16}}},{"hash":"8e44431cc86ae56f600089c16973519d69d751ce","isMergeCommit":false,"messageTitle":"Change equals method for item back to just upc","messageBody":"","fileTypesAndContributionMap":{"functional-code":{"insertions":19,"deletions":14}}},{"hash":"215dba6837b12411ae1789cdf9f0507ed9b784e8","isMergeCommit":true,"messageTitle":"Merge pull request #71 from ArtemiszenN/newMaster","messageBody":"Add history functionality and tests for history/filter","fileTypesAndContributionMap":{}},{"hash":"d393c7f1cd72b4c98f61223da35f59041152be12","isMergeCommit":true,"messageTitle":"Merge branch \u0027master\u0027 into master","messageBody":"","fileTypesAndContributionMap":{}},{"hash":"adf3b7c550242e6d890948de808b33c10f2344b3","isMergeCommit":false,"messageTitle":"Update Ui.java","messageBody":"","fileTypesAndContributionMap":{"functional-code":{"insertions":1,"deletions":1}}},{"hash":"2535097c284ec25f7129939fe0962800a59a7ebd","isMergeCommit":false,"messageTitle":"Update CommandFormat.java","messageBody":"","fileTypesAndContributionMap":{"functional-code":{"insertions":2,"deletions":1}}},{"hash":"d68243f023f8e5a6c6c60e6567e74454542cb2ee","isMergeCommit":false,"messageTitle":"Update RemoveParser.java","messageBody":"","fileTypesAndContributionMap":{"functional-code":{"insertions":0,"deletions":2}}},{"hash":"b4594d587f182300551f3eecd6044aab689d72a5","isMergeCommit":false,"messageTitle":"Add InventoryData to gitignore Add copy constructor for item Add constructor for item which includes tags and categories Add test in SearchCommandTest to catch edge case bug","messageBody":"","fileTypesAndContributionMap":{"functional-code":{"insertions":30,"deletions":8},"test-code":{"insertions":5,"deletions":0}}},{"hash":"5b52fe242258bd8f7e7275117cbcd81a30920618","isMergeCommit":true,"messageTitle":"Merge pull request #72 from ArtemiszenN/newMaster","messageBody":"Add InventoryData to gitignore","fileTypesAndContributionMap":{}}]}],"Ng-YZ":[{"date":"2023-03-01","commitResults":[{"hash":"c6ba6a9bf639668014aa058a0c1a50c96c4e614f","isMergeCommit":false,"messageTitle":"Update about us page :)","messageBody":"","fileTypesAndContributionMap":{"docs":{"insertions":3,"deletions":7}}}]},{"date":"2023-03-09","commitResults":[{"hash":"9d22f0632c5b086fe54aaf537daec5898f525071","isMergeCommit":true,"messageTitle":"Merge pull request #19 from firwer/master","messageBody":"feat: add functionality and color coding","fileTypesAndContributionMap":{}}]},{"date":"2023-03-12","commitResults":[{"hash":"b68834f73f2f337bcca8b4e5799b651b59757754","isMergeCommit":false,"messageTitle":"Add function to remove item by Upc and sample test file","messageBody":"","fileTypesAndContributionMap":{"functional-code":{"insertions":93,"deletions":3},"test-code":{"insertions":27,"deletions":0}}}]},{"date":"2023-03-13","commitResults":[{"hash":"3b3bf99203bb70b685fbee1ed67ddd96d1c0b3dd","isMergeCommit":false,"messageTitle":"Add remove by index","messageBody":"","fileTypesAndContributionMap":{"functional-code":{"insertions":143,"deletions":75}}},{"hash":"60b44cf5f5dcab71dac7b935c811f290d99c8bd8","isMergeCommit":true,"messageTitle":"Merge branch \u0027master\u0027 into master","messageBody":"","fileTypesAndContributionMap":{}},{"hash":"b9fabba871502d9bbccd0156e9ec3a3ccac5fbf4","isMergeCommit":false,"messageTitle":"Edit string format","messageBody":"","fileTypesAndContributionMap":{"functional-code":{"insertions":2,"deletions":2}}},{"hash":"50f56839233ec911c0262e658bd808487c9cd63e","isMergeCommit":true,"messageTitle":"Merge branch \u0027master\u0027 of https://github.com/Ng-YZ/tp","messageBody":"","fileTypesAndContributionMap":{}},{"hash":"71d82e2ab76af526c6e8476ae2830c8e29b8bdd0","isMergeCommit":false,"messageTitle":"Change string from public to private","messageBody":"","fileTypesAndContributionMap":{"functional-code":{"insertions":1,"deletions":1}}}]},{"date":"2023-03-14","commitResults":[{"hash":"146c2aa8608bbb71d2ae9ed7d661a991cd12b85e","isMergeCommit":false,"messageTitle":"Edit RemoveTest, remove unused import, add trie.remove() in Inventory","messageBody":"","fileTypesAndContributionMap":{"functional-code":{"insertions":2,"deletions":0},"test-code":{"insertions":12,"deletions":10}}},{"hash":"d417b1a9344d49955eb20519fba4f379f7259976","isMergeCommit":true,"messageTitle":"Merge pull request #32 from Ng-YZ/master","messageBody":"Add function to remove item by upc and index of item in list","fileTypesAndContributionMap":{}}]},{"date":"2023-03-15","commitResults":[{"hash":"ee7817b7fb9f121ba436681cb819ae63a426ab83","isMergeCommit":false,"messageTitle":"Modify remove methods","messageBody":"","fileTypesAndContributionMap":{"functional-code":{"insertions":32,"deletions":29},"test-code":{"insertions":53,"deletions":11}}},{"hash":"939b82a93c9fb132cbfb4c7b669e74bdc46329a7","isMergeCommit":false,"messageTitle":"Change code for remove methods, add RemoveTest for both upc and index","messageBody":"","fileTypesAndContributionMap":{"functional-code":{"insertions":75,"deletions":42},"test-code":{"insertions":18,"deletions":53}}},{"hash":"7a9a454853d300004c0084559cdf6462e3a67255","isMergeCommit":true,"messageTitle":"Merge pull request #40 from ysl-28/master","messageBody":"Remove unused import statement","fileTypesAndContributionMap":{}},{"hash":"ee7f830df301c2a0784f3bb9bf20b82a1d1e7407","isMergeCommit":true,"messageTitle":"Merge branch \u0027master\u0027 into master","messageBody":"","fileTypesAndContributionMap":{}},{"hash":"1bf7b2c03b94bea4d9957500a39062f9e5aa53b4","isMergeCommit":false,"messageTitle":"Edit RemoveTest","messageBody":"","fileTypesAndContributionMap":{"test-code":{"insertions":2,"deletions":3}}},{"hash":"9cb10b8a96952e90e71501ce2ca813c64e0b3019","isMergeCommit":false,"messageTitle":"Change removeByUpc from int to void method","messageBody":"","fileTypesAndContributionMap":{"functional-code":{"insertions":2,"deletions":4},"test-code":{"insertions":6,"deletions":3}}},{"hash":"c46d9aab8fe1f51b5e85b58202b20b2f36238833","isMergeCommit":true,"messageTitle":"Merge branch \u0027master\u0027 of https://github.com/Ng-YZ/tp","messageBody":"","fileTypesAndContributionMap":{}},{"hash":"ef3aedfe8050d8d14f74ca5256d06aba463708df","isMergeCommit":true,"messageTitle":"Merge pull request #41 from Ng-YZ/master","messageBody":"Edit Remove methods and RemoveTest","tags":["v1.0"],"fileTypesAndContributionMap":{}}]},{"date":"2023-03-22","commitResults":[{"hash":"fe21fe775ffc1d8929dbaf7c98f0848101cd678b","isMergeCommit":false,"messageTitle":"Add contents list and headers for features in implementation","messageBody":"","fileTypesAndContributionMap":{"functional-code":{"insertions":9,"deletions":7},"docs":{"insertions":27,"deletions":0}}},{"hash":"52adfab641d7da8fdb08eec24329f96190de475d","isMergeCommit":false,"messageTitle":"Edit RemoveTest and RemoveCommand run()","messageBody":"","fileTypesAndContributionMap":{"functional-code":{"insertions":9,"deletions":4},"docs":{"insertions":0,"deletions":1},"test-code":{"insertions":60,"deletions":39}}},{"hash":"738edcf38aa80daa735ba01f618362a5f5c633d0","isMergeCommit":false,"messageTitle":"Add help function","messageBody":"","fileTypesAndContributionMap":{"functional-code":{"insertions":150,"deletions":13}}},{"hash":"3734c9be4bbfa28ad98764dcc3a81aad47ae6d65","isMergeCommit":false,"messageTitle":"Edit code for addWordWithoutWrap, and edit strings","messageBody":"","fileTypesAndContributionMap":{"functional-code":{"insertions":14,"deletions":48}}},{"hash":"3ce68b45e2b1c6cae123edf878e8d5c48b9897d8","isMergeCommit":true,"messageTitle":"Merge pull request #55 from ysl-28/master","messageBody":"Add new test for list command","fileTypesAndContributionMap":{}},{"hash":"3394cf3cf4f7c0815062096e25db6568b6bba19e","isMergeCommit":true,"messageTitle":"Pull commits from team, remove conflict","messageBody":"","fileTypesAndContributionMap":{}},{"hash":"54543f733df01cd825f22066dfd8250605e10ff8","isMergeCommit":false,"messageTitle":"Undo import \u0027*\u0027 statements","messageBody":"","fileTypesAndContributionMap":{"functional-code":{"insertions":12,"deletions":2}}},{"hash":"48722b08ac8bb601974c0f5196dcf93e8660ec8c","isMergeCommit":true,"messageTitle":"Merge pull request #57 from Ng-YZ/master","messageBody":"Undo import \u0027*\u0027 statements","fileTypesAndContributionMap":{}}]}],"firwer":[{"date":"2023-03-01","commitResults":[{"hash":"2366fe5ecb23279ac693ccd91fa98f2010fc1ffc","isMergeCommit":false,"messageTitle":"initial commit","messageBody":"","fileTypesAndContributionMap":{"docs":{"insertions":10,"deletions":13}}},{"hash":"cd228fbd23fbd5595e112d290a2a984b31167769","isMergeCommit":true,"messageTitle":"Merge branch \u0027master\u0027 into master","messageBody":"","fileTypesAndContributionMap":{}},{"hash":"329fad749cc802c8e14bd9e58131de9187e4bcae","isMergeCommit":true,"messageTitle":"Merge pull request #15 from firwer/master","messageBody":"Poh Wei Pin - initial commit","fileTypesAndContributionMap":{}},{"hash":"56c4d7eb11fd19e835b54dc41cca2f82797e06e6","isMergeCommit":true,"messageTitle":"Merge branch \u0027master\u0027 into master","messageBody":"","fileTypesAndContributionMap":{}},{"hash":"58dbfbf54185fcddb84bf696cee242288c473297","isMergeCommit":true,"messageTitle":"Merge pull request #14 from ngkaiwen123/master","messageBody":"Updated Personal Details","fileTypesAndContributionMap":{}},{"hash":"14b979434ceb864c8f4f315818bae00c6d8fc440","isMergeCommit":true,"messageTitle":"Merge branch \u0027master\u0027 into branch-aboutus","messageBody":"","fileTypesAndContributionMap":{}},{"hash":"481c82cac09d31c28ffe00d33d2d5ef54d38f2df","isMergeCommit":true,"messageTitle":"Merge pull request #16 from Ng-YZ/branch-aboutus","messageBody":"Update about us page :,)","fileTypesAndContributionMap":{}},{"hash":"d57fa3476ab5808a07338f3a5a586853006e8084","isMergeCommit":true,"messageTitle":"Merge branch \u0027master\u0027 into shanling-About-Us","messageBody":"","fileTypesAndContributionMap":{}},{"hash":"6c94c8df6907cf39b811ec4a86541f3238cd6820","isMergeCommit":true,"messageTitle":"Merge pull request #17 from ysl-28/shanling-About-Us","messageBody":"Update about-us","fileTypesAndContributionMap":{}}]},{"date":"2023-03-09","commitResults":[{"hash":"5c58cae4b7912b0b8310657eef44cb8424c69cae","isMergeCommit":false,"messageTitle":"feat: add functionality and color coding","messageBody":"","fileTypesAndContributionMap":{"functional-code":{"insertions":135,"deletions":17}}}]},{"date":"2023-03-13","commitResults":[{"hash":"c752edbd3890b0e4da734692949b1b5f1cd5baad","isMergeCommit":false,"messageTitle":"style: Auto-format code","messageBody":"","fileTypesAndContributionMap":{"functional-code":{"insertions":169,"deletions":123}}},{"hash":"ed00f2fef51e212e9c0871cf52a83fb211ea6703","isMergeCommit":false,"messageTitle":"docs: Add javadocs for search \u0026 add functions","messageBody":"","fileTypesAndContributionMap":{"functional-code":{"insertions":15,"deletions":1}}},{"hash":"d6efa2794e34e005858c37fe308188a437479985","isMergeCommit":false,"messageTitle":"docs: Add more javadocs for parsing functions","messageBody":"","fileTypesAndContributionMap":{"functional-code":{"insertions":17,"deletions":3}}}]},{"date":"2023-03-19","commitResults":[{"hash":"77c2b3e872c5880761a78f5e69f8c902e14a80ff","isMergeCommit":false,"messageTitle":"refactor: Abstracted add, search, remove, list, edit commands into its repective classes","messageBody":"","fileTypesAndContributionMap":{"functional-code":{"insertions":561,"deletions":389},"other":{"insertions":1,"deletions":0}}},{"hash":"ca02db454c46f5294b61b126163c5f9236ced7f9","isMergeCommit":false,"messageTitle":"refactor: Abstracted filter and search command to its corresponding classes","messageBody":"","fileTypesAndContributionMap":{"functional-code":{"insertions":219,"deletions":142}}},{"hash":"6fd400acbb16a586b9d17b2478117997b5ff067d","isMergeCommit":false,"messageTitle":"refactor: Complete major refactor of command classes","messageBody":"","fileTypesAndContributionMap":{"functional-code":{"insertions":80,"deletions":35}}}]},{"date":"2023-03-20","commitResults":[{"hash":"c3c5de23c143ff384f8f0400dce8d3ab96e31278","isMergeCommit":true,"messageTitle":"Merge pull request #45 from firwer/master","messageBody":"refactor: Major refactor of command classes abstracted from inventory","fileTypesAndContributionMap":{}},{"hash":"e41b8164400e73f270a9c3c5880e5a74cd7f161c","isMergeCommit":false,"messageTitle":"test: Add JUnit test for AddCommand, ListCommand and ParserTest (Add), commented out depreciated tests","messageBody":"","fileTypesAndContributionMap":{"functional-code":{"insertions":16,"deletions":12},"test-code":{"insertions":226,"deletions":150}}},{"hash":"b8c102afd23c2f9c97dc080f423b93f4aabf50ba","isMergeCommit":true,"messageTitle":"Merge branch \u0027AY2223S2-CS2113-W12-3:master\u0027 into master","messageBody":"","fileTypesAndContributionMap":{}},{"hash":"417f2915257d37c2c1f76a83f647ab2bb8a089ba","isMergeCommit":false,"messageTitle":"refactor: Command classes run() standardisation and documentation","messageBody":"","fileTypesAndContributionMap":{"functional-code":{"insertions":88,"deletions":42},"test-code":{"insertions":1,"deletions":1}}},{"hash":"09e0558a3a1ac1c909d3baa3ce9e6dfecb6ee7ae","isMergeCommit":true,"messageTitle":"Merge branch \u0027master\u0027 of https://github.com/firwer/tp","messageBody":"","fileTypesAndContributionMap":{}},{"hash":"afcbcdc57aea5247da1cf411c2f4d11123da9bc8","isMergeCommit":false,"messageTitle":"refactor: packaging for everyone, everyone gets a packaging","messageBody":"","fileTypesAndContributionMap":{"functional-code":{"insertions":29,"deletions":24},"other":{"insertions":19,"deletions":13},"test-code":{"insertions":6,"deletions":5}}}]},{"date":"2023-03-23","commitResults":[{"hash":"f358330bc94abbfd413ac3b2dfc6afcdea836ab2","isMergeCommit":false,"messageTitle":"fix: add duplication bug on subsequent add command","messageBody":"","fileTypesAndContributionMap":{"functional-code":{"insertions":2,"deletions":3}}},{"hash":"7d3de5bf92083f4554353b1f706a7d431344a8be","isMergeCommit":true,"messageTitle":"chore: fix merge conflicts","messageBody":"","fileTypesAndContributionMap":{}},{"hash":"2c240af3083fc1c7ad98aa7843df103abd5f6982","isMergeCommit":false,"messageTitle":"Add CSV Inventory Session data reading","messageBody":"","fileTypesAndContributionMap":{"functional-code":{"insertions":76,"deletions":4}}},{"hash":"f51dd07388b243b2c2b634a860056379fdccac11","isMergeCommit":false,"messageTitle":"feat: csv write to file","messageBody":"","fileTypesAndContributionMap":{"functional-code":{"insertions":31,"deletions":6}}},{"hash":"c1cc41fd1682c56f92e735a171de36f8b738392b","isMergeCommit":false,"messageTitle":"feat: read/write inventory data to csv","messageBody":"","fileTypesAndContributionMap":{"functional-code":{"insertions":83,"deletions":68},"test-code":{"insertions":1,"deletions":1}}},{"hash":"294bf5fcea30c56fb639ccd636a8c9f50a90ad59","isMergeCommit":false,"messageTitle":"minor edits","messageBody":"","fileTypesAndContributionMap":{"functional-code":{"insertions":1,"deletions":2}}},{"hash":"fd7942babf0e28fa0350a0ca4269b1628eda3ab0","isMergeCommit":true,"messageTitle":"Merge branch \u0027master\u0027 into master","messageBody":"","fileTypesAndContributionMap":{}},{"hash":"a36a85aa233989dd2a0d6f2cda9cb050f405aa43","isMergeCommit":true,"messageTitle":"Merge pull request #64 from firwer/master","messageBody":"feat: CSV Read \u0026 Write For Inventory Data","fileTypesAndContributionMap":{}}]},{"date":"2023-03-24","commitResults":[{"hash":"48b5c1f56b0c6ef35967ca57dca9229160cbf42e","isMergeCommit":false,"messageTitle":"chore: Make add function more robust","messageBody":"","fileTypesAndContributionMap":{"functional-code":{"insertions":45,"deletions":17},"test-code":{"insertions":85,"deletions":5}}},{"hash":"3f5e57552e3510fcf1778e0c0b35f6c931e2e59c","isMergeCommit":false,"messageTitle":"test: Improve comprehensiveness of add function JUnit tests","messageBody":"","fileTypesAndContributionMap":{"test-code":{"insertions":139,"deletions":0}}},{"hash":"d4804a5b34330d86ace19c8ba005eb9090c3c3c3","isMergeCommit":false,"messageTitle":"feat: autosave feature + logo change","messageBody":"","fileTypesAndContributionMap":{"functional-code":{"insertions":97,"deletions":53},"test-code":{"insertions":13,"deletions":3}}},{"hash":"dd14575609fe48004e1c08b627b210d4511e77eb","isMergeCommit":false,"messageTitle":"logo design change","messageBody":"","fileTypesAndContributionMap":{"functional-code":{"insertions":41,"deletions":14}}}]},{"date":"2023-03-25","commitResults":[{"hash":"c6902b26f915785b6072592fcf890396a345e47f","isMergeCommit":false,"messageTitle":"chore: add logo for inventory and dashboard","messageBody":"","fileTypesAndContributionMap":{"functional-code":{"insertions":50,"deletions":8}}},{"hash":"eca997c231833b6d003cffd02e747ff01db9eaae","isMergeCommit":false,"messageTitle":"feat: Finish up dashboard integration","messageBody":"","fileTypesAndContributionMap":{"functional-code":{"insertions":80,"deletions":9}}},{"hash":"c411e644b4620c7491b53e6ca4812c02996226d9","isMergeCommit":true,"messageTitle":"Merge branch \u0027AY2223S2-CS2113-W12-3:master\u0027 into master","messageBody":"","fileTypesAndContributionMap":{}},{"hash":"6db3df531d2e3116b76a7b9861e86f7d81073120","isMergeCommit":false,"messageTitle":"test: Fix broken tests","messageBody":"","fileTypesAndContributionMap":{"functional-code":{"insertions":8,"deletions":8},"test-code":{"insertions":7,"deletions":12}}},{"hash":"9201445d1e815580acb6ce70284a4b09aafde14e","isMergeCommit":true,"messageTitle":"Merge branch \u0027master\u0027 of https://github.com/firwer/tp","messageBody":"","fileTypesAndContributionMap":{}}]}]},"authorFileTypeContributionMap":{"ysl-28":{"docs":16,"functional-code":710,"test-code":52},"ngkaiwen123":{"docs":33,"functional-code":178,"test-code":0,"other":1},"ArtemiszenN":{"docs":197,"functional-code":1163,"test-code":296,"other":15},"Ng-YZ":{"docs":24,"functional-code":175,"test-code":54},"firwer":{"docs":7,"functional-code":962,"test-code":328,"other":1}},"authorContributionVariance":{"ysl-28":28596.068,"ngkaiwen123":2459.253,"ArtemiszenN":49975.05,"Ng-YZ":7908.677,"firwer":68706.84},"authorDisplayNameMap":{"ysl-28":"CS2113-W12-3 YONG..LING","ngkaiwen123":"CS2113-W12-3 NG K.. WEN","ArtemiszenN":"CS2113-W12-3 ARTE..NGOH","Ng-YZ":"CS2113-W12-3 NG Y..ZHEN","firwer":"CS2113-W12-3 POH .. PIN"}}
