{"authorDailyContributionsMap":{"ysl-28":[{"date":"2023-03-01","commitResults":[{"hash":"d72535cec609a5b4c707b6fc5fe20f9ab0d929a2","isMergeCommit":false,"messageTitle":"Update AboutUs","messageBody":"","fileTypesAndContributionMap":{"docs":{"insertions":3,"deletions":7}}},{"hash":"a460b7bcd46c3cd3e45d348b55b888c166c032e9","isMergeCommit":false,"messageTitle":"Fix table border","messageBody":"","fileTypesAndContributionMap":{"docs":{"insertions":3,"deletions":3}}}]}],"ngkaiwen123":[{"date":"2023-03-01","commitResults":[{"hash":"03e4a37d4b98249475d681b55e340a08000f75e8","isMergeCommit":false,"messageTitle":"Updated Personal Details","messageBody":"","fileTypesAndContributionMap":{"docs":{"insertions":3,"deletions":7}}}]}],"ArtemiszenN":[{"date":"2023-03-01","commitResults":[{"hash":"83d3c41039033ff55eff86772b1fe387c8645418","isMergeCommit":false,"messageTitle":"Update amogus","messageBody":"","fileTypesAndContributionMap":{"docs":{"insertions":8,"deletions":7}}},{"hash":"0c2f7dc1dbb95bbad5a42bd60cdc45462a799da8","isMergeCommit":false,"messageTitle":"Update amogus 2","messageBody":"","fileTypesAndContributionMap":{"docs":{"insertions":0,"deletions":4}}},{"hash":"810b278088957c00fb2ddfffb3eb80c678a14cb1","isMergeCommit":true,"messageTitle":"Merge pull request #1 from ArtemiszenN/artemis-AboutUs","messageBody":"Update amogus\r\namogusamogusmaogus","fileTypesAndContributionMap":{}}]},{"date":"2023-03-08","commitResults":[{"hash":"a30ac44e2e39451ec69c2a112d1aa674bc99e276","isMergeCommit":false,"messageTitle":"Add initial classes","messageBody":"","fileTypesAndContributionMap":{"functional-code":{"insertions":124,"deletions":12}}},{"hash":"53f276b238ff90d887daaf691219709af8138c96","isMergeCommit":true,"messageTitle":"Merge pull request #18 from ArtemiszenN/branch-initial","messageBody":"Add initial classes","fileTypesAndContributionMap":{}}]}],"Ng-YZ":[{"date":"2023-03-01","commitResults":[{"hash":"c6ba6a9bf639668014aa058a0c1a50c96c4e614f","isMergeCommit":false,"messageTitle":"Update about us page :)","messageBody":"","fileTypesAndContributionMap":{"docs":{"insertions":3,"deletions":7}}}]},{"date":"2023-03-09","commitResults":[{"hash":"9d22f0632c5b086fe54aaf537daec5898f525071","isMergeCommit":true,"messageTitle":"Merge pull request #19 from firwer/master","messageBody":"feat: add functionality and color coding","fileTypesAndContributionMap":{}}]}],"firwer":[{"date":"2023-03-01","commitResults":[{"hash":"2366fe5ecb23279ac693ccd91fa98f2010fc1ffc","isMergeCommit":false,"messageTitle":"initial commit","messageBody":"","fileTypesAndContributionMap":{"docs":{"insertions":10,"deletions":13}}},{"hash":"cd228fbd23fbd5595e112d290a2a984b31167769","isMergeCommit":true,"messageTitle":"Merge branch \u0027master\u0027 into master","messageBody":"","fileTypesAndContributionMap":{}},{"hash":"329fad749cc802c8e14bd9e58131de9187e4bcae","isMergeCommit":true,"messageTitle":"Merge pull request #15 from firwer/master","messageBody":"Poh Wei Pin - initial commit","fileTypesAndContributionMap":{}},{"hash":"56c4d7eb11fd19e835b54dc41cca2f82797e06e6","isMergeCommit":true,"messageTitle":"Merge branch \u0027master\u0027 into master","messageBody":"","fileTypesAndContributionMap":{}},{"hash":"58dbfbf54185fcddb84bf696cee242288c473297","isMergeCommit":true,"messageTitle":"Merge pull request #14 from ngkaiwen123/master","messageBody":"Updated Personal Details","fileTypesAndContributionMap":{}},{"hash":"14b979434ceb864c8f4f315818bae00c6d8fc440","isMergeCommit":true,"messageTitle":"Merge branch \u0027master\u0027 into branch-aboutus","messageBody":"","fileTypesAndContributionMap":{}},{"hash":"481c82cac09d31c28ffe00d33d2d5ef54d38f2df","isMergeCommit":true,"messageTitle":"Merge pull request #16 from Ng-YZ/branch-aboutus","messageBody":"Update about us page :,)","fileTypesAndContributionMap":{}},{"hash":"d57fa3476ab5808a07338f3a5a586853006e8084","isMergeCommit":true,"messageTitle":"Merge branch \u0027master\u0027 into shanling-About-Us","messageBody":"","fileTypesAndContributionMap":{}},{"hash":"6c94c8df6907cf39b811ec4a86541f3238cd6820","isMergeCommit":true,"messageTitle":"Merge pull request #17 from ysl-28/shanling-About-Us","messageBody":"Update about-us","fileTypesAndContributionMap":{}}]},{"date":"2023-03-09","commitResults":[{"hash":"5c58cae4b7912b0b8310657eef44cb8424c69cae","isMergeCommit":false,"messageTitle":"feat: add functionality and color coding","messageBody":"","fileTypesAndContributionMap":{"functional-code":{"insertions":135,"deletions":17}}}]}]},"authorFileTypeContributionMap":{"ysl-28":{"docs":2,"functional-code":0,"test-code":0},"ngkaiwen123":{"docs":1,"functional-code":0,"test-code":0},"ArtemiszenN":{"docs":2,"functional-code":114,"test-code":0},"Ng-YZ":{"docs":0,"functional-code":0,"test-code":0},"firwer":{"docs":10,"functional-code":127,"test-code":0}},"authorContributionVariance":{"ysl-28":11.60998,"ngkaiwen123":4.5351486,"ArtemiszenN":843.47394,"Ng-YZ":4.5351486,"firwer":1055.9365},"authorDisplayNameMap":{"ysl-28":"CS2113-W12-3 YONG..LING","ngkaiwen123":"CS2113-W12-3 NG K.. WEN","ArtemiszenN":"CS2113-W12-3 ARTE..NGOH","Ng-YZ":"CS2113-W12-3 NG Y..ZHEN","firwer":"CS2113-W12-3 POH .. PIN"}}
