{"repoSenseVersion":"34c2898d53","reportGeneratedTime":"Sun Mar 26 21:07:41 2023 UTC+08:00","reportGenerationTime":" 27.28 second(s)","zoneId":"UTC+08:00","reportTitle":"CS2113 tP Code Dashboard","repos":[{"location":{"location":"https://github.com/AY2223S2-CS2113-F10-1/tp.git","repoName":"tp","organization":"AY2223S2-CS2113-F10-1","domainName":"github"},"branch":"master","displayName":"AY2223S2-CS2113-F10-1/tp[master]","outputFolderName":"AY2223S2-CS2113-F10-1_tp_master"},{"location":{"location":"https://github.com/AY2223S2-CS2113-T15-4/tp.git","repoName":"tp","organization":"AY2223S2-CS2113-T15-4","domainName":"github"},"branch":"master","displayName":"AY2223S2-CS2113-T15-4/tp[master]","outputFolderName":"AY2223S2-CS2113-T15-4_tp_master"},{"location":{"location":"https://github.com/AY2223S2-CS2113-T11-3/tp.git","repoName":"tp","organization":"AY2223S2-CS2113-T11-3","domainName":"github"},"branch":"master","displayName":"AY2223S2-CS2113-T11-3/tp[master]","outputFolderName":"AY2223S2-CS2113-T11-3_tp_master"},{"location":{"location":"https://github.com/AY2223S2-CS2113-F10-3/tp.git","repoName":"tp","organization":"AY2223S2-CS2113-F10-3","domainName":"github"},"branch":"master","displayName":"AY2223S2-CS2113-F10-3/tp[master]","outputFolderName":"AY2223S2-CS2113-F10-3_tp_master"},{"location":{"location":"https://github.com/AY2223S2-CS2113-W15-1/tp.git","repoName":"tp","organization":"AY2223S2-CS2113-W15-1","domainName":"github"},"branch":"master","displayName":"AY2223S2-CS2113-W15-1/tp[master]","outputFolderName":"AY2223S2-CS2113-W15-1_tp_master"},{"location":{"location":"https://github.com/AY2223S2-CS2113-T13-1/tp.git","repoName":"tp","organization":"AY2223S2-CS2113-T13-1","domainName":"github"},"branch":"master","displayName":"AY2223S2-CS2113-T13-1/tp[master]","outputFolderName":"AY2223S2-CS2113-T13-1_tp_master"},{"location":{"location":"https://github.com/AY2223S2-CS2113-W12-4/tp.git","repoName":"tp","organization":"AY2223S2-CS2113-W12-4","domainName":"github"},"branch":"master","displayName":"AY2223S2-CS2113-W12-4/tp[master]","outputFolderName":"AY2223S2-CS2113-W12-4_tp_master"},{"location":{"location":"https://github.com/AY2223S2-CS2113-W13-2/tp.git","repoName":"tp","organization":"AY2223S2-CS2113-W13-2","domainName":"github"},"branch":"master","displayName":"AY2223S2-CS2113-W13-2/tp[master]","outputFolderName":"AY2223S2-CS2113-W13-2_tp_master"},{"location":{"location":"https://github.com/AY2223S2-CS2113-F13-3/tp.git","repoName":"tp","organization":"AY2223S2-CS2113-F13-3","domainName":"github"},"branch":"master","displayName":"AY2223S2-CS2113-F13-3/tp[master]","outputFolderName":"AY2223S2-CS2113-F13-3_tp_master"},{"location":{"location":"https://github.com/AY2223S2-CS2113-T12-1/tp.git","repoName":"tp","organization":"AY2223S2-CS2113-T12-1","domainName":"github"},"branch":"master","displayName":"AY2223S2-CS2113-T12-1/tp[master]","outputFolderName":"AY2223S2-CS2113-T12-1_tp_master"},{"location":{"location":"https://github.com/AY2223S2-CS2113-F13-1/tp.git","repoName":"tp","organization":"AY2223S2-CS2113-F13-1","domainName":"github"},"branch":"master","displayName":"AY2223S2-CS2113-F13-1/tp[master]","outputFolderName":"AY2223S2-CS2113-F13-1_tp_master"},{"location":{"location":"https://github.com/AY2223S2-CS2113-T14-3/tp.git","repoName":"tp","organization":"AY2223S2-CS2113-T14-3","domainName":"github"},"branch":"master","displayName":"AY2223S2-CS2113-T14-3/tp[master]","outputFolderName":"AY2223S2-CS2113-T14-3_tp_master"},{"location":{"location":"https://github.com/AY2223S2-CS2113-T11-4/tp.git","repoName":"tp","organization":"AY2223S2-CS2113-T11-4","domainName":"github"},"branch":"master","displayName":"AY2223S2-CS2113-T11-4/tp[master]","outputFolderName":"AY2223S2-CS2113-T11-4_tp_master"},{"location":{"location":"https://github.com/AY2223S2-CS2113-T13-3/tp.git","repoName":"tp","organization":"AY2223S2-CS2113-T13-3","domainName":"github"},"branch":"master","displayName":"AY2223S2-CS2113-T13-3/tp[master]","outputFolderName":"AY2223S2-CS2113-T13-3_tp_master"},{"location":{"location":"https://github.com/AY2223S2-CS2113-W15-4/tp.git","repoName":"tp","organization":"AY2223S2-CS2113-W15-4","domainName":"github"},"branch":"master","displayName":"AY2223S2-CS2113-W15-4/tp[master]","outputFolderName":"AY2223S2-CS2113-W15-4_tp_master"},{"location":{"location":"https://github.com/AY2223S2-CS2113-T12-2/tp.git","repoName":"tp","organization":"AY2223S2-CS2113-T12-2","domainName":"github"},"branch":"master","displayName":"AY2223S2-CS2113-T12-2/tp[master]","outputFolderName":"AY2223S2-CS2113-T12-2_tp_master"},{"location":{"location":"https://github.com/AY2223S2-CS2113-T13-2/tp.git","repoName":"tp","organization":"AY2223S2-CS2113-T13-2","domainName":"github"},"branch":"master","displayName":"AY2223S2-CS2113-T13-2/tp[master]","outputFolderName":"AY2223S2-CS2113-T13-2_tp_master"},{"location":{"location":"https://github.com/AY2223S2-CS2113-W13-1/tp.git","repoName":"tp","organization":"AY2223S2-CS2113-W13-1","domainName":"github"},"branch":"master","displayName":"AY2223S2-CS2113-W13-1/tp[master]","outputFolderName":"AY2223S2-CS2113-W13-1_tp_master"},{"location":{"location":"https://github.com/AY2223S2-CS2113-T15-2/tp.git","repoName":"tp","organization":"AY2223S2-CS2113-T15-2","domainName":"github"},"branch":"master","displayName":"AY2223S2-CS2113-T15-2/tp[master]","outputFolderName":"AY2223S2-CS2113-T15-2_tp_master"},{"location":{"location":"https://github.com/AY2223S2-CS2113-W12-3/tp.git","repoName":"tp","organization":"AY2223S2-CS2113-W12-3","domainName":"github"},"branch":"master","displayName":"AY2223S2-CS2113-W12-3/tp[master]","outputFolderName":"AY2223S2-CS2113-W12-3_tp_master"},{"location":{"location":"https://github.com/AY2223S2-CS2113-F10-2/tp.git","repoName":"tp","organization":"AY2223S2-CS2113-F10-2","domainName":"github"},"branch":"master","displayName":"AY2223S2-CS2113-F10-2/tp[master]","outputFolderName":"AY2223S2-CS2113-F10-2_tp_master"},{"location":{"location":"https://github.com/AY2223S2-CS2113-T15-1/tp.git","repoName":"tp","organization":"AY2223S2-CS2113-T15-1","domainName":"github"},"branch":"master","displayName":"AY2223S2-CS2113-T15-1/tp[master]","outputFolderName":"AY2223S2-CS2113-T15-1_tp_master"},{"location":{"location":"https://github.com/AY2223S2-CS2113-W12-2/tp.git","repoName":"tp","organization":"AY2223S2-CS2113-W12-2","domainName":"github"},"branch":"master","displayName":"AY2223S2-CS2113-W12-2/tp[master]","outputFolderName":"AY2223S2-CS2113-W12-2_tp_master"},{"location":{"location":"https://github.com/AY2223S2-CS2113-W12-1/tp.git","repoName":"tp","organization":"AY2223S2-CS2113-W12-1","domainName":"github"},"branch":"master","displayName":"AY2223S2-CS2113-W12-1/tp[master]","outputFolderName":"AY2223S2-CS2113-W12-1_tp_master"},{"location":{"location":"https://github.com/AY2223S2-CS2113-T11-1/tp.git","repoName":"tp","organization":"AY2223S2-CS2113-T11-1","domainName":"github"},"branch":"master","displayName":"AY2223S2-CS2113-T11-1/tp[master]","outputFolderName":"AY2223S2-CS2113-T11-1_tp_master"},{"location":{"location":"https://github.com/AY2223S2-CS2113-W13-4/tp.git","repoName":"tp","organization":"AY2223S2-CS2113-W13-4","domainName":"github"},"branch":"master","displayName":"AY2223S2-CS2113-W13-4/tp[master]","outputFolderName":"AY2223S2-CS2113-W13-4_tp_master"},{"location":{"location":"https://github.com/AY2223S2-CS2113-T11-2/tp.git","repoName":"tp","organization":"AY2223S2-CS2113-T11-2","domainName":"github"},"branch":"master","displayName":"AY2223S2-CS2113-T11-2/tp[master]","outputFolderName":"AY2223S2-CS2113-T11-2_tp_master"},{"location":{"location":"https://github.com/AY2223S2-CS2113-W13-3/tp.git","repoName":"tp","organization":"AY2223S2-CS2113-W13-3","domainName":"github"},"branch":"master","displayName":"AY2223S2-CS2113-W13-3/tp[master]","outputFolderName":"AY2223S2-CS2113-W13-3_tp_master"},{"location":{"location":"https://github.com/AY2223S2-CS2113-W15-2/tp.git","repoName":"tp","organization":"AY2223S2-CS2113-W15-2","domainName":"github"},"branch":"master","displayName":"AY2223S2-CS2113-W15-2/tp[master]","outputFolderName":"AY2223S2-CS2113-W15-2_tp_master"},{"location":{"location":"https://github.com/AY2223S2-CS2113-T15-3/tp.git","repoName":"tp","organization":"AY2223S2-CS2113-T15-3","domainName":"github"},"branch":"master","displayName":"AY2223S2-CS2113-T15-3/tp[master]","outputFolderName":"AY2223S2-CS2113-T15-3_tp_master"},{"location":{"location":"https://github.com/AY2223S2-CS2113-T12-3/tp.git","repoName":"tp","organization":"AY2223S2-CS2113-T12-3","domainName":"github"},"branch":"master","displayName":"AY2223S2-CS2113-T12-3/tp[master]","outputFolderName":"AY2223S2-CS2113-T12-3_tp_master"},{"location":{"location":"https://github.com/AY2223S2-CS2113-T12-4/tp.git","repoName":"tp","organization":"AY2223S2-CS2113-T12-4","domainName":"github"},"branch":"master","displayName":"AY2223S2-CS2113-T12-4/tp[master]","outputFolderName":"AY2223S2-CS2113-T12-4_tp_master"},{"location":{"location":"https://github.com/AY2223S2-CS2113-T14-1/tp.git","repoName":"tp","organization":"AY2223S2-CS2113-T14-1","domainName":"github"},"branch":"master","displayName":"AY2223S2-CS2113-T14-1/tp[master]","outputFolderName":"AY2223S2-CS2113-T14-1_tp_master"},{"location":{"location":"https://github.com/AY2223S2-CS2113-F13-2/tp.git","repoName":"tp","organization":"AY2223S2-CS2113-F13-2","domainName":"github"},"branch":"master","displayName":"AY2223S2-CS2113-F13-2/tp[master]","outputFolderName":"AY2223S2-CS2113-F13-2_tp_master"},{"location":{"location":"https://github.com/AY2223S2-CS2113-W15-3/tp.git","repoName":"tp","organization":"AY2223S2-CS2113-W15-3","domainName":"github"},"branch":"master","displayName":"AY2223S2-CS2113-W15-3/tp[master]","outputFolderName":"AY2223S2-CS2113-W15-3_tp_master"},{"location":{"location":"https://github.com/AY2223S2-CS2113-T13-4/tp.git","repoName":"tp","organization":"AY2223S2-CS2113-T13-4","domainName":"github"},"branch":"master","displayName":"AY2223S2-CS2113-T13-4/tp[master]","outputFolderName":"AY2223S2-CS2113-T13-4_tp_master"},{"location":{"location":"https://github.com/AY2223S2-CS2113-T14-2/tp.git","repoName":"tp","organization":"AY2223S2-CS2113-T14-2","domainName":"github"},"branch":"master","displayName":"AY2223S2-CS2113-T14-2/tp[master]","outputFolderName":"AY2223S2-CS2113-T14-2_tp_master"},{"location":{"location":"https://github.com/AY2223S2-CS2113-F10-4/tp.git","repoName":"tp","organization":"AY2223S2-CS2113-F10-4","domainName":"github"},"branch":"master","displayName":"AY2223S2-CS2113-F10-4/tp[master]","outputFolderName":"AY2223S2-CS2113-F10-4_tp_master"},{"location":{"location":"https://github.com/AY2223S2-CS2113T-T09-3/tp.git","repoName":"tp","organization":"AY2223S2-CS2113T-T09-3","domainName":"github"},"branch":"master","displayName":"AY2223S2-CS2113T-T09-3/tp[master]","outputFolderName":"AY2223S2-CS2113T-T09-3_tp_master"},{"location":{"location":"https://github.com/AY2223S2-CS2113T-T09-2/tp.git","repoName":"tp","organization":"AY2223S2-CS2113T-T09-2","domainName":"github"},"branch":"master","displayName":"AY2223S2-CS2113T-T09-2/tp[master]","outputFolderName":"AY2223S2-CS2113T-T09-2_tp_master"},{"location":{"location":"https://github.com/AY2223S2-CS2113T-T09-4/tp.git","repoName":"tp","organization":"AY2223S2-CS2113T-T09-4","domainName":"github"},"branch":"master","displayName":"AY2223S2-CS2113T-T09-4/tp[master]","outputFolderName":"AY2223S2-CS2113T-T09-4_tp_master"},{"location":{"location":"https://github.com/AY2223S2-CS2113T-T09-1/tp.git","repoName":"tp","organization":"AY2223S2-CS2113T-T09-1","domainName":"github"},"branch":"master","displayName":"AY2223S2-CS2113T-T09-1/tp[master]","outputFolderName":"AY2223S2-CS2113T-T09-1_tp_master"}],"errorSet":[],"sinceDate":"2023-02-17","untilDate":"2023-03-26","isSinceDateProvided":true,"isUntilDateProvided":false,"supportedDomainUrlMap":{"NOT_RECOGNIZED":{"BRANCH":"","REPO_URL":"UNSUPPORTED","BASE_URL":"UNSUPPORTED","HISTORY_PATH":"","COMMIT_PATH":"","BLAME_PATH":""},"github":{"BRANCH":"tree/$BRANCH","REPO_URL":"https://github.com/$ORGANIZATION/$REPO_NAME/","BASE_URL":"https://github.com/","HISTORY_PATH":"commits/$BRANCH/$FILE_PATH","COMMIT_PATH":"commit/$COMMIT_HASH","BLAME_PATH":"blame/$BRANCH/$FILE_PATH"}}}
