{"authorDailyContributionsMap":{"TJW0911":[{"date":"2023-03-02","commitResults":[{"hash":"b2b80ed26f4b300e7136b4b058a47afb835fa829","isMergeCommit":false,"messageTitle":"Updated AboutUs","messageBody":"","fileTypesAndContributionMap":{"docs":{"insertions":13,"deletions":7}}},{"hash":"3d2b1c019616529a4920f923843c282c5ce654d7","isMergeCommit":true,"messageTitle":"Merge branch \u0027master\u0027 into JianWei-AboutUs","messageBody":"","fileTypesAndContributionMap":{}}]},{"date":"2023-03-08","commitResults":[{"hash":"73eba13caa4e0da79a50d9c1c720b11373f08615","isMergeCommit":false,"messageTitle":"Implemented adding of ingredients of a specified quantity","messageBody":"","fileTypesAndContributionMap":{"functional-code":{"insertions":161,"deletions":4},"test-code":{"insertions":28,"deletions":0}}},{"hash":"062b778e5fcd588f58399ab079a03ed48bdd6270","isMergeCommit":false,"messageTitle":"Fixed checkstyle error","messageBody":"","fileTypesAndContributionMap":{"functional-code":{"insertions":8,"deletions":9}}},{"hash":"b6bdebb4801b3a1e67dfa480add39b7815b41464","isMergeCommit":false,"messageTitle":"Checkstyle fix","messageBody":"","fileTypesAndContributionMap":{"functional-code":{"insertions":2,"deletions":2}}},{"hash":"a772bab6ba6a8a66537ee9178601247fad9068cc","isMergeCommit":false,"messageTitle":"Checkstyle Fix","messageBody":"","fileTypesAndContributionMap":{"test-code":{"insertions":1,"deletions":1}}}]},{"date":"2023-03-09","commitResults":[{"hash":"ac11bb77b05dfaed62a50698b4aff200b2fddab4","isMergeCommit":false,"messageTitle":"Merged a test in JUnit","messageBody":"","fileTypesAndContributionMap":{"test-code":{"insertions":2,"deletions":10}}},{"hash":"708a3cac745c84afce51c73af4784d6f62fdab8d","isMergeCommit":false,"messageTitle":"Removed throwing DukeException in main","messageBody":"","fileTypesAndContributionMap":{"functional-code":{"insertions":3,"deletions":4}}}]},{"date":"2023-03-11","commitResults":[{"hash":"5d97e6e695507ed2fbe3d8eb7eb2091e15153f73","isMergeCommit":true,"messageTitle":"Merge pull request #27 from ngyida/yiDa-ImplementV1.0","messageBody":"Implement listing of possible recipes","fileTypesAndContributionMap":{}}]},{"date":"2023-03-12","commitResults":[{"hash":"c00676ed8c073798e682ce042d74108be2fb497e","isMergeCommit":false,"messageTitle":"Implemented Removing ingredient of specified quantity and relevant JUnit tests","messageBody":"","fileTypesAndContributionMap":{"functional-code":{"insertions":85,"deletions":0},"test-code":{"insertions":30,"deletions":0}}},{"hash":"a186beeba7202b2c2d3f49110f6ceab1fe4a1c1d","isMergeCommit":false,"messageTitle":"Added more JUnit test","messageBody":"","fileTypesAndContributionMap":{"test-code":{"insertions":16,"deletions":6}}},{"hash":"afbd22b8be762a1e0cc93e51690fa2a97538bdc9","isMergeCommit":false,"messageTitle":"Checkstyle fix","messageBody":"","fileTypesAndContributionMap":{"functional-code":{"insertions":3,"deletions":2}}},{"hash":"8a313bbca1b7139e09cc9697dd375fef42fafc38","isMergeCommit":false,"messageTitle":"Improved code quality for RemoveCommand","messageBody":"","fileTypesAndContributionMap":{"functional-code":{"insertions":18,"deletions":19}}},{"hash":"466bad2201886e32d2e43d59a97038d20f6a9378","isMergeCommit":false,"messageTitle":"Improved code quality for AddCommand","messageBody":"","fileTypesAndContributionMap":{"functional-code":{"insertions":13,"deletions":14},"test-code":{"insertions":3,"deletions":3}}},{"hash":"2454bb1ab51d3d735df05652b6df12678f35e330","isMergeCommit":false,"messageTitle":"Improved code quality for RemoveCommand","messageBody":"","fileTypesAndContributionMap":{"functional-code":{"insertions":5,"deletions":6}}},{"hash":"d50cadbf38d7604d208e1dcb802396c2718e0b45","isMergeCommit":false,"messageTitle":"Changed Quantity variable from int to double","messageBody":"","fileTypesAndContributionMap":{"functional-code":{"insertions":15,"deletions":15}}},{"hash":"8caf24dc869c40c68af6bc304a3bfdb33c5313b2","isMergeCommit":false,"messageTitle":"Checkstyle fix","messageBody":"","fileTypesAndContributionMap":{"test-code":{"insertions":0,"deletions":2}}}]}],"jingyaaa":[{"date":"2023-03-02","commitResults":[{"hash":"838025678972faf3930cbb618f0a4c5647d5a540","isMergeCommit":false,"messageTitle":"Update AboutUs.md","messageBody":"","fileTypesAndContributionMap":{"docs":{"insertions":7,"deletions":7}}},{"hash":"8ae4fd30db769f8d16294ecc9c17d506c43d5ffd","isMergeCommit":true,"messageTitle":"Merge pull request #5 from jingyaaa/jingya-AboutUs","messageBody":"Update AboutUs.md","fileTypesAndContributionMap":{}}]},{"date":"2023-03-12","commitResults":[{"hash":"88b513c4deb60474e0f40b47338818c432538789","isMergeCommit":true,"messageTitle":"Merge branch \u0027master\u0027 of https://github.com/jingyaaa/tp","messageBody":"","fileTypesAndContributionMap":{}}]},{"date":"2023-03-13","commitResults":[{"hash":"3cdb05283d25238d420612e620ececbdcd6d2052","isMergeCommit":false,"messageTitle":"Implement storage","messageBody":"","fileTypesAndContributionMap":{"functional-code":{"insertions":119,"deletions":0},"other":{"insertions":1,"deletions":0}}}]}],"aaronxujiachen":[{"date":"2023-03-02","commitResults":[{"hash":"806b229ffa4f5fafded15e5d453dfaefe0cfe141","isMergeCommit":false,"messageTitle":"Update AboutUs","messageBody":"","fileTypesAndContributionMap":{"docs":{"insertions":14,"deletions":7}}},{"hash":"6ea481f8e3b881d1f6a6a79c50fd57f264057a78","isMergeCommit":true,"messageTitle":"Merge branch \u0027master\u0027 into JiaChen-AboutUs","messageBody":"","fileTypesAndContributionMap":{}}]}],"EthanYidong":[{"date":"2023-03-02","commitResults":[{"hash":"697890164c308c12001ac299f0a896e63f17875b","isMergeCommit":false,"messageTitle":"Add Ethan\u0027s details to AboutUs page","messageBody":"Create portfolio page for Ethan\n","fileTypesAndContributionMap":{"docs":{"insertions":7,"deletions":1}}},{"hash":"3290cd0de5e9b697732a1c2e169d6dda2ccfd843","isMergeCommit":true,"messageTitle":"Merge pull request #3 from Jjzeng123/jackie-update-aboutus","messageBody":"Jackie update aboutus","fileTypesAndContributionMap":{}},{"hash":"8b3a2da43234d864d5d5ae300cf2f7bcded46843","isMergeCommit":true,"messageTitle":"Merge pull request #6 from ngyida/yiDa-AboutUs","messageBody":"Yi Da Pull Request","fileTypesAndContributionMap":{}},{"hash":"c7faea8bce8d690c12023bf7635d5bdff530000c","isMergeCommit":false,"messageTitle":"Fix broken links in AboutUs","messageBody":"","fileTypesAndContributionMap":{"docs":{"insertions":8,"deletions":8}}},{"hash":"be9b7e9fb6a99f81417028a6acf8f2803743fecd","isMergeCommit":true,"messageTitle":"Merge pull request #8 from EthanYidong/EthanYidong-FixBrokenLinks","messageBody":"Fix broken links in AboutUs","fileTypesAndContributionMap":{}}]},{"date":"2023-03-06","commitResults":[{"hash":"6490d242e773a45974fd5f1d8fe14dcf37018830","isMergeCommit":false,"messageTitle":"Implement basic command router","messageBody":"We need to support branched commands as per the user guide,\nsuch as \"recipe all\" vs \"recipe possible\"\n\nWithout structured command parsing, supporting such commands\nwould lead to messy\n\nLet\u0027s,\n* add a \"router\" is needed in order to be able to easily extend\nwith more commands in the future\n* implement a few simple commands to test the router\n* create a structured way for commands to\ninteract with the UI and control flow\n","fileTypesAndContributionMap":{"functional-code":{"insertions":386,"deletions":12}}},{"hash":"552cda3c353d2debdcf64f4953e442169c8c3cf4","isMergeCommit":false,"messageTitle":"Add tests for router","messageBody":"","fileTypesAndContributionMap":{"test-code":{"insertions":69,"deletions":0}}},{"hash":"17daf403c644ca22b8d7385f7a1e2d73c2dcee8f","isMergeCommit":false,"messageTitle":"Fix checkstyle violations","messageBody":"","fileTypesAndContributionMap":{"test-code":{"insertions":1,"deletions":1}}}]},{"date":"2023-03-07","commitResults":[{"hash":"fc5b98680f4b2e66f3f113e2528dfb078f48a7cd","isMergeCommit":false,"messageTitle":"Implement basic argument parsing","messageBody":"We need to support different arguments as per the user guide.\n\nWithout structured argument parsing, supporting such arguments\nwould lead to messy and duplicate code.\n\nLet\u0027s,\n* add a \"parser\" which standardizes the command format\n* update the \"hello world\" command to test the parser\n","fileTypesAndContributionMap":{"functional-code":{"insertions":107,"deletions":8},"test-code":{"insertions":2,"deletions":1}}},{"hash":"e2fa063247677d30bd47467a299a0dd3e298e414","isMergeCommit":false,"messageTitle":"Add tests for argument parsing","messageBody":"","fileTypesAndContributionMap":{"test-code":{"insertions":51,"deletions":0}}},{"hash":"181a9b824aca0b22eb17bbc52d6c798a294903f2","isMergeCommit":false,"messageTitle":"Refractor to provide session directly to command execution","messageBody":"","fileTypesAndContributionMap":{"functional-code":{"insertions":12,"deletions":15}}}]}],"Jjzeng123":[{"date":"2023-03-02","commitResults":[{"hash":"bb6269fc82bcf5fb0d05e565abc3936e64a51145","isMergeCommit":false,"messageTitle":"add testing message","messageBody":"","fileTypesAndContributionMap":{"functional-code":{"insertions":1,"deletions":0}}},{"hash":"5868103261e2162114c9431490b41b6efb80553e","isMergeCommit":false,"messageTitle":"Update AboutUs.md, create jackie.md, clean up Duke.java","messageBody":"","fileTypesAndContributionMap":{"functional-code":{"insertions":0,"deletions":1},"docs":{"insertions":14,"deletions":13}}},{"hash":"325d2eba2d8fb277d051d104b9a747c0c9c5a2fc","isMergeCommit":true,"messageTitle":"Merge pull request #2 from EthanYidong/EthanYidong-AboutUs","messageBody":"Add Ethan\u0027s details to AboutUs page","fileTypesAndContributionMap":{}},{"hash":"d95ae1267aeeacd853b2259f6b2b593ecb47f9f3","isMergeCommit":true,"messageTitle":"Merge branch \u0027master\u0027 into jackie-update-aboutus","messageBody":"","fileTypesAndContributionMap":{}},{"hash":"326b638eb29451b7a6dff6c79879a281040e0611","isMergeCommit":true,"messageTitle":"Merge pull request #4 from TJW0911/JianWei-AboutUs","messageBody":"Updated AboutUs","fileTypesAndContributionMap":{}}]}],"ngyida":[{"date":"2023-03-02","commitResults":[{"hash":"50921e9f6820aab52872a5a2ce70d866cbb6b643","isMergeCommit":false,"messageTitle":"Add Yi Da to AboutUs","messageBody":"","fileTypesAndContributionMap":{"docs":{"insertions":6,"deletions":5}}},{"hash":"6f37d32d64e337c9904495a39536663ff9a71dfd","isMergeCommit":false,"messageTitle":"Update AboutUs","messageBody":"","fileTypesAndContributionMap":{"docs":{"insertions":7,"deletions":7}}},{"hash":"380a89725aca985f89821c6c32831631d8647812","isMergeCommit":true,"messageTitle":"Merge branch \u0027master\u0027 into yiDa-AboutUs","messageBody":"","fileTypesAndContributionMap":{}},{"hash":"f738763202d52a7ad01d9bcbdec267849fe77121","isMergeCommit":true,"messageTitle":"Merge pull request #7 from aaronxujiachen/JiaChen-AboutUs","messageBody":"Update AboutUs","fileTypesAndContributionMap":{}}]},{"date":"2023-03-08","commitResults":[{"hash":"693e669fba7611cd480331b9a54040e1c3ccf088","isMergeCommit":true,"messageTitle":"Merge pull request #20 from EthanYidong/EthanYidong-ImplementRouter","messageBody":"Implemented Router","fileTypesAndContributionMap":{}},{"hash":"ef6a09742145882754507aa54b4bafc4cd3855fe","isMergeCommit":true,"messageTitle":"Merge pull request #21 from EthanYidong/EthanYidong-ImplementArgumentParser","messageBody":"Implemented argument parser","fileTypesAndContributionMap":{}}]},{"date":"2023-03-10","commitResults":[{"hash":"bcf25e80f2d9f530acdc18ea0a57bf5529c0d308","isMergeCommit":true,"messageTitle":"Merge pull request #22 from TJW0911/V1.0","messageBody":"Implemented adding of ingredients of a specified quantity","fileTypesAndContributionMap":{}}]},{"date":"2023-03-11","commitResults":[{"hash":"340d32691d8691ca22ce5a19073d28eac0655592","isMergeCommit":false,"messageTitle":"Add Instruction","messageBody":"","fileTypesAndContributionMap":{"functional-code":{"insertions":17,"deletions":0}}},{"hash":"a61f85c594dad0b8d6e1409a1772b9b76d1941bb","isMergeCommit":false,"messageTitle":"Add InstructionList","messageBody":"","fileTypesAndContributionMap":{"functional-code":{"insertions":19,"deletions":0}}},{"hash":"104a969baf1710d72f3d1893a01e98d7db5ea46f","isMergeCommit":false,"messageTitle":"Add Recipe","messageBody":"","fileTypesAndContributionMap":{"functional-code":{"insertions":27,"deletions":0}}},{"hash":"d737f623094db24848c17a3d9839fe805668e214","isMergeCommit":false,"messageTitle":"Add RecipeList","messageBody":"","fileTypesAndContributionMap":{"functional-code":{"insertions":15,"deletions":0}}},{"hash":"bc9f547ef20d38c61556a88bb78e7572bc533ccf","isMergeCommit":false,"messageTitle":"Add package ingredient and moved ingredient classes into package","messageBody":"","fileTypesAndContributionMap":{"functional-code":{"insertions":29,"deletions":25},"other":{"insertions":1,"deletions":1}}},{"hash":"babf5681d1aaf1b95e3202a37d91607db719c8c1","isMergeCommit":false,"messageTitle":"Implement listing of recipes that can be made with the current ingredients","messageBody":"","fileTypesAndContributionMap":{"functional-code":{"insertions":88,"deletions":9}}},{"hash":"06b141a65e91adf0b2384e2b35d7ae3d74dc902e","isMergeCommit":false,"messageTitle":"Checkstyle fix","messageBody":"","fileTypesAndContributionMap":{"functional-code":{"insertions":7,"deletions":7},"test-code":{"insertions":2,"deletions":2}}},{"hash":"f4f587c7a57822ecd82204d0da6cd2d1077f1c12","isMergeCommit":false,"messageTitle":"Checkstyle fix","messageBody":"","fileTypesAndContributionMap":{"functional-code":{"insertions":6,"deletions":3}}},{"hash":"0f738340b459670e97e36a8a7547e22d84c3a8ca","isMergeCommit":false,"messageTitle":"Checkstyle fix","messageBody":"","fileTypesAndContributionMap":{"functional-code":{"insertions":9,"deletions":4}}}]},{"date":"2023-03-13","commitResults":[{"hash":"ac0a01b8dae8e36ebf025a7f1993fb289b9b5dc7","isMergeCommit":true,"messageTitle":"Merge pull request #28 from TJW0911/V1.0","messageBody":"Implemented Removing ingredient of specified quantity and JUnit","fileTypesAndContributionMap":{}},{"hash":"5c645474fecb4bc8fcfaa58c3e232cbdaa3b17ed","isMergeCommit":true,"messageTitle":"Merge pull request #31 from jingyaaa/jingyaaa-V1.0_Storage","messageBody":"Implement Ingredients Storage","fileTypesAndContributionMap":{}}]}]},"authorFileTypeContributionMap":{"TJW0911":{"docs":6,"functional-code":206,"test-code":57},"jingyaaa":{"docs":0,"functional-code":119,"test-code":0,"other":1},"aaronxujiachen":{"docs":7,"functional-code":0,"test-code":0},"EthanYidong":{"docs":13,"functional-code":475,"test-code":121},"Jjzeng123":{"docs":7,"functional-code":0,"test-code":0},"ngyida":{"docs":0,"functional-code":209,"test-code":1}},"authorContributionVariance":{"TJW0911":4081.52,"jingyaaa":555.1104,"aaronxujiachen":16.934399,"EthanYidong":9598.565,"Jjzeng123":32.29439,"ngyida":2822.4546},"authorDisplayNameMap":{"TJW0911":"CS2113T-T09-3 TAN .. WEI","jingyaaa":"CS2113T-T09-3 LIN ..G YA","aaronxujiachen":"CS2113T-T09-3 XU J..CHEN","EthanYidong":"CS2113T-T09-3 TANG..DONG","Jjzeng123":"CS2113T-T09-3 ZENG..CKIE","ngyida":"CS2113T-T09-3 NG Y..I DA"}}
