{"authorDailyContributionsMap":{"TJW0911":[{"date":"2023-03-02","commitResults":[{"hash":"b2b80ed26f4b300e7136b4b058a47afb835fa829","isMergeCommit":false,"messageTitle":"Updated AboutUs","messageBody":"","fileTypesAndContributionMap":{"docs":{"insertions":13,"deletions":7}}},{"hash":"3d2b1c019616529a4920f923843c282c5ce654d7","isMergeCommit":true,"messageTitle":"Merge branch \u0027master\u0027 into JianWei-AboutUs","messageBody":"","fileTypesAndContributionMap":{}}]},{"date":"2023-03-08","commitResults":[{"hash":"73eba13caa4e0da79a50d9c1c720b11373f08615","isMergeCommit":false,"messageTitle":"Implemented adding of ingredients of a specified quantity","messageBody":"","fileTypesAndContributionMap":{"functional-code":{"insertions":161,"deletions":4},"test-code":{"insertions":28,"deletions":0}}},{"hash":"062b778e5fcd588f58399ab079a03ed48bdd6270","isMergeCommit":false,"messageTitle":"Fixed checkstyle error","messageBody":"","fileTypesAndContributionMap":{"functional-code":{"insertions":8,"deletions":9}}},{"hash":"b6bdebb4801b3a1e67dfa480add39b7815b41464","isMergeCommit":false,"messageTitle":"Checkstyle fix","messageBody":"","fileTypesAndContributionMap":{"functional-code":{"insertions":2,"deletions":2}}},{"hash":"a772bab6ba6a8a66537ee9178601247fad9068cc","isMergeCommit":false,"messageTitle":"Checkstyle Fix","messageBody":"","fileTypesAndContributionMap":{"test-code":{"insertions":1,"deletions":1}}},{"hash":"d52744d5623ed7623be756dc85c726d27627752c","isMergeCommit":true,"messageTitle":"Merge pull request #1 from TJW0911/V1.0","messageBody":"V1.0 add ingredients","fileTypesAndContributionMap":{}}]},{"date":"2023-03-09","commitResults":[{"hash":"ac11bb77b05dfaed62a50698b4aff200b2fddab4","isMergeCommit":false,"messageTitle":"Merged a test in JUnit","messageBody":"","fileTypesAndContributionMap":{"test-code":{"insertions":2,"deletions":10}}},{"hash":"708a3cac745c84afce51c73af4784d6f62fdab8d","isMergeCommit":false,"messageTitle":"Removed throwing DukeException in main","messageBody":"","fileTypesAndContributionMap":{"functional-code":{"insertions":3,"deletions":4}}}]},{"date":"2023-03-11","commitResults":[{"hash":"5d97e6e695507ed2fbe3d8eb7eb2091e15153f73","isMergeCommit":true,"messageTitle":"Merge pull request #27 from ngyida/yiDa-ImplementV1.0","messageBody":"Implement listing of possible recipes","fileTypesAndContributionMap":{}}]},{"date":"2023-03-12","commitResults":[{"hash":"c00676ed8c073798e682ce042d74108be2fb497e","isMergeCommit":false,"messageTitle":"Implemented Removing ingredient of specified quantity and relevant JUnit tests","messageBody":"","fileTypesAndContributionMap":{"functional-code":{"insertions":85,"deletions":0},"test-code":{"insertions":30,"deletions":0}}},{"hash":"a186beeba7202b2c2d3f49110f6ceab1fe4a1c1d","isMergeCommit":false,"messageTitle":"Added more JUnit test","messageBody":"","fileTypesAndContributionMap":{"test-code":{"insertions":16,"deletions":6}}},{"hash":"18da46c51455d7be9e9d42c7327c7e8d39b184d4","isMergeCommit":true,"messageTitle":"Merge pull request #2 from TJW0911/V1.0","messageBody":"V1.0","fileTypesAndContributionMap":{}},{"hash":"afbd22b8be762a1e0cc93e51690fa2a97538bdc9","isMergeCommit":false,"messageTitle":"Checkstyle fix","messageBody":"","fileTypesAndContributionMap":{"functional-code":{"insertions":3,"deletions":2}}},{"hash":"e20c557eb024ca942c1b2816b3a243d4b2c09a18","isMergeCommit":false,"messageTitle":"Added help messages","messageBody":"","fileTypesAndContributionMap":{"functional-code":{"insertions":60,"deletions":1}}},{"hash":"8a313bbca1b7139e09cc9697dd375fef42fafc38","isMergeCommit":false,"messageTitle":"Improved code quality for RemoveCommand","messageBody":"","fileTypesAndContributionMap":{"functional-code":{"insertions":18,"deletions":19}}},{"hash":"466bad2201886e32d2e43d59a97038d20f6a9378","isMergeCommit":false,"messageTitle":"Improved code quality for AddCommand","messageBody":"","fileTypesAndContributionMap":{"functional-code":{"insertions":13,"deletions":14},"test-code":{"insertions":3,"deletions":3}}},{"hash":"2454bb1ab51d3d735df05652b6df12678f35e330","isMergeCommit":false,"messageTitle":"Improved code quality for RemoveCommand","messageBody":"","fileTypesAndContributionMap":{"functional-code":{"insertions":5,"deletions":6}}},{"hash":"d50cadbf38d7604d208e1dcb802396c2718e0b45","isMergeCommit":false,"messageTitle":"Changed Quantity variable from int to double","messageBody":"","fileTypesAndContributionMap":{"functional-code":{"insertions":15,"deletions":15}}},{"hash":"8caf24dc869c40c68af6bc304a3bfdb33c5313b2","isMergeCommit":false,"messageTitle":"Checkstyle fix","messageBody":"","fileTypesAndContributionMap":{"test-code":{"insertions":0,"deletions":2}}}]},{"date":"2023-03-14","commitResults":[{"hash":"7f315a1b94cf24a44046fd0c0de1a835868210e9","isMergeCommit":true,"messageTitle":"Merge pull request #40 from Jjzeng123/master","messageBody":"Add default beef burger recipe for testing - Modify to meet checkstyle again","fileTypesAndContributionMap":{}},{"hash":"1fe88c4168fbde75ecc161230a5e2828508fe1db","isMergeCommit":true,"messageTitle":"Implemented help commands","messageBody":"","fileTypesAndContributionMap":{}},{"hash":"368986a80c41ae758e7bbcfe710a6bcc8975f21a","isMergeCommit":false,"messageTitle":"Added Javadoc to AddCommand and RemoveCommand methods","messageBody":"","fileTypesAndContributionMap":{"functional-code":{"insertions":60,"deletions":0}}},{"hash":"30dd8d96e80dd1e7d18a4098223fd27aa453b35b","isMergeCommit":false,"messageTitle":"Checksyle Fix","messageBody":"","fileTypesAndContributionMap":{"functional-code":{"insertions":0,"deletions":1}}},{"hash":"de9d47dd0817512288200afaa7923ea7e4b1c8d8","isMergeCommit":false,"messageTitle":"Edited Javadoc","messageBody":"","fileTypesAndContributionMap":{"functional-code":{"insertions":1,"deletions":1}}}]},{"date":"2023-03-15","commitResults":[{"hash":"f9ef3a4f8df85c6a6a24d60304533c909d122563","isMergeCommit":true,"messageTitle":"Merge branch \u0027master\u0027 into HelpMessages","messageBody":"","fileTypesAndContributionMap":{}},{"hash":"678087825015fb48716252c2c4de07334916a613","isMergeCommit":false,"messageTitle":"Extracted printing of help commands to a few methods","messageBody":"","fileTypesAndContributionMap":{"functional-code":{"insertions":39,"deletions":11}}},{"hash":"11e0107cad50b62dbc5d6443fec7792d3eb81d3c","isMergeCommit":true,"messageTitle":"Merge branch \u0027master\u0027 of https://github.com/AY2223S2-CS2113T-T09-3/tp into HelpMessages","messageBody":"# Conflicts:\n#\tsrc/main/java/seedu/duke/command/misc/AddCommand.java\n","fileTypesAndContributionMap":{}},{"hash":"f2aae165101b8a70e981ff1129354a58d54e6498","isMergeCommit":true,"messageTitle":"Merge branch \u0027HelpMessages\u0027 of https://github.com/TJW0911/tp into HelpMessages","messageBody":"# Conflicts:\n#\tsrc/main/java/seedu/duke/command/misc/AddCommand.java\n","fileTypesAndContributionMap":{}},{"hash":"934ff31cb02ecf19b3a609c4d6c299fbf240026d","isMergeCommit":false,"messageTitle":"Checkstyle fix","messageBody":"","fileTypesAndContributionMap":{"functional-code":{"insertions":10,"deletions":10}}},{"hash":"8be8f3c43d926555853c02d99d71cdfcff2ca708","isMergeCommit":false,"messageTitle":"Added assertion for RemoveCommand","messageBody":"","fileTypesAndContributionMap":{"functional-code":{"insertions":1,"deletions":0}}},{"hash":"2a3db481db760a06ce72ee34a23ff664e0dd66f6","isMergeCommit":true,"messageTitle":"Merge pull request #34 from ngyida/yiDa-AddRecipeAll","messageBody":"Implement RecipeAllCommand","fileTypesAndContributionMap":{}},{"hash":"fc03831a75c784d04fd4cae844aab615d4d54980","isMergeCommit":false,"messageTitle":"Changed name of list command in help messages","messageBody":"","fileTypesAndContributionMap":{"functional-code":{"insertions":1,"deletions":1}}},{"hash":"c20f7560b59479c40388aafec2df4ce58590680d","isMergeCommit":true,"messageTitle":"Merge pull request #45 from jingyaaa/Add_Ingredients_Storage_JUnit_Test","messageBody":"Add JUnit test ","fileTypesAndContributionMap":{}},{"hash":"3be1e9dd8696efb342cb73c8482c207f953a68ef","isMergeCommit":true,"messageTitle":"Merge pull request #46 from Jjzeng123/master","messageBody":"Add more default recipes and ingredients to the lists","fileTypesAndContributionMap":{}}]},{"date":"2023-03-16","commitResults":[{"hash":"b26ec4fc9fbfb637ba0c0b109f6a25e3d412ce75","isMergeCommit":false,"messageTitle":"added authorship","messageBody":"","fileTypesAndContributionMap":{"functional-code":{"insertions":2,"deletions":0}}}]},{"date":"2023-03-17","commitResults":[{"hash":"fbd2865da7707c59033d22f3fbe2942e50fe7849","isMergeCommit":false,"messageTitle":"Added Authorship and removed extra help message","messageBody":"","fileTypesAndContributionMap":{"functional-code":{"insertions":8,"deletions":1},"test-code":{"insertions":3,"deletions":0}}}]},{"date":"2023-03-21","commitResults":[{"hash":"6ac12f5be927f0ccc082003498052f723194acf2","isMergeCommit":false,"messageTitle":"Implemented the make command to remove ingredients needed to make a recipe from inventory","messageBody":"","fileTypesAndContributionMap":{"functional-code":{"insertions":165,"deletions":8}}},{"hash":"c3090d0360a63bbc61abc3bacf78b4689aa257a5","isMergeCommit":false,"messageTitle":"Improved exception handling and ignore cases for ingredients for add and remove command","messageBody":"","fileTypesAndContributionMap":{"functional-code":{"insertions":7,"deletions":2}}},{"hash":"e0ec3ab4211f296277223c23b8a49b18fdcf5a84","isMergeCommit":false,"messageTitle":"Checkstyle fix","messageBody":"","fileTypesAndContributionMap":{"functional-code":{"insertions":9,"deletions":1}}},{"hash":"cb44d23407cb6341256a4d469175c0955c029454","isMergeCommit":true,"messageTitle":"Merge pull request #54 from Jjzeng123/master","messageBody":"Add calorie counts to recipes and add commands to print calorie counts of recipes","fileTypesAndContributionMap":{}}]},{"date":"2023-03-22","commitResults":[{"hash":"5877ae2661199250468f814fa92c59ec20b54ee6","isMergeCommit":false,"messageTitle":"Update DeveloperGuide.md","messageBody":"","fileTypesAndContributionMap":{"docs":{"insertions":11,"deletions":0}}},{"hash":"7c2b77c43c8ff77e5d02ae41466a1920432930cf","isMergeCommit":false,"messageTitle":"Updated DeveloperGuide.md","messageBody":"","fileTypesAndContributionMap":{"docs":{"insertions":41,"deletions":2}}},{"hash":"5bfdd68a5d5657dc9ea3fb0efe04f40e625617e4","isMergeCommit":true,"messageTitle":"Merge pull request #63 from TJW0911/DG","messageBody":"Updated DeveloperGuide.md","fileTypesAndContributionMap":{}},{"hash":"74e230c9d84247f864967ef836c04a4cf0b936e1","isMergeCommit":false,"messageTitle":"Update DeveloperGuide.md","messageBody":"","fileTypesAndContributionMap":{"docs":{"insertions":17,"deletions":5}}},{"hash":"1c8ae3824ec62ddf5f33e6d3282ed6ecb6a06bea","isMergeCommit":false,"messageTitle":"Update DeveloperGuide.md","messageBody":"","fileTypesAndContributionMap":{"docs":{"insertions":0,"deletions":1}}},{"hash":"9cba691d421cd29055f5222a4272194aeaf4ad06","isMergeCommit":false,"messageTitle":"Update DeveloperGuide.md","messageBody":"","fileTypesAndContributionMap":{"docs":{"insertions":1,"deletions":1}}},{"hash":"5400b318660edc39ef314fba77dc45c8519a01e2","isMergeCommit":false,"messageTitle":"Added JUnit tests for MakeCommand","messageBody":"","fileTypesAndContributionMap":{"functional-code":{"insertions":10,"deletions":0},"test-code":{"insertions":56,"deletions":0}}}]},{"date":"2023-03-23","commitResults":[{"hash":"395d19fd45cf227398860956ed31e3fa524fd9a3","isMergeCommit":true,"messageTitle":"Merge pull request #70 from jingyaaa/DeveloperGuide","messageBody":"Update DeveloperGuide on storage","fileTypesAndContributionMap":{}},{"hash":"f295ee6c9adf0e5c42984120327e93ac29d9c756","isMergeCommit":false,"messageTitle":"Added Sequence Diagrams in DG","messageBody":"","fileTypesAndContributionMap":{"docs":{"insertions":90,"deletions":5}}},{"hash":"21d9a354ec6869a4cb06838b543502189e04d541","isMergeCommit":true,"messageTitle":"Merge pull request #66 from ngyida/yiDa-AddRecipeRandom","messageBody":"Implement recipe random command","fileTypesAndContributionMap":{}}]},{"date":"2023-03-24","commitResults":[{"hash":"6037b9075c5aab9edd79aaa54a18a459d212ea7d","isMergeCommit":true,"messageTitle":"Merge pull request #69 from ngyida/yiDa-UpdateRecipeDetail","messageBody":"Update Recipe Detail Command","fileTypesAndContributionMap":{}},{"hash":"31caa121ab9e2e1549f045bbdc3df7333b093912","isMergeCommit":false,"messageTitle":"Update DeveloperGuide.md","messageBody":"","fileTypesAndContributionMap":{"docs":{"insertions":2,"deletions":0}}}]},{"date":"2023-03-25","commitResults":[{"hash":"1bb4aa515594cd94c9bf2405d40572b98924e0ac","isMergeCommit":false,"messageTitle":"Implemented clear command","messageBody":"","fileTypesAndContributionMap":{"functional-code":{"insertions":37,"deletions":0}}},{"hash":"67fc257db4890fef266d1bd347f4b039e7ab584b","isMergeCommit":false,"messageTitle":"Added JUnit test for clear command","messageBody":"","fileTypesAndContributionMap":{"test-code":{"insertions":33,"deletions":0}}},{"hash":"208aa98bd95802a72a53925690a690de4aaee51a","isMergeCommit":false,"messageTitle":"Added Authorship","messageBody":"","fileTypesAndContributionMap":{"test-code":{"insertions":1,"deletions":0}}},{"hash":"10b5cf1b7bd505e41a555556e2d27c0cb3b9506f","isMergeCommit":false,"messageTitle":"Improved exception handling","messageBody":"","fileTypesAndContributionMap":{"functional-code":{"insertions":8,"deletions":9}}}]},{"date":"2023-03-26","commitResults":[{"hash":"aa5a6b2b4369827298cb4b6f41e248cdffceb8ba","isMergeCommit":true,"messageTitle":"Merge pull request #75 from jingyaaa/ShowMissingIngredients","messageBody":"Implement show missing ingredients","fileTypesAndContributionMap":{}},{"hash":"11e2a09c9d5a0fd56ba62b8e1ae94bebe3c5b0e8","isMergeCommit":true,"messageTitle":"Merge branch \u0027master\u0027 of https://github.com/AY2223S2-CS2113T-T09-3/tp into HelpMessages","messageBody":"# Conflicts:\n#\tsrc/main/java/seedu/mealcompanion/command/misc/AddCommand.java\n","fileTypesAndContributionMap":{}},{"hash":"ce9764e5e5572c8548a899b8d75ed85778c213fc","isMergeCommit":false,"messageTitle":"Updated Help Messages with version update","messageBody":"","fileTypesAndContributionMap":{"functional-code":{"insertions":48,"deletions":4}}},{"hash":"244b5000bc7862a3b27cbf217de73e4c032a9057","isMergeCommit":false,"messageTitle":"Extracted out closely related methods","messageBody":"","fileTypesAndContributionMap":{"functional-code":{"insertions":19,"deletions":50},"test-code":{"insertions":22,"deletions":14}}},{"hash":"4d433351c220bf223eda53af38c33d74b76eb018","isMergeCommit":false,"messageTitle":"Checkstyle Fix","messageBody":"","fileTypesAndContributionMap":{"functional-code":{"insertions":14,"deletions":14}}}]},{"date":"2023-03-27","commitResults":[{"hash":"98ff60db68ba6b3e730eb6e9e42ece07996f65e0","isMergeCommit":false,"messageTitle":"Update UserGuide.md","messageBody":"","fileTypesAndContributionMap":{"docs":{"insertions":4,"deletions":0}}},{"hash":"00c5bdff179ffaa44554e48ce7733e6eaa178c67","isMergeCommit":false,"messageTitle":"Updated with Recipe almost help","messageBody":"","fileTypesAndContributionMap":{"functional-code":{"insertions":8,"deletions":0}}},{"hash":"350d021e9e362b744efee8356399a87ed4d03fa0","isMergeCommit":false,"messageTitle":"Refactored make command code to use recipelist class methods","messageBody":"","fileTypesAndContributionMap":{"functional-code":{"insertions":2,"deletions":21}}}]},{"date":"2023-03-29","commitResults":[{"hash":"2ecacb5e188ddffd8899f87e8617b682c03f8227","isMergeCommit":true,"messageTitle":"Merge pull request #82 from ngyida/yiDa-Wk11","messageBody":"Week 11 taskings + refactor code ","fileTypesAndContributionMap":{}},{"hash":"de27869f334cd2cdfba027eb9475c1ed77b5c28a","isMergeCommit":false,"messageTitle":"Updated make command to only accept recipe numbers","messageBody":"","fileTypesAndContributionMap":{"functional-code":{"insertions":13,"deletions":11},"test-code":{"insertions":2,"deletions":2}}},{"hash":"818a5ce0f43ad88c216aa516420e835305009bd4","isMergeCommit":false,"messageTitle":"Updated help command to reflect only accepting recipe number","messageBody":"","fileTypesAndContributionMap":{"functional-code":{"insertions":3,"deletions":3}}},{"hash":"e8336d00a0fae989e0b6840da10e6c9c4d2e4e11","isMergeCommit":true,"messageTitle":"Merge pull request #83 from jingyaaa/RecipeFix","messageBody":"Change recipe need command to accept index ","fileTypesAndContributionMap":{}}]},{"date":"2023-03-30","commitResults":[{"hash":"184c959480afa3e54a788f1c194bf0ea23caef98","isMergeCommit":false,"messageTitle":"Updated sequence diagram","messageBody":"","fileTypesAndContributionMap":{"docs":{"insertions":8,"deletions":6}}}]},{"date":"2023-04-01","commitResults":[{"hash":"2368daa650146c1ed2bd251d797bde2b347918ab","isMergeCommit":false,"messageTitle":"Fixed help messages bug from PED","messageBody":"","fileTypesAndContributionMap":{"functional-code":{"insertions":31,"deletions":3}}},{"hash":"303b314b6a6f64c630f7c3bfd2ab345ddde945f6","isMergeCommit":false,"messageTitle":"Updated make command to inform users of which ingredients have been consumed","messageBody":"","fileTypesAndContributionMap":{"functional-code":{"insertions":2,"deletions":0}}},{"hash":"bb789fd8acf21f2154a46a19b26498f7a4a1c7e3","isMergeCommit":true,"messageTitle":"Merge pull request #88 from jingyaaa/FindRecipe","messageBody":"Implement recipe find command","fileTypesAndContributionMap":{}}]},{"date":"2023-04-02","commitResults":[{"hash":"2e630586f1dc560219b2d9dadf8b9847521106a8","isMergeCommit":true,"messageTitle":"Merge branch \u0027DG\u0027 of https://github.com/TJW0911/tp into DG","messageBody":"","fileTypesAndContributionMap":{}},{"hash":"4b642d8af0022a4d1763ac5080aee42d39c34c72","isMergeCommit":false,"messageTitle":"Removed non standard UML notation from class diagram","messageBody":"","fileTypesAndContributionMap":{"docs":{"insertions":14,"deletions":13}}},{"hash":"9ca63c2c4d3186a3a4cf4ce4aecba7df15de4795","isMergeCommit":true,"messageTitle":"Merge branch \u0027master\u0027 of https://github.com/AY2223S2-CS2113T-T09-3/tp into DG","messageBody":"","fileTypesAndContributionMap":{}}]},{"date":"2023-04-03","commitResults":[{"hash":"e2731b80f3fdd53c6dae7902b9567095cd56da9e","isMergeCommit":true,"messageTitle":"Merge pull request #134 from jingyaaa/FixStorageBug","messageBody":"Fix storage bug from PED","fileTypesAndContributionMap":{}},{"hash":"676234f4e22404998fec92d1b64777371b8a26ab","isMergeCommit":true,"messageTitle":"Merge pull request #89 from Jjzeng123/recipefav","messageBody":"Implement recipe favourite function","fileTypesAndContributionMap":{}}]},{"date":"2023-04-04","commitResults":[{"hash":"c58bdf4f248e641bc32ba9ff9a7623909ff66778","isMergeCommit":true,"messageTitle":"Merge pull request #141 from Jjzeng123/master","messageBody":"Update double to int","fileTypesAndContributionMap":{}},{"hash":"e1931aba6fc95a916d733a4084ba057a97edec13","isMergeCommit":true,"messageTitle":"Merge pull request #142 from Jjzeng123/easteregg","messageBody":"Implement Easter Egg","fileTypesAndContributionMap":{}},{"hash":"ae063ad2fb4ace793800cc6ede21eb7fdd13f595","isMergeCommit":true,"messageTitle":"Merge pull request #143 from jingyaaa/UpdateDeveloperGuide","messageBody":"Update developer guide","fileTypesAndContributionMap":{}}]}],"jingyaaa":[{"date":"2023-03-02","commitResults":[{"hash":"838025678972faf3930cbb618f0a4c5647d5a540","isMergeCommit":false,"messageTitle":"Update AboutUs.md","messageBody":"","fileTypesAndContributionMap":{"docs":{"insertions":7,"deletions":7}}},{"hash":"8ae4fd30db769f8d16294ecc9c17d506c43d5ffd","isMergeCommit":true,"messageTitle":"Merge pull request #5 from jingyaaa/jingya-AboutUs","messageBody":"Update AboutUs.md","fileTypesAndContributionMap":{}}]},{"date":"2023-03-12","commitResults":[{"hash":"88b513c4deb60474e0f40b47338818c432538789","isMergeCommit":true,"messageTitle":"Merge branch \u0027master\u0027 of https://github.com/jingyaaa/tp","messageBody":"","fileTypesAndContributionMap":{}}]},{"date":"2023-03-13","commitResults":[{"hash":"3cdb05283d25238d420612e620ececbdcd6d2052","isMergeCommit":false,"messageTitle":"Implement storage","messageBody":"","fileTypesAndContributionMap":{"functional-code":{"insertions":119,"deletions":0},"other":{"insertions":1,"deletions":0}}}]},{"date":"2023-03-15","commitResults":[{"hash":"0af5c38ae64b71ed56d3269c6a5ec9cb0dc34c00","isMergeCommit":false,"messageTitle":"Complete ingredient storage implementation","messageBody":"","fileTypesAndContributionMap":{"functional-code":{"insertions":1,"deletions":0}}},{"hash":"649b0dcc01707c9ced1818c55153d54d33b87ddd","isMergeCommit":false,"messageTitle":"Add JUnit test for ingredient storage class","messageBody":"","fileTypesAndContributionMap":{"functional-code":{"insertions":2,"deletions":1},"test-code":{"insertions":56,"deletions":0}}},{"hash":"044b9f35da4c9463debbebc9474281a2d0dffba9","isMergeCommit":false,"messageTitle":"Modify line separator","messageBody":"","fileTypesAndContributionMap":{"functional-code":{"insertions":1,"deletions":1},"test-code":{"insertions":1,"deletions":0}}},{"hash":"66c59d2261428d3316df8cce35ab392bc540a9f5","isMergeCommit":true,"messageTitle":"Merge pull request #41 from TJW0911/HelpMessages","messageBody":"Implemented help messages","fileTypesAndContributionMap":{}}]},{"date":"2023-03-20","commitResults":[{"hash":"35f021d56aa2dc1dfe181fde674f65f0d42949f7","isMergeCommit":true,"messageTitle":"Merge pull request #53 from TJW0911/master","messageBody":"Added Authorship and removed extra help message","fileTypesAndContributionMap":{}}]},{"date":"2023-03-22","commitResults":[{"hash":"1d9309b07ee4e8c84470a03cfc9bc5d5b2769ef0","isMergeCommit":true,"messageTitle":"Merge pull request #67 from ngyida/yiDa-ReformatDG","messageBody":"Add Skeleton format for DG","fileTypesAndContributionMap":{}}]},{"date":"2023-03-23","commitResults":[{"hash":"ee4c253a62882237e8e49a0bfbdafba170874df3","isMergeCommit":false,"messageTitle":"Update DeveloperGuide on storage","messageBody":"","fileTypesAndContributionMap":{"docs":{"insertions":50,"deletions":3}}},{"hash":"3d6f3565fa1ec9bcfd8082538a1845617ec9e22e","isMergeCommit":true,"messageTitle":"Merge pull request #68 from ngyida/yiDa-AddDG","messageBody":"Add recipe related commands and recipe class to developer guide","fileTypesAndContributionMap":{}}]},{"date":"2023-03-25","commitResults":[{"hash":"2ff7806de4c3c2d44534ab6f2388f6f6f4a25687","isMergeCommit":false,"messageTitle":"Implement show ingredients in recipe that user do not possess","messageBody":"","fileTypesAndContributionMap":{"functional-code":{"insertions":108,"deletions":0}}},{"hash":"25aa6f562da5c72475cc079538742a7fc417fc33","isMergeCommit":false,"messageTitle":"Add Javadoc comments","messageBody":"","fileTypesAndContributionMap":{"functional-code":{"insertions":26,"deletions":1}}},{"hash":"12f8747dcd3c57f419f9d684fa2ac847563a5d43","isMergeCommit":false,"messageTitle":"Add Junit test for RecipeNeedCommand","messageBody":"","fileTypesAndContributionMap":{"functional-code":{"insertions":1,"deletions":1},"test-code":{"insertions":62,"deletions":0}}},{"hash":"ec13920f5899294ded20eb3f29db732c1f4f0f6f","isMergeCommit":false,"messageTitle":"Add documentation","messageBody":"","fileTypesAndContributionMap":{"functional-code":{"insertions":5,"deletions":0},"test-code":{"insertions":2,"deletions":0}}},{"hash":"0e0fb1572fef0ace5659ee935656e495c76c43fd","isMergeCommit":false,"messageTitle":"Fix bug where program terminates on empty \"recipe need\" and \"recipe detail\" command","messageBody":"","fileTypesAndContributionMap":{"functional-code":{"insertions":44,"deletions":35},"test-code":{"insertions":3,"deletions":3}}},{"hash":"7125d0313aa2665eeded4796f8fcd42f5f9a7550","isMergeCommit":true,"messageTitle":"Merge branch \u0027master\u0027 into ShowMissingIngredients","messageBody":"","fileTypesAndContributionMap":{}},{"hash":"c527f2000b70f5633a23d380f3a8dedab1d94a0c","isMergeCommit":false,"messageTitle":"Fix checkstyle","messageBody":"","fileTypesAndContributionMap":{"functional-code":{"insertions":4,"deletions":4}}},{"hash":"0a11a5f962c26aa147b07b480ef790e4ade453a9","isMergeCommit":false,"messageTitle":"Fix checkstyle in test","messageBody":"","fileTypesAndContributionMap":{"test-code":{"insertions":2,"deletions":4}}},{"hash":"be9cf3da39e9fc12f7d2a00f66a859627710f0d5","isMergeCommit":false,"messageTitle":"Update user guide for show missing ingredient","messageBody":"","fileTypesAndContributionMap":{"docs":{"insertions":4,"deletions":1}}},{"hash":"2b529aa56fa196cef91c2420fce709265c02712e","isMergeCommit":false,"messageTitle":"Update user guide","messageBody":"","fileTypesAndContributionMap":{"docs":{"insertions":1,"deletions":1}}},{"hash":"d3a8e164073a06c69ca5b71a613666009ced8b06","isMergeCommit":true,"messageTitle":"Merge pull request #74 from TJW0911/V2.0","messageBody":"Implemented clear command","fileTypesAndContributionMap":{}}]},{"date":"2023-03-27","commitResults":[{"hash":"8b8e89f39a2e5f7bbfdb225fea98e05e596a190e","isMergeCommit":false,"messageTitle":"Implement recipe almost","messageBody":"","fileTypesAndContributionMap":{"functional-code":{"insertions":60,"deletions":2}}},{"hash":"0dd1c47ade8226d1c6b671664a9a5fb9e319803e","isMergeCommit":false,"messageTitle":"Update number of missing ingredients","messageBody":"","fileTypesAndContributionMap":{"functional-code":{"insertions":1,"deletions":1}}},{"hash":"b2961aa53441ee48b5956b15a74007f17291f4cc","isMergeCommit":false,"messageTitle":"Add documentation","messageBody":"","fileTypesAndContributionMap":{"functional-code":{"insertions":21,"deletions":0}}}]},{"date":"2023-03-29","commitResults":[{"hash":"347ff14c3030747eb69ff340588856fc589ef35a","isMergeCommit":false,"messageTitle":"Update recipe need to accept only index","messageBody":"","fileTypesAndContributionMap":{"functional-code":{"insertions":12,"deletions":8},"test-code":{"insertions":1,"deletions":1}}},{"hash":"c05a0c984e2ba6e86087fdf0a2b34f9d44c582de","isMergeCommit":false,"messageTitle":"Update UG","messageBody":"","fileTypesAndContributionMap":{"docs":{"insertions":1,"deletions":1}}},{"hash":"1fd59e2d314042d3b8ea7e53f5af29554f51b9e4","isMergeCommit":true,"messageTitle":"Merge pull request #84 from TJW0911/V2.0","messageBody":"Updated make command to only accept recipe numbers","fileTypesAndContributionMap":{}}]},{"date":"2023-03-31","commitResults":[{"hash":"0f60c177bb11253a320f8ee3b28477fede6f3c5c","isMergeCommit":false,"messageTitle":"Implement recipe find command","messageBody":"","fileTypesAndContributionMap":{"functional-code":{"insertions":70,"deletions":1}}},{"hash":"a3bf35faffd3fa72141a19c93ceba7b5a731c235","isMergeCommit":true,"messageTitle":"Merge pull request #86 from Jjzeng123/master","messageBody":"Added author tag to one part and fix duplicated message in help message","fileTypesAndContributionMap":{}}]},{"date":"2023-04-01","commitResults":[{"hash":"274a820e5b479b2f984ba42ae9b3af0b889e63d2","isMergeCommit":false,"messageTitle":"Change method name better fit boolean","messageBody":"","fileTypesAndContributionMap":{"functional-code":{"insertions":2,"deletions":2}}},{"hash":"e2d6a5296ef5ceea5e22b01bf5a4e3cff4a1b0c0","isMergeCommit":false,"messageTitle":"Add documentation","messageBody":"","fileTypesAndContributionMap":{"functional-code":{"insertions":8,"deletions":0}}},{"hash":"46eb4371470a1331dc2cda596bdd6bd5363ab29d","isMergeCommit":false,"messageTitle":"Fix storage bug from PED","messageBody":"","fileTypesAndContributionMap":{"functional-code":{"insertions":12,"deletions":0}}},{"hash":"b3f1678b1d5adc1f8c12c56adeda60e253539cab","isMergeCommit":false,"messageTitle":"Update ingredient quantity to be \u003e0 from saved file","messageBody":"","fileTypesAndContributionMap":{"functional-code":{"insertions":1,"deletions":1}}},{"hash":"739e9509e3e9059f53fded9955860301241c3319","isMergeCommit":false,"messageTitle":"Add catch JsonSyntaxException","messageBody":"","fileTypesAndContributionMap":{"functional-code":{"insertions":4,"deletions":1}}}]},{"date":"2023-04-02","commitResults":[{"hash":"0fc1d6f4634de16c875ad2db5800144bf1eecd96","isMergeCommit":false,"messageTitle":"Add Warning Symbols","messageBody":"","fileTypesAndContributionMap":{"docs":{"insertions":4,"deletions":0}}}]},{"date":"2023-04-04","commitResults":[{"hash":"d3f1e60ad7e91f097f2f70f31300a872ce5760dd","isMergeCommit":false,"messageTitle":"Add use cases and non-functional requirements","messageBody":"","fileTypesAndContributionMap":{"docs":{"insertions":43,"deletions":0}}},{"hash":"7cd0a2da824e06e735f334c8397803052c6551cc","isMergeCommit":false,"messageTitle":"Add some testing instructions","messageBody":"","fileTypesAndContributionMap":{"docs":{"insertions":25,"deletions":0}}}]}],"aaronxujiachen":[{"date":"2023-03-02","commitResults":[{"hash":"806b229ffa4f5fafded15e5d453dfaefe0cfe141","isMergeCommit":false,"messageTitle":"Update AboutUs","messageBody":"","fileTypesAndContributionMap":{"docs":{"insertions":14,"deletions":7}}},{"hash":"6ea481f8e3b881d1f6a6a79c50fd57f264057a78","isMergeCommit":true,"messageTitle":"Merge branch \u0027master\u0027 into JiaChen-AboutUs","messageBody":"","fileTypesAndContributionMap":{}}]},{"date":"2023-03-28","commitResults":[{"hash":"8584320763f16e73c52eccf97e95260dca997963","isMergeCommit":false,"messageTitle":"Added block allergen feature.","messageBody":"","fileTypesAndContributionMap":{"functional-code":{"insertions":39,"deletions":10},"test-code":{"insertions":12,"deletions":1}}}]}],"EthanYidong":[{"date":"2023-03-02","commitResults":[{"hash":"697890164c308c12001ac299f0a896e63f17875b","isMergeCommit":false,"messageTitle":"Add Ethan\u0027s details to AboutUs page","messageBody":"Create portfolio page for Ethan\n","fileTypesAndContributionMap":{"docs":{"insertions":7,"deletions":1}}},{"hash":"3290cd0de5e9b697732a1c2e169d6dda2ccfd843","isMergeCommit":true,"messageTitle":"Merge pull request #3 from Jjzeng123/jackie-update-aboutus","messageBody":"Jackie update aboutus","fileTypesAndContributionMap":{}},{"hash":"8b3a2da43234d864d5d5ae300cf2f7bcded46843","isMergeCommit":true,"messageTitle":"Merge pull request #6 from ngyida/yiDa-AboutUs","messageBody":"Yi Da Pull Request","fileTypesAndContributionMap":{}},{"hash":"c7faea8bce8d690c12023bf7635d5bdff530000c","isMergeCommit":false,"messageTitle":"Fix broken links in AboutUs","messageBody":"","fileTypesAndContributionMap":{"docs":{"insertions":8,"deletions":8}}},{"hash":"be9b7e9fb6a99f81417028a6acf8f2803743fecd","isMergeCommit":true,"messageTitle":"Merge pull request #8 from EthanYidong/EthanYidong-FixBrokenLinks","messageBody":"Fix broken links in AboutUs","fileTypesAndContributionMap":{}}]},{"date":"2023-03-06","commitResults":[{"hash":"6490d242e773a45974fd5f1d8fe14dcf37018830","isMergeCommit":false,"messageTitle":"Implement basic command router","messageBody":"We need to support branched commands as per the user guide,\nsuch as \"recipe all\" vs \"recipe possible\"\n\nWithout structured command parsing, supporting such commands\nwould lead to messy\n\nLet\u0027s,\n* add a \"router\" is needed in order to be able to easily extend\nwith more commands in the future\n* implement a few simple commands to test the router\n* create a structured way for commands to\ninteract with the UI and control flow\n","fileTypesAndContributionMap":{"functional-code":{"insertions":386,"deletions":12}}},{"hash":"552cda3c353d2debdcf64f4953e442169c8c3cf4","isMergeCommit":false,"messageTitle":"Add tests for router","messageBody":"","fileTypesAndContributionMap":{"test-code":{"insertions":69,"deletions":0}}},{"hash":"17daf403c644ca22b8d7385f7a1e2d73c2dcee8f","isMergeCommit":false,"messageTitle":"Fix checkstyle violations","messageBody":"","fileTypesAndContributionMap":{"test-code":{"insertions":1,"deletions":1}}}]},{"date":"2023-03-07","commitResults":[{"hash":"fc5b98680f4b2e66f3f113e2528dfb078f48a7cd","isMergeCommit":false,"messageTitle":"Implement basic argument parsing","messageBody":"We need to support different arguments as per the user guide.\n\nWithout structured argument parsing, supporting such arguments\nwould lead to messy and duplicate code.\n\nLet\u0027s,\n* add a \"parser\" which standardizes the command format\n* update the \"hello world\" command to test the parser\n","fileTypesAndContributionMap":{"functional-code":{"insertions":107,"deletions":8},"test-code":{"insertions":2,"deletions":1}}},{"hash":"e2fa063247677d30bd47467a299a0dd3e298e414","isMergeCommit":false,"messageTitle":"Add tests for argument parsing","messageBody":"","fileTypesAndContributionMap":{"test-code":{"insertions":51,"deletions":0}}},{"hash":"181a9b824aca0b22eb17bbc52d6c798a294903f2","isMergeCommit":false,"messageTitle":"Refractor to provide session directly to command execution","messageBody":"","fileTypesAndContributionMap":{"functional-code":{"insertions":12,"deletions":15}}}]},{"date":"2023-03-13","commitResults":[{"hash":"2204781f97679e3d94889ddcdd93e6f548bcf532","isMergeCommit":true,"messageTitle":"Merge pull request #33 from ngyida/yiDa-AddRecipePossibleTesting","messageBody":"Implement RecipePossibleCommand testing","fileTypesAndContributionMap":{}}]},{"date":"2023-03-14","commitResults":[{"hash":"9f161eec6b4d24be5e70acfd9c608e233a6050f8","isMergeCommit":false,"messageTitle":"Implement ingredients database and default recipes with Java resources","messageBody":"We need to be able to easily add new recipes without having\nto write Java code.\n\nWe also need to be able to maintain a set of valid ingredients\nso that we can provide helpful information to the user about\nexpected units of measure in recipes as well as providing\nwell-defined matchings from user ingredients to recipes.\n\nWithout these two resources, adding new recipes is hard\nand users may not be able to match with recipes that use\nslightly different names for ingredients.\n\nLet\u0027s,\n* create JSON resources for both known ingredients and\ndefault recipes\n* write tests to ensure that these resources are correctly\nformatted and sound (no unknown ingredients in recipes)\n","fileTypesAndContributionMap":{"functional-code":{"insertions":178,"deletions":66},"test-code":{"insertions":27,"deletions":4}}},{"hash":"3597f72359eb2a219288aaf37d278d5db251e85b","isMergeCommit":false,"messageTitle":"Implemented ingredients list command","messageBody":"","fileTypesAndContributionMap":{"functional-code":{"insertions":46,"deletions":3}}},{"hash":"0a93f84eeee2d3e8f0eadb8a0649ae4c6e1fc114","isMergeCommit":false,"messageTitle":"Add documentation to IngredientDatabase and related classes","messageBody":"","fileTypesAndContributionMap":{"functional-code":{"insertions":25,"deletions":0}}},{"hash":"6393e6a740372d863b6e3c30b45c7122c2a34dc6","isMergeCommit":false,"messageTitle":"Add assertions for critical startup operations","messageBody":"","fileTypesAndContributionMap":{"functional-code":{"insertions":3,"deletions":0},"other":{"insertions":4,"deletions":0}}}]},{"date":"2023-03-15","commitResults":[{"hash":"96cfd7444a20c5b3db93e1edfba9ae5df6a5ebac","isMergeCommit":false,"messageTitle":"Implement ingredient search command","messageBody":"","fileTypesAndContributionMap":{"functional-code":{"insertions":57,"deletions":1},"test-code":{"insertions":4,"deletions":5}}},{"hash":"6e1c2b78f65a1b2ba15f31006029c4b65f5fe013","isMergeCommit":false,"messageTitle":"Rename app to \u0027MealCompanion\u0027","messageBody":"","fileTypesAndContributionMap":{"functional-code":{"insertions":504,"deletions":499},"other":{"insertions":161,"deletions":168},"docs":{"insertions":11,"deletions":20},"test-code":{"insertions":62,"deletions":62}}}]},{"date":"2023-03-16","commitResults":[{"hash":"2111067e02e80c18f590c4ea7b6998c95ba52ab1","isMergeCommit":true,"messageTitle":"Merge pull request #50 from ngyida/yiDa-AddRecipeDetail","messageBody":"Implement RecipeDetailCommand","tags":["v1.0"],"fileTypesAndContributionMap":{}}]},{"date":"2023-03-22","commitResults":[{"hash":"8b984c0fe2e1280ebc450c66b3d5b40a9149d1b0","isMergeCommit":false,"messageTitle":"Add details about routing to developer guide","messageBody":"","fileTypesAndContributionMap":{"docs":{"insertions":144,"deletions":1}}},{"hash":"bac0f4e56a88b764b9013cecf0b372514c585fe6","isMergeCommit":false,"messageTitle":"Implement showing cook and prep time for recipes","messageBody":"","fileTypesAndContributionMap":{"functional-code":{"insertions":21,"deletions":2},"test-code":{"insertions":8,"deletions":4}}}]},{"date":"2023-03-29","commitResults":[{"hash":"5594bb78989283b32569bfaeb438293215b37415","isMergeCommit":true,"messageTitle":"Merge branch \u0027jiachenmaster\u0027","messageBody":"# Conflicts:\n#\tsrc/main/java/seedu/mealcompanion/command/recipe/RecipeCommand.java\n#\tsrc/test/java/seedu/mealcompanion/command/misc/RecipePossibleCommandTest.java\n","fileTypesAndContributionMap":{}},{"hash":"5742f82884f40dcd98b153e5e2d7f840c4df8584","isMergeCommit":false,"messageTitle":"Implement Allergen Add, Remove, List commands","messageBody":"","fileTypesAndContributionMap":{"functional-code":{"insertions":135,"deletions":1}}}]},{"date":"2023-03-30","commitResults":[{"hash":"eb12505cd80221db6d105676280390b9d7806f16","isMergeCommit":false,"messageTitle":"Update UserGuide.md","messageBody":"","fileTypesAndContributionMap":{"docs":{"insertions":7,"deletions":0}}}]}],"Jjzeng123":[{"date":"2023-03-02","commitResults":[{"hash":"bb6269fc82bcf5fb0d05e565abc3936e64a51145","isMergeCommit":false,"messageTitle":"add testing message","messageBody":"","fileTypesAndContributionMap":{"functional-code":{"insertions":1,"deletions":0}}},{"hash":"5868103261e2162114c9431490b41b6efb80553e","isMergeCommit":false,"messageTitle":"Update AboutUs.md, create jackie.md, clean up Duke.java","messageBody":"","fileTypesAndContributionMap":{"functional-code":{"insertions":0,"deletions":1},"docs":{"insertions":14,"deletions":13}}},{"hash":"325d2eba2d8fb277d051d104b9a747c0c9c5a2fc","isMergeCommit":true,"messageTitle":"Merge pull request #2 from EthanYidong/EthanYidong-AboutUs","messageBody":"Add Ethan\u0027s details to AboutUs page","fileTypesAndContributionMap":{}},{"hash":"d95ae1267aeeacd853b2259f6b2b593ecb47f9f3","isMergeCommit":true,"messageTitle":"Merge branch \u0027master\u0027 into jackie-update-aboutus","messageBody":"","fileTypesAndContributionMap":{}},{"hash":"326b638eb29451b7a6dff6c79879a281040e0611","isMergeCommit":true,"messageTitle":"Merge pull request #4 from TJW0911/JianWei-AboutUs","messageBody":"Updated AboutUs","fileTypesAndContributionMap":{}}]},{"date":"2023-03-12","commitResults":[{"hash":"c0b1bf6f5341ad508a70f63a36fb648e4bf5e022","isMergeCommit":true,"messageTitle":"Merge branch \u0027master\u0027 of https://github.com/Jjzeng123/tp","messageBody":"","fileTypesAndContributionMap":{}}]},{"date":"2023-03-13","commitResults":[{"hash":"669786609b1a2fb44e250ef73eb588bd856d615e","isMergeCommit":true,"messageTitle":"Merge branch \u0027master\u0027 of https://github.com/AY2223S2-CS2113T-T09-3/tp","messageBody":"","fileTypesAndContributionMap":{}},{"hash":"6382321325cb10730598939550e1d821c78561ed","isMergeCommit":false,"messageTitle":"Add default beef burger recipe for testing, add instruction function to InstructionList","messageBody":"","fileTypesAndContributionMap":{"functional-code":{"insertions":54,"deletions":0}}},{"hash":"b95faa77ae67860af249b26d7a0ad26642ca2dbd","isMergeCommit":true,"messageTitle":"Merge pull request #2 from Jjzeng123/jackie-defaultrecipe2","messageBody":"Jackie defaultrecipe2","fileTypesAndContributionMap":{}},{"hash":"f08c59d265fc9b1490c0b31ed0220746a4a52427","isMergeCommit":false,"messageTitle":"Modify to change checkstyle","messageBody":"","fileTypesAndContributionMap":{"functional-code":{"insertions":14,"deletions":11}}},{"hash":"4d7b35078f27f19dc2b4037360cd374dee69797e","isMergeCommit":true,"messageTitle":"Merge pull request #3 from Jjzeng123/jackie-defaultrecipe2","messageBody":"Modify to change checkstyle","fileTypesAndContributionMap":{}},{"hash":"e3c745c3069df305c21dc81fc4219e78aed80cc5","isMergeCommit":false,"messageTitle":"Modify again to meet checkstyle requirements","messageBody":"","fileTypesAndContributionMap":{"functional-code":{"insertions":2,"deletions":2}}},{"hash":"1de9f5655e7dee08c4d54d088c923acfbae9b3ff","isMergeCommit":true,"messageTitle":"Merge pull request #4 from Jjzeng123/jackie-defaultrecipe2","messageBody":"Modify again to meet checkstyle requirements","fileTypesAndContributionMap":{}},{"hash":"8011f4e7e8a10ecec26f0ebc494bcf03098f691b","isMergeCommit":false,"messageTitle":"Modify a third time to meet checkstyle requirements","messageBody":"","fileTypesAndContributionMap":{"functional-code":{"insertions":2,"deletions":3}}},{"hash":"e03d6eb12730891ed74eb13dd075b395a32da1ab","isMergeCommit":true,"messageTitle":"Merge pull request #5 from Jjzeng123/jackie-defaultrecipe2","messageBody":"Modify a third time to meet checkstyle requirements","fileTypesAndContributionMap":{}},{"hash":"933990dbc188f4fa3e01f31a30df597071516f96","isMergeCommit":false,"messageTitle":"Modify yet again to meet checkstyle requirements","messageBody":"","fileTypesAndContributionMap":{"functional-code":{"insertions":8,"deletions":4}}},{"hash":"1a5e7f463d85627a86cb4994056c6b3dcf2ed5d4","isMergeCommit":true,"messageTitle":"Merge pull request #6 from Jjzeng123/jackie-defaultrecipe2","messageBody":"Modify yet again to meet checkstyle requirements","fileTypesAndContributionMap":{}},{"hash":"d0f3c7f32e7b271c28aca7ac2c82e6df699ce08a","isMergeCommit":false,"messageTitle":"Modify again again to meet checkstyle requirements","messageBody":"","fileTypesAndContributionMap":{"functional-code":{"insertions":6,"deletions":6}}},{"hash":"68cb8c1f83b8d90832f75945ea9a222d7bd15e89","isMergeCommit":true,"messageTitle":"Merge pull request #7 from Jjzeng123/jackie-defaultrecipe2","messageBody":"Modify again again to meet checkstyle requirements","fileTypesAndContributionMap":{}},{"hash":"2a382979a252e1ccc73291e31fc1639c3e871687","isMergeCommit":true,"messageTitle":"Merge branch \u0027master\u0027 into master","messageBody":"","fileTypesAndContributionMap":{}}]},{"date":"2023-03-14","commitResults":[{"hash":"134c07f6788e8b6385b6c610bc59b9d94adca27a","isMergeCommit":true,"messageTitle":"Merge branch \u0027master\u0027 of https://github.com/Jjzeng123/tp","messageBody":"","fileTypesAndContributionMap":{}},{"hash":"69196fcb766099f638bdd16c4d1cd2d3c79b9aef","isMergeCommit":true,"messageTitle":"Merge pull request #43 from EthanYidong/EthanYidong-IngredientsList","messageBody":"Implement ingredients list ","fileTypesAndContributionMap":{}},{"hash":"d1c1dfa569c594cef3628b3f0b6500968ad895a8","isMergeCommit":true,"messageTitle":"Merge branch \u0027master\u0027 of https://github.com/Jjzeng123/tp","messageBody":"","fileTypesAndContributionMap":{}}]},{"date":"2023-03-16","commitResults":[{"hash":"b1175aabaeccedb1cf6af14352647c5a3bdd2435","isMergeCommit":false,"messageTitle":"Update UserGuide.md","messageBody":"","fileTypesAndContributionMap":{"docs":{"insertions":65,"deletions":27}}},{"hash":"f32eee4a05f1b1f7b3a5173295fbfe176c8d7747","isMergeCommit":false,"messageTitle":"Update UserGuide.md","messageBody":"","fileTypesAndContributionMap":{"docs":{"insertions":26,"deletions":1}}},{"hash":"e7b158ccd7b664a49258066dd6ed16ca05e78f3e","isMergeCommit":false,"messageTitle":"Update UserGuide.md","messageBody":"","fileTypesAndContributionMap":{"docs":{"insertions":37,"deletions":8}}},{"hash":"c1c1ee5674be75d66a0edb6cbac3a4d365cf7904","isMergeCommit":false,"messageTitle":"Update UserGuide.md","messageBody":"","fileTypesAndContributionMap":{"docs":{"insertions":1,"deletions":1}}},{"hash":"ef96d2eeefe593060168d0526e94c2a46afa71c5","isMergeCommit":false,"messageTitle":"Update UserGuide.md","messageBody":"","fileTypesAndContributionMap":{"docs":{"insertions":1,"deletions":0}}},{"hash":"80fecfb9910a7c466365d4260cc4812fc990e1d3","isMergeCommit":false,"messageTitle":"Update UserGuide.md","messageBody":"","fileTypesAndContributionMap":{"docs":{"insertions":2,"deletions":0}}},{"hash":"b53e02a73542b56c55105c27ce19710eb22dec5c","isMergeCommit":false,"messageTitle":"Update UserGuide.md","messageBody":"","fileTypesAndContributionMap":{"docs":{"insertions":2,"deletions":0}}}]},{"date":"2023-03-20","commitResults":[{"hash":"78108702a91a4b61d8e4154cbe3bfd392738adde","isMergeCommit":false,"messageTitle":"Update UserGuide.md","messageBody":"","fileTypesAndContributionMap":{"docs":{"insertions":3,"deletions":0}}},{"hash":"b873b104b63ea457db9ff87863d91c9a7daf00b5","isMergeCommit":false,"messageTitle":"Update UserGuide.md","messageBody":"","fileTypesAndContributionMap":{"docs":{"insertions":3,"deletions":3}}},{"hash":"10358f06aed6a33c010fec0b22b71929c630e2e7","isMergeCommit":false,"messageTitle":"Update UserGuide.md","messageBody":"","fileTypesAndContributionMap":{"docs":{"insertions":3,"deletions":6}}},{"hash":"19344fc527966d27887fba1232258bf6d5907068","isMergeCommit":false,"messageTitle":"Update UserGuide.md","messageBody":"","fileTypesAndContributionMap":{"docs":{"insertions":1,"deletions":1}}},{"hash":"3918eabcdddb72cc48bf3f6aa7b378149ed22876","isMergeCommit":false,"messageTitle":"Update UserGuide.md","messageBody":"","fileTypesAndContributionMap":{"docs":{"insertions":0,"deletions":1}}},{"hash":"b2dc90de7cdad7109053605f6cf2c5efb6da173b","isMergeCommit":false,"messageTitle":"Update UserGuide.md","messageBody":"","fileTypesAndContributionMap":{"docs":{"insertions":1,"deletions":1}}},{"hash":"461335f43674c46fb8c968b9f48f2e4bcfd0d362","isMergeCommit":false,"messageTitle":"Update UserGuide.md","messageBody":"","fileTypesAndContributionMap":{"docs":{"insertions":4,"deletions":4}}},{"hash":"663cb67d3e029378bb2722cf70bfedc2c8bcc087","isMergeCommit":true,"messageTitle":"Merge branch \u0027master\u0027 of https://github.com/Jjzeng123/tp","messageBody":"","fileTypesAndContributionMap":{}}]},{"date":"2023-03-21","commitResults":[{"hash":"d30b7285925176ec698acdc97c31761e8875fee4","isMergeCommit":false,"messageTitle":"Add calorie counts to recipes, add command to print calorie counts","messageBody":"","fileTypesAndContributionMap":{"functional-code":{"insertions":11,"deletions":2},"test-code":{"insertions":4,"deletions":4}}},{"hash":"bb063275f428a7d89c9b2837b0537d0f4af1e606","isMergeCommit":false,"messageTitle":"Update DeveloperGuide.md","messageBody":"","fileTypesAndContributionMap":{"docs":{"insertions":15,"deletions":5}}},{"hash":"24ecf4f939fc0213286976a67328ed7c21f50b3d","isMergeCommit":false,"messageTitle":"Update DeveloperGuide.md","messageBody":"","fileTypesAndContributionMap":{"docs":{"insertions":37,"deletions":4}}},{"hash":"4f8993682fab040e382e689d2081e327882231fa","isMergeCommit":false,"messageTitle":"Update DeveloperGuide.md","messageBody":"","fileTypesAndContributionMap":{"docs":{"insertions":0,"deletions":2}}},{"hash":"dbea10060ffca121e31c11e50431c432bbcd03de","isMergeCommit":false,"messageTitle":"Update DeveloperGuide.md","messageBody":"","fileTypesAndContributionMap":{"docs":{"insertions":2,"deletions":0}}},{"hash":"8fecd56317c917b40ca1f0e562aa4a5369140a77","isMergeCommit":false,"messageTitle":"Update DeveloperGuide.md","messageBody":"","fileTypesAndContributionMap":{"docs":{"insertions":1,"deletions":0}}}]},{"date":"2023-03-22","commitResults":[{"hash":"03b812e000b047542d3415a04f7babcc9033fb3b","isMergeCommit":false,"messageTitle":"Update DeveloperGuide.md","messageBody":"","fileTypesAndContributionMap":{"docs":{"insertions":1,"deletions":1}}},{"hash":"338a7609b4ceb1944a8cff9c72ec5da0f2c023d6","isMergeCommit":false,"messageTitle":"Update DeveloperGuide.md","messageBody":"","fileTypesAndContributionMap":{"docs":{"insertions":1,"deletions":1}}},{"hash":"636027ed5d513339b6f58d4c4f543a8bdee83948","isMergeCommit":false,"messageTitle":"Update DeveloperGuide.md","messageBody":"","fileTypesAndContributionMap":{"docs":{"insertions":0,"deletions":1}}}]},{"date":"2023-03-24","commitResults":[{"hash":"af855f9cc5d81d9c7206dfefe62562ca5e70e90f","isMergeCommit":true,"messageTitle":"Merge pull request #71 from TJW0911/DG","messageBody":"Added Sequence Diagrams in DG","fileTypesAndContributionMap":{}}]},{"date":"2023-03-27","commitResults":[{"hash":"8ddfb0381664e75cfe1c61b36e8e019fd7d9f306","isMergeCommit":false,"messageTitle":"Update DeveloperGuide.md","messageBody":"","fileTypesAndContributionMap":{"docs":{"insertions":14,"deletions":1}}},{"hash":"7fca400bea46bf45c3195d1e97a5ea3e15f65574","isMergeCommit":false,"messageTitle":"Update DeveloperGuide.md","messageBody":"","fileTypesAndContributionMap":{"docs":{"insertions":2,"deletions":0}}},{"hash":"bc3b75e9db8eb53cf886032f00fb142615714d06","isMergeCommit":false,"messageTitle":"Update DeveloperGuide.md","messageBody":"","fileTypesAndContributionMap":{"docs":{"insertions":1,"deletions":1}}},{"hash":"0d675b4ecff6ebb0f350fa4927198f9998c0932f","isMergeCommit":false,"messageTitle":"Update DeveloperGuide.md","messageBody":"","fileTypesAndContributionMap":{"docs":{"insertions":2,"deletions":0}}},{"hash":"c7b5aa71a40077a72079ac02c153185dead64452","isMergeCommit":false,"messageTitle":"Update UserGuide.md","messageBody":"","fileTypesAndContributionMap":{"docs":{"insertions":1,"deletions":1}}},{"hash":"129f26e07e2ed8ea83f8f06fee9247295468425e","isMergeCommit":false,"messageTitle":"Update UserGuide.md","messageBody":"","fileTypesAndContributionMap":{"docs":{"insertions":1,"deletions":1}}}]},{"date":"2023-03-28","commitResults":[{"hash":"caa7085ca6bae9fa0fd2c1e05296bfe542293c0d","isMergeCommit":false,"messageTitle":"Update UserGuide.md","messageBody":"","fileTypesAndContributionMap":{"docs":{"insertions":26,"deletions":15}}},{"hash":"d6c3790202767b50a701a4c1b4512db8b1617f43","isMergeCommit":false,"messageTitle":"Update UserGuide.md","messageBody":"","fileTypesAndContributionMap":{"docs":{"insertions":9,"deletions":7}}},{"hash":"f3eae1b77d686f68fa895d985ed96314921b14bd","isMergeCommit":false,"messageTitle":"Update UserGuide.md","messageBody":"","fileTypesAndContributionMap":{"docs":{"insertions":1,"deletions":1}}},{"hash":"91262001a4004f08f865f1f6e1d1cc45334bfae8","isMergeCommit":false,"messageTitle":"Update UserGuide.md","messageBody":"","fileTypesAndContributionMap":{"docs":{"insertions":6,"deletions":3}}},{"hash":"bf81b3f0c1e2be8a3788c3c03056cab995f62844","isMergeCommit":false,"messageTitle":"Update UserGuide.md","messageBody":"","fileTypesAndContributionMap":{"docs":{"insertions":1,"deletions":1}}},{"hash":"d7e7c92fc53963ee6569c9c4e61b25b53862226d","isMergeCommit":false,"messageTitle":"Update UserGuide.md","messageBody":"","fileTypesAndContributionMap":{"docs":{"insertions":3,"deletions":1}}},{"hash":"c6e74f3dc5b87f620baee207ea60df821562c5ac","isMergeCommit":false,"messageTitle":"Update UserGuide.md","messageBody":"","fileTypesAndContributionMap":{"docs":{"insertions":3,"deletions":1}}},{"hash":"c50dc1eda37733eb7373d1d6f17e99d0f6f82508","isMergeCommit":false,"messageTitle":"Update UserGuide.md","messageBody":"","fileTypesAndContributionMap":{"docs":{"insertions":1,"deletions":0}}},{"hash":"a9b73719ea507fa85702ca98423e860e00885df8","isMergeCommit":false,"messageTitle":"Update UserGuide.md","messageBody":"","fileTypesAndContributionMap":{"docs":{"insertions":1,"deletions":1}}},{"hash":"83024f9b4689c74d7ed6b3df75f7d5d91fa878cd","isMergeCommit":false,"messageTitle":"Update UserGuide.md","messageBody":"","fileTypesAndContributionMap":{"docs":{"insertions":2,"deletions":1}}},{"hash":"a993e4b3be9daabfe3ec8136aa5d5b59a316b24d","isMergeCommit":false,"messageTitle":"Update UserGuide.md","messageBody":"","fileTypesAndContributionMap":{"docs":{"insertions":1,"deletions":1}}}]},{"date":"2023-03-29","commitResults":[{"hash":"e037ed58b1abe916535ce75bb3cc5546db94c69b","isMergeCommit":false,"messageTitle":"Update UserGuide.md","messageBody":"","fileTypesAndContributionMap":{"docs":{"insertions":1,"deletions":1}}},{"hash":"56c9d9d7c3ee160f1892449b0e15288911f77f71","isMergeCommit":false,"messageTitle":"Update UserGuide.md","messageBody":"","fileTypesAndContributionMap":{"docs":{"insertions":2,"deletions":1}}},{"hash":"d7e84a1a414a89502cce3ee7e337eedb15760111","isMergeCommit":false,"messageTitle":"Update UserGuide.md","messageBody":"","fileTypesAndContributionMap":{"docs":{"insertions":3,"deletions":1}}},{"hash":"eac8923ecbab2277ee8500303a2542383be5912e","isMergeCommit":false,"messageTitle":"Update UserGuide.md","messageBody":"","fileTypesAndContributionMap":{"docs":{"insertions":2,"deletions":1}}},{"hash":"ed9db8c66e85ed2c8ebe0ecb97adad384fcf6b5e","isMergeCommit":false,"messageTitle":"Update UserGuide.md","messageBody":"","fileTypesAndContributionMap":{"docs":{"insertions":3,"deletions":1}}},{"hash":"630d86157589e7d87593ee898f8cd5611913f508","isMergeCommit":false,"messageTitle":"Update UserGuide.md","messageBody":"","fileTypesAndContributionMap":{"docs":{"insertions":3,"deletions":1}}},{"hash":"6a53429f82c5425232a684d55872131b2f706633","isMergeCommit":false,"messageTitle":"Update UserGuide.md","messageBody":"","fileTypesAndContributionMap":{"docs":{"insertions":11,"deletions":9}}},{"hash":"797f8c3d33cdb3500252e61045fbeb763fee642c","isMergeCommit":false,"messageTitle":"Update UserGuide.md","messageBody":"","fileTypesAndContributionMap":{"docs":{"insertions":1,"deletions":2}}},{"hash":"39c92acd9140c56399d2e5bcd60ed59263c4f0ee","isMergeCommit":false,"messageTitle":"Update UserGuide.md","messageBody":"","fileTypesAndContributionMap":{"docs":{"insertions":2,"deletions":1}}},{"hash":"8fd14c748f6c9de17fcb7d7dd07945494593c6af","isMergeCommit":false,"messageTitle":"Update UserGuide.md","messageBody":"","fileTypesAndContributionMap":{"docs":{"insertions":3,"deletions":1}}},{"hash":"e8a00b979aafbada0669d6c8a674b5a06c36e8e3","isMergeCommit":false,"messageTitle":"Update UserGuide.md","messageBody":"","fileTypesAndContributionMap":{"docs":{"insertions":3,"deletions":1}}},{"hash":"a935cd2ca5681ae0a0a6ea83060ed8197f53d536","isMergeCommit":false,"messageTitle":"Update UserGuide.md","messageBody":"","fileTypesAndContributionMap":{"docs":{"insertions":7,"deletions":7}}},{"hash":"1997dfa18428a2f8c7da6618fb2a72a274f378d1","isMergeCommit":false,"messageTitle":"Update UserGuide.md","messageBody":"","fileTypesAndContributionMap":{"docs":{"insertions":7,"deletions":7}}}]},{"date":"2023-03-30","commitResults":[{"hash":"65b64bf23251af1578dcc52e245da046ca574436","isMergeCommit":true,"messageTitle":"Merge pull request #85 from EthanYidong/EthanYidong-allergensCommand","messageBody":"Implement allergens command","tags":["v2.0"],"fileTypesAndContributionMap":{}},{"hash":"6182f537cd979b0b37d3ddf4aa240b3527a484be","isMergeCommit":true,"messageTitle":"Merge branch \u0027master\u0027 of https://github.com/Jjzeng123/tp","messageBody":"","fileTypesAndContributionMap":{}},{"hash":"6672d69b1404edeaf195a6df738185003b65b13e","isMergeCommit":false,"messageTitle":"Update UserGuide.md","messageBody":"","fileTypesAndContributionMap":{"docs":{"insertions":2,"deletions":2}}},{"hash":"3dc5304f83949330f2c3f21d3cfa74f614a81a3a","isMergeCommit":false,"messageTitle":"Update UserGuide.md","messageBody":"","fileTypesAndContributionMap":{"docs":{"insertions":21,"deletions":8}}},{"hash":"c9721b220ba1a9d2cf22347ee3f8ec1515d066b7","isMergeCommit":false,"messageTitle":"Update UserGuide.md","messageBody":"","fileTypesAndContributionMap":{"docs":{"insertions":65,"deletions":20}}},{"hash":"fefbf4f99fcaa1a7386c7958ff050e30243ec369","isMergeCommit":false,"messageTitle":"Update UserGuide.md","messageBody":"","fileTypesAndContributionMap":{"docs":{"insertions":1,"deletions":1}}},{"hash":"ae7df6d29d367652257951e579463a02ee4cdd3b","isMergeCommit":false,"messageTitle":"Update UserGuide.md","messageBody":"","fileTypesAndContributionMap":{"docs":{"insertions":33,"deletions":2}}},{"hash":"797da538bdd5e4a08aece05b42995a089fc5b754","isMergeCommit":false,"messageTitle":"Update UserGuide.md","messageBody":"","fileTypesAndContributionMap":{"docs":{"insertions":1,"deletions":0}}},{"hash":"ee59b269f685408245c2c69444f3988cf44895cc","isMergeCommit":false,"messageTitle":"Update DeveloperGuide.md","messageBody":"","fileTypesAndContributionMap":{"docs":{"insertions":1,"deletions":1}}},{"hash":"56c779fdc9db316826c1536ffd7e41b9002db86d","isMergeCommit":false,"messageTitle":"Update DeveloperGuide.md","messageBody":"","fileTypesAndContributionMap":{"docs":{"insertions":3,"deletions":2}}},{"hash":"7199ef66a567c2f0d27e7dfd56ad9abafb8395f2","isMergeCommit":false,"messageTitle":"Update UserGuide.md","messageBody":"","fileTypesAndContributionMap":{"docs":{"insertions":2,"deletions":0}}},{"hash":"85c5b45ca7238dd2098096b5e40557e7d5618041","isMergeCommit":true,"messageTitle":"Merge branch \u0027master\u0027 of https://github.com/Jjzeng123/tp","messageBody":"","fileTypesAndContributionMap":{}},{"hash":"982e270574431ba060bb2deca524fce295a60d39","isMergeCommit":false,"messageTitle":"Update author tags and fix minor bug in help messages","messageBody":"","fileTypesAndContributionMap":{"functional-code":{"insertions":3,"deletions":2}}},{"hash":"d6c0272696998ee6c42c558e8cddf5eab8f912bb","isMergeCommit":false,"messageTitle":"Fix recipe detail command to display index correctly.","messageBody":"","fileTypesAndContributionMap":{"functional-code":{"insertions":1,"deletions":1}}},{"hash":"06abbc2f8cb9ef24cbd9079e2ec226b6f3a2e55a","isMergeCommit":false,"messageTitle":"Add author tags","messageBody":"","fileTypesAndContributionMap":{"functional-code":{"insertions":20,"deletions":1}}},{"hash":"e2ad42a082d57fd401250cbda50f58983a08b9e3","isMergeCommit":false,"messageTitle":"Update UserGuide.md","messageBody":"","fileTypesAndContributionMap":{"docs":{"insertions":8,"deletions":0}}},{"hash":"a7dec5518eea6643ac6d7c96f21b46446ec81c51","isMergeCommit":false,"messageTitle":"Update UserGuide.md","messageBody":"","fileTypesAndContributionMap":{"docs":{"insertions":2,"deletions":0}}},{"hash":"48fff7c94e05fcd3eec824ac07d51fd1a62c8722","isMergeCommit":false,"messageTitle":"Update UserGuide.md","messageBody":"","fileTypesAndContributionMap":{"docs":{"insertions":2,"deletions":2}}},{"hash":"2ced3e66a79e572bb69210b292d54e46ca5df737","isMergeCommit":false,"messageTitle":"Update UserGuide.md","messageBody":"","fileTypesAndContributionMap":{"docs":{"insertions":2,"deletions":2}}},{"hash":"4670b7967b7c4ae8563ca2920552c24e48a175fe","isMergeCommit":false,"messageTitle":"Update UserGuide.md","messageBody":"","fileTypesAndContributionMap":{"docs":{"insertions":3,"deletions":3}}}]},{"date":"2023-03-31","commitResults":[{"hash":"fa0e701b1442d098f84566b20ebb5661cffa7cae","isMergeCommit":true,"messageTitle":"Merge branch \u0027AY2223S2-CS2113T-T09-3:master\u0027 into master","messageBody":"","fileTypesAndContributionMap":{}},{"hash":"29144854c9c83ebf1e11bb27d0af4a8c7539620b","isMergeCommit":true,"messageTitle":"Merge branch \u0027master\u0027 of https://github.com/Jjzeng123/tp","messageBody":"","fileTypesAndContributionMap":{}},{"hash":"2ca0664f0434b81bd2d8cd1f275e103f90e6a345","isMergeCommit":false,"messageTitle":"Implement recipe favourite function","messageBody":"","fileTypesAndContributionMap":{"functional-code":{"insertions":159,"deletions":3}}},{"hash":"73a01c28996e7c9dfd16709a456dd5ee4b9158b5","isMergeCommit":false,"messageTitle":"Fix checkstyle and test","messageBody":"","fileTypesAndContributionMap":{"functional-code":{"insertions":0,"deletions":1},"test-code":{"insertions":5,"deletions":5}}},{"hash":"649c9646ba9bc2892fa7bbce1f5cde10f43f6479","isMergeCommit":false,"messageTitle":"Fix checkstyle again","messageBody":"","fileTypesAndContributionMap":{"functional-code":{"insertions":6,"deletions":5}}},{"hash":"95067f9194c821c72d16515cc6d63a439ce04b1f","isMergeCommit":false,"messageTitle":"Fix checkstyle and test","messageBody":"","fileTypesAndContributionMap":{"functional-code":{"insertions":1,"deletions":2},"test-code":{"insertions":10,"deletions":5}}},{"hash":"4fb11849c5ed471dd638717aa7d61ceed2675074","isMergeCommit":false,"messageTitle":"Add print statements for favourite and unfavourite features","messageBody":"","fileTypesAndContributionMap":{"functional-code":{"insertions":4,"deletions":0}}}]},{"date":"2023-04-03","commitResults":[{"hash":"e7c69e1847577bfa341404e4b0ef12451e147977","isMergeCommit":false,"messageTitle":"Update DeveloperGuide.md","messageBody":"","fileTypesAndContributionMap":{"docs":{"insertions":2,"deletions":2}}},{"hash":"28da80158e05049594667784fb4a854747009309","isMergeCommit":true,"messageTitle":"Merge pull request #10 from Jjzeng123/recipefav","messageBody":"Recipefav","fileTypesAndContributionMap":{}},{"hash":"97479fa51b8d620da031ddf6ea7fff40fbc906d4","isMergeCommit":true,"messageTitle":"Merge branch \u0027master\u0027 of https://github.com/Jjzeng123/tp","messageBody":"","fileTypesAndContributionMap":{}},{"hash":"aea40dbd207963ff817ffb5685d185e8650904ce","isMergeCommit":false,"messageTitle":"Update UserGuide.md","messageBody":"","fileTypesAndContributionMap":{"docs":{"insertions":1,"deletions":1}}},{"hash":"a173fa2254153ac9ea379f0115d65a8341bb07eb","isMergeCommit":true,"messageTitle":"Merge branch \u0027master\u0027 into recipefav","messageBody":"","fileTypesAndContributionMap":{}},{"hash":"46393ea702eafdb6376d81fcfd1c06873ae75a2d","isMergeCommit":true,"messageTitle":"Merge pull request #87 from TJW0911/DG","messageBody":"Updated sequence diagram","fileTypesAndContributionMap":{}},{"hash":"d79b27b6fe5e78af8f9f080e152db730402e329b","isMergeCommit":true,"messageTitle":"Merge pull request #135 from TJW0911/HelpMessages","messageBody":"Fixed help messages bug from PED","fileTypesAndContributionMap":{}},{"hash":"37c4fdeb3e4e77cb37a06786823c1d3e67f6617c","isMergeCommit":true,"messageTitle":"Merge branch \u0027master\u0027 of https://github.com/Jjzeng123/tp","messageBody":"","fileTypesAndContributionMap":{}},{"hash":"b6a70f888b583b13d3c8e0d7ffaf327c5eefd502","isMergeCommit":false,"messageTitle":"Convert all double to int and fix test values","messageBody":"","fileTypesAndContributionMap":{"functional-code":{"insertions":19,"deletions":19},"test-code":{"insertions":31,"deletions":31}}},{"hash":"5321b51f74f198a510c135e2cbc0102b80eda7f0","isMergeCommit":false,"messageTitle":"Fix tests as part of replacing all double with int","messageBody":"","fileTypesAndContributionMap":{"functional-code":{"insertions":7,"deletions":7},"test-code":{"insertions":3,"deletions":3}}},{"hash":"da92411e9d2cbf61f78c669e06bde55177deaaf9","isMergeCommit":false,"messageTitle":"Implement easter egg","messageBody":"","fileTypesAndContributionMap":{"functional-code":{"insertions":76,"deletions":0}}},{"hash":"0515cab63015f70f63f162a59626faf67b34da81","isMergeCommit":false,"messageTitle":"Fix tests","messageBody":"","fileTypesAndContributionMap":{"functional-code":{"insertions":3,"deletions":1}}}]},{"date":"2023-04-05","commitResults":[{"hash":"241474d09b308672edad6ed6e3fcdfe45ea41ca9","isMergeCommit":false,"messageTitle":"Update UserGuide.md","messageBody":"","fileTypesAndContributionMap":{"docs":{"insertions":17,"deletions":17}}},{"hash":"0646be108c3c7a995eef0338add74d2f1f290be8","isMergeCommit":true,"messageTitle":"Merge pull request #145 from Jjzeng123/master","messageBody":"Update UserGuide.md","fileTypesAndContributionMap":{}},{"hash":"2d0e2d9713bc02359559591c170156c1d463e765","isMergeCommit":false,"messageTitle":"Update UserGuide.md","messageBody":"","fileTypesAndContributionMap":{"docs":{"insertions":1,"deletions":1}}},{"hash":"25eda34290a684665522c3264083bf226671947e","isMergeCommit":false,"messageTitle":"Add files via upload","messageBody":"","fileTypesAndContributionMap":{"other":{"insertions":673,"deletions":0}}},{"hash":"133cdb0e96b703b7d6a10210b26c7242c52b1d86","isMergeCommit":false,"messageTitle":"Update UserGuide.md","messageBody":"","fileTypesAndContributionMap":{"docs":{"insertions":2,"deletions":0}}}]}],"ngyida":[{"date":"2023-03-02","commitResults":[{"hash":"50921e9f6820aab52872a5a2ce70d866cbb6b643","isMergeCommit":false,"messageTitle":"Add Yi Da to AboutUs","messageBody":"","fileTypesAndContributionMap":{"docs":{"insertions":6,"deletions":5}}},{"hash":"6f37d32d64e337c9904495a39536663ff9a71dfd","isMergeCommit":false,"messageTitle":"Update AboutUs","messageBody":"","fileTypesAndContributionMap":{"docs":{"insertions":7,"deletions":7}}},{"hash":"380a89725aca985f89821c6c32831631d8647812","isMergeCommit":true,"messageTitle":"Merge branch \u0027master\u0027 into yiDa-AboutUs","messageBody":"","fileTypesAndContributionMap":{}},{"hash":"f738763202d52a7ad01d9bcbdec267849fe77121","isMergeCommit":true,"messageTitle":"Merge pull request #7 from aaronxujiachen/JiaChen-AboutUs","messageBody":"Update AboutUs","fileTypesAndContributionMap":{}}]},{"date":"2023-03-08","commitResults":[{"hash":"693e669fba7611cd480331b9a54040e1c3ccf088","isMergeCommit":true,"messageTitle":"Merge pull request #20 from EthanYidong/EthanYidong-ImplementRouter","messageBody":"Implemented Router","fileTypesAndContributionMap":{}},{"hash":"ef6a09742145882754507aa54b4bafc4cd3855fe","isMergeCommit":true,"messageTitle":"Merge pull request #21 from EthanYidong/EthanYidong-ImplementArgumentParser","messageBody":"Implemented argument parser","fileTypesAndContributionMap":{}}]},{"date":"2023-03-10","commitResults":[{"hash":"bcf25e80f2d9f530acdc18ea0a57bf5529c0d308","isMergeCommit":true,"messageTitle":"Merge pull request #22 from TJW0911/V1.0","messageBody":"Implemented adding of ingredients of a specified quantity","fileTypesAndContributionMap":{}}]},{"date":"2023-03-11","commitResults":[{"hash":"340d32691d8691ca22ce5a19073d28eac0655592","isMergeCommit":false,"messageTitle":"Add Instruction","messageBody":"","fileTypesAndContributionMap":{"functional-code":{"insertions":17,"deletions":0}}},{"hash":"a61f85c594dad0b8d6e1409a1772b9b76d1941bb","isMergeCommit":false,"messageTitle":"Add InstructionList","messageBody":"","fileTypesAndContributionMap":{"functional-code":{"insertions":19,"deletions":0}}},{"hash":"104a969baf1710d72f3d1893a01e98d7db5ea46f","isMergeCommit":false,"messageTitle":"Add Recipe","messageBody":"","fileTypesAndContributionMap":{"functional-code":{"insertions":27,"deletions":0}}},{"hash":"d737f623094db24848c17a3d9839fe805668e214","isMergeCommit":false,"messageTitle":"Add RecipeList","messageBody":"","fileTypesAndContributionMap":{"functional-code":{"insertions":15,"deletions":0}}},{"hash":"bc9f547ef20d38c61556a88bb78e7572bc533ccf","isMergeCommit":false,"messageTitle":"Add package ingredient and moved ingredient classes into package","messageBody":"","fileTypesAndContributionMap":{"functional-code":{"insertions":29,"deletions":25},"other":{"insertions":1,"deletions":1}}},{"hash":"babf5681d1aaf1b95e3202a37d91607db719c8c1","isMergeCommit":false,"messageTitle":"Implement listing of recipes that can be made with the current ingredients","messageBody":"","fileTypesAndContributionMap":{"functional-code":{"insertions":88,"deletions":9}}},{"hash":"06b141a65e91adf0b2384e2b35d7ae3d74dc902e","isMergeCommit":false,"messageTitle":"Checkstyle fix","messageBody":"","fileTypesAndContributionMap":{"functional-code":{"insertions":7,"deletions":7},"test-code":{"insertions":2,"deletions":2}}},{"hash":"f4f587c7a57822ecd82204d0da6cd2d1077f1c12","isMergeCommit":false,"messageTitle":"Checkstyle fix","messageBody":"","fileTypesAndContributionMap":{"functional-code":{"insertions":6,"deletions":3}}},{"hash":"0f738340b459670e97e36a8a7547e22d84c3a8ca","isMergeCommit":false,"messageTitle":"Checkstyle fix","messageBody":"","fileTypesAndContributionMap":{"functional-code":{"insertions":9,"deletions":4}}}]},{"date":"2023-03-13","commitResults":[{"hash":"ac0a01b8dae8e36ebf025a7f1993fb289b9b5dc7","isMergeCommit":true,"messageTitle":"Merge pull request #28 from TJW0911/V1.0","messageBody":"Implemented Removing ingredient of specified quantity and JUnit","fileTypesAndContributionMap":{}},{"hash":"5c645474fecb4bc8fcfaa58c3e232cbdaa3b17ed","isMergeCommit":true,"messageTitle":"Merge pull request #31 from jingyaaa/jingyaaa-V1.0_Storage","messageBody":"Implement Ingredients Storage","fileTypesAndContributionMap":{}},{"hash":"291e4d2759a4406f423544745ddb874c79bb1ec6","isMergeCommit":false,"messageTitle":"Update DukeSession ingredients to a private static member","messageBody":"","fileTypesAndContributionMap":{"functional-code":{"insertions":15,"deletions":15},"test-code":{"insertions":10,"deletions":10}}},{"hash":"78c87a44d21ecd9748619f1dcefc6c4ea24c813f","isMergeCommit":false,"messageTitle":"Update DukeSession ingredients to from private static member to private final member and update JUnit test.","messageBody":"","fileTypesAndContributionMap":{"functional-code":{"insertions":29,"deletions":24},"test-code":{"insertions":7,"deletions":4}}},{"hash":"bb9f80b14c15ca2ee8447769aed2ebe623add804","isMergeCommit":false,"messageTitle":"Add RecipePossibleCommandTest","messageBody":"","fileTypesAndContributionMap":{"test-code":{"insertions":61,"deletions":0}}},{"hash":"eeb98907a3642946c1f35735527cb3a89f818f23","isMergeCommit":false,"messageTitle":"Checkstyle fix","messageBody":"","fileTypesAndContributionMap":{"functional-code":{"insertions":3,"deletions":5},"test-code":{"insertions":2,"deletions":2}}},{"hash":"599ad8bff76bb7cef393a99d41aadda405b99b19","isMergeCommit":false,"messageTitle":"Checkstyle fix","messageBody":"","fileTypesAndContributionMap":{"test-code":{"insertions":1,"deletions":1}}},{"hash":"2041442544b67c83f22255ea3ffe0db7295fa39f","isMergeCommit":false,"messageTitle":"Update RecipePossibleCommandTest to support linux","messageBody":"","fileTypesAndContributionMap":{"test-code":{"insertions":6,"deletions":1}}},{"hash":"ae1c31040475f37a42cfa7515f5473bdd9d4e0e0","isMergeCommit":false,"messageTitle":"Checkstyle fix","messageBody":"","fileTypesAndContributionMap":{"test-code":{"insertions":10,"deletions":10}}},{"hash":"ee09c89918c832ac62c0b622504ec6fda2527096","isMergeCommit":false,"messageTitle":"Implement RecipeAllCommand","messageBody":"","fileTypesAndContributionMap":{"functional-code":{"insertions":37,"deletions":1}}},{"hash":"fdd31740d635ec3acf64b5e945c354551f7627d2","isMergeCommit":false,"messageTitle":"Add JavaDoc","messageBody":"","fileTypesAndContributionMap":{"functional-code":{"insertions":43,"deletions":5}}},{"hash":"89e91d0d9845bbc0596d57058429dc99be0f313b","isMergeCommit":false,"messageTitle":"Add JUnit test for RecipeAllCommand","messageBody":"","fileTypesAndContributionMap":{"functional-code":{"insertions":9,"deletions":7},"test-code":{"insertions":61,"deletions":0}}},{"hash":"56f208e3233ba7d83b535891a21ca0d769874da8","isMergeCommit":false,"messageTitle":"Checkstyle fix","messageBody":"","fileTypesAndContributionMap":{"functional-code":{"insertions":2,"deletions":1}}},{"hash":"670fbc6d94436854f32df2fe3e3c2504c2309e3c","isMergeCommit":false,"messageTitle":"Checkstyle fix","messageBody":"","fileTypesAndContributionMap":{"test-code":{"insertions":1,"deletions":1}}},{"hash":"a97aa01b08dfa764bc026d483cc6fb3a5f6373ba","isMergeCommit":true,"messageTitle":"Merge branch \u0027master\u0027 into yiDa-AddRecipeAll","messageBody":"","fileTypesAndContributionMap":{}}]},{"date":"2023-03-15","commitResults":[{"hash":"282cd064090df19aeb9ea88a4a2bfc4b0fc1ee15","isMergeCommit":false,"messageTitle":"Update JavaDoc in RecipePossibleCommand","messageBody":"","fileTypesAndContributionMap":{"functional-code":{"insertions":1,"deletions":1}}},{"hash":"092a8b6c79aa6e314b1cd3e8a1e6d97c659dfd91","isMergeCommit":false,"messageTitle":"Update JavaDoc in RecipeAllCommand","messageBody":"","fileTypesAndContributionMap":{"functional-code":{"insertions":1,"deletions":1}}},{"hash":"80f31a57cdcbdba6a1841b57cd210149fd03e376","isMergeCommit":false,"messageTitle":"Update RecipePossibleCommand UI message","messageBody":"","fileTypesAndContributionMap":{"functional-code":{"insertions":1,"deletions":1}}},{"hash":"51684286f19117d154ed1702c634cd6c51fa3010","isMergeCommit":false,"messageTitle":"Update JavaDoc in RecipeAllCommandFactory","messageBody":"","fileTypesAndContributionMap":{"functional-code":{"insertions":1,"deletions":1}}},{"hash":"dde07ec5d3c0c8faa2faefe38a4af37f8cb382c7","isMergeCommit":false,"messageTitle":"Update JavaDoc in RecipePossibleCommandFactory","messageBody":"","fileTypesAndContributionMap":{"functional-code":{"insertions":1,"deletions":1}}},{"hash":"8fde44721dd0ce612dafe51cf0d9c275f40d2fa9","isMergeCommit":true,"messageTitle":"Merge branch \u0027master\u0027 into yiDa-AddRecipeAll","messageBody":"","fileTypesAndContributionMap":{}},{"hash":"995442964f098b0746b582ffb7532373d7eabc86","isMergeCommit":false,"messageTitle":"Update DukeSession","messageBody":"","fileTypesAndContributionMap":{"functional-code":{"insertions":1,"deletions":1}}},{"hash":"ddc544c8a2bfe369b33e6528d490569a6b67c558","isMergeCommit":false,"messageTitle":"Update RecipePossibleCommand","messageBody":"","fileTypesAndContributionMap":{"functional-code":{"insertions":2,"deletions":2}}},{"hash":"ca2136caa99d444687c77a3dd679b52070f366ee","isMergeCommit":false,"messageTitle":"Update RecipeAllCommand.java","messageBody":"","fileTypesAndContributionMap":{"functional-code":{"insertions":1,"deletions":1}}},{"hash":"7c397a12e4f0273ac6351a9bdb08f10edb2ede13","isMergeCommit":false,"messageTitle":"Update","messageBody":"","fileTypesAndContributionMap":{"functional-code":{"insertions":1,"deletions":1}}},{"hash":"3ed035990fc88a4e56d830d6bd49c538fcb9f7e1","isMergeCommit":false,"messageTitle":"Update","messageBody":"","fileTypesAndContributionMap":{"functional-code":{"insertions":1,"deletions":1}}},{"hash":"c138406f7cafd97a5c4f25f7e43298a13cbac4de","isMergeCommit":false,"messageTitle":"Update","messageBody":"","fileTypesAndContributionMap":{"functional-code":{"insertions":1,"deletions":1}}},{"hash":"fd1771ca070a2c92e909933a0f865112819a608b","isMergeCommit":true,"messageTitle":"Merge branch \u0027master\u0027 of https://github.com/ngyida/tp into yiDa-AddRecipeAll","messageBody":"# Conflicts:\n#\tsrc/main/java/seedu/duke/DukeSession.java\n#\tsrc/main/java/seedu/duke/command/misc/RecipePossibleCommand.java\n","fileTypesAndContributionMap":{}},{"hash":"244065ebf2ed872e7a47e5e12400b35a643b0cef","isMergeCommit":false,"messageTitle":"Update JavaDoc","messageBody":"","fileTypesAndContributionMap":{"functional-code":{"insertions":5,"deletions":5}}},{"hash":"891d5054a48a65e423c1c9881d8c3c2c21b62194","isMergeCommit":true,"messageTitle":"Merge branch \u0027yiDa-AddRecipeAll\u0027 of https://github.com/ngyida/tp into yiDa-AddRecipeAll","messageBody":"# Conflicts:\n#\tsrc/main/java/seedu/duke/DukeSession.java\n#\tsrc/main/java/seedu/duke/command/misc/RecipePossibleCommand.java\n","fileTypesAndContributionMap":{}},{"hash":"f7a676c6765bf273b14e2a532f643a02ac565890","isMergeCommit":false,"messageTitle":"Checkstyle fix","messageBody":"","fileTypesAndContributionMap":{"functional-code":{"insertions":2,"deletions":1},"test-code":{"insertions":22,"deletions":15}}},{"hash":"0e51e2e75849b7e130e9212f2ebb6e73e23b0c3b","isMergeCommit":false,"messageTitle":"Resolve merge conflict","messageBody":"","fileTypesAndContributionMap":{"functional-code":{"insertions":0,"deletions":12}}},{"hash":"0c841e6304dc7bb24e1aa772a0624d16addc6951","isMergeCommit":true,"messageTitle":"Merge pull request #48 from EthanYidong/EthanYidong-IngredientsSearch","messageBody":"Implement ingredient search command","fileTypesAndContributionMap":{}},{"hash":"1ea0ef3a4cd4c07f2333404ad75ad671e2efb2f8","isMergeCommit":true,"messageTitle":"Merge pull request #49 from EthanYidong/EthanYidong-RenameApp","messageBody":"Rename App","fileTypesAndContributionMap":{}}]},{"date":"2023-03-16","commitResults":[{"hash":"2f395aa296d1f8020114424da8e3c74642f11274","isMergeCommit":false,"messageTitle":"Implement RecipeDetailCommand","messageBody":"","fileTypesAndContributionMap":{"functional-code":{"insertions":114,"deletions":0}}},{"hash":"ec986e65eca9a15d2510de44a52dc4b90e75532b","isMergeCommit":true,"messageTitle":"Merge branch \u0027master\u0027 of https://github.com/AY2223S2-CS2113T-T09-3/tp into yiDa-AddRecipeDetail","messageBody":"# Conflicts:\n#\tsrc/main/java/seedu/mealcompanion/MealCompanionSession.java\n#\tsrc/main/java/seedu/mealcompanion/command/misc/RecipeDetailCommand.java\n","fileTypesAndContributionMap":{}}]},{"date":"2023-03-22","commitResults":[{"hash":"b938895e63a580893e263aa0d81dd676b2af419b","isMergeCommit":false,"messageTitle":"Add RecipeRandomCommand","messageBody":"","fileTypesAndContributionMap":{"functional-code":{"insertions":49,"deletions":0}}},{"hash":"15589391cde67b47fc4260e46ad3b40b5ba970d2","isMergeCommit":false,"messageTitle":"Add RecipeRandomCommandFactory","messageBody":"","fileTypesAndContributionMap":{"functional-code":{"insertions":14,"deletions":0}}},{"hash":"b5279619e857878333bcbf5e82c5f269a871ab81","isMergeCommit":false,"messageTitle":"Implement Recipe Random command","messageBody":"","fileTypesAndContributionMap":{"functional-code":{"insertions":9,"deletions":3}}},{"hash":"b58709b19955c6700f8855a9a2e24d0e13f62b7e","isMergeCommit":false,"messageTitle":"Make RecipeRandomCommand more defensive","messageBody":"","fileTypesAndContributionMap":{"functional-code":{"insertions":3,"deletions":1}}},{"hash":"381b6e98b65f4b933b79fec71802efbe3a5690ed","isMergeCommit":false,"messageTitle":"Make RecipeRandom Command more defensive","messageBody":"","fileTypesAndContributionMap":{"functional-code":{"insertions":43,"deletions":29}}},{"hash":"9d010ac07bfd484b5ea0e51f17cb9c50e98be2ef","isMergeCommit":false,"messageTitle":"Fix bug","messageBody":"","fileTypesAndContributionMap":{"functional-code":{"insertions":2,"deletions":5}}},{"hash":"ca8aa7e080c6395e86fc91944b0b2fa7de28ea38","isMergeCommit":false,"messageTitle":"Add JavaDocs for RecipeRandomCommand and RecipeRandomCommandFactory","messageBody":"","fileTypesAndContributionMap":{"functional-code":{"insertions":15,"deletions":0}}},{"hash":"91c1ef0228e23b9ef642fe4ec668b6d140de91ac","isMergeCommit":true,"messageTitle":"Merge pull request #64 from EthanYidong/EthanYidong-dg","messageBody":"Add details about routing to developer guide","fileTypesAndContributionMap":{}},{"hash":"68bc3beb228a8310117cb3cc1a3379a6fe9d6f1a","isMergeCommit":false,"messageTitle":"Checkstyle fix","messageBody":"","fileTypesAndContributionMap":{"functional-code":{"insertions":1,"deletions":1}}},{"hash":"a208ad7a4a4dbdd6f0d3156cc4c965e39e79e845","isMergeCommit":false,"messageTitle":"Add Skeleton format for DG","messageBody":"","fileTypesAndContributionMap":{"docs":{"insertions":46,"deletions":21}}}]},{"date":"2023-03-23","commitResults":[{"hash":"4ad73dddf2d609ac77bf694f2b626e8b9eb18515","isMergeCommit":false,"messageTitle":"Update DG with recipe-related commands","messageBody":"","fileTypesAndContributionMap":{"docs":{"insertions":142,"deletions":0}}},{"hash":"2889418e611a2bb608e1a660e324b8121cd0efbd","isMergeCommit":false,"messageTitle":"Add Recipe class diagram to DG","messageBody":"","fileTypesAndContributionMap":{"docs":{"insertions":50,"deletions":0}}},{"hash":"f8c7787eb02fc544ffa7c83342caa97131c5611e","isMergeCommit":false,"messageTitle":"Update content page of DG","messageBody":"","fileTypesAndContributionMap":{"docs":{"insertions":12,"deletions":0}}},{"hash":"77c98840c0014d24eb4970f6ab7c8b0159ca5216","isMergeCommit":false,"messageTitle":"Make RecipeDetailCommand more defensive","messageBody":"","fileTypesAndContributionMap":{"functional-code":{"insertions":50,"deletions":24}}},{"hash":"4c613fedcf9b2fc490fc7aa9793f0b8f4b20a2cf","isMergeCommit":false,"messageTitle":"Fix bug - missing argument for recipe detail command","messageBody":"","fileTypesAndContributionMap":{"functional-code":{"insertions":6,"deletions":1}}},{"hash":"d77d53511cfd5e82d63d786a161006d6fe5cceba","isMergeCommit":false,"messageTitle":"Add JavaDoc","messageBody":"","fileTypesAndContributionMap":{"functional-code":{"insertions":15,"deletions":0}}},{"hash":"e5722df27ff9a178c65d10cecddfa6a721a8d70d","isMergeCommit":true,"messageTitle":"Merge pull request #62 from TJW0911/V2.0","messageBody":"Implemented removing the ingredients needed to make a specified recipe from inventory","fileTypesAndContributionMap":{}},{"hash":"0b5b374bbc7498250d3b4dedbb2a40d827fbdc00","isMergeCommit":true,"messageTitle":"Merge pull request #65 from EthanYidong/EthanYidong-cookingTime","messageBody":"Implement showing cook and prep time for recipes","fileTypesAndContributionMap":{}},{"hash":"6b4f5cb7cb22ead9b64bc0b7bb2ac2c1d599513e","isMergeCommit":true,"messageTitle":"Merge branch \u0027master\u0027 into yiDa-AddRecipeRandom","messageBody":"","fileTypesAndContributionMap":{}},{"hash":"f4e586f1cf5765b6917ee78a413b8fa70670fb96","isMergeCommit":true,"messageTitle":"Merge branch \u0027master\u0027 into yiDa-AddDG","messageBody":"","fileTypesAndContributionMap":{}},{"hash":"79b63f4dc58a0bd9ea1aeacc908319a60a854d88","isMergeCommit":true,"messageTitle":"Merge branch \u0027master\u0027 into yiDa-UpdateRecipeDetail","messageBody":"","fileTypesAndContributionMap":{}}]},{"date":"2023-03-28","commitResults":[{"hash":"4328e441b5e887eb83086c22a21e7034b6230a50","isMergeCommit":false,"messageTitle":"Update indexing in RecipePossibleCommand","messageBody":"","fileTypesAndContributionMap":{"functional-code":{"insertions":1,"deletions":1}}},{"hash":"e65db469c622ccc4cb573767f954434dcde1b6b5","isMergeCommit":false,"messageTitle":"Add authorship","messageBody":"","fileTypesAndContributionMap":{"functional-code":{"insertions":12,"deletions":0}}},{"hash":"25f14a955f72a912c3bbbbf1312eb55016dc345b","isMergeCommit":false,"messageTitle":"Refactored printing of recipe","messageBody":"","fileTypesAndContributionMap":{"functional-code":{"insertions":43,"deletions":76}}},{"hash":"19382e434f5ea169c3e19842f085365894c5a6e6","isMergeCommit":true,"messageTitle":"Merge pull request #78 from TJW0911/HelpMessages","messageBody":"Extended Help Messages","fileTypesAndContributionMap":{}},{"hash":"1e6a7d1d07c39b238bf134be70413e22666e5159","isMergeCommit":true,"messageTitle":"Merge pull request #79 from jingyaaa/AlmostRecipe","messageBody":"Implement almost recipe command","fileTypesAndContributionMap":{}},{"hash":"4529053d0f983456aafee942643747e4b922ad02","isMergeCommit":true,"messageTitle":"Merge commit \u00271e6a7d1d07c39b238bf134be70413e22666e5159\u0027 into yiDa-Wk11","messageBody":"","fileTypesAndContributionMap":{}},{"hash":"d27fc92838714bccc3f7bce3845f7d6c299ef150","isMergeCommit":false,"messageTitle":"Refactor code","messageBody":"","fileTypesAndContributionMap":{"functional-code":{"insertions":73,"deletions":104}}},{"hash":"4c1f2d29998926433d799e41b50561e9d6785024","isMergeCommit":false,"messageTitle":"Update inheritance of recipe-related classes","messageBody":"","fileTypesAndContributionMap":{"functional-code":{"insertions":5,"deletions":5}}},{"hash":"35ce000cd34bb0e3125c7e1eb485ba3d7aecabad","isMergeCommit":false,"messageTitle":"Refactor code","messageBody":"","fileTypesAndContributionMap":{"functional-code":{"insertions":15,"deletions":14},"other":{"insertions":11,"deletions":25},"test-code":{"insertions":7,"deletions":0}}},{"hash":"e5f7ba247c8c4815d5c5fac56044371e6d79043a","isMergeCommit":false,"messageTitle":"Add output to let user know if no recipe is possible","messageBody":"","fileTypesAndContributionMap":{"functional-code":{"insertions":35,"deletions":10}}},{"hash":"9ee0019206c31c6ed7973ec1978b52b7aa71c428","isMergeCommit":false,"messageTitle":"Add output to let user know if no recipe is available","messageBody":"","fileTypesAndContributionMap":{"functional-code":{"insertions":4,"deletions":0}}}]},{"date":"2023-03-29","commitResults":[{"hash":"75430b0aee6057e4b0033a2cbb02e50c3331284a","isMergeCommit":false,"messageTitle":"Add JUnit tests","messageBody":"","fileTypesAndContributionMap":{"functional-code":{"insertions":2,"deletions":2},"test-code":{"insertions":71,"deletions":80}}},{"hash":"17565d5f18a8e157d08e597fd7cb56a0c43c70e5","isMergeCommit":false,"messageTitle":"Add test for findIndex","messageBody":"","fileTypesAndContributionMap":{"functional-code":{"insertions":1,"deletions":1},"test-code":{"insertions":28,"deletions":1}}},{"hash":"444ffe869933c2ba322fb591b90287bf66675aa3","isMergeCommit":false,"messageTitle":"Checkstyle fix","messageBody":"","fileTypesAndContributionMap":{"functional-code":{"insertions":5,"deletions":20},"test-code":{"insertions":3,"deletions":3}}},{"hash":"73b34b997c9386fa2f489ece43ef72f69bd858b7","isMergeCommit":false,"messageTitle":"Update UserGuide.md","messageBody":"","fileTypesAndContributionMap":{"docs":{"insertions":9,"deletions":0}}}]}]},"authorFileTypeContributionMap":{"TJW0911":{"docs":158,"functional-code":547,"test-code":146},"jingyaaa":{"docs":123,"functional-code":425,"test-code":114,"other":1},"aaronxujiachen":{"docs":7,"functional-code":19,"test-code":0},"EthanYidong":{"docs":173,"functional-code":1012,"test-code":173,"other":6},"Jjzeng123":{"docs":340,"functional-code":261,"test-code":8,"other":673},"ngyida":{"docs":253,"functional-code":528,"test-code":188}},"authorContributionVariance":{"TJW0911":4554.0405,"jingyaaa":2547.614,"aaronxujiachen":86.28085,"EthanYidong":55701.52,"Jjzeng123":12973.333,"ngyida":11356.665},"authorDisplayNameMap":{"TJW0911":"CS2113T-T09-3 TAN .. WEI","jingyaaa":"CS2113T-T09-3 LIN ..G YA","aaronxujiachen":"CS2113T-T09-3 XU J..CHEN","EthanYidong":"CS2113T-T09-3 TANG..DONG","Jjzeng123":"CS2113T-T09-3 ZENG..CKIE","ngyida":"CS2113T-T09-3 NG Y..I DA"}}
