{"authorDailyContributionsMap":{"Mnsd05":[{"date":"2023-03-03","commitResults":[{"hash":"507ba3888c94783d3a784c926d1def7ecd2fab74","isMergeCommit":false,"messageTitle":"Add Nguyen Duc Thang readme file","messageBody":"","fileTypesAndContributionMap":{"docs":{"insertions":3,"deletions":2}}},{"hash":"f400050a667104fa86b665ef6966c2e930b55694","isMergeCommit":false,"messageTitle":"Add Readme file for Nguyen Duc Thang","messageBody":"","fileTypesAndContributionMap":{"docs":{"insertions":1,"deletions":1}}},{"hash":"e0444ebace578326a8cdd7046fcb10c4fe221721","isMergeCommit":true,"messageTitle":"Resolve conflict for Nguyen Duc Thang Readme","messageBody":"","fileTypesAndContributionMap":{}},{"hash":"436a89b89fb9f206e77b501395a006b2d23cda25","isMergeCommit":true,"messageTitle":"Merge pull request #3 from Mnsd05/Nguyen_Duc_Thang-AboutUs","messageBody":"Nguyen duc thang about us","fileTypesAndContributionMap":{}}]},{"date":"2023-03-08","commitResults":[{"hash":"f12926106b91c8ab23fa5c231906ec5b80e6aa53","isMergeCommit":false,"messageTitle":"Add some classes to execute different commands and add parser","messageBody":"","fileTypesAndContributionMap":{"functional-code":{"insertions":258,"deletions":0}}}]},{"date":"2023-03-09","commitResults":[{"hash":"5816d0ce87bc4f6023de575291d71936395b0839","isMergeCommit":false,"messageTitle":"Handle exceptions and add java doc","messageBody":"","fileTypesAndContributionMap":{"functional-code":{"insertions":180,"deletions":44}}},{"hash":"478019dc17177b8ae706ecbc964ca8f4e9d3cb60","isMergeCommit":false,"messageTitle":"Fix bug for delete in parser","messageBody":"","fileTypesAndContributionMap":{"functional-code":{"insertions":17,"deletions":18}}},{"hash":"bb91daebbdbaa7915c1b4636bd907aefa484427c","isMergeCommit":false,"messageTitle":"Improve coding standard","messageBody":"","fileTypesAndContributionMap":{"functional-code":{"insertions":11,"deletions":8}}},{"hash":"baca562c14abfeb74e54d456405d9af8bf7777da","isMergeCommit":false,"messageTitle":"Delete unused import","messageBody":"","fileTypesAndContributionMap":{"functional-code":{"insertions":0,"deletions":1}}},{"hash":"8af2ea736087309365b49945007dca584faa13bb","isMergeCommit":true,"messageTitle":"Merge pull request #9 from Mnsd05/branch-Parser","messageBody":"Branch parser","fileTypesAndContributionMap":{}}]},{"date":"2023-03-10","commitResults":[{"hash":"c9e2dd3c761eb1e11c6bad50aebe376fc46a6fa8","isMergeCommit":true,"messageTitle":"Merge remote-tracking branch \u0027upstream/master\u0027","messageBody":"","fileTypesAndContributionMap":{}},{"hash":"f08662832a249849e1107804152423ff7ddcff01","isMergeCommit":false,"messageTitle":"Add Junit test for three commands","messageBody":"","fileTypesAndContributionMap":{"test-code":{"insertions":121,"deletions":0}}},{"hash":"1652ce7b3cf1730abc66c073cdfa1397ed1b7759","isMergeCommit":true,"messageTitle":"Merge pull request #16 from Mnsd05/branch-test","messageBody":"Branch test","fileTypesAndContributionMap":{}}]}],"Toh-HongFeng":[{"date":"2023-03-02","commitResults":[{"hash":"bfdc40205c6098d81b3b13d688763334f75a9541","isMergeCommit":false,"messageTitle":"add tohhongfeng.md","messageBody":"","fileTypesAndContributionMap":{"docs":{"insertions":8,"deletions":7}}},{"hash":"a383c40d4a48e3b7f4ee2a6c03db3ac14a29745b","isMergeCommit":true,"messageTitle":"Merge branch \u0027master\u0027 into tohHongFeng-AboutUs","messageBody":"","fileTypesAndContributionMap":{}}]},{"date":"2023-03-03","commitResults":[{"hash":"a25c056615947cd55de255b202e055163be617f5","isMergeCommit":true,"messageTitle":"Merge pull request #2 from Toh-HongFeng/tohHongFeng-AboutUs","messageBody":"add tohhongfeng.md","fileTypesAndContributionMap":{}}]},{"date":"2023-03-06","commitResults":[{"hash":"8cca72174354b82461b6b35b0548b65b22c961cb","isMergeCommit":false,"messageTitle":"add skeletal Storage class","messageBody":"","fileTypesAndContributionMap":{"functional-code":{"insertions":89,"deletions":0}}}]},{"date":"2023-03-07","commitResults":[{"hash":"7a5f23a2ef264a63f626f292bb30da52890104c1","isMergeCommit":false,"messageTitle":"fix code quality for storage","messageBody":"","fileTypesAndContributionMap":{"functional-code":{"insertions":3,"deletions":2}}},{"hash":"9255d9572b496b3e1d0903f2b18580a7f045e760","isMergeCommit":true,"messageTitle":"Merge pull request #7 from Toh-HongFeng/master","messageBody":"fix code quality for storage","fileTypesAndContributionMap":{}}]},{"date":"2023-03-09","commitResults":[{"hash":"318dcc08d059c441769a94a83e69e6ea19293444","isMergeCommit":false,"messageTitle":"update storage.java","messageBody":"","fileTypesAndContributionMap":{"functional-code":{"insertions":4,"deletions":1}}},{"hash":"496e7ada1eff40277030c0581d9b9c0b1a58cc26","isMergeCommit":true,"messageTitle":"Merge pull request #11 from Toh-HongFeng/storage","messageBody":"update storage.java","fileTypesAndContributionMap":{}},{"hash":"a3cdca43b909e1888e3fcadcee0f327d97964695","isMergeCommit":false,"messageTitle":"add JUnit tests for Storage.java","messageBody":"","fileTypesAndContributionMap":{"functional-code":{"insertions":24,"deletions":14},"test-code":{"insertions":72,"deletions":0}}},{"hash":"1515dbb10aeeb93cd0b15bfe02fd0467bc63e533","isMergeCommit":true,"messageTitle":"Merge pull request #12 from Toh-HongFeng/storage","messageBody":"add JUnit tests for Storage.java","fileTypesAndContributionMap":{}},{"hash":"71f7338a34437811225d2fd3137f76232b2279bb","isMergeCommit":true,"messageTitle":"resolve merge conflict for PR#8","messageBody":"","fileTypesAndContributionMap":{}}]},{"date":"2023-03-10","commitResults":[{"hash":"67f6d7cc653a56e7045e9722f99004b2566c87a7","isMergeCommit":true,"messageTitle":"Merge pull request #14 from Toh-HongFeng/mingyuannus-master","messageBody":"Resolve merge conflict for PR#8 by mingyuannus","fileTypesAndContributionMap":{}}]}],"mingyuannus":[{"date":"2023-03-07","commitResults":[{"hash":"a985b4a3fdb774ccfc99dcb6cb69dd68a4328bf0","isMergeCommit":false,"messageTitle":"Implement Command and Ui classes and rename Duke to Moneymind","messageBody":"","fileTypesAndContributionMap":{"functional-code":{"insertions":140,"deletions":21},"other":{"insertions":7,"deletions":7}}},{"hash":"eee42ea69a91a52a98b7db71ed6dd5d7640b74c8","isMergeCommit":false,"messageTitle":"Fix indentation issues","messageBody":"","fileTypesAndContributionMap":{"functional-code":{"insertions":18,"deletions":14}}},{"hash":"38bb2839ddfcf190c754846abbf2428aa56c96ce","isMergeCommit":false,"messageTitle":"Replace logo with a placeholder as the special characters are causing tests to fail","messageBody":"","fileTypesAndContributionMap":{"functional-code":{"insertions":2,"deletions":7}}}]},{"date":"2023-03-09","commitResults":[{"hash":"d28575435d280c736bdb7bcb701e2b6d4bad697e","isMergeCommit":false,"messageTitle":"Resolve merge conflict","messageBody":"","fileTypesAndContributionMap":{"functional-code":{"insertions":19,"deletions":16}}}]}],"alexgoexercise":[{"date":"2023-03-02","commitResults":[{"hash":"6fcc6fb36066d94c67e6b4d2bf82601912472b3f","isMergeCommit":false,"messageTitle":"Edit the about us file","messageBody":"","fileTypesAndContributionMap":{"docs":{"insertions":7,"deletions":7}}},{"hash":"b071768ebf33c7cb28ffa28646d0a9e4347abcb8","isMergeCommit":false,"messageTitle":"Revert \"Edit the about us file\"","messageBody":"This reverts commit 6fcc6fb36066d94c67e6b4d2bf82601912472b3f.\n","fileTypesAndContributionMap":{"docs":{"insertions":7,"deletions":7}}},{"hash":"72810b4628cffc9770389fa3ca6a5835f4f72dcc","isMergeCommit":false,"messageTitle":"Edit the aboutus file","messageBody":"","fileTypesAndContributionMap":{"docs":{"insertions":0,"deletions":0}}},{"hash":"d6c6598f3c071fb1fb7b28b74dabb46fbcd959cc","isMergeCommit":false,"messageTitle":"Edit the about us file","messageBody":"","fileTypesAndContributionMap":{"docs":{"insertions":7,"deletions":7}}},{"hash":"08c9ae3fa39c7157352b3a980601e5b4a37e4f83","isMergeCommit":true,"messageTitle":"Merge pull request #1 from alexgoexercise/About-Us","messageBody":"About us","fileTypesAndContributionMap":{}}]},{"date":"2023-03-04","commitResults":[{"hash":"ee06ffc3bbb94f180382b397ffed7c8b1302bd1c","isMergeCommit":false,"messageTitle":"Add three different new classes","messageBody":"","fileTypesAndContributionMap":{"functional-code":{"insertions":273,"deletions":0}}},{"hash":"891efb37ac61b923512d1dd2aed144cc83096b8b","isMergeCommit":false,"messageTitle":"Make sure the codes end with a new line","messageBody":"","fileTypesAndContributionMap":{"functional-code":{"insertions":3,"deletions":3}}},{"hash":"1b6dde039dc9fedd2950294d7eecfdca54fc2c31","isMergeCommit":false,"messageTitle":"Change the ordering of defining variables","messageBody":"","fileTypesAndContributionMap":{"functional-code":{"insertions":2,"deletions":2}}},{"hash":"9239ffc6f253007b1db87c172c2d9615885f09ec","isMergeCommit":true,"messageTitle":"Merge pull request #5 from alexgoexercise/BuildingClasses","messageBody":"Add three different new classes","fileTypesAndContributionMap":{}}]}]},"authorFileTypeContributionMap":{"Mnsd05":{"docs":3,"functional-code":388,"test-code":121},"Toh-HongFeng":{"docs":8,"functional-code":107,"test-code":72},"mingyuannus":{"docs":0,"functional-code":145,"test-code":1,"other":2},"alexgoexercise":{"docs":5,"functional-code":270,"test-code":0}},"authorContributionVariance":{"Mnsd05":6317.9033,"Toh-HongFeng":868.87604,"mingyuannus":2046.2418,"alexgoexercise":3502.3577},"authorDisplayNameMap":{"Mnsd05":"CS2113-T15-3 NGUY..HANG","Toh-HongFeng":"CS2113-T15-3 TOH ..FENG","mingyuannus":"CS2113-T15-3 LI M..YUAN","alexgoexercise":"CS2113-T15-3 ZHAO..IUQI"}}
