{"authorDailyContributionsMap":{"lihka1202":[{"date":"2023-03-12","commitResults":[{"hash":"3a44fd362bc7d3341bd58a4b9bb0761767500fa5","isMergeCommit":true,"messageTitle":"Merge pull request #7 from JangusRoundstone/master","messageBody":"Parser and Command - William","fileTypesAndContributionMap":{}}]},{"date":"2023-03-13","commitResults":[{"hash":"c9388ca70c07bd37e88ee311aeb368056be54898","isMergeCommit":false,"messageTitle":" Added Exceptions","messageBody":"","fileTypesAndContributionMap":{"functional-code":{"insertions":121,"deletions":7}}}]},{"date":"2023-03-15","commitResults":[{"hash":"4172c05f8bc0bad54f0de00e42f01f2415c18ac5","isMergeCommit":true,"messageTitle":"Merge pull request #11 from ltzehan/refactor","messageBody":"Refactor","fileTypesAndContributionMap":{}}]},{"date":"2023-03-16","commitResults":[{"hash":"63b9084e0f363b5c63528ab5cf770f7f0416401e","isMergeCommit":false,"messageTitle":"refactor: refactored exceptions into InkaExceptions","messageBody":"","fileTypesAndContributionMap":{"functional-code":{"insertions":53,"deletions":78}}}]},{"date":"2023-03-17","commitResults":[{"hash":"e5aa3decb6149ee3c0357783bab897509faa9e31","isMergeCommit":true,"messageTitle":"Merge pull request #38 from mitchmalvin1/v2.0","messageBody":"Add UUID for cards, basic assertion and logging for Parser and JsonStorage","fileTypesAndContributionMap":{}}]},{"date":"2023-03-24","commitResults":[{"hash":"d9167a45a3abf23dae6f3b3bf988add96a771c18","isMergeCommit":true,"messageTitle":"Merge pull request #47 from iantenkai/fixExport","messageBody":"Add hidden savefile backup and automatic export","fileTypesAndContributionMap":{}}]},{"date":"2023-03-26","commitResults":[{"hash":"a7edeae441e41465d1d30cacaae572ef2fdc09b3","isMergeCommit":true,"messageTitle":"Merge pull request #55 from JangusRoundstone/master","messageBody":"Skeleton for developer guide","fileTypesAndContributionMap":{}}]},{"date":"2023-03-27","commitResults":[{"hash":"2b2dd10f0089f2e2d4a76465d81e6b666d42d5aa","isMergeCommit":false,"messageTitle":"feat: added Deck","messageBody":"","fileTypesAndContributionMap":{"functional-code":{"insertions":738,"deletions":27}}},{"hash":"5eff7d2d19d0774779350261089ea265e4f3749d","isMergeCommit":false,"messageTitle":"fixed: tests","messageBody":"","fileTypesAndContributionMap":{"test-code":{"insertions":15,"deletions":9}}}]},{"date":"2023-03-28","commitResults":[{"hash":"7bb2f780e0e318df3ace6c98ae444349f7d2eedd","isMergeCommit":false,"messageTitle":"feat: Added Card and Tag removal from Deck","messageBody":"","fileTypesAndContributionMap":{"functional-code":{"insertions":147,"deletions":5}}},{"hash":"f691d58049b4120bbe451ee172c5fbd98fb6747b","isMergeCommit":false,"messageTitle":"fix: fixed naming standards","messageBody":"","fileTypesAndContributionMap":{"functional-code":{"insertions":2,"deletions":2}}}]},{"date":"2023-03-29","commitResults":[{"hash":"842d596639a5c0621be457ac7ed5c2b092c7a730","isMergeCommit":false,"messageTitle":"fix: enabled assertions in gradle and indicated optional flags","messageBody":"","fileTypesAndContributionMap":{"functional-code":{"insertions":5,"deletions":5},"other":{"insertions":1,"deletions":0}}},{"hash":"776fd1b1aa97ca0eea3de1c8473f53142b206d52","isMergeCommit":false,"messageTitle":"fix: cards and tags deduplication for issues #74, #75, #76","messageBody":"","fileTypesAndContributionMap":{"functional-code":{"insertions":55,"deletions":0}}},{"hash":"d812969b5cf5c1267130c8931110096a535d65f0","isMergeCommit":false,"messageTitle":"fix: Comment Removed","messageBody":"","fileTypesAndContributionMap":{"functional-code":{"insertions":0,"deletions":1}}},{"hash":"693132b5dbed87855ddec399c7bda9ec9ee388c2","isMergeCommit":false,"messageTitle":"fix: #69, #59, Naming Conventions","messageBody":"","fileTypesAndContributionMap":{"functional-code":{"insertions":74,"deletions":20}}},{"hash":"edab2bc2b42c131e9ab63358f987ffae5538ebed","isMergeCommit":false,"messageTitle":"fix: Tag properly deleted from TagList","messageBody":"","fileTypesAndContributionMap":{"functional-code":{"insertions":3,"deletions":2}}}]},{"date":"2023-03-30","commitResults":[{"hash":"b4dd80c899d9b7e5c4ed22f270072ab1fb4969e9","isMergeCommit":true,"messageTitle":"Merge pull request #70 from lihka1202/master","messageBody":"feat: Added Card and Tag removal from Deck","fileTypesAndContributionMap":{}}]},{"date":"2023-03-31","commitResults":[{"hash":"f6893c9da99b8bc7f2352c9b3ec34b4930fa5448","isMergeCommit":true,"messageTitle":"Merge pull request #84 from AY2223S2-CS2113-F10-1/iantenkai-UG-update","messageBody":"Add Inka portability instructions","fileTypesAndContributionMap":{}},{"hash":"f6921185a708fda974ed105c19ab7f080671a0ea","isMergeCommit":false,"messageTitle":"feat: Added Deck under the Help Command","messageBody":"","fileTypesAndContributionMap":{"functional-code":{"insertions":2,"deletions":1}}},{"hash":"6456dfc9dd64d3ab6e379d7f6c22caba91b8c05f","isMergeCommit":false,"messageTitle":"feat : added in Command Summary","messageBody":"Command Summary added.","fileTypesAndContributionMap":{"docs":{"insertions":27,"deletions":1}}},{"hash":"0a8a266c05f67360019e92f4f71404e6b4e59516","isMergeCommit":true,"messageTitle":"Merge branch \u0027AY2223S2-CS2113-F10-1:master\u0027 into master","messageBody":"","fileTypesAndContributionMap":{}}]}],"JangusRoundstone":[{"date":"2023-03-11","commitResults":[{"hash":"fc80a14c7cb780b89499e737b0ca62ff74001f86","isMergeCommit":false,"messageTitle":"refactor Card and CardList class and update UserInterface class","messageBody":"","fileTypesAndContributionMap":{"functional-code":{"insertions":62,"deletions":13},"other":{"insertions":5,"deletions":3}}}]},{"date":"2023-03-12","commitResults":[{"hash":"fca4abf85a1d62cc54a8d6e3f547c431d7de056c","isMergeCommit":false,"messageTitle":"create Command class and write code for delete, add, list and bye in Parser","messageBody":"","fileTypesAndContributionMap":{"functional-code":{"insertions":172,"deletions":39}}}]},{"date":"2023-03-24","commitResults":[{"hash":"1a172f9c370d9881e5c4a9170388e6a2322fb99d","isMergeCommit":false,"messageTitle":"Update DeveloperGuide.md","messageBody":"Initial skeleton for developer guide","fileTypesAndContributionMap":{"docs":{"insertions":38,"deletions":17}}},{"hash":"8675fa2f707c1354fc690e1bb7f8bf616e957741","isMergeCommit":true,"messageTitle":"Merge branch \u0027AY2223S2-CS2113-F10-1:master\u0027 into master","messageBody":"","fileTypesAndContributionMap":{}},{"hash":"846a832290e926b1daa1f815b867f54b3873bb40","isMergeCommit":false,"messageTitle":"Updated developer guide skeleton","messageBody":"Updated to include fill-ins for progress made until v2.0","fileTypesAndContributionMap":{"docs":{"insertions":87,"deletions":0}}}]},{"date":"2023-03-28","commitResults":[{"hash":"585b603824e90c1134b5280c02cb3ea3c420ba62","isMergeCommit":true,"messageTitle":"Merge pull request #68 from lihka1202/master","messageBody":"feat: added Deck","fileTypesAndContributionMap":{}}]},{"date":"2023-03-30","commitResults":[{"hash":"967e75fd6be8c2ae8bc819d1f399191e5caf6234","isMergeCommit":false,"messageTitle":"Update Parser Component of DG","messageBody":"This version has no diagram.","fileTypesAndContributionMap":{"docs":{"insertions":11,"deletions":3}}},{"hash":"b1bc0ac95fbc6e2e068affe2e832c71cf666d5e6","isMergeCommit":true,"messageTitle":"Merge pull request #81 from iantenkai/saveloaduuid","messageBody":"changed save and load methods to accomodate UUID object","fileTypesAndContributionMap":{}},{"hash":"7da742529079fa11d33197e6ce3c0ffefd22f321","isMergeCommit":true,"messageTitle":"Merge pull request #79 from ltzehan/feat/card-unification","messageBody":"feat: unified interface for card","fileTypesAndContributionMap":{}}]},{"date":"2023-03-31","commitResults":[{"hash":"8d7738b3b12a8bd188d8de424a45215f7a941b5e","isMergeCommit":false,"messageTitle":"Update UserGuide","messageBody":"Added in tag","fileTypesAndContributionMap":{"docs":{"insertions":60,"deletions":1}}},{"hash":"0d8fc2c3f40f49ce7a9e80c97e704be2c9dbe623","isMergeCommit":true,"messageTitle":"Merge pull request #88 from iantenkai/updateUG","messageBody":"add user guide FAQ","fileTypesAndContributionMap":{}},{"hash":"402ef05b290a9b31dd159d6cc0caf1141f4f458c","isMergeCommit":true,"messageTitle":"Merge pull request #95 from iantenkai/testStorage","messageBody":"Test storage","fileTypesAndContributionMap":{}},{"hash":"855cf6ef49f2e77c3a9a13162cc6352fa67ef35e","isMergeCommit":false,"messageTitle":"Add in improvements for UI user prompt","messageBody":"","fileTypesAndContributionMap":{"functional-code":{"insertions":16,"deletions":0}}}]}],"iantenkai":[{"date":"2023-03-13","commitResults":[{"hash":"87eac86c0ce26a0936443d9927cfc6f64d5b4f05","isMergeCommit":true,"messageTitle":"Merge pull request #8 from lihka1202/master","messageBody":" Added Exceptions","fileTypesAndContributionMap":{}}]},{"date":"2023-03-14","commitResults":[{"hash":"1b9dd2b5508de2b762a062efa49df33f1c14c8ee","isMergeCommit":false,"messageTitle":"added utility to export and import decks as json file","messageBody":"","fileTypesAndContributionMap":{"functional-code":{"insertions":576,"deletions":21},"other":{"insertions":3,"deletions":1},"test-code":{"insertions":23,"deletions":0}}},{"hash":"6f729c301b5d673b8efe77c1361a69f11454a5fe","isMergeCommit":true,"messageTitle":"Merge branch \u0027master\u0027 into exportimport","messageBody":"","fileTypesAndContributionMap":{}}]},{"date":"2023-03-22","commitResults":[{"hash":"322a2131b4fd9af704bb1c1972e2cab299b57a8c","isMergeCommit":true,"messageTitle":"Merge pull request #45 from ltzehan/feat/apache-cli","messageBody":"Using CLI library","fileTypesAndContributionMap":{}},{"hash":"4baa467719378e04dccc1b51d2de4f7548bc83b0","isMergeCommit":false,"messageTitle":"save data upon exit","messageBody":"","fileTypesAndContributionMap":{"functional-code":{"insertions":1,"deletions":0}}},{"hash":"a6a1ac2fdf67e7585a858eca05a84afc31749df9","isMergeCommit":false,"messageTitle":"make a hidden backup file","messageBody":"","fileTypesAndContributionMap":{"functional-code":{"insertions":30,"deletions":11}}},{"hash":"58cf40c49da3d581b38ba9a43cc80d70cae81e15","isMergeCommit":false,"messageTitle":"try to add feature to load backup if corrupt","messageBody":"","fileTypesAndContributionMap":{"functional-code":{"insertions":28,"deletions":6}}},{"hash":"a81f779d5bca5472c68894d474d4c900927470c6","isMergeCommit":false,"messageTitle":"add redundancy to load a hidden backup savedata file if the original file is corrupt","messageBody":"","fileTypesAndContributionMap":{"functional-code":{"insertions":6,"deletions":0}}},{"hash":"eb841fc14eccd24e544ce591b3d7a2da608565b2","isMergeCommit":false,"messageTitle":"added pull request simplifier","messageBody":"","fileTypesAndContributionMap":{"functional-code":{"insertions":161,"deletions":1}}}]},{"date":"2023-03-24","commitResults":[{"hash":"a31a92422a93c3c4fcc0c9a9452779c2445bec19","isMergeCommit":false,"messageTitle":"fix checkstyle","messageBody":"","fileTypesAndContributionMap":{"functional-code":{"insertions":1,"deletions":3}}},{"hash":"9c3baace4c7005986e20fb2450f022da9b9cad1d","isMergeCommit":false,"messageTitle":"fix more checkstyle","messageBody":"","fileTypesAndContributionMap":{"functional-code":{"insertions":13,"deletions":12}}}]},{"date":"2023-03-30","commitResults":[{"hash":"399a161d14efc5a64aff9646a74fa6707ee5eb0b","isMergeCommit":false,"messageTitle":"changed save and load methods to accomodate TagUUID, DeckUUID and cardUUID objects","messageBody":"","fileTypesAndContributionMap":{"functional-code":{"insertions":56,"deletions":13}}},{"hash":"827fec101867fdab3f0f9c69f65c5b22e996f4f6","isMergeCommit":false,"messageTitle":"fixed checkstyle errors","messageBody":"","fileTypesAndContributionMap":{"functional-code":{"insertions":80,"deletions":7}}}]},{"date":"2023-03-31","commitResults":[{"hash":"5273d42abb6625dba5af1d90b4697cad09b15958","isMergeCommit":false,"messageTitle":"added saving and loading decklist","messageBody":"","fileTypesAndContributionMap":{"functional-code":{"insertions":171,"deletions":48},"test-code":{"insertions":3,"deletions":2}}},{"hash":"fb187051f53fe44a6641f93ffa2ce016a0b4d4c9","isMergeCommit":false,"messageTitle":"fix checkstyle","messageBody":"","fileTypesAndContributionMap":{"functional-code":{"insertions":12,"deletions":2}}},{"hash":"3feae9eebb34b3ba4a09c3352e95d9230199d4ac","isMergeCommit":false,"messageTitle":"fix checkstyle","messageBody":"","fileTypesAndContributionMap":{"test-code":{"insertions":0,"deletions":2}}},{"hash":"9b896ff6652c7477c5d5cfcf72dfef7b6e495a90","isMergeCommit":false,"messageTitle":"Add Inka portability instructions","messageBody":"","fileTypesAndContributionMap":{"docs":{"insertions":8,"deletions":1}}},{"hash":"0594c2080c17d53d7b236cedcfcebc1be03c1d8c","isMergeCommit":false,"messageTitle":"add user guide FAQ","messageBody":"","fileTypesAndContributionMap":{"docs":{"insertions":11,"deletions":2}}},{"hash":"bf440547cea824be0d3e0e89ddd0bd51f33ce877","isMergeCommit":true,"messageTitle":"Merge branch \u0027master\u0027 into updateUG","messageBody":"","fileTypesAndContributionMap":{}},{"hash":"7a43df6b489bf6f6b13ef257c5082725f0601d38","isMergeCommit":true,"messageTitle":"Merge branch \u0027saveDeck\u0027 into updateUG","messageBody":"","fileTypesAndContributionMap":{}},{"hash":"4c9708f8c3fa4085018ef4e1ecfae94858f727c4","isMergeCommit":true,"messageTitle":"Merge remote-tracking branch \u0027origin/updateUG\u0027 into updateUG","messageBody":"","fileTypesAndContributionMap":{}},{"hash":"ce3fab4c24083fdb97b56df2892606c813d9ae83","isMergeCommit":true,"messageTitle":"Merge branch \u0027master\u0027 into updateUG","messageBody":"","fileTypesAndContributionMap":{}},{"hash":"ddf811c758d47f7239c98757c791b5f353e112a6","isMergeCommit":true,"messageTitle":"Merge pull request #87 from ltzehan/master","messageBody":"doc: quick start","fileTypesAndContributionMap":{}},{"hash":"ef08313aec037fcd578dbe0054aebff959f710f9","isMergeCommit":true,"messageTitle":"Merge pull request #85 from lihka1202/master","messageBody":"feat: Added Deck under the Help Command","fileTypesAndContributionMap":{}},{"hash":"c4ab0c2a670bd6f89c7f06c2855911f7fae83a46","isMergeCommit":true,"messageTitle":"Merge remote-tracking branch \u0027origin/master\u0027","messageBody":"# Conflicts:\n#\tdocs/UserGuide.md\n","fileTypesAndContributionMap":{}},{"hash":"8910c5e68d9c93a94559891f78df72096df2e0f9","isMergeCommit":true,"messageTitle":"Merge branch \u0027exportimport\u0027","messageBody":"# Conflicts:\n#\tdocs/UserGuide.md\n","fileTypesAndContributionMap":{}},{"hash":"60a46050183a306ef4e007c71cb52b413b2d0ea7","isMergeCommit":true,"messageTitle":"Merge pull request #91 from JangusRoundstone/master","messageBody":"Update UserGuide","fileTypesAndContributionMap":{}},{"hash":"f897f35c0860acdfedc335c8bced912a53c07d95","isMergeCommit":true,"messageTitle":"Merge pull request #94 from ltzehan/master","messageBody":"doc: deck commands","fileTypesAndContributionMap":{}},{"hash":"aa0473f9e6cde34f07c96dad18fccdac7ffd0514","isMergeCommit":false,"messageTitle":"Add JsonStorage test cases","messageBody":"","fileTypesAndContributionMap":{"functional-code":{"insertions":0,"deletions":33},"test-code":{"insertions":93,"deletions":0}}},{"hash":"7fe6f6e0f1b30b23b42dca10d7a6231a1079ad72","isMergeCommit":true,"messageTitle":"Merge branch \u0027master\u0027 into testStorage","messageBody":"","fileTypesAndContributionMap":{}},{"hash":"1dc6b55ecd3dcad5305632fb4beac74917b11d31","isMergeCommit":false,"messageTitle":"fix checkstyle","messageBody":"","fileTypesAndContributionMap":{"test-code":{"insertions":1,"deletions":16}}},{"hash":"3c967b610172c8e62d34e11b503c90d4274b0d8e","isMergeCommit":true,"messageTitle":"Merge remote-tracking branch \u0027origin/testStorage\u0027 into testStorage","messageBody":"","fileTypesAndContributionMap":{}}]}],"ltzehan":[{"date":"2023-03-14","commitResults":[{"hash":"85b2229e7333e0f3e791ab8449f931a91dc69bd0","isMergeCommit":true,"messageTitle":"Merge pull request #9 from iantenkai/exportimport","messageBody":"added utility to export and import decks as json file","fileTypesAndContributionMap":{}},{"hash":"87be43e2243f3f67256cf45c4ff6aaad33c50a53","isMergeCommit":false,"messageTitle":"fix: how did this build","messageBody":"","fileTypesAndContributionMap":{"functional-code":{"insertions":0,"deletions":4}}},{"hash":"4edd2e7cad2c9a24fe803e4e7a0e77c9733d7c23","isMergeCommit":false,"messageTitle":"chore: formatter config","messageBody":"","fileTypesAndContributionMap":{"functional-code":{"insertions":62,"deletions":109},"other":{"insertions":580,"deletions":0}}},{"hash":"4dcc67217e4f68809af908cb9e3b15518f5369d3","isMergeCommit":false,"messageTitle":"refactor: Update project structure","messageBody":"","fileTypesAndContributionMap":{"functional-code":{"insertions":28,"deletions":28},"other":{"insertions":8,"deletions":8}}},{"hash":"a0bbb08292a969e6d820bb0e93fc8e86a8ed4560","isMergeCommit":false,"messageTitle":"refactor: Abstracted Storage as interface","messageBody":"","fileTypesAndContributionMap":{"functional-code":{"insertions":45,"deletions":21},"other":{"insertions":22,"deletions":14}}},{"hash":"9723ec4f2246b50528978f0eff9b2d13caabf98e","isMergeCommit":false,"messageTitle":"refactor: Changed some confusing naming","messageBody":"","fileTypesAndContributionMap":{"functional-code":{"insertions":15,"deletions":17}}},{"hash":"b0f4065925d853982ad32e401c10a580ad13062e","isMergeCommit":false,"messageTitle":"feat: save to storage","messageBody":"","fileTypesAndContributionMap":{"functional-code":{"insertions":27,"deletions":11}}},{"hash":"379ab4310a4afa8667953a8d2d994f08b21f429d","isMergeCommit":false,"messageTitle":"refactor: abstract saving cards","messageBody":"","fileTypesAndContributionMap":{"functional-code":{"insertions":59,"deletions":47}}},{"hash":"e7cf156eb2e7155d8628a8842d70d193f042db55","isMergeCommit":false,"messageTitle":"feat: test for file existence","messageBody":"","fileTypesAndContributionMap":{"functional-code":{"insertions":73,"deletions":30},"other":{"insertions":1,"deletions":1}}}]},{"date":"2023-03-17","commitResults":[{"hash":"b0a590bd40be64605ca7ba29d9aafe057eec36f3","isMergeCommit":false,"messageTitle":"fix: some storage bug fixes","messageBody":"","fileTypesAndContributionMap":{"functional-code":{"insertions":3,"deletions":11}}},{"hash":"f2055e71e9b95fe6a6ac83cbd67e6e736711a46d","isMergeCommit":true,"messageTitle":"Merge pull request #39 from ltzehan/fix/storage-bug","messageBody":"fix: some storage bug fixes","fileTypesAndContributionMap":{}},{"hash":"5cb727b990f75c403ac48b21d1953ccbdd550f4a","isMergeCommit":false,"messageTitle":"test: Added basic tests for JsonStorage","messageBody":"","fileTypesAndContributionMap":{"functional-code":{"insertions":6,"deletions":1},"test-code":{"insertions":37,"deletions":0}}}]},{"date":"2023-03-18","commitResults":[{"hash":"bbd130b8c964089e08e1158d70e5d4323358a31d","isMergeCommit":true,"messageTitle":"Merge pull request #41 from mitchmalvin1/v2.0","messageBody":"Add all the tagging features","fileTypesAndContributionMap":{}}]},{"date":"2023-03-20","commitResults":[{"hash":"9462a2f7431d23483fbc27f8fcc484ae9d948848","isMergeCommit":true,"messageTitle":"Merge pull request #43 from mitchmalvin1/v2.0","messageBody":"Add tag edit feature, add more exceptions checking","fileTypesAndContributionMap":{}},{"hash":"fd524d32924dc08d707b13f47210f864e926c6af","isMergeCommit":false,"messageTitle":"temp: Checking something else out","messageBody":"","fileTypesAndContributionMap":{"functional-code":{"insertions":269,"deletions":4},"other":{"insertions":1,"deletions":0}}},{"hash":"72dd262bcb3bf32b6dd83d52fe0580f1c3947aae","isMergeCommit":false,"messageTitle":"refactor: splitting stuff up to integrate with library","messageBody":"","fileTypesAndContributionMap":{"functional-code":{"insertions":164,"deletions":142}}},{"hash":"c6ee31c79ac324e80bd4d802315a47b382f7ac28","isMergeCommit":false,"messageTitle":"fix: Made exceptions clearer","messageBody":"","fileTypesAndContributionMap":{"functional-code":{"insertions":50,"deletions":46},"test-code":{"insertions":7,"deletions":6}}},{"hash":"11625f1504e9fba5ee09c93690e0b1277e02daca","isMergeCommit":false,"messageTitle":"chore: removed unused class","messageBody":"","fileTypesAndContributionMap":{"functional-code":{"insertions":0,"deletions":9}}},{"hash":"4f7e53a3b26d71e8539980178195ff7b81b7d288","isMergeCommit":false,"messageTitle":"feat: card add and delete","messageBody":"","fileTypesAndContributionMap":{"functional-code":{"insertions":92,"deletions":52}}},{"hash":"3006eed62cc345aac0afa86bf012805017a9777a","isMergeCommit":false,"messageTitle":"test: card add","messageBody":"","fileTypesAndContributionMap":{"functional-code":{"insertions":23,"deletions":0},"test-code":{"insertions":91,"deletions":3}}},{"hash":"809d57660daee6058613750aa6ed6f348812b2cf","isMergeCommit":false,"messageTitle":"test: card delete","messageBody":"","fileTypesAndContributionMap":{"test-code":{"insertions":43,"deletions":0}}},{"hash":"6d735a24a96b4083a4b5e94dbc975849dbeee73d","isMergeCommit":false,"messageTitle":"test: tests for all card keywords","messageBody":"","fileTypesAndContributionMap":{"functional-code":{"insertions":15,"deletions":11},"other":{"insertions":85,"deletions":13}}},{"hash":"893f99e3ef9f287ed9a2068fcac61b99d936b44c","isMergeCommit":false,"messageTitle":"test: tests for all tag keywords","messageBody":"","fileTypesAndContributionMap":{"functional-code":{"insertions":56,"deletions":21},"other":{"insertions":2,"deletions":2},"test-code":{"insertions":69,"deletions":3}}},{"hash":"85509086116f76f1a3c0d8d5cae50e05142de67f","isMergeCommit":false,"messageTitle":"chore: cleanup rebasing","messageBody":"","fileTypesAndContributionMap":{"functional-code":{"insertions":4,"deletions":129},"test-code":{"insertions":15,"deletions":4}}},{"hash":"4702b0aa979a5d1f7d82640cb2cd72e65d4920df","isMergeCommit":false,"messageTitle":"feat: help messages","messageBody":"","fileTypesAndContributionMap":{"functional-code":{"insertions":268,"deletions":105},"other":{"insertions":42,"deletions":46}}}]},{"date":"2023-03-28","commitResults":[{"hash":"3965faecc482b937952e17841c324866a9a66b44","isMergeCommit":false,"messageTitle":"feat: support for multiple token options","messageBody":"","fileTypesAndContributionMap":{"functional-code":{"insertions":43,"deletions":13}}},{"hash":"d8b872d61a39fff21d7deb3c3600f3d64bfdf2fd","isMergeCommit":false,"messageTitle":"test: support whitespace for tag names","messageBody":"","fileTypesAndContributionMap":{"test-code":{"insertions":56,"deletions":18}}},{"hash":"0219cbd2ea39abd3d7aafa3eb5cec030ae900e55","isMergeCommit":false,"messageTitle":"feat: display tagName when creating new tag","messageBody":"","fileTypesAndContributionMap":{"functional-code":{"insertions":3,"deletions":3}}},{"hash":"9eca07ac71c19830243fea709877eef5898de7e3","isMergeCommit":false,"messageTitle":"fix: indent issue","messageBody":"","fileTypesAndContributionMap":{"functional-code":{"insertions":1,"deletions":1}}}]},{"date":"2023-03-29","commitResults":[{"hash":"5e0fe0066da879bccbc4389206221fa93996b378","isMergeCommit":true,"messageTitle":"Merge pull request #71 from ltzehan/fix/tag-whitespace","messageBody":"Fix/tag whitespace","fileTypesAndContributionMap":{}}]},{"date":"2023-03-30","commitResults":[{"hash":"347490bae993e56f55e0a3a0f1ca3a5efeb18c34","isMergeCommit":false,"messageTitle":"feat: unified interface for card","messageBody":"","fileTypesAndContributionMap":{"functional-code":{"insertions":178,"deletions":84},"test-code":{"insertions":39,"deletions":21}}},{"hash":"23ec3992459746e34c8be2902bd37f1f5af020f0","isMergeCommit":false,"messageTitle":"chore: rebase","messageBody":"","fileTypesAndContributionMap":{"functional-code":{"insertions":39,"deletions":31}}}]},{"date":"2023-03-31","commitResults":[{"hash":"d03e0525ddeacbc654acc31d716aa02def39c194","isMergeCommit":false,"messageTitle":"doc: quick start","messageBody":"","fileTypesAndContributionMap":{"docs":{"insertions":6,"deletions":3}}},{"hash":"ab4ff17c630768a867c98ff010d6f3cea6aab376","isMergeCommit":false,"messageTitle":"doc: deck commands","messageBody":"","fileTypesAndContributionMap":{"docs":{"insertions":56,"deletions":2}}},{"hash":"223c6e2207f8e3deb168129f66eae5639b078dcd","isMergeCommit":true,"messageTitle":"Merge branch \u0027master\u0027 into master","messageBody":"","fileTypesAndContributionMap":{}},{"hash":"2786d559d288ea804bc351b5430451d4b09ebacb","isMergeCommit":false,"messageTitle":"added newline before image","messageBody":"","fileTypesAndContributionMap":{"docs":{"insertions":2,"deletions":1}}},{"hash":"ec14636744a3ddf19d7390ef68e7f430b80d88f5","isMergeCommit":true,"messageTitle":"Merge pull request #96 from lihka1202/master","messageBody":"feat: Added Command Summary","tags":["v2.0"],"fileTypesAndContributionMap":{}}]},{"date":"2023-04-02","commitResults":[{"hash":"4619a3fe88ab6d9504d9fe1157dc8e31304bbb24","isMergeCommit":false,"messageTitle":"chore: fix switch-case for checkstyle","messageBody":"","fileTypesAndContributionMap":{"other":{"insertions":3,"deletions":1}}}]}],"mitchmalvin1":[{"date":"2023-03-03","commitResults":[{"hash":"3fb5f9309ce351cbd1c0df96938c77df85f48f5a","isMergeCommit":false,"messageTitle":"Update README.md","messageBody":"","fileTypesAndContributionMap":{"docs":{"insertions":1,"deletions":1}}}]},{"date":"2023-03-08","commitResults":[{"hash":"c9ce8d7c0dfd20585484bcab0473c4d05d5a1de7","isMergeCommit":false,"messageTitle":"add basic UI feature","messageBody":"","fileTypesAndContributionMap":{"functional-code":{"insertions":66,"deletions":0}}},{"hash":"fb3aa6911ee970d964c7e653f8d88d3546fa07d0","isMergeCommit":false,"messageTitle":"abstract out constant strings into enum","messageBody":"","fileTypesAndContributionMap":{"functional-code":{"insertions":24,"deletions":2}}},{"hash":"5feb323778e5cc09dd21a5412c857d621c31ef95","isMergeCommit":false,"messageTitle":"add userinterface and enums package","messageBody":"","fileTypesAndContributionMap":{"functional-code":{"insertions":1,"deletions":1},"other":{"insertions":4,"deletions":2}}},{"hash":"e0f641a19a246ff3c9c2dde26c35159769b08003","isMergeCommit":false,"messageTitle":"fix indentation size pointed out by gradle","messageBody":"","fileTypesAndContributionMap":{"functional-code":{"insertions":31,"deletions":31},"other":{"insertions":1,"deletions":1}}}]},{"date":"2023-03-09","commitResults":[{"hash":"a640031dd195eb8efb4969a300ac3daafcd32638","isMergeCommit":false,"messageTitle":"add skeleton Card class","messageBody":"","fileTypesAndContributionMap":{"functional-code":{"insertions":12,"deletions":2}}},{"hash":"3aa3c4b7800b9c3d53f4748b5e11d6e018c3cf5a","isMergeCommit":false,"messageTitle":"add skeleton model package and CardList class","messageBody":"","fileTypesAndContributionMap":{"functional-code":{"insertions":12,"deletions":0},"other":{"insertions":1,"deletions":1}}},{"hash":"e5031e8314c5312fce5c2645921e59cefe76f934","isMergeCommit":false,"messageTitle":"add skeleton code for parser","messageBody":"","fileTypesAndContributionMap":{"functional-code":{"insertions":23,"deletions":2}}},{"hash":"5d1c5c68e1e28a7a5f1403ec39aadae786c4ff38","isMergeCommit":false,"messageTitle":"fix gradle error","messageBody":"","fileTypesAndContributionMap":{"functional-code":{"insertions":4,"deletions":4}}},{"hash":"6872fe265ed48c88402eed28e167cc5770ba011c","isMergeCommit":false,"messageTitle":"fix more gradle error","messageBody":"","fileTypesAndContributionMap":{"functional-code":{"insertions":4,"deletions":4}}},{"hash":"1a120c4563394ec5bcaf1e6e65a39bcae3121f28","isMergeCommit":true,"messageTitle":"Merge pull request #1 from mitchmalvin1/master","messageBody":"PR containing basic UI code and some basic package structure","fileTypesAndContributionMap":{}},{"hash":"87c9711701608774f29d08a51b3a0069e9c38f90","isMergeCommit":false,"messageTitle":"remove default duke folder","messageBody":"","fileTypesAndContributionMap":{"functional-code":{"insertions":0,"deletions":21}}},{"hash":"4ca981bc69af0f8afb278ffb737f743395b411ab","isMergeCommit":false,"messageTitle":"write skeleton unit test for UserInterface","messageBody":"","fileTypesAndContributionMap":{"test-code":{"insertions":25,"deletions":0}}},{"hash":"94b380344298db58d690bb229725d818f06606b4","isMergeCommit":false,"messageTitle":"fix gradle import error for unit test","messageBody":"","fileTypesAndContributionMap":{"test-code":{"insertions":1,"deletions":3}}},{"hash":"07019809a394d37fea073d94d5766ebda1683e39","isMergeCommit":true,"messageTitle":"Merge pull request #5 from mitchmalvin1/master","messageBody":"PR containing skeleton code for unit test for UserInterface","fileTypesAndContributionMap":{}}]},{"date":"2023-03-16","commitResults":[{"hash":"010c18f582becc81ab2ac3dcfc0f99d49eb7fd9a","isMergeCommit":true,"messageTitle":"Merge pull request #34 from lihka1202/master","messageBody":"refactor: refactored exceptions into InkaExceptions","tags":["v1.0"],"fileTypesAndContributionMap":{}},{"hash":"5811524c145b1c564734a3c652a25d93e1bd293d","isMergeCommit":false,"messageTitle":"feat: add auto-generated uuid for cards","messageBody":"","fileTypesAndContributionMap":{"functional-code":{"insertions":6,"deletions":4},"other":{"insertions":0,"deletions":1}}},{"hash":"2c3d619ed11d475f12385eea9638c36b8211ce64","isMergeCommit":false,"messageTitle":"add assertions in parser","messageBody":"","fileTypesAndContributionMap":{"functional-code":{"insertions":3,"deletions":0}}},{"hash":"8faad9e24a2229848b704680e64cbb7a0738eb85","isMergeCommit":false,"messageTitle":"add logger in JsonStorage","messageBody":"","fileTypesAndContributionMap":{"functional-code":{"insertions":9,"deletions":2}}},{"hash":"009048a5aeef93b478b0bc68754381475dbdac48","isMergeCommit":false,"messageTitle":"fix logger imports style","messageBody":"","fileTypesAndContributionMap":{"functional-code":{"insertions":4,"deletions":3}}}]},{"date":"2023-03-17","commitResults":[{"hash":"d299b2ed09f06e2e1f400b549e4d8187a8b11a83","isMergeCommit":true,"messageTitle":"Merge pull request #40 from ltzehan/test/storage","messageBody":"test: Added basic tests for JsonStorage","fileTypesAndContributionMap":{}},{"hash":"5d2b921c629ffe0f88c1131414bb90feb41bd38f","isMergeCommit":false,"messageTitle":"add Tag class","messageBody":"","fileTypesAndContributionMap":{"functional-code":{"insertions":55,"deletions":2},"other":{"insertions":2,"deletions":2}}},{"hash":"23d2945b8ed5eeac04740903517837b0d02fae85","isMergeCommit":false,"messageTitle":"ref : change Command naming","messageBody":"","fileTypesAndContributionMap":{"functional-code":{"insertions":2,"deletions":2},"other":{"insertions":1,"deletions":1}}},{"hash":"96dad27e5b1b1d0846985afe3b1a691c711bd1af","isMergeCommit":false,"messageTitle":"feat: add tags listing","messageBody":"","fileTypesAndContributionMap":{"functional-code":{"insertions":71,"deletions":18},"other":{"insertions":4,"deletions":3}}},{"hash":"022174b8f01058637d2ddcde200f19d626ab94a4","isMergeCommit":false,"messageTitle":"feat: assign tag to a card","messageBody":"","fileTypesAndContributionMap":{"functional-code":{"insertions":45,"deletions":11}}},{"hash":"45ca68691fee4ff9f74ba26e3bf49714575e2395","isMergeCommit":false,"messageTitle":"feat : card holds a reference to tags","messageBody":"","fileTypesAndContributionMap":{"functional-code":{"insertions":155,"deletions":28}}},{"hash":"50f299d65a0701c6b4fc603777242c82e5190fe8","isMergeCommit":false,"messageTitle":"feat: add card view","messageBody":"","fileTypesAndContributionMap":{"functional-code":{"insertions":81,"deletions":6}}},{"hash":"aee1794c41909933fe524314b86aceb496ab1651","isMergeCommit":false,"messageTitle":"feat: add tag delete","messageBody":"","fileTypesAndContributionMap":{"functional-code":{"insertions":70,"deletions":14}}},{"hash":"3a74807f5759e1817aa1a9475e749838ca2eefb7","isMergeCommit":false,"messageTitle":"docs: add comment to non-trivial method","messageBody":"","fileTypesAndContributionMap":{"functional-code":{"insertions":27,"deletions":24}}},{"hash":"274eb159958289067d7e471aabe30b3a75ad1c6c","isMergeCommit":false,"messageTitle":"ref: fix gradle checkstyle","messageBody":"","fileTypesAndContributionMap":{"functional-code":{"insertions":22,"deletions":34}}}]},{"date":"2023-03-18","commitResults":[{"hash":"a7e7d02fe912c20a356bc0f4b0b0886fe4b2dba8","isMergeCommit":false,"messageTitle":"ref: separate UUID into cardUUID and tagUUID","messageBody":"","fileTypesAndContributionMap":{"functional-code":{"insertions":126,"deletions":69}}},{"hash":"af0039c6fea0c679900cd284e420643cb5191ce3","isMergeCommit":false,"messageTitle":"chore: cleanup imports","messageBody":"","fileTypesAndContributionMap":{"functional-code":{"insertions":1,"deletions":6}}},{"hash":"46151ab04c12a0f59de1f118f0b0e33b1d286a18","isMergeCommit":false,"messageTitle":"fix : add gsonBuilder to serialize and deserialize cardUUID and tagUUID","messageBody":"","fileTypesAndContributionMap":{"functional-code":{"insertions":45,"deletions":1},"other":{"insertions":10,"deletions":3},"test-code":{"insertions":2,"deletions":0}}},{"hash":"a9b75e58dcc9da8371310752a3c25e1dbfa35071","isMergeCommit":false,"messageTitle":"chore : add exceptions for tagging feature","messageBody":"","fileTypesAndContributionMap":{"functional-code":{"insertions":116,"deletions":21}}}]},{"date":"2023-03-19","commitResults":[{"hash":"9f6a768104b0b7d86eba689ca9cbdf4391c3a127","isMergeCommit":false,"messageTitle":"test: generate unit test for non-trivial method for cardList","messageBody":"","fileTypesAndContributionMap":{"functional-code":{"insertions":13,"deletions":0},"test-code":{"insertions":29,"deletions":0}}},{"hash":"7205f2c8165bc90c4e0f4bacffcc9d26792d91f9","isMergeCommit":false,"messageTitle":"chore: remove trivial ui unit test","messageBody":"","fileTypesAndContributionMap":{"functional-code":{"insertions":2,"deletions":2},"test-code":{"insertions":4,"deletions":27}}},{"hash":"c3e8eed6f3917d4a95e6f05b31320050acd9dbfd","isMergeCommit":false,"messageTitle":"chore: add non-null assertion in findCardByUUID","messageBody":"","fileTypesAndContributionMap":{"functional-code":{"insertions":2,"deletions":0}}},{"hash":"5f68dd84bec11de4c02b88f597407293844a2d76","isMergeCommit":false,"messageTitle":"feat: add tag edit tagName","messageBody":"","fileTypesAndContributionMap":{"functional-code":{"insertions":60,"deletions":5}}},{"hash":"fac74c2faad4f734726da3359ebacf84012dfcc0","isMergeCommit":false,"messageTitle":"chore: add more exceptions in parser","messageBody":"","fileTypesAndContributionMap":{"functional-code":{"insertions":33,"deletions":1}}}]},{"date":"2023-03-20","commitResults":[{"hash":"39488e6135beccd54f10cb63701be8dc90889f3e","isMergeCommit":false,"messageTitle":"ref: change overloading constructor to a static factory method","messageBody":"","fileTypesAndContributionMap":{"functional-code":{"insertions":17,"deletions":3},"test-code":{"insertions":3,"deletions":2}}}]},{"date":"2023-03-30","commitResults":[{"hash":"7b29742be7b00e5bf527797a3a3b37b521eb9803","isMergeCommit":false,"messageTitle":"fix savedata.json","messageBody":"","fileTypesAndContributionMap":{"functional-code":{"insertions":1,"deletions":0}}},{"hash":"816d5ffe4970cba0627b90611649776b0d6b3bd6","isMergeCommit":false,"messageTitle":"bug : add dummy tags and decks in save()","messageBody":"","fileTypesAndContributionMap":{"functional-code":{"insertions":2,"deletions":0}}}]},{"date":"2023-03-31","commitResults":[{"hash":"34ce28390cabf99ab1152323eecf1a114f0a0675","isMergeCommit":true,"messageTitle":"Merge pull request #80 from JangusRoundstone/master","messageBody":"Update Parser Component of DG","fileTypesAndContributionMap":{}},{"hash":"4dcf4ced52fa9e78a318c515e667e47852f05e1c","isMergeCommit":false,"messageTitle":"docs : add Card commands for UG","messageBody":"","fileTypesAndContributionMap":{"docs":{"insertions":70,"deletions":10}}},{"hash":"1773cf65c125caaaa830efb044c815c9891b262f","isMergeCommit":true,"messageTitle":"Merge branch \u0027master\u0027 into v2.0","messageBody":"","fileTypesAndContributionMap":{}},{"hash":"058fe6436e72630e76544415276aea3009e29489","isMergeCommit":true,"messageTitle":"Merge pull request #89 from mitchmalvin1/v2.0","messageBody":"Card command UG","fileTypesAndContributionMap":{}}]},{"date":"2023-04-01","commitResults":[{"hash":"8db4ef5c41fe02825e48be62f1131f5ea207eb2b","isMergeCommit":true,"messageTitle":"Merge pull request #98 from JangusRoundstone/master","messageBody":"Add in improvements for UI user prompt","fileTypesAndContributionMap":{}}]},{"date":"2023-04-02","commitResults":[{"hash":"a3a2580edf33ae19ee18657303dfa0d8416138b8","isMergeCommit":true,"messageTitle":"Merge pull request #156 from ltzehan/chore/switch-case-checkstyle","messageBody":"chore: fix switch-case for checkstyle","fileTypesAndContributionMap":{}}]}]},"authorFileTypeContributionMap":{"lihka1202":{"docs":27,"functional-code":1025,"test-code":13,"other":1},"JangusRoundstone":{"docs":192,"functional-code":64,"test-code":0},"iantenkai":{"docs":21,"functional-code":474,"test-code":80,"other":2},"ltzehan":{"docs":65,"functional-code":933,"test-code":364,"other":583},"mitchmalvin1":{"docs":67,"functional-code":641,"test-code":32}},"authorContributionVariance":{"lihka1202":14784.473,"JangusRoundstone":1589.4939,"iantenkai":13130.547,"ltzehan":109109.22,"mitchmalvin1":14227.971},"authorDisplayNameMap":{"lihka1202":"CS2113-F10-1 MUTH..KHIL","JangusRoundstone":"CS2113-F10-1 WANG..LANG","iantenkai":"CS2113-F10-1 TENG..-KAI","ltzehan":"CS2113-F10-1 LEE .. HAN","mitchmalvin1":"CS2113-F10-1 MITC..LVIN"}}
