[{"path":"build.gradle","fileType":"other","lines":[{"lineNumber":1,"author":{"gitId":"-"},"content":"plugins {","lastModifiedDate":"2020-05-25"},{"lineNumber":2,"author":{"gitId":"-"},"content":"    id \u0027java\u0027","lastModifiedDate":"2020-05-25"},{"lineNumber":3,"author":{"gitId":"-"},"content":"    id \u0027application\u0027","lastModifiedDate":"2020-05-25"},{"lineNumber":4,"author":{"gitId":"-"},"content":"    id \u0027checkstyle\u0027","lastModifiedDate":"2020-05-25"},{"lineNumber":5,"author":{"gitId":"-"},"content":"    id \u0027com.github.johnrengelman.shadow\u0027 version \u00277.1.2\u0027","lastModifiedDate":"2022-06-17"},{"lineNumber":6,"author":{"gitId":"-"},"content":"}","lastModifiedDate":"2020-05-25"},{"lineNumber":7,"author":{"gitId":"-"},"content":"","lastModifiedDate":"2020-05-25"},{"lineNumber":8,"author":{"gitId":"-"},"content":"repositories {","lastModifiedDate":"2020-05-25"},{"lineNumber":9,"author":{"gitId":"-"},"content":"    mavenCentral()","lastModifiedDate":"2020-05-25"},{"lineNumber":10,"author":{"gitId":"-"},"content":"}","lastModifiedDate":"2020-05-25"},{"lineNumber":11,"author":{"gitId":"-"},"content":"","lastModifiedDate":"2020-05-25"},{"lineNumber":12,"author":{"gitId":"-"},"content":"dependencies {","lastModifiedDate":"2020-05-25"},{"lineNumber":13,"author":{"gitId":"-"},"content":"    testImplementation group: \u0027org.junit.jupiter\u0027, name: \u0027junit-jupiter-api\u0027, version: \u00275.5.0\u0027","lastModifiedDate":"2020-05-25"},{"lineNumber":14,"author":{"gitId":"-"},"content":"    testRuntimeOnly group: \u0027org.junit.jupiter\u0027, name: \u0027junit-jupiter-engine\u0027, version: \u00275.5.0\u0027","lastModifiedDate":"2020-05-25"},{"lineNumber":15,"author":{"gitId":"MingEn82"},"content":"    implementation \u0027com.opencsv:opencsv:5.6\u0027","lastModifiedDate":"2023-03-04"},{"lineNumber":16,"author":{"gitId":"-"},"content":"}","lastModifiedDate":"2020-05-25"},{"lineNumber":17,"author":{"gitId":"-"},"content":"","lastModifiedDate":"2020-05-25"},{"lineNumber":18,"author":{"gitId":"-"},"content":"test {","lastModifiedDate":"2020-05-25"},{"lineNumber":19,"author":{"gitId":"-"},"content":"    useJUnitPlatform()","lastModifiedDate":"2020-05-25"},{"lineNumber":20,"author":{"gitId":"-"},"content":"","lastModifiedDate":"2020-05-25"},{"lineNumber":21,"author":{"gitId":"-"},"content":"    testLogging {","lastModifiedDate":"2020-05-25"},{"lineNumber":22,"author":{"gitId":"-"},"content":"        events \"passed\", \"skipped\", \"failed\"","lastModifiedDate":"2020-05-25"},{"lineNumber":23,"author":{"gitId":"-"},"content":"","lastModifiedDate":"2020-05-25"},{"lineNumber":24,"author":{"gitId":"-"},"content":"        showExceptions true","lastModifiedDate":"2020-05-25"},{"lineNumber":25,"author":{"gitId":"-"},"content":"        exceptionFormat \"full\"","lastModifiedDate":"2020-05-25"},{"lineNumber":26,"author":{"gitId":"-"},"content":"        showCauses true","lastModifiedDate":"2020-05-25"},{"lineNumber":27,"author":{"gitId":"-"},"content":"        showStackTraces true","lastModifiedDate":"2020-05-25"},{"lineNumber":28,"author":{"gitId":"-"},"content":"        showStandardStreams \u003d false","lastModifiedDate":"2020-05-25"},{"lineNumber":29,"author":{"gitId":"-"},"content":"    }","lastModifiedDate":"2020-05-25"},{"lineNumber":30,"author":{"gitId":"-"},"content":"}","lastModifiedDate":"2020-05-25"},{"lineNumber":31,"author":{"gitId":"-"},"content":"","lastModifiedDate":"2020-05-25"},{"lineNumber":32,"author":{"gitId":"-"},"content":"application {","lastModifiedDate":"2020-05-25"},{"lineNumber":33,"author":{"gitId":"-"},"content":"    mainClass \u003d \"seedu.duke.Duke\"","lastModifiedDate":"2022-06-17"},{"lineNumber":34,"author":{"gitId":"-"},"content":"}","lastModifiedDate":"2020-05-25"},{"lineNumber":35,"author":{"gitId":"-"},"content":"","lastModifiedDate":"2020-05-25"},{"lineNumber":36,"author":{"gitId":"-"},"content":"shadowJar {","lastModifiedDate":"2020-05-25"},{"lineNumber":37,"author":{"gitId":"-"},"content":"    archiveBaseName \u003d \"duke\"","lastModifiedDate":"2020-05-25"},{"lineNumber":38,"author":{"gitId":"-"},"content":"    archiveClassifier \u003d null","lastModifiedDate":"2020-05-25"},{"lineNumber":39,"author":{"gitId":"-"},"content":"}","lastModifiedDate":"2020-05-25"},{"lineNumber":40,"author":{"gitId":"-"},"content":"","lastModifiedDate":"2020-05-25"},{"lineNumber":41,"author":{"gitId":"-"},"content":"checkstyle {","lastModifiedDate":"2020-05-25"},{"lineNumber":42,"author":{"gitId":"-"},"content":"    toolVersion \u003d \u002710.2\u0027","lastModifiedDate":"2022-04-29"},{"lineNumber":43,"author":{"gitId":"-"},"content":"}","lastModifiedDate":"2020-05-25"},{"lineNumber":44,"author":{"gitId":"-"},"content":"","lastModifiedDate":"2020-05-25"},{"lineNumber":45,"author":{"gitId":"-"},"content":"run{","lastModifiedDate":"2020-05-25"},{"lineNumber":46,"author":{"gitId":"-"},"content":"    standardInput \u003d System.in","lastModifiedDate":"2020-05-25"},{"lineNumber":47,"author":{"gitId":"-"},"content":"}","lastModifiedDate":"2020-05-25"}],"authorContributionMap":{"MingEn82":1,"-":46}},{"path":"docs/AboutUs.md","fileType":"docs","lines":[{"lineNumber":1,"author":{"gitId":"-"},"content":"# About us","lastModifiedDate":"2020-05-24"},{"lineNumber":2,"author":{"gitId":"MustafaAH10"},"content":"","lastModifiedDate":"2023-03-02"},{"lineNumber":3,"author":{"gitId":"-"},"content":"Display |     Name      |              Github Profile              | Portfolio ","lastModifiedDate":"2020-05-24"},{"lineNumber":4,"author":{"gitId":"MustafaAH10"},"content":"--------|:-------------:|:----------------------------------------:|:---------:","lastModifiedDate":"2023-03-07"},{"lineNumber":5,"author":{"gitId":"TJ-Hoo"},"content":"![](https://via.placeholder.com/100.png?text\u003dPhoto) | Hoo Teng Juan       |      [Github](https://github.com/)       | [Portfolio](docs/team/johndoe.md)","lastModifiedDate":"2023-03-01"},{"lineNumber":6,"author":{"gitId":"Koh-Jing-Jie-Marcus"},"content":"![](https://via.placeholder.com/100.png?text\u003dPhoto) | Koh Jing Jie Marcus |      [Github](https://github.com/)       | [Portfolio](docs/team/johndoe.md)","lastModifiedDate":"2023-03-01"},{"lineNumber":7,"author":{"gitId":"Masahiro21"},"content":"![](https://via.placeholder.com/100.png?text\u003dPhoto) | Hamada Masahiro     |      [Github](https://github.com/)       | [Portfolio](docs/team/johndoe.md)","lastModifiedDate":"2023-03-01"},{"lineNumber":8,"author":{"gitId":"MustafaAH10"},"content":"![](https://via.placeholder.com/100.png?text\u003dPhoto) | Mustafa Anis Hussain| [Github](https://github.com/MustafaAH10) | [Portfolio](docs/team/johndoe.md)","lastModifiedDate":"2023-03-07"},{"lineNumber":9,"author":{"gitId":"MingEn82"},"content":"![](https://via.placeholder.com/100.png?text\u003dPhoto) | Koh Ming En         |  [Github](https://github.com/MingEn82)   | [Portfolio](docs/team/johndoe.md)","lastModifiedDate":"2023-03-01"},{"lineNumber":10,"author":{"gitId":"MustafaAH10"},"content":"","lastModifiedDate":"2023-03-02"}],"authorContributionMap":{"Masahiro21":1,"MingEn82":1,"Koh-Jing-Jie-Marcus":1,"TJ-Hoo":1,"-":2,"MustafaAH10":4}},{"path":"src/main/java/seedu/Commands/AddFoodCommand.java","fileType":"functional-code","lines":[{"lineNumber":1,"author":{"gitId":"MustafaAH10"},"content":"package seedu.Commands;","lastModifiedDate":"2023-03-07"},{"lineNumber":2,"author":{"gitId":"MustafaAH10"},"content":"","lastModifiedDate":"2023-03-07"},{"lineNumber":3,"author":{"gitId":"MustafaAH10"},"content":"import seedu.Database.FoodStorage;","lastModifiedDate":"2023-03-07"},{"lineNumber":4,"author":{"gitId":"MustafaAH10"},"content":"import seedu.Database.UserStorage;","lastModifiedDate":"2023-03-07"},{"lineNumber":5,"author":{"gitId":"MustafaAH10"},"content":"import seedu.Entities.Food;","lastModifiedDate":"2023-03-07"},{"lineNumber":6,"author":{"gitId":"MustafaAH10"},"content":"import seedu.Exceptions.LifeTrackerException;","lastModifiedDate":"2023-03-07"},{"lineNumber":7,"author":{"gitId":"MustafaAH10"},"content":"","lastModifiedDate":"2023-03-07"},{"lineNumber":8,"author":{"gitId":"MustafaAH10"},"content":"public class AddFoodCommand extends Command{","lastModifiedDate":"2023-03-07"},{"lineNumber":9,"author":{"gitId":"MustafaAH10"},"content":"    private Food newFood;","lastModifiedDate":"2023-03-07"},{"lineNumber":10,"author":{"gitId":"MustafaAH10"},"content":"    public AddFoodCommand (String commandDescriptor){","lastModifiedDate":"2023-03-07"},{"lineNumber":11,"author":{"gitId":"MustafaAH10"},"content":"        int foodIndex;","lastModifiedDate":"2023-03-07"},{"lineNumber":12,"author":{"gitId":"MustafaAH10"},"content":"        foodIndex \u003d Integer.parseInt(commandDescriptor);","lastModifiedDate":"2023-03-07"},{"lineNumber":13,"author":{"gitId":"MustafaAH10"},"content":"        //this.newFood \u003d","lastModifiedDate":"2023-03-07"},{"lineNumber":14,"author":{"gitId":"MustafaAH10"},"content":"    }","lastModifiedDate":"2023-03-07"},{"lineNumber":15,"author":{"gitId":"MustafaAH10"},"content":"    @Override","lastModifiedDate":"2023-03-07"},{"lineNumber":16,"author":{"gitId":"MustafaAH10"},"content":"    public void execute(FoodStorage foodList, UserStorage userList) throws LifeTrackerException {","lastModifiedDate":"2023-03-07"},{"lineNumber":17,"author":{"gitId":"MustafaAH10"},"content":"","lastModifiedDate":"2023-03-07"},{"lineNumber":18,"author":{"gitId":"MustafaAH10"},"content":"    }","lastModifiedDate":"2023-03-07"},{"lineNumber":19,"author":{"gitId":"MustafaAH10"},"content":"}","lastModifiedDate":"2023-03-07"}],"authorContributionMap":{"MustafaAH10":19}},{"path":"src/main/java/seedu/Commands/Command.java","fileType":"functional-code","lines":[{"lineNumber":1,"author":{"gitId":"MustafaAH10"},"content":"package seedu.Commands;","lastModifiedDate":"2023-03-07"},{"lineNumber":2,"author":{"gitId":"MustafaAH10"},"content":"","lastModifiedDate":"2023-03-07"},{"lineNumber":3,"author":{"gitId":"MustafaAH10"},"content":"import seedu.Database.FoodStorage;","lastModifiedDate":"2023-03-07"},{"lineNumber":4,"author":{"gitId":"MustafaAH10"},"content":"import seedu.Database.UserStorage;","lastModifiedDate":"2023-03-07"},{"lineNumber":5,"author":{"gitId":"MustafaAH10"},"content":"import seedu.Exceptions.LifeTrackerException;","lastModifiedDate":"2023-03-07"},{"lineNumber":6,"author":{"gitId":"MustafaAH10"},"content":"","lastModifiedDate":"2023-03-07"},{"lineNumber":7,"author":{"gitId":"MustafaAH10"},"content":"public abstract class Command {","lastModifiedDate":"2023-03-07"},{"lineNumber":8,"author":{"gitId":"MustafaAH10"},"content":"    private boolean isExit;","lastModifiedDate":"2023-03-07"},{"lineNumber":9,"author":{"gitId":"MustafaAH10"},"content":"","lastModifiedDate":"2023-03-07"},{"lineNumber":10,"author":{"gitId":"MustafaAH10"},"content":"    public Command(){","lastModifiedDate":"2023-03-07"},{"lineNumber":11,"author":{"gitId":"MustafaAH10"},"content":"        setIsExit(false);","lastModifiedDate":"2023-03-07"},{"lineNumber":12,"author":{"gitId":"MustafaAH10"},"content":"    }","lastModifiedDate":"2023-03-07"},{"lineNumber":13,"author":{"gitId":"MustafaAH10"},"content":"","lastModifiedDate":"2023-03-07"},{"lineNumber":14,"author":{"gitId":"MustafaAH10"},"content":"    public void setIsExit(boolean exit) {","lastModifiedDate":"2023-03-07"},{"lineNumber":15,"author":{"gitId":"MustafaAH10"},"content":"        this.isExit \u003d exit;","lastModifiedDate":"2023-03-07"},{"lineNumber":16,"author":{"gitId":"MustafaAH10"},"content":"    }","lastModifiedDate":"2023-03-07"},{"lineNumber":17,"author":{"gitId":"MustafaAH10"},"content":"","lastModifiedDate":"2023-03-07"},{"lineNumber":18,"author":{"gitId":"MustafaAH10"},"content":"    public abstract void execute(FoodStorage foodList, UserStorage userList) throws LifeTrackerException;","lastModifiedDate":"2023-03-07"},{"lineNumber":19,"author":{"gitId":"MustafaAH10"},"content":"}","lastModifiedDate":"2023-03-07"}],"authorContributionMap":{"MustafaAH10":19}},{"path":"src/main/java/seedu/Commands/ExitCommand.java","fileType":"functional-code","lines":[{"lineNumber":1,"author":{"gitId":"MustafaAH10"},"content":"package seedu.Commands;","lastModifiedDate":"2023-03-07"},{"lineNumber":2,"author":{"gitId":"MustafaAH10"},"content":"","lastModifiedDate":"2023-03-07"},{"lineNumber":3,"author":{"gitId":"MustafaAH10"},"content":"import seedu.Database.FoodStorage;","lastModifiedDate":"2023-03-07"},{"lineNumber":4,"author":{"gitId":"MustafaAH10"},"content":"import seedu.Database.UserStorage;","lastModifiedDate":"2023-03-07"},{"lineNumber":5,"author":{"gitId":"MustafaAH10"},"content":"import seedu.Exceptions.LifeTrackerException;","lastModifiedDate":"2023-03-07"},{"lineNumber":6,"author":{"gitId":"MustafaAH10"},"content":"","lastModifiedDate":"2023-03-07"},{"lineNumber":7,"author":{"gitId":"MustafaAH10"},"content":"public class ExitCommand extends Command{","lastModifiedDate":"2023-03-07"},{"lineNumber":8,"author":{"gitId":"MustafaAH10"},"content":"    @Override","lastModifiedDate":"2023-03-07"},{"lineNumber":9,"author":{"gitId":"MustafaAH10"},"content":"    public void execute(FoodStorage foodList, UserStorage userList) throws LifeTrackerException {","lastModifiedDate":"2023-03-07"},{"lineNumber":10,"author":{"gitId":"MustafaAH10"},"content":"        setIsExit(true);","lastModifiedDate":"2023-03-07"},{"lineNumber":11,"author":{"gitId":"MustafaAH10"},"content":"    }","lastModifiedDate":"2023-03-07"},{"lineNumber":12,"author":{"gitId":"MustafaAH10"},"content":"}","lastModifiedDate":"2023-03-07"}],"authorContributionMap":{"MustafaAH10":12}},{"path":"src/main/java/seedu/Database/FileReadable.java","fileType":"functional-code","lines":[{"lineNumber":1,"author":{"gitId":"MingEn82"},"content":"package seedu.Database;","lastModifiedDate":"2023-03-04"},{"lineNumber":2,"author":{"gitId":"MingEn82"},"content":"","lastModifiedDate":"2023-03-04"},{"lineNumber":3,"author":{"gitId":"MingEn82"},"content":"import java.io.IOException;","lastModifiedDate":"2023-03-04"},{"lineNumber":4,"author":{"gitId":"MingEn82"},"content":"","lastModifiedDate":"2023-03-04"},{"lineNumber":5,"author":{"gitId":"MingEn82"},"content":"public interface FileReadable {","lastModifiedDate":"2023-03-04"},{"lineNumber":6,"author":{"gitId":"MingEn82"},"content":"    public void load() throws IOException;","lastModifiedDate":"2023-03-04"},{"lineNumber":7,"author":{"gitId":"MingEn82"},"content":"}","lastModifiedDate":"2023-03-04"}],"authorContributionMap":{"MingEn82":7}},{"path":"src/main/java/seedu/Database/FileWritable.java","fileType":"functional-code","lines":[{"lineNumber":1,"author":{"gitId":"MingEn82"},"content":"package seedu.Database;","lastModifiedDate":"2023-03-04"},{"lineNumber":2,"author":{"gitId":"MingEn82"},"content":"","lastModifiedDate":"2023-03-04"},{"lineNumber":3,"author":{"gitId":"MingEn82"},"content":"import java.io.IOException;","lastModifiedDate":"2023-03-04"},{"lineNumber":4,"author":{"gitId":"MingEn82"},"content":"","lastModifiedDate":"2023-03-04"},{"lineNumber":5,"author":{"gitId":"MingEn82"},"content":"public interface FileWritable {","lastModifiedDate":"2023-03-04"},{"lineNumber":6,"author":{"gitId":"MingEn82"},"content":"    public void write() throws IOException;","lastModifiedDate":"2023-03-04"},{"lineNumber":7,"author":{"gitId":"MingEn82"},"content":"}","lastModifiedDate":"2023-03-04"}],"authorContributionMap":{"MingEn82":7}},{"path":"src/main/java/seedu/Database/FoodStorage.java","fileType":"functional-code","lines":[{"lineNumber":1,"author":{"gitId":"MingEn82"},"content":"package seedu.Database;","lastModifiedDate":"2023-03-04"},{"lineNumber":2,"author":{"gitId":"MingEn82"},"content":"","lastModifiedDate":"2023-03-04"},{"lineNumber":3,"author":{"gitId":"MingEn82"},"content":"import java.io.BufferedReader;","lastModifiedDate":"2023-03-04"},{"lineNumber":4,"author":{"gitId":"MingEn82"},"content":"import java.io.FileReader;","lastModifiedDate":"2023-03-04"},{"lineNumber":5,"author":{"gitId":"MingEn82"},"content":"import java.io.IOException;","lastModifiedDate":"2023-03-04"},{"lineNumber":6,"author":{"gitId":"MingEn82"},"content":"import java.util.ArrayList;","lastModifiedDate":"2023-03-04"},{"lineNumber":7,"author":{"gitId":"MingEn82"},"content":"","lastModifiedDate":"2023-03-04"},{"lineNumber":8,"author":{"gitId":"MingEn82"},"content":"import seedu.Definitions.FoodTypes;","lastModifiedDate":"2023-03-04"},{"lineNumber":9,"author":{"gitId":"MingEn82"},"content":"import seedu.Entities.Dish;","lastModifiedDate":"2023-03-04"},{"lineNumber":10,"author":{"gitId":"MingEn82"},"content":"import seedu.Entities.Food;","lastModifiedDate":"2023-03-04"},{"lineNumber":11,"author":{"gitId":"MingEn82"},"content":"import seedu.Entities.Ingredient;","lastModifiedDate":"2023-03-04"},{"lineNumber":12,"author":{"gitId":"MingEn82"},"content":"import seedu.Entities.Side;","lastModifiedDate":"2023-03-04"},{"lineNumber":13,"author":{"gitId":"MingEn82"},"content":"","lastModifiedDate":"2023-03-04"},{"lineNumber":14,"author":{"gitId":"MingEn82"},"content":"public class FoodStorage extends Storage implements FileReadable {","lastModifiedDate":"2023-03-04"},{"lineNumber":15,"author":{"gitId":"MingEn82"},"content":"    private ArrayList\u003cFood\u003e foods;","lastModifiedDate":"2023-03-04"},{"lineNumber":16,"author":{"gitId":"MingEn82"},"content":"","lastModifiedDate":"2023-03-04"},{"lineNumber":17,"author":{"gitId":"MingEn82"},"content":"    public FoodStorage(String filePath) {","lastModifiedDate":"2023-03-04"},{"lineNumber":18,"author":{"gitId":"MingEn82"},"content":"        super(filePath);","lastModifiedDate":"2023-03-04"},{"lineNumber":19,"author":{"gitId":"MingEn82"},"content":"        foods \u003d new ArrayList\u003cFood\u003e();","lastModifiedDate":"2023-03-04"},{"lineNumber":20,"author":{"gitId":"MingEn82"},"content":"    }","lastModifiedDate":"2023-03-04"},{"lineNumber":21,"author":{"gitId":"MingEn82"},"content":"","lastModifiedDate":"2023-03-04"},{"lineNumber":22,"author":{"gitId":"MingEn82"},"content":"    @Override","lastModifiedDate":"2023-03-04"},{"lineNumber":23,"author":{"gitId":"MingEn82"},"content":"    public void load() throws IOException {","lastModifiedDate":"2023-03-04"},{"lineNumber":24,"author":{"gitId":"MingEn82"},"content":"        String line \u003d \"\", splitBy \u003d \",\";","lastModifiedDate":"2023-03-04"},{"lineNumber":25,"author":{"gitId":"MingEn82"},"content":"        String foodType, name, store;","lastModifiedDate":"2023-03-04"},{"lineNumber":26,"author":{"gitId":"MingEn82"},"content":"        int storeNumber;","lastModifiedDate":"2023-03-04"},{"lineNumber":27,"author":{"gitId":"MingEn82"},"content":"        float calories;","lastModifiedDate":"2023-03-04"},{"lineNumber":28,"author":{"gitId":"MingEn82"},"content":"        Food food;","lastModifiedDate":"2023-03-04"},{"lineNumber":29,"author":{"gitId":"MingEn82"},"content":"        // parsing a CSV file into BufferedReader class constructor","lastModifiedDate":"2023-03-04"},{"lineNumber":30,"author":{"gitId":"MingEn82"},"content":"        BufferedReader br \u003d new BufferedReader(new FileReader(filePath));","lastModifiedDate":"2023-03-04"},{"lineNumber":31,"author":{"gitId":"MingEn82"},"content":"        while ((line \u003d br.readLine()) !\u003d null) // returns a Boolean value","lastModifiedDate":"2023-03-04"},{"lineNumber":32,"author":{"gitId":"MingEn82"},"content":"        {","lastModifiedDate":"2023-03-04"},{"lineNumber":33,"author":{"gitId":"MingEn82"},"content":"            String[] foodLine \u003d line.split(splitBy); // use comma as separator","lastModifiedDate":"2023-03-04"},{"lineNumber":34,"author":{"gitId":"MingEn82"},"content":"            foodType \u003d foodLine[0];","lastModifiedDate":"2023-03-04"},{"lineNumber":35,"author":{"gitId":"MingEn82"},"content":"            name \u003d foodLine[1];","lastModifiedDate":"2023-03-04"},{"lineNumber":36,"author":{"gitId":"MingEn82"},"content":"            store \u003d foodLine[2];","lastModifiedDate":"2023-03-04"},{"lineNumber":37,"author":{"gitId":"MingEn82"},"content":"            storeNumber \u003d Integer.parseInt(foodLine[3]);","lastModifiedDate":"2023-03-04"},{"lineNumber":38,"author":{"gitId":"MingEn82"},"content":"            calories \u003d Float.parseFloat(foodLine[4]);","lastModifiedDate":"2023-03-04"},{"lineNumber":39,"author":{"gitId":"MingEn82"},"content":"            food \u003d null;","lastModifiedDate":"2023-03-04"},{"lineNumber":40,"author":{"gitId":"MingEn82"},"content":"            ","lastModifiedDate":"2023-03-04"},{"lineNumber":41,"author":{"gitId":"MingEn82"},"content":"            if (foodType.equals(FoodTypes.DISH.toString())) {","lastModifiedDate":"2023-03-04"},{"lineNumber":42,"author":{"gitId":"MingEn82"},"content":"                food \u003d new Dish(name, store, storeNumber, calories);","lastModifiedDate":"2023-03-04"},{"lineNumber":43,"author":{"gitId":"MingEn82"},"content":"            } else if (foodType.equals(FoodTypes.SIDE.toString())) {","lastModifiedDate":"2023-03-04"},{"lineNumber":44,"author":{"gitId":"MingEn82"},"content":"                food \u003d new Side(name, store, storeNumber, calories);","lastModifiedDate":"2023-03-04"},{"lineNumber":45,"author":{"gitId":"MingEn82"},"content":"            } else if (foodType.equals(FoodTypes.INGREDIENT.toString())) {","lastModifiedDate":"2023-03-04"},{"lineNumber":46,"author":{"gitId":"MingEn82"},"content":"                food \u003d new Ingredient(name, store, storeNumber, calories);","lastModifiedDate":"2023-03-04"},{"lineNumber":47,"author":{"gitId":"MingEn82"},"content":"            }","lastModifiedDate":"2023-03-04"},{"lineNumber":48,"author":{"gitId":"MingEn82"},"content":"","lastModifiedDate":"2023-03-04"},{"lineNumber":49,"author":{"gitId":"MingEn82"},"content":"            if (food !\u003d null) {","lastModifiedDate":"2023-03-04"},{"lineNumber":50,"author":{"gitId":"MingEn82"},"content":"                foods.add(food);","lastModifiedDate":"2023-03-04"},{"lineNumber":51,"author":{"gitId":"MingEn82"},"content":"            }","lastModifiedDate":"2023-03-04"},{"lineNumber":52,"author":{"gitId":"MingEn82"},"content":"        }","lastModifiedDate":"2023-03-04"},{"lineNumber":53,"author":{"gitId":"MingEn82"},"content":"        br.close();","lastModifiedDate":"2023-03-04"},{"lineNumber":54,"author":{"gitId":"MingEn82"},"content":"    }","lastModifiedDate":"2023-03-04"},{"lineNumber":55,"author":{"gitId":"MingEn82"},"content":"","lastModifiedDate":"2023-03-04"},{"lineNumber":56,"author":{"gitId":"MingEn82"},"content":"    public ArrayList\u003cFood\u003e getFoods() {","lastModifiedDate":"2023-03-04"},{"lineNumber":57,"author":{"gitId":"MingEn82"},"content":"        return this.foods;","lastModifiedDate":"2023-03-04"},{"lineNumber":58,"author":{"gitId":"MingEn82"},"content":"    }","lastModifiedDate":"2023-03-04"},{"lineNumber":59,"author":{"gitId":"MingEn82"},"content":"}","lastModifiedDate":"2023-03-04"}],"authorContributionMap":{"MingEn82":59}},{"path":"src/main/java/seedu/Database/Storage.java","fileType":"functional-code","lines":[{"lineNumber":1,"author":{"gitId":"MingEn82"},"content":"package seedu.Database;","lastModifiedDate":"2023-03-04"},{"lineNumber":2,"author":{"gitId":"MingEn82"},"content":"","lastModifiedDate":"2023-03-04"},{"lineNumber":3,"author":{"gitId":"MingEn82"},"content":"public abstract class Storage {","lastModifiedDate":"2023-03-04"},{"lineNumber":4,"author":{"gitId":"MingEn82"},"content":"    protected String filePath;","lastModifiedDate":"2023-03-04"},{"lineNumber":5,"author":{"gitId":"MingEn82"},"content":"","lastModifiedDate":"2023-03-04"},{"lineNumber":6,"author":{"gitId":"MingEn82"},"content":"    public Storage(String filePath) {","lastModifiedDate":"2023-03-04"},{"lineNumber":7,"author":{"gitId":"MingEn82"},"content":"        this.filePath \u003d filePath;","lastModifiedDate":"2023-03-04"},{"lineNumber":8,"author":{"gitId":"MingEn82"},"content":"    }","lastModifiedDate":"2023-03-04"},{"lineNumber":9,"author":{"gitId":"MingEn82"},"content":"","lastModifiedDate":"2023-03-04"},{"lineNumber":10,"author":{"gitId":"MingEn82"},"content":"    public String getFilePath() {","lastModifiedDate":"2023-03-04"},{"lineNumber":11,"author":{"gitId":"MingEn82"},"content":"        return this.filePath;","lastModifiedDate":"2023-03-04"},{"lineNumber":12,"author":{"gitId":"MingEn82"},"content":"    }","lastModifiedDate":"2023-03-04"},{"lineNumber":13,"author":{"gitId":"MingEn82"},"content":"","lastModifiedDate":"2023-03-04"},{"lineNumber":14,"author":{"gitId":"MingEn82"},"content":"    public void setFilePath(String filePath) {","lastModifiedDate":"2023-03-04"},{"lineNumber":15,"author":{"gitId":"MingEn82"},"content":"        this.filePath \u003d filePath;","lastModifiedDate":"2023-03-04"},{"lineNumber":16,"author":{"gitId":"MingEn82"},"content":"    }","lastModifiedDate":"2023-03-04"},{"lineNumber":17,"author":{"gitId":"MingEn82"},"content":"}","lastModifiedDate":"2023-03-04"}],"authorContributionMap":{"MingEn82":17}},{"path":"src/main/java/seedu/Database/UserStorage.java","fileType":"functional-code","lines":[{"lineNumber":1,"author":{"gitId":"MingEn82"},"content":"package seedu.Database;","lastModifiedDate":"2023-03-04"},{"lineNumber":2,"author":{"gitId":"MingEn82"},"content":"","lastModifiedDate":"2023-03-04"},{"lineNumber":3,"author":{"gitId":"MingEn82"},"content":"import java.io.BufferedReader;","lastModifiedDate":"2023-03-04"},{"lineNumber":4,"author":{"gitId":"MingEn82"},"content":"import java.io.File;","lastModifiedDate":"2023-03-04"},{"lineNumber":5,"author":{"gitId":"MingEn82"},"content":"import java.io.FileNotFoundException;","lastModifiedDate":"2023-03-04"},{"lineNumber":6,"author":{"gitId":"MingEn82"},"content":"import java.io.FileReader;","lastModifiedDate":"2023-03-04"},{"lineNumber":7,"author":{"gitId":"MingEn82"},"content":"import java.io.FileWriter;","lastModifiedDate":"2023-03-04"},{"lineNumber":8,"author":{"gitId":"MingEn82"},"content":"import java.io.IOException;","lastModifiedDate":"2023-03-04"},{"lineNumber":9,"author":{"gitId":"MingEn82"},"content":"","lastModifiedDate":"2023-03-04"},{"lineNumber":10,"author":{"gitId":"MingEn82"},"content":"import com.opencsv.CSVWriter;","lastModifiedDate":"2023-03-04"},{"lineNumber":11,"author":{"gitId":"MingEn82"},"content":"","lastModifiedDate":"2023-03-04"},{"lineNumber":12,"author":{"gitId":"MingEn82"},"content":"import seedu.Entities.User;","lastModifiedDate":"2023-03-04"},{"lineNumber":13,"author":{"gitId":"MingEn82"},"content":"","lastModifiedDate":"2023-03-04"},{"lineNumber":14,"author":{"gitId":"MingEn82"},"content":"public class UserStorage extends Storage implements FileReadable, FileWritable {","lastModifiedDate":"2023-03-04"},{"lineNumber":15,"author":{"gitId":"MingEn82"},"content":"    private User user;","lastModifiedDate":"2023-03-04"},{"lineNumber":16,"author":{"gitId":"MingEn82"},"content":"","lastModifiedDate":"2023-03-04"},{"lineNumber":17,"author":{"gitId":"MingEn82"},"content":"    public UserStorage(String filePath) {","lastModifiedDate":"2023-03-04"},{"lineNumber":18,"author":{"gitId":"MingEn82"},"content":"        super(filePath);","lastModifiedDate":"2023-03-04"},{"lineNumber":19,"author":{"gitId":"MingEn82"},"content":"        //TODO Auto-generated constructor stub","lastModifiedDate":"2023-03-04"},{"lineNumber":20,"author":{"gitId":"MingEn82"},"content":"    }","lastModifiedDate":"2023-03-04"},{"lineNumber":21,"author":{"gitId":"MingEn82"},"content":"","lastModifiedDate":"2023-03-04"},{"lineNumber":22,"author":{"gitId":"MingEn82"},"content":"    @Override","lastModifiedDate":"2023-03-04"},{"lineNumber":23,"author":{"gitId":"MingEn82"},"content":"    public void write() throws IOException {","lastModifiedDate":"2023-03-04"},{"lineNumber":24,"author":{"gitId":"MingEn82"},"content":"        CSVWriter writer \u003d new CSVWriter(new FileWriter(filePath));","lastModifiedDate":"2023-03-04"},{"lineNumber":25,"author":{"gitId":"MingEn82"},"content":"        String[] header \u003d { \"Name\", \"Weight\", \"Height\" };","lastModifiedDate":"2023-03-04"},{"lineNumber":26,"author":{"gitId":"MingEn82"},"content":"        writer.writeNext(header);","lastModifiedDate":"2023-03-04"},{"lineNumber":27,"author":{"gitId":"MingEn82"},"content":"        writer.writeNext(user.toWriteFormat());","lastModifiedDate":"2023-03-04"},{"lineNumber":28,"author":{"gitId":"MingEn82"},"content":"        writer.close();","lastModifiedDate":"2023-03-04"},{"lineNumber":29,"author":{"gitId":"MingEn82"},"content":"    }","lastModifiedDate":"2023-03-04"},{"lineNumber":30,"author":{"gitId":"MingEn82"},"content":"","lastModifiedDate":"2023-03-04"},{"lineNumber":31,"author":{"gitId":"MingEn82"},"content":"    @Override","lastModifiedDate":"2023-03-04"},{"lineNumber":32,"author":{"gitId":"MingEn82"},"content":"    public void load() throws IOException {","lastModifiedDate":"2023-03-04"},{"lineNumber":33,"author":{"gitId":"MingEn82"},"content":"        String splitBy \u003d \",\";","lastModifiedDate":"2023-03-04"},{"lineNumber":34,"author":{"gitId":"MingEn82"},"content":"        String name;","lastModifiedDate":"2023-03-04"},{"lineNumber":35,"author":{"gitId":"MingEn82"},"content":"        float weight, height;","lastModifiedDate":"2023-03-04"},{"lineNumber":36,"author":{"gitId":"MingEn82"},"content":"        try {","lastModifiedDate":"2023-03-04"},{"lineNumber":37,"author":{"gitId":"MingEn82"},"content":"            // parsing a CSV file into BufferedReader class constructor","lastModifiedDate":"2023-03-04"},{"lineNumber":38,"author":{"gitId":"MingEn82"},"content":"            BufferedReader br \u003d new BufferedReader(new FileReader(filePath));","lastModifiedDate":"2023-03-04"},{"lineNumber":39,"author":{"gitId":"MingEn82"},"content":"            String[] userLine \u003d br.readLine().split(splitBy);","lastModifiedDate":"2023-03-04"},{"lineNumber":40,"author":{"gitId":"MingEn82"},"content":"            name \u003d userLine[0];","lastModifiedDate":"2023-03-04"},{"lineNumber":41,"author":{"gitId":"MingEn82"},"content":"            weight \u003d Float.parseFloat(userLine[1]);","lastModifiedDate":"2023-03-04"},{"lineNumber":42,"author":{"gitId":"MingEn82"},"content":"            height \u003d Float.parseFloat(userLine[2]);","lastModifiedDate":"2023-03-04"},{"lineNumber":43,"author":{"gitId":"MingEn82"},"content":"            user \u003d new User(name, weight, height);","lastModifiedDate":"2023-03-04"},{"lineNumber":44,"author":{"gitId":"MingEn82"},"content":"            br.close();","lastModifiedDate":"2023-03-04"},{"lineNumber":45,"author":{"gitId":"MingEn82"},"content":"        } catch (FileNotFoundException e) {","lastModifiedDate":"2023-03-04"},{"lineNumber":46,"author":{"gitId":"MingEn82"},"content":"            File newFile \u003d new File(filePath);","lastModifiedDate":"2023-03-04"},{"lineNumber":47,"author":{"gitId":"MingEn82"},"content":"            newFile.createNewFile();","lastModifiedDate":"2023-03-04"},{"lineNumber":48,"author":{"gitId":"MingEn82"},"content":"            user \u003d new User();","lastModifiedDate":"2023-03-04"},{"lineNumber":49,"author":{"gitId":"MingEn82"},"content":"        }","lastModifiedDate":"2023-03-04"},{"lineNumber":50,"author":{"gitId":"MingEn82"},"content":"    }","lastModifiedDate":"2023-03-04"},{"lineNumber":51,"author":{"gitId":"MingEn82"},"content":"","lastModifiedDate":"2023-03-04"},{"lineNumber":52,"author":{"gitId":"MingEn82"},"content":"    public void updateUser(String name, float weight, float height) {","lastModifiedDate":"2023-03-04"},{"lineNumber":53,"author":{"gitId":"MingEn82"},"content":"        user.setName(name);","lastModifiedDate":"2023-03-04"},{"lineNumber":54,"author":{"gitId":"MingEn82"},"content":"        user.setWeight(weight);","lastModifiedDate":"2023-03-04"},{"lineNumber":55,"author":{"gitId":"MingEn82"},"content":"        user.setHeight(height);","lastModifiedDate":"2023-03-04"},{"lineNumber":56,"author":{"gitId":"MingEn82"},"content":"    }","lastModifiedDate":"2023-03-04"},{"lineNumber":57,"author":{"gitId":"MingEn82"},"content":"}","lastModifiedDate":"2023-03-04"}],"authorContributionMap":{"MingEn82":57}},{"path":"src/main/java/seedu/Definitions/FoodTypes.java","fileType":"functional-code","lines":[{"lineNumber":1,"author":{"gitId":"MingEn82"},"content":"package seedu.Definitions;","lastModifiedDate":"2023-03-04"},{"lineNumber":2,"author":{"gitId":"MingEn82"},"content":"","lastModifiedDate":"2023-03-04"},{"lineNumber":3,"author":{"gitId":"MingEn82"},"content":"public enum FoodTypes {","lastModifiedDate":"2023-03-04"},{"lineNumber":4,"author":{"gitId":"MingEn82"},"content":"    INGREDIENT(\"Ingredient\"),","lastModifiedDate":"2023-03-04"},{"lineNumber":5,"author":{"gitId":"MingEn82"},"content":"    DISH(\"Dish\"),","lastModifiedDate":"2023-03-04"},{"lineNumber":6,"author":{"gitId":"MingEn82"},"content":"    SIDE(\"Side\");","lastModifiedDate":"2023-03-04"},{"lineNumber":7,"author":{"gitId":"MingEn82"},"content":"","lastModifiedDate":"2023-03-04"},{"lineNumber":8,"author":{"gitId":"MingEn82"},"content":"    private String foodType;","lastModifiedDate":"2023-03-04"},{"lineNumber":9,"author":{"gitId":"MingEn82"},"content":"","lastModifiedDate":"2023-03-04"},{"lineNumber":10,"author":{"gitId":"MingEn82"},"content":"    private FoodTypes(String foodType) {","lastModifiedDate":"2023-03-04"},{"lineNumber":11,"author":{"gitId":"MingEn82"},"content":"        this.foodType \u003d foodType;","lastModifiedDate":"2023-03-04"},{"lineNumber":12,"author":{"gitId":"MingEn82"},"content":"    } ","lastModifiedDate":"2023-03-04"},{"lineNumber":13,"author":{"gitId":"MingEn82"},"content":"","lastModifiedDate":"2023-03-04"},{"lineNumber":14,"author":{"gitId":"MingEn82"},"content":"    @Override","lastModifiedDate":"2023-03-04"},{"lineNumber":15,"author":{"gitId":"MingEn82"},"content":"    public String toString() {","lastModifiedDate":"2023-03-04"},{"lineNumber":16,"author":{"gitId":"MingEn82"},"content":"        return foodType;","lastModifiedDate":"2023-03-04"},{"lineNumber":17,"author":{"gitId":"MingEn82"},"content":"    }","lastModifiedDate":"2023-03-04"},{"lineNumber":18,"author":{"gitId":"MingEn82"},"content":"}","lastModifiedDate":"2023-03-04"}],"authorContributionMap":{"MingEn82":18}},{"path":"src/main/java/seedu/Entities/Dish.java","fileType":"functional-code","lines":[{"lineNumber":1,"author":{"gitId":"MingEn82"},"content":"package seedu.Entities;","lastModifiedDate":"2023-03-04"},{"lineNumber":2,"author":{"gitId":"MingEn82"},"content":"","lastModifiedDate":"2023-03-04"},{"lineNumber":3,"author":{"gitId":"MingEn82"},"content":"public class Dish extends Food {","lastModifiedDate":"2023-03-04"},{"lineNumber":4,"author":{"gitId":"MingEn82"},"content":"    public Dish(String name, String storeName, int storeNumber, float calories) {","lastModifiedDate":"2023-03-04"},{"lineNumber":5,"author":{"gitId":"MingEn82"},"content":"        super(name, storeName, storeNumber, calories);","lastModifiedDate":"2023-03-04"},{"lineNumber":6,"author":{"gitId":"MingEn82"},"content":"    }","lastModifiedDate":"2023-03-04"},{"lineNumber":7,"author":{"gitId":"MingEn82"},"content":"}","lastModifiedDate":"2023-03-04"}],"authorContributionMap":{"MingEn82":7}},{"path":"src/main/java/seedu/Entities/Food.java","fileType":"functional-code","lines":[{"lineNumber":1,"author":{"gitId":"MingEn82"},"content":"package seedu.Entities;","lastModifiedDate":"2023-03-04"},{"lineNumber":2,"author":{"gitId":"MingEn82"},"content":"","lastModifiedDate":"2023-03-04"},{"lineNumber":3,"author":{"gitId":"MingEn82"},"content":"public abstract class Food {","lastModifiedDate":"2023-03-04"},{"lineNumber":4,"author":{"gitId":"MingEn82"},"content":"    protected String name;","lastModifiedDate":"2023-03-04"},{"lineNumber":5,"author":{"gitId":"MingEn82"},"content":"    protected String storeName;","lastModifiedDate":"2023-03-04"},{"lineNumber":6,"author":{"gitId":"MingEn82"},"content":"    protected int storeNumber;","lastModifiedDate":"2023-03-04"},{"lineNumber":7,"author":{"gitId":"MingEn82"},"content":"    protected float calories;","lastModifiedDate":"2023-03-04"},{"lineNumber":8,"author":{"gitId":"MingEn82"},"content":"","lastModifiedDate":"2023-03-04"},{"lineNumber":9,"author":{"gitId":"MingEn82"},"content":"    public Food(String name, String storeName, int storeNumber, float calories) {","lastModifiedDate":"2023-03-04"},{"lineNumber":10,"author":{"gitId":"MingEn82"},"content":"        this.name \u003d name;","lastModifiedDate":"2023-03-04"},{"lineNumber":11,"author":{"gitId":"MingEn82"},"content":"        this.storeName \u003d storeName;","lastModifiedDate":"2023-03-04"},{"lineNumber":12,"author":{"gitId":"MingEn82"},"content":"        this.storeNumber \u003d storeNumber;","lastModifiedDate":"2023-03-04"},{"lineNumber":13,"author":{"gitId":"MingEn82"},"content":"        this.calories \u003d calories;","lastModifiedDate":"2023-03-04"},{"lineNumber":14,"author":{"gitId":"MingEn82"},"content":"    }","lastModifiedDate":"2023-03-04"},{"lineNumber":15,"author":{"gitId":"MingEn82"},"content":"","lastModifiedDate":"2023-03-04"},{"lineNumber":16,"author":{"gitId":"MingEn82"},"content":"    public String getName() {","lastModifiedDate":"2023-03-04"},{"lineNumber":17,"author":{"gitId":"MingEn82"},"content":"        return this.name;","lastModifiedDate":"2023-03-04"},{"lineNumber":18,"author":{"gitId":"MingEn82"},"content":"    }","lastModifiedDate":"2023-03-04"},{"lineNumber":19,"author":{"gitId":"MingEn82"},"content":"","lastModifiedDate":"2023-03-04"},{"lineNumber":20,"author":{"gitId":"MingEn82"},"content":"    public void setName(String name) {","lastModifiedDate":"2023-03-04"},{"lineNumber":21,"author":{"gitId":"MingEn82"},"content":"        this.name \u003d name;","lastModifiedDate":"2023-03-04"},{"lineNumber":22,"author":{"gitId":"MingEn82"},"content":"    }","lastModifiedDate":"2023-03-04"},{"lineNumber":23,"author":{"gitId":"MingEn82"},"content":"","lastModifiedDate":"2023-03-04"},{"lineNumber":24,"author":{"gitId":"MingEn82"},"content":"    public String getStoreName() {","lastModifiedDate":"2023-03-04"},{"lineNumber":25,"author":{"gitId":"MingEn82"},"content":"        return this.storeName;","lastModifiedDate":"2023-03-04"},{"lineNumber":26,"author":{"gitId":"MingEn82"},"content":"    }","lastModifiedDate":"2023-03-04"},{"lineNumber":27,"author":{"gitId":"MingEn82"},"content":"","lastModifiedDate":"2023-03-04"},{"lineNumber":28,"author":{"gitId":"MingEn82"},"content":"    public void setStoreName(String storeName) {","lastModifiedDate":"2023-03-04"},{"lineNumber":29,"author":{"gitId":"MingEn82"},"content":"        this.storeName \u003d storeName;","lastModifiedDate":"2023-03-04"},{"lineNumber":30,"author":{"gitId":"MingEn82"},"content":"    }","lastModifiedDate":"2023-03-04"},{"lineNumber":31,"author":{"gitId":"MingEn82"},"content":"","lastModifiedDate":"2023-03-04"},{"lineNumber":32,"author":{"gitId":"MingEn82"},"content":"    public int getStoreNumber() {","lastModifiedDate":"2023-03-04"},{"lineNumber":33,"author":{"gitId":"MingEn82"},"content":"        return this.storeNumber;","lastModifiedDate":"2023-03-04"},{"lineNumber":34,"author":{"gitId":"MingEn82"},"content":"    }","lastModifiedDate":"2023-03-04"},{"lineNumber":35,"author":{"gitId":"MingEn82"},"content":"","lastModifiedDate":"2023-03-04"},{"lineNumber":36,"author":{"gitId":"MingEn82"},"content":"    public void setStoreNumber(int storeNumber) {","lastModifiedDate":"2023-03-04"},{"lineNumber":37,"author":{"gitId":"MingEn82"},"content":"        this.storeNumber \u003d storeNumber;","lastModifiedDate":"2023-03-04"},{"lineNumber":38,"author":{"gitId":"MingEn82"},"content":"    }","lastModifiedDate":"2023-03-04"},{"lineNumber":39,"author":{"gitId":"MingEn82"},"content":"","lastModifiedDate":"2023-03-04"},{"lineNumber":40,"author":{"gitId":"MingEn82"},"content":"    public float getCalories() {","lastModifiedDate":"2023-03-04"},{"lineNumber":41,"author":{"gitId":"MingEn82"},"content":"        return this.calories;","lastModifiedDate":"2023-03-04"},{"lineNumber":42,"author":{"gitId":"MingEn82"},"content":"    }","lastModifiedDate":"2023-03-04"},{"lineNumber":43,"author":{"gitId":"MingEn82"},"content":"","lastModifiedDate":"2023-03-04"},{"lineNumber":44,"author":{"gitId":"MingEn82"},"content":"    public void setCalories(float calories) {","lastModifiedDate":"2023-03-04"},{"lineNumber":45,"author":{"gitId":"MingEn82"},"content":"        this.calories \u003d calories;","lastModifiedDate":"2023-03-04"},{"lineNumber":46,"author":{"gitId":"MingEn82"},"content":"    }","lastModifiedDate":"2023-03-04"},{"lineNumber":47,"author":{"gitId":"MingEn82"},"content":"    ","lastModifiedDate":"2023-03-04"},{"lineNumber":48,"author":{"gitId":"MingEn82"},"content":"}","lastModifiedDate":"2023-03-04"}],"authorContributionMap":{"MingEn82":48}},{"path":"src/main/java/seedu/Entities/Ingredient.java","fileType":"functional-code","lines":[{"lineNumber":1,"author":{"gitId":"MingEn82"},"content":"package seedu.Entities;","lastModifiedDate":"2023-03-04"},{"lineNumber":2,"author":{"gitId":"MingEn82"},"content":"","lastModifiedDate":"2023-03-04"},{"lineNumber":3,"author":{"gitId":"MingEn82"},"content":"public class Ingredient extends Food {","lastModifiedDate":"2023-03-04"},{"lineNumber":4,"author":{"gitId":"MingEn82"},"content":"    public Ingredient(String name, String storeName, int storeNumber, float calories) {","lastModifiedDate":"2023-03-04"},{"lineNumber":5,"author":{"gitId":"MingEn82"},"content":"        super(name, storeName, storeNumber, calories);","lastModifiedDate":"2023-03-04"},{"lineNumber":6,"author":{"gitId":"MingEn82"},"content":"    }","lastModifiedDate":"2023-03-04"},{"lineNumber":7,"author":{"gitId":"MingEn82"},"content":"}","lastModifiedDate":"2023-03-04"}],"authorContributionMap":{"MingEn82":7}},{"path":"src/main/java/seedu/Entities/Meal.java","fileType":"functional-code","lines":[{"lineNumber":1,"author":{"gitId":"MingEn82"},"content":"package seedu.Entities;","lastModifiedDate":"2023-03-04"},{"lineNumber":2,"author":{"gitId":"MingEn82"},"content":"","lastModifiedDate":"2023-03-04"},{"lineNumber":3,"author":{"gitId":"MingEn82"},"content":"import java.util.ArrayList;","lastModifiedDate":"2023-03-04"},{"lineNumber":4,"author":{"gitId":"MingEn82"},"content":"","lastModifiedDate":"2023-03-04"},{"lineNumber":5,"author":{"gitId":"MingEn82"},"content":"public class Meal {","lastModifiedDate":"2023-03-04"},{"lineNumber":6,"author":{"gitId":"MingEn82"},"content":"    private ArrayList\u003cFood\u003e foods;","lastModifiedDate":"2023-03-04"},{"lineNumber":7,"author":{"gitId":"MingEn82"},"content":"    private String date;","lastModifiedDate":"2023-03-04"},{"lineNumber":8,"author":{"gitId":"MingEn82"},"content":"    private float totalCalories;","lastModifiedDate":"2023-03-04"},{"lineNumber":9,"author":{"gitId":"MingEn82"},"content":"","lastModifiedDate":"2023-03-04"},{"lineNumber":10,"author":{"gitId":"MingEn82"},"content":"    public Meal(ArrayList\u003cFood\u003e foods, String date) {","lastModifiedDate":"2023-03-04"},{"lineNumber":11,"author":{"gitId":"MingEn82"},"content":"        this.foods \u003d foods;","lastModifiedDate":"2023-03-04"},{"lineNumber":12,"author":{"gitId":"MingEn82"},"content":"        this.date \u003d date;","lastModifiedDate":"2023-03-04"},{"lineNumber":13,"author":{"gitId":"MingEn82"},"content":"        calculateTotalCalories();","lastModifiedDate":"2023-03-04"},{"lineNumber":14,"author":{"gitId":"MingEn82"},"content":"    }","lastModifiedDate":"2023-03-04"},{"lineNumber":15,"author":{"gitId":"MingEn82"},"content":"","lastModifiedDate":"2023-03-04"},{"lineNumber":16,"author":{"gitId":"MingEn82"},"content":"    public ArrayList\u003cFood\u003e getFoods() {","lastModifiedDate":"2023-03-04"},{"lineNumber":17,"author":{"gitId":"MingEn82"},"content":"        return this.foods;","lastModifiedDate":"2023-03-04"},{"lineNumber":18,"author":{"gitId":"MingEn82"},"content":"    }","lastModifiedDate":"2023-03-04"},{"lineNumber":19,"author":{"gitId":"MingEn82"},"content":"","lastModifiedDate":"2023-03-04"},{"lineNumber":20,"author":{"gitId":"MingEn82"},"content":"    public void setFoods(ArrayList\u003cFood\u003e foods) {","lastModifiedDate":"2023-03-04"},{"lineNumber":21,"author":{"gitId":"MingEn82"},"content":"        this.foods \u003d foods;","lastModifiedDate":"2023-03-04"},{"lineNumber":22,"author":{"gitId":"MingEn82"},"content":"    }","lastModifiedDate":"2023-03-04"},{"lineNumber":23,"author":{"gitId":"MingEn82"},"content":"","lastModifiedDate":"2023-03-04"},{"lineNumber":24,"author":{"gitId":"MingEn82"},"content":"    public String getDate() {","lastModifiedDate":"2023-03-04"},{"lineNumber":25,"author":{"gitId":"MingEn82"},"content":"        return this.date;","lastModifiedDate":"2023-03-04"},{"lineNumber":26,"author":{"gitId":"MingEn82"},"content":"    }","lastModifiedDate":"2023-03-04"},{"lineNumber":27,"author":{"gitId":"MingEn82"},"content":"","lastModifiedDate":"2023-03-04"},{"lineNumber":28,"author":{"gitId":"MingEn82"},"content":"    public void setDate(String date) {","lastModifiedDate":"2023-03-04"},{"lineNumber":29,"author":{"gitId":"MingEn82"},"content":"        this.date \u003d date;","lastModifiedDate":"2023-03-04"},{"lineNumber":30,"author":{"gitId":"MingEn82"},"content":"    }","lastModifiedDate":"2023-03-04"},{"lineNumber":31,"author":{"gitId":"MingEn82"},"content":"","lastModifiedDate":"2023-03-04"},{"lineNumber":32,"author":{"gitId":"MingEn82"},"content":"    public float getTotalCalories() {","lastModifiedDate":"2023-03-04"},{"lineNumber":33,"author":{"gitId":"MingEn82"},"content":"        return this.totalCalories;","lastModifiedDate":"2023-03-04"},{"lineNumber":34,"author":{"gitId":"MingEn82"},"content":"    }","lastModifiedDate":"2023-03-04"},{"lineNumber":35,"author":{"gitId":"MingEn82"},"content":"","lastModifiedDate":"2023-03-04"},{"lineNumber":36,"author":{"gitId":"MingEn82"},"content":"    public void calculateTotalCalories() {","lastModifiedDate":"2023-03-04"},{"lineNumber":37,"author":{"gitId":"MingEn82"},"content":"        for (Food food : foods) {","lastModifiedDate":"2023-03-04"},{"lineNumber":38,"author":{"gitId":"MingEn82"},"content":"            this.totalCalories +\u003d food.getCalories();","lastModifiedDate":"2023-03-04"},{"lineNumber":39,"author":{"gitId":"MingEn82"},"content":"        }","lastModifiedDate":"2023-03-04"},{"lineNumber":40,"author":{"gitId":"MingEn82"},"content":"    }","lastModifiedDate":"2023-03-04"},{"lineNumber":41,"author":{"gitId":"MingEn82"},"content":"}","lastModifiedDate":"2023-03-04"}],"authorContributionMap":{"MingEn82":41}},{"path":"src/main/java/seedu/Entities/Side.java","fileType":"functional-code","lines":[{"lineNumber":1,"author":{"gitId":"MingEn82"},"content":"package seedu.Entities;","lastModifiedDate":"2023-03-04"},{"lineNumber":2,"author":{"gitId":"MingEn82"},"content":"","lastModifiedDate":"2023-03-04"},{"lineNumber":3,"author":{"gitId":"MingEn82"},"content":"public class Side extends Food {","lastModifiedDate":"2023-03-04"},{"lineNumber":4,"author":{"gitId":"MingEn82"},"content":"    public Side(String name, String storeName, int storeNumber, float calories) {","lastModifiedDate":"2023-03-04"},{"lineNumber":5,"author":{"gitId":"MingEn82"},"content":"        super(name, storeName, storeNumber, calories);","lastModifiedDate":"2023-03-04"},{"lineNumber":6,"author":{"gitId":"MingEn82"},"content":"    }","lastModifiedDate":"2023-03-04"},{"lineNumber":7,"author":{"gitId":"MingEn82"},"content":"    ","lastModifiedDate":"2023-03-04"},{"lineNumber":8,"author":{"gitId":"MingEn82"},"content":"}","lastModifiedDate":"2023-03-04"}],"authorContributionMap":{"MingEn82":8}},{"path":"src/main/java/seedu/Entities/User.java","fileType":"functional-code","lines":[{"lineNumber":1,"author":{"gitId":"MingEn82"},"content":"package seedu.Entities;","lastModifiedDate":"2023-03-04"},{"lineNumber":2,"author":{"gitId":"MingEn82"},"content":"","lastModifiedDate":"2023-03-04"},{"lineNumber":3,"author":{"gitId":"MingEn82"},"content":"public class User {","lastModifiedDate":"2023-03-04"},{"lineNumber":4,"author":{"gitId":"MingEn82"},"content":"    private String name;","lastModifiedDate":"2023-03-04"},{"lineNumber":5,"author":{"gitId":"MingEn82"},"content":"    private float weight;","lastModifiedDate":"2023-03-04"},{"lineNumber":6,"author":{"gitId":"MingEn82"},"content":"    private float height;","lastModifiedDate":"2023-03-04"},{"lineNumber":7,"author":{"gitId":"MingEn82"},"content":"","lastModifiedDate":"2023-03-04"},{"lineNumber":8,"author":{"gitId":"MingEn82"},"content":"    public User() {","lastModifiedDate":"2023-03-04"},{"lineNumber":9,"author":{"gitId":"MingEn82"},"content":"        this.name \u003d \"\";","lastModifiedDate":"2023-03-07"},{"lineNumber":10,"author":{"gitId":"MingEn82"},"content":"        this.weight \u003d 0;","lastModifiedDate":"2023-03-07"},{"lineNumber":11,"author":{"gitId":"MingEn82"},"content":"        this.weight \u003d 0;","lastModifiedDate":"2023-03-07"},{"lineNumber":12,"author":{"gitId":"MingEn82"},"content":"    }","lastModifiedDate":"2023-03-04"},{"lineNumber":13,"author":{"gitId":"MingEn82"},"content":"","lastModifiedDate":"2023-03-04"},{"lineNumber":14,"author":{"gitId":"MingEn82"},"content":"    public User(String name, float weight, float height) {","lastModifiedDate":"2023-03-04"},{"lineNumber":15,"author":{"gitId":"MingEn82"},"content":"        this.name \u003d name;","lastModifiedDate":"2023-03-04"},{"lineNumber":16,"author":{"gitId":"MingEn82"},"content":"        this.weight \u003d weight;","lastModifiedDate":"2023-03-04"},{"lineNumber":17,"author":{"gitId":"MingEn82"},"content":"        this.height \u003d height;","lastModifiedDate":"2023-03-04"},{"lineNumber":18,"author":{"gitId":"MingEn82"},"content":"    }","lastModifiedDate":"2023-03-04"},{"lineNumber":19,"author":{"gitId":"MingEn82"},"content":"","lastModifiedDate":"2023-03-04"},{"lineNumber":20,"author":{"gitId":"MingEn82"},"content":"    public String getName() {","lastModifiedDate":"2023-03-04"},{"lineNumber":21,"author":{"gitId":"MingEn82"},"content":"        return this.name;","lastModifiedDate":"2023-03-04"},{"lineNumber":22,"author":{"gitId":"MingEn82"},"content":"    }","lastModifiedDate":"2023-03-04"},{"lineNumber":23,"author":{"gitId":"MingEn82"},"content":"","lastModifiedDate":"2023-03-04"},{"lineNumber":24,"author":{"gitId":"MingEn82"},"content":"    public void setName(String name) {","lastModifiedDate":"2023-03-04"},{"lineNumber":25,"author":{"gitId":"MingEn82"},"content":"        this.name \u003d name;","lastModifiedDate":"2023-03-04"},{"lineNumber":26,"author":{"gitId":"MingEn82"},"content":"    }","lastModifiedDate":"2023-03-04"},{"lineNumber":27,"author":{"gitId":"MingEn82"},"content":"","lastModifiedDate":"2023-03-04"},{"lineNumber":28,"author":{"gitId":"MingEn82"},"content":"    public float getWeight() {","lastModifiedDate":"2023-03-04"},{"lineNumber":29,"author":{"gitId":"MingEn82"},"content":"        return this.weight;","lastModifiedDate":"2023-03-04"},{"lineNumber":30,"author":{"gitId":"MingEn82"},"content":"    }","lastModifiedDate":"2023-03-04"},{"lineNumber":31,"author":{"gitId":"MingEn82"},"content":"","lastModifiedDate":"2023-03-04"},{"lineNumber":32,"author":{"gitId":"MingEn82"},"content":"    public void setWeight(float weight) {","lastModifiedDate":"2023-03-04"},{"lineNumber":33,"author":{"gitId":"MingEn82"},"content":"        this.weight \u003d weight;","lastModifiedDate":"2023-03-04"},{"lineNumber":34,"author":{"gitId":"MingEn82"},"content":"    }","lastModifiedDate":"2023-03-04"},{"lineNumber":35,"author":{"gitId":"MingEn82"},"content":"","lastModifiedDate":"2023-03-04"},{"lineNumber":36,"author":{"gitId":"MingEn82"},"content":"    public float getHeight() {","lastModifiedDate":"2023-03-04"},{"lineNumber":37,"author":{"gitId":"MingEn82"},"content":"        return this.height;","lastModifiedDate":"2023-03-04"},{"lineNumber":38,"author":{"gitId":"MingEn82"},"content":"    }","lastModifiedDate":"2023-03-04"},{"lineNumber":39,"author":{"gitId":"MingEn82"},"content":"","lastModifiedDate":"2023-03-04"},{"lineNumber":40,"author":{"gitId":"MingEn82"},"content":"    public void setHeight(float height) {","lastModifiedDate":"2023-03-04"},{"lineNumber":41,"author":{"gitId":"MingEn82"},"content":"        this.height \u003d height;","lastModifiedDate":"2023-03-04"},{"lineNumber":42,"author":{"gitId":"MingEn82"},"content":"    }","lastModifiedDate":"2023-03-04"},{"lineNumber":43,"author":{"gitId":"MingEn82"},"content":"","lastModifiedDate":"2023-03-04"},{"lineNumber":44,"author":{"gitId":"MingEn82"},"content":"    public String[] toWriteFormat() {","lastModifiedDate":"2023-03-04"},{"lineNumber":45,"author":{"gitId":"MingEn82"},"content":"        String weight \u003d Float.toString(this.weight);","lastModifiedDate":"2023-03-04"},{"lineNumber":46,"author":{"gitId":"MingEn82"},"content":"        String height \u003d Float.toString(this.height);","lastModifiedDate":"2023-03-04"},{"lineNumber":47,"author":{"gitId":"MingEn82"},"content":"        String[] value \u003d { this.name, weight, height };","lastModifiedDate":"2023-03-04"},{"lineNumber":48,"author":{"gitId":"MingEn82"},"content":"        ","lastModifiedDate":"2023-03-04"},{"lineNumber":49,"author":{"gitId":"MingEn82"},"content":"        return value;","lastModifiedDate":"2023-03-04"},{"lineNumber":50,"author":{"gitId":"MingEn82"},"content":"    }","lastModifiedDate":"2023-03-04"},{"lineNumber":51,"author":{"gitId":"MingEn82"},"content":"}","lastModifiedDate":"2023-03-04"}],"authorContributionMap":{"MingEn82":51}},{"path":"src/main/java/seedu/Exceptions/InvalidCommandException.java","fileType":"functional-code","lines":[{"lineNumber":1,"author":{"gitId":"MustafaAH10"},"content":"package seedu.Exceptions;","lastModifiedDate":"2023-03-07"},{"lineNumber":2,"author":{"gitId":"MustafaAH10"},"content":"","lastModifiedDate":"2023-03-07"},{"lineNumber":3,"author":{"gitId":"MustafaAH10"},"content":"public class InvalidCommandException extends LifeTrackerException{","lastModifiedDate":"2023-03-07"},{"lineNumber":4,"author":{"gitId":"MustafaAH10"},"content":"","lastModifiedDate":"2023-03-07"},{"lineNumber":5,"author":{"gitId":"MustafaAH10"},"content":"    public InvalidCommandException() {","lastModifiedDate":"2023-03-07"},{"lineNumber":6,"author":{"gitId":"MustafaAH10"},"content":"        super(\"Please enter a valid command.\");","lastModifiedDate":"2023-03-07"},{"lineNumber":7,"author":{"gitId":"MustafaAH10"},"content":"    }","lastModifiedDate":"2023-03-07"},{"lineNumber":8,"author":{"gitId":"MustafaAH10"},"content":"}","lastModifiedDate":"2023-03-07"}],"authorContributionMap":{"MustafaAH10":8}},{"path":"src/main/java/seedu/Exceptions/LifeTrackerException.java","fileType":"functional-code","lines":[{"lineNumber":1,"author":{"gitId":"MustafaAH10"},"content":"package seedu.Exceptions;","lastModifiedDate":"2023-03-07"},{"lineNumber":2,"author":{"gitId":"MustafaAH10"},"content":"","lastModifiedDate":"2023-03-07"},{"lineNumber":3,"author":{"gitId":"MustafaAH10"},"content":"public abstract class LifeTrackerException extends Exception{","lastModifiedDate":"2023-03-07"},{"lineNumber":4,"author":{"gitId":"MustafaAH10"},"content":"    public LifeTrackerException(String errorMessage){","lastModifiedDate":"2023-03-07"},{"lineNumber":5,"author":{"gitId":"MustafaAH10"},"content":"        super(errorMessage);","lastModifiedDate":"2023-03-07"},{"lineNumber":6,"author":{"gitId":"MustafaAH10"},"content":"    }","lastModifiedDate":"2023-03-07"},{"lineNumber":7,"author":{"gitId":"MustafaAH10"},"content":"}","lastModifiedDate":"2023-03-07"}],"authorContributionMap":{"MustafaAH10":7}},{"path":"src/main/java/seedu/Parser/CommandParser.java","fileType":"functional-code","lines":[{"lineNumber":1,"author":{"gitId":"MustafaAH10"},"content":"package seedu.Parser;","lastModifiedDate":"2023-03-07"},{"lineNumber":2,"author":{"gitId":"MustafaAH10"},"content":"","lastModifiedDate":"2023-03-07"},{"lineNumber":3,"author":{"gitId":"MustafaAH10"},"content":"import seedu.Commands.AddFoodCommand;","lastModifiedDate":"2023-03-07"},{"lineNumber":4,"author":{"gitId":"MustafaAH10"},"content":"import seedu.Commands.Command;","lastModifiedDate":"2023-03-07"},{"lineNumber":5,"author":{"gitId":"MustafaAH10"},"content":"import seedu.Commands.ExitCommand;","lastModifiedDate":"2023-03-07"},{"lineNumber":6,"author":{"gitId":"MustafaAH10"},"content":"import seedu.Exceptions.InvalidCommandException;","lastModifiedDate":"2023-03-07"},{"lineNumber":7,"author":{"gitId":"MustafaAH10"},"content":"import seedu.Exceptions.LifeTrackerException;","lastModifiedDate":"2023-03-07"},{"lineNumber":8,"author":{"gitId":"MustafaAH10"},"content":"","lastModifiedDate":"2023-03-07"},{"lineNumber":9,"author":{"gitId":"MustafaAH10"},"content":"public class CommandParser {","lastModifiedDate":"2023-03-07"},{"lineNumber":10,"author":{"gitId":"MustafaAH10"},"content":"    public static Command parse(String userInput) throws LifeTrackerException {","lastModifiedDate":"2023-03-07"},{"lineNumber":11,"author":{"gitId":"MustafaAH10"},"content":"        String[] userInputArray \u003d userInput.split(\" \");","lastModifiedDate":"2023-03-07"},{"lineNumber":12,"author":{"gitId":"MustafaAH10"},"content":"        String commandWord \u003d userInputArray[0];","lastModifiedDate":"2023-03-07"},{"lineNumber":13,"author":{"gitId":"MustafaAH10"},"content":"        String commandDescriptor \u003d userInput.substring(commandWord.length()).trim();","lastModifiedDate":"2023-03-07"},{"lineNumber":14,"author":{"gitId":"MustafaAH10"},"content":"        Command command;","lastModifiedDate":"2023-03-07"},{"lineNumber":15,"author":{"gitId":"MustafaAH10"},"content":"","lastModifiedDate":"2023-03-07"},{"lineNumber":16,"author":{"gitId":"MustafaAH10"},"content":"        switch(commandWord) {","lastModifiedDate":"2023-03-07"},{"lineNumber":17,"author":{"gitId":"MustafaAH10"},"content":"        case \"add\":","lastModifiedDate":"2023-03-07"},{"lineNumber":18,"author":{"gitId":"MustafaAH10"},"content":"            command \u003d new AddFoodCommand(commandDescriptor);","lastModifiedDate":"2023-03-07"},{"lineNumber":19,"author":{"gitId":"MustafaAH10"},"content":"            break;","lastModifiedDate":"2023-03-07"},{"lineNumber":20,"author":{"gitId":"MustafaAH10"},"content":"        case \"bye\":","lastModifiedDate":"2023-03-07"},{"lineNumber":21,"author":{"gitId":"MustafaAH10"},"content":"            command \u003d new ExitCommand();","lastModifiedDate":"2023-03-07"},{"lineNumber":22,"author":{"gitId":"MustafaAH10"},"content":"            break;","lastModifiedDate":"2023-03-07"},{"lineNumber":23,"author":{"gitId":"MustafaAH10"},"content":"        default:","lastModifiedDate":"2023-03-07"},{"lineNumber":24,"author":{"gitId":"MustafaAH10"},"content":"            throw new InvalidCommandException();","lastModifiedDate":"2023-03-07"},{"lineNumber":25,"author":{"gitId":"MustafaAH10"},"content":"        }","lastModifiedDate":"2023-03-07"},{"lineNumber":26,"author":{"gitId":"MustafaAH10"},"content":"        return command;","lastModifiedDate":"2023-03-07"},{"lineNumber":27,"author":{"gitId":"MustafaAH10"},"content":"    }","lastModifiedDate":"2023-03-07"},{"lineNumber":28,"author":{"gitId":"MustafaAH10"},"content":"}","lastModifiedDate":"2023-03-07"}],"authorContributionMap":{"MustafaAH10":28}},{"path":"src/main/java/seedu/duke/LifeTracker.java","fileType":"functional-code","lines":[{"lineNumber":1,"author":{"gitId":"MustafaAH10"},"content":"package seedu.duke;","lastModifiedDate":"2023-03-07"},{"lineNumber":2,"author":{"gitId":"MustafaAH10"},"content":"","lastModifiedDate":"2023-03-07"},{"lineNumber":3,"author":{"gitId":"MustafaAH10"},"content":"import seedu.Commands.Command;","lastModifiedDate":"2023-03-07"},{"lineNumber":4,"author":{"gitId":"MustafaAH10"},"content":"import seedu.Database.FoodStorage;","lastModifiedDate":"2023-03-07"},{"lineNumber":5,"author":{"gitId":"MustafaAH10"},"content":"import seedu.Database.UserStorage;","lastModifiedDate":"2023-03-07"},{"lineNumber":6,"author":{"gitId":"MustafaAH10"},"content":"import seedu.Entities.Food;","lastModifiedDate":"2023-03-07"},{"lineNumber":7,"author":{"gitId":"MustafaAH10"},"content":"import seedu.Exceptions.LifeTrackerException;","lastModifiedDate":"2023-03-07"},{"lineNumber":8,"author":{"gitId":"MustafaAH10"},"content":"import seedu.Parser.CommandParser;","lastModifiedDate":"2023-03-07"},{"lineNumber":9,"author":{"gitId":"MustafaAH10"},"content":"","lastModifiedDate":"2023-03-07"},{"lineNumber":10,"author":{"gitId":"MustafaAH10"},"content":"import java.io.IOException;","lastModifiedDate":"2023-03-07"},{"lineNumber":11,"author":{"gitId":"MustafaAH10"},"content":"import java.util.Scanner;","lastModifiedDate":"2023-03-07"},{"lineNumber":12,"author":{"gitId":"MustafaAH10"},"content":"","lastModifiedDate":"2023-03-07"},{"lineNumber":13,"author":{"gitId":"MustafaAH10"},"content":"public class LifeTracker {","lastModifiedDate":"2023-03-07"},{"lineNumber":14,"author":{"gitId":"MustafaAH10"},"content":"","lastModifiedDate":"2023-03-07"},{"lineNumber":15,"author":{"gitId":"MustafaAH10"},"content":"    protected static String filePath \u003d \"data/storage.csv\";","lastModifiedDate":"2023-03-07"},{"lineNumber":16,"author":{"gitId":"MustafaAH10"},"content":"    public static Scanner scanner \u003d new Scanner(System.in);","lastModifiedDate":"2023-03-07"},{"lineNumber":17,"author":{"gitId":"MustafaAH10"},"content":"    private FoodStorage foodList;","lastModifiedDate":"2023-03-07"},{"lineNumber":18,"author":{"gitId":"MustafaAH10"},"content":"    private UserStorage userList;","lastModifiedDate":"2023-03-07"},{"lineNumber":19,"author":{"gitId":"MustafaAH10"},"content":"","lastModifiedDate":"2023-03-07"},{"lineNumber":20,"author":{"gitId":"MustafaAH10"},"content":"    public LifeTracker(String filePath) {","lastModifiedDate":"2023-03-07"},{"lineNumber":21,"author":{"gitId":"MustafaAH10"},"content":"        try {","lastModifiedDate":"2023-03-07"},{"lineNumber":22,"author":{"gitId":"MustafaAH10"},"content":"            foodList \u003d new FoodStorage(filePath);","lastModifiedDate":"2023-03-07"},{"lineNumber":23,"author":{"gitId":"MustafaAH10"},"content":"            foodList.load();","lastModifiedDate":"2023-03-07"},{"lineNumber":24,"author":{"gitId":"MustafaAH10"},"content":"        } catch (IOException e) {","lastModifiedDate":"2023-03-07"},{"lineNumber":25,"author":{"gitId":"MustafaAH10"},"content":"            foodList \u003d new FoodStorage(filePath);","lastModifiedDate":"2023-03-07"},{"lineNumber":26,"author":{"gitId":"MustafaAH10"},"content":"            throw new RuntimeException(e);","lastModifiedDate":"2023-03-07"},{"lineNumber":27,"author":{"gitId":"MustafaAH10"},"content":"        }","lastModifiedDate":"2023-03-07"},{"lineNumber":28,"author":{"gitId":"MustafaAH10"},"content":"    }","lastModifiedDate":"2023-03-07"},{"lineNumber":29,"author":{"gitId":"MustafaAH10"},"content":"","lastModifiedDate":"2023-03-07"},{"lineNumber":30,"author":{"gitId":"MustafaAH10"},"content":"    public void run() {","lastModifiedDate":"2023-03-07"},{"lineNumber":31,"author":{"gitId":"MustafaAH10"},"content":"        boolean isExit \u003d false;","lastModifiedDate":"2023-03-07"},{"lineNumber":32,"author":{"gitId":"MustafaAH10"},"content":"        while (!isExit) {","lastModifiedDate":"2023-03-07"},{"lineNumber":33,"author":{"gitId":"MustafaAH10"},"content":"            try {","lastModifiedDate":"2023-03-07"},{"lineNumber":34,"author":{"gitId":"MustafaAH10"},"content":"                String userInput \u003d readUserInput();","lastModifiedDate":"2023-03-07"},{"lineNumber":35,"author":{"gitId":"MustafaAH10"},"content":"                Command command \u003d CommandParser.parse(userInput);","lastModifiedDate":"2023-03-07"},{"lineNumber":36,"author":{"gitId":"MustafaAH10"},"content":"                command.execute(foodList, userList);","lastModifiedDate":"2023-03-07"},{"lineNumber":37,"author":{"gitId":"MustafaAH10"},"content":"            } catch (LifeTrackerException e) {","lastModifiedDate":"2023-03-07"},{"lineNumber":38,"author":{"gitId":"MustafaAH10"},"content":"                System.out.println(e.getMessage());","lastModifiedDate":"2023-03-07"},{"lineNumber":39,"author":{"gitId":"MustafaAH10"},"content":"            }","lastModifiedDate":"2023-03-07"},{"lineNumber":40,"author":{"gitId":"MustafaAH10"},"content":"        }","lastModifiedDate":"2023-03-07"},{"lineNumber":41,"author":{"gitId":"MustafaAH10"},"content":"    }","lastModifiedDate":"2023-03-07"},{"lineNumber":42,"author":{"gitId":"MustafaAH10"},"content":"","lastModifiedDate":"2023-03-07"},{"lineNumber":43,"author":{"gitId":"MustafaAH10"},"content":"    public static String readUserInput (){","lastModifiedDate":"2023-03-07"},{"lineNumber":44,"author":{"gitId":"MustafaAH10"},"content":"        String userInput \u003d \"\";","lastModifiedDate":"2023-03-07"},{"lineNumber":45,"author":{"gitId":"MustafaAH10"},"content":"        while (userInput.length() \u003d\u003d 0) {","lastModifiedDate":"2023-03-07"},{"lineNumber":46,"author":{"gitId":"MustafaAH10"},"content":"            userInput \u003d scanner.nextLine();","lastModifiedDate":"2023-03-07"},{"lineNumber":47,"author":{"gitId":"MustafaAH10"},"content":"        }","lastModifiedDate":"2023-03-07"},{"lineNumber":48,"author":{"gitId":"MustafaAH10"},"content":"        return userInput;","lastModifiedDate":"2023-03-07"},{"lineNumber":49,"author":{"gitId":"MustafaAH10"},"content":"    }","lastModifiedDate":"2023-03-07"},{"lineNumber":50,"author":{"gitId":"MustafaAH10"},"content":"    public static void main(String[] args) {","lastModifiedDate":"2023-03-07"},{"lineNumber":51,"author":{"gitId":"MustafaAH10"},"content":"        new LifeTracker(filePath).run();","lastModifiedDate":"2023-03-07"},{"lineNumber":52,"author":{"gitId":"MustafaAH10"},"content":"    }","lastModifiedDate":"2023-03-07"},{"lineNumber":53,"author":{"gitId":"MustafaAH10"},"content":"}","lastModifiedDate":"2023-03-07"}],"authorContributionMap":{"MustafaAH10":53}}]
