{"authorDailyContributionsMap":{"Masahiro21":[{"date":"2023-03-01","commitResults":[{"hash":"c006347e1a73abf0cf678feeee6e5a9f128b6a63","messageTitle":"change name in AboutUs.md","messageBody":"","fileTypesAndContributionMap":{"docs":{"insertions":7,"deletions":7}}}]}],"MingEn82":[{"date":"2023-03-01","commitResults":[{"hash":"9201848f9385bf61d6fbfb98df469d08d64c9046","messageTitle":"readme","messageBody":"","fileTypesAndContributionMap":{"docs":{"insertions":1,"deletions":1}}},{"hash":"6a6fb8fc6e8939d11e1cda233b5090a5ea74bbf9","messageTitle":"added Ming En to docs","messageBody":"","fileTypesAndContributionMap":{"docs":{"insertions":1,"deletions":1}}}]},{"date":"2023-03-04","commitResults":[{"hash":"49f63163e89fd93a57ed090a3e8bd078dacd0b99","messageTitle":"database","messageBody":"","fileTypesAndContributionMap":{"functional-code":{"insertions":148,"deletions":0}}},{"hash":"4f0066b6ece47b88ed8fe67f38190e38e4715279","messageTitle":"database","messageBody":"","fileTypesAndContributionMap":{"functional-code":{"insertions":213,"deletions":35},"other":{"insertions":1,"deletions":0}}},{"hash":"c0f0a325b8c0739f5b0a6c539c24dfcfa3eb4318","messageTitle":"database","messageBody":"","fileTypesAndContributionMap":{"functional-code":{"insertions":0,"deletions":1}}}]}],"Koh-Jing-Jie-Marcus":[{"date":"2023-03-01","commitResults":[{"hash":"f06093974bb8049e52f5af11f457e2a2acb0b055","messageTitle":"Change first row name to Koh Jing Jie Marcus","messageBody":"","fileTypesAndContributionMap":{"docs":{"insertions":7,"deletions":7}}}]}],"TJ-Hoo":[{"date":"2023-03-01","commitResults":[{"hash":"b331024e9e19e34fd89f9d8e38df98538e8a1e84","messageTitle":"Added name to Aboutus.md","messageBody":"","fileTypesAndContributionMap":{"docs":{"insertions":7,"deletions":7}}}]}],"MustafaAH10":[{"date":"2023-03-01","commitResults":[{"hash":"73c52526749daa148608712895cde18a5807e8a8","messageTitle":"Update AboutUs.md","messageBody":"","fileTypesAndContributionMap":{"docs":{"insertions":7,"deletions":7}}}]}]},"authorFileTypeContributionMap":{"Masahiro21":{"docs":1,"functional-code":0,"test-code":0},"MingEn82":{"docs":1,"functional-code":325,"test-code":0,"other":1},"Koh-Jing-Jie-Marcus":{"docs":1,"functional-code":0,"test-code":0},"TJ-Hoo":{"docs":2,"functional-code":0,"test-code":0},"MustafaAH10":{"docs":1,"functional-code":0,"test-code":0}},"authorContributionVariance":{"Masahiro21":11.484375,"MingEn82":9269.984,"Koh-Jing-Jie-Marcus":11.484375,"TJ-Hoo":11.484375,"MustafaAH10":11.484375},"authorDisplayNameMap":{"Masahiro21":"CS2113-W15-1 HAMA..HIRO","MingEn82":"CS2113-W15-1 KOH ..G EN","Koh-Jing-Jie-Marcus":"CS2113-W15-1 KOH ..RCUS","TJ-Hoo":"CS2113-W15-1 HOO ..JUAN","MustafaAH10":"CS2113-W15-1 MUST..SAIN"}}
