{"authorDailyContributionsMap":{"Masahiro21":[{"date":"2023-03-01","commitResults":[{"hash":"c006347e1a73abf0cf678feeee6e5a9f128b6a63","isMergeCommit":false,"messageTitle":"change name in AboutUs.md","messageBody":"","fileTypesAndContributionMap":{"docs":{"insertions":7,"deletions":7}}},{"hash":"042fb9e1db39eaeeca87fc14022a706069332ee7","isMergeCommit":true,"messageTitle":"Merge branch \u0027master\u0027 into branch-Hamada","messageBody":"","fileTypesAndContributionMap":{}},{"hash":"956e24e0fbb9e025687554dc9c1463fc85d50525","isMergeCommit":true,"messageTitle":"Merge pull request #3 from Masahiro21/branch-Hamada","messageBody":"change name in AboutUs.md","fileTypesAndContributionMap":{}}]},{"date":"2023-03-08","commitResults":[{"hash":"9fa15812e7b31d8f7dc8c038a05a727e4b800bd4","isMergeCommit":true,"messageTitle":"Merge remote-tracking branch \u0027origin/branch-Hamada\u0027 into branch-Hamada","messageBody":"","fileTypesAndContributionMap":{}},{"hash":"04c489784eadadc7ce0b7e6d9a5215427d03beb0","isMergeCommit":true,"messageTitle":"Merge branch \u0027master\u0027 of https://github.com/AY2223S2-CS2113-W15-1/tp","messageBody":"","fileTypesAndContributionMap":{}}]},{"date":"2023-03-11","commitResults":[{"hash":"bf1849cdefea9e12f860f343d7762f3c9383ecd0","isMergeCommit":true,"messageTitle":"Merge branch \u0027master\u0027 of https://github.com/AY2223S2-CS2113-W15-1/tp","messageBody":"","fileTypesAndContributionMap":{}},{"hash":"c6fcf1059b17ab2c202462329a7a3191e015415a","isMergeCommit":true,"messageTitle":"Merge branch \u0027master\u0027 of https://github.com/Masahiro21/tp into branch-Hamada","messageBody":"","fileTypesAndContributionMap":{}},{"hash":"27a35275d55f4fe90e6135ff4764051777332062","isMergeCommit":true,"messageTitle":"Merge pull request #46 from TJ-Hoo/branch-TJHoo","messageBody":"Create calculate calories function and view calories intake function","fileTypesAndContributionMap":{}},{"hash":"f5a447be3ef7b87cd3046b0b5be6cb58c04ed54a","isMergeCommit":true,"messageTitle":"Merge branch \u0027master\u0027 of https://github.com/AY2223S2-CS2113-W15-1/tp","messageBody":"","fileTypesAndContributionMap":{}},{"hash":"a77d2181ac82963274521976b87ece8cc722cda2","isMergeCommit":true,"messageTitle":"Merge branch \u0027master\u0027 into branch-Hamada","messageBody":"","fileTypesAndContributionMap":{}},{"hash":"2302465bc9369559ad7b0a5801077fa68fd9888d","isMergeCommit":false,"messageTitle":"shift UI.java methods into GeneralUi.java and delete Output package containing UI.java","messageBody":"","fileTypesAndContributionMap":{"functional-code":{"insertions":56,"deletions":74}}}]},{"date":"2023-03-14","commitResults":[{"hash":"94f888c6b369fdbf2e70fdfcfd69845e24637aac","isMergeCommit":false,"messageTitle":"replace UI class with GeneralUi class","messageBody":"","fileTypesAndContributionMap":{"functional-code":{"insertions":13,"deletions":13}}},{"hash":"b9e5fa2227e9308145cc7dd15ee7a407c4f73423","isMergeCommit":false,"messageTitle":"update UpdateUserCommand to support updateAge and updateGender function","messageBody":"","fileTypesAndContributionMap":{"functional-code":{"insertions":54,"deletions":7}}},{"hash":"4bd3aea9263229afa757411c6bf4b23a8c372aac","isMergeCommit":false,"messageTitle":"add getter and setter methods for age and gender. change calculateCaloricNeeds method to support both genders.","messageBody":"","fileTypesAndContributionMap":{"functional-code":{"insertions":34,"deletions":6}}},{"hash":"2cbd20412aba5c79459edc031bdd9b56b12773b2","isMergeCommit":false,"messageTitle":"add ViewUserCommand class to allow users to view their existing information and caloric limits","messageBody":"","fileTypesAndContributionMap":{"functional-code":{"insertions":99,"deletions":3}}},{"hash":"9c5c24e5ae8cc470c0b7c616fb469241cd0dffaa","isMergeCommit":false,"messageTitle":"update UserGuide to include new functionalities","messageBody":"","fileTypesAndContributionMap":{"docs":{"insertions":53,"deletions":4}}},{"hash":"dc7750a3e7868dec58201a8634aa5344c3c9b6d3","isMergeCommit":false,"messageTitle":"add ParserTest class for JUnit testing","messageBody":"","fileTypesAndContributionMap":{"functional-code":{"insertions":16,"deletions":0}}},{"hash":"79b4afc6cde4323e132f64e8c6519b036b4d91db","isMergeCommit":true,"messageTitle":"Merge branch \u0027master\u0027 of https://github.com/AY2223S2-CS2113-W15-1/tp","messageBody":"","fileTypesAndContributionMap":{}},{"hash":"00b09f2d30dda99955650c66db3d51ca5dc6b8e5","isMergeCommit":true,"messageTitle":"Merge branch \u0027master\u0027 into branch-Hamada, resolve merge conflicts","messageBody":"","fileTypesAndContributionMap":{}},{"hash":"e8f14cfbb599c3228b232207c3d89f3610a14c6b","isMergeCommit":false,"messageTitle":"solve build errors and update ViewUserCommand class to use caloricIntake entity","messageBody":"","fileTypesAndContributionMap":{"functional-code":{"insertions":53,"deletions":50}}},{"hash":"fef29670da2655c868d909e0011211336df854bf","isMergeCommit":false,"messageTitle":"fix build errors","messageBody":"","fileTypesAndContributionMap":{"functional-code":{"insertions":96,"deletions":88}}},{"hash":"a3646b0af6fbeb70c425a8ae77ae13c6e136d38f","isMergeCommit":false,"messageTitle":"fix indendations","messageBody":"","fileTypesAndContributionMap":{"functional-code":{"insertions":11,"deletions":11}}},{"hash":"7e6ba3c417533287939315e3e12d16914d17ccfc","isMergeCommit":true,"messageTitle":"Merge pull request #49 from Masahiro21/branch-Hamada","messageBody":"add limit warning function and view weight function","fileTypesAndContributionMap":{}},{"hash":"07b35ed2485a8381d95d7b12b8ea8a8528ecf0d3","isMergeCommit":true,"messageTitle":"Merge branch \u0027master\u0027 of https://github.com/AY2223S2-CS2113-W15-1/tp","messageBody":"","fileTypesAndContributionMap":{}},{"hash":"c09f5b6cdea51cceb4086c474b2cb04c042e1353","isMergeCommit":false,"messageTitle":"update addMealCommand","messageBody":"","fileTypesAndContributionMap":{"functional-code":{"insertions":29,"deletions":11},"other":{"insertions":6,"deletions":3}}},{"hash":"e7a5dddcdb409cf6dd9707d1b4ca7c0c1db0e092","isMergeCommit":false,"messageTitle":"update AddMealCommand","messageBody":"","fileTypesAndContributionMap":{"functional-code":{"insertions":29,"deletions":11},"other":{"insertions":6,"deletions":3}}},{"hash":"288b26b321982a3c564cf26d4999689dd4d635fa","isMergeCommit":false,"messageTitle":"remove comments in userData and User class, remove ParserTest class","messageBody":"","fileTypesAndContributionMap":{"functional-code":{"insertions":0,"deletions":17}}},{"hash":"7b2c51d03457aff40af20bc553e3c77281f70d1b","isMergeCommit":true,"messageTitle":"Merge branch \u0027master\u0027 of https://github.com/AY2223S2-CS2113-W15-1/tp","messageBody":"","fileTypesAndContributionMap":{}},{"hash":"d57d9b2352cf33257e24d69c35457a27caa749a3","isMergeCommit":true,"messageTitle":"Merge branch \u0027master\u0027 into branch-Hamada","messageBody":"","fileTypesAndContributionMap":{}},{"hash":"303fb77a15d9b995eae9960d1994104f8c32932a","isMergeCommit":true,"messageTitle":"Merge pull request #52 from Masahiro21/branch-Hamada","messageBody":"removed parserTest file ","fileTypesAndContributionMap":{}},{"hash":"d2948aac6891886327574751eec170e1d79fb0db","isMergeCommit":false,"messageTitle":"integrate CalorieUi into ViewUserCommand and GeneralUI","messageBody":"","fileTypesAndContributionMap":{"functional-code":{"insertions":26,"deletions":12}}},{"hash":"e2785590306957022b82483ceb042506ecb52b60","isMergeCommit":true,"messageTitle":"Merge branch \u0027master\u0027 of https://github.com/AY2223S2-CS2113-W15-1/tp","messageBody":"","fileTypesAndContributionMap":{}},{"hash":"6c151703239e70b33e08b50efd84e4502384222c","isMergeCommit":true,"messageTitle":"Merge branch \u0027master\u0027 into branch-Hamada","messageBody":"","fileTypesAndContributionMap":{}},{"hash":"5f8a1dfb05b12ef4d97d07819e8f572375b065e7","isMergeCommit":true,"messageTitle":"Merge branch \u0027master\u0027 of https://github.com/AY2223S2-CS2113-W15-1/tp","messageBody":"","fileTypesAndContributionMap":{}},{"hash":"728f014055c383625a215e566ce6907ec60daf4c","isMergeCommit":true,"messageTitle":"resolve merge conflicts","messageBody":"","fileTypesAndContributionMap":{}},{"hash":"571a4616ec615ce22cae3855d0c665abf90b4fed","isMergeCommit":false,"messageTitle":"integrate calorieUi","messageBody":"","fileTypesAndContributionMap":{"functional-code":{"insertions":4,"deletions":7}}},{"hash":"7e4af78817619edb374c36094dfd292763d68328","isMergeCommit":true,"messageTitle":"Merge pull request #57 from Masahiro21/branch-Hamada","messageBody":"integrate calorieUi into ViewUserCommand","fileTypesAndContributionMap":{}}]},{"date":"2023-03-15","commitResults":[{"hash":"3b8eb88a45d87674855f89ca6503ed9e6bae11f4","isMergeCommit":true,"messageTitle":"Merge branch \u0027master\u0027 of https://github.com/AY2223S2-CS2113-W15-1/tp","messageBody":"","fileTypesAndContributionMap":{}},{"hash":"8e66000c9e8b719eff28387967f2db52aa9ffbb5","isMergeCommit":true,"messageTitle":"Merge branch \u0027master\u0027 into branch-Hamada","messageBody":"","fileTypesAndContributionMap":{}},{"hash":"5ebdd3aef7889c1f1574164d865add586e50f7c5","isMergeCommit":false,"messageTitle":"edit CalorieUI","messageBody":"","fileTypesAndContributionMap":{"functional-code":{"insertions":3,"deletions":2}}},{"hash":"739ba47b06390fc6b79af45535f5e326c4776d6c","isMergeCommit":true,"messageTitle":"Merge branch \u0027master\u0027 of https://github.com/AY2223S2-CS2113-W15-1/tp","messageBody":"","fileTypesAndContributionMap":{}},{"hash":"33cdb6aff773056090515361554939ffe80c19ab","isMergeCommit":false,"messageTitle":"add JUnit testing","messageBody":"","fileTypesAndContributionMap":{"functional-code":{"insertions":1,"deletions":1},"test-code":{"insertions":24,"deletions":2}}},{"hash":"b13356ef2687356eaba61daca7e2c72d87d8fa0d","isMergeCommit":true,"messageTitle":"Merge branch \u0027master\u0027 into branch-Hamada","messageBody":"","fileTypesAndContributionMap":{}},{"hash":"4dd5c8093b26d71400c2d338a44592cbd7d39816","isMergeCommit":true,"messageTitle":"Merge pull request #60 from Masahiro21/branch-Hamada","messageBody":"add JUnit Testing","fileTypesAndContributionMap":{}}]},{"date":"2023-03-17","commitResults":[{"hash":"631f953da5c2a6986070fae9c519464954700e7d","isMergeCommit":true,"messageTitle":"Merge branch \u0027master\u0027 of https://github.com/AY2223S2-CS2113-W15-1/tp","messageBody":"","fileTypesAndContributionMap":{}},{"hash":"68856112b4da8581a9e00328fd3f045f6a78d3ea","isMergeCommit":true,"messageTitle":"Merge branch \u0027master\u0027 into branch-Hamada","messageBody":"","fileTypesAndContributionMap":{}},{"hash":"125727dd4c4a2d481f20f16c14c0d1d8569fc20a","isMergeCommit":true,"messageTitle":"Merge branch \u0027master\u0027 of https://github.com/AY2223S2-CS2113-W15-1/tp","messageBody":"","fileTypesAndContributionMap":{}},{"hash":"0989b3ae90fee21b0ebdfc11d90135ef503af073","isMergeCommit":true,"messageTitle":"Merge branch \u0027master\u0027 into branch-Hamada","messageBody":"","fileTypesAndContributionMap":{}}]},{"date":"2023-03-18","commitResults":[{"hash":"085f41a9b471deb0b1eef1e4e4e2cfea5c3beaf6","isMergeCommit":true,"messageTitle":"Merge branch \u0027master\u0027 of https://github.com/AY2223S2-CS2113-W15-1/tp","messageBody":"","fileTypesAndContributionMap":{}},{"hash":"44aff1977012a1841a7ff8435b6a3e5d6b866426","isMergeCommit":true,"messageTitle":"Merge branch \u0027master\u0027 into branch-Hamada","messageBody":"","fileTypesAndContributionMap":{}}]},{"date":"2023-03-22","commitResults":[{"hash":"6773ccb41e25dbc6d746da39c5b356afdbc0e170","isMergeCommit":true,"messageTitle":"Merge branch \u0027master\u0027 of https://github.com/AY2223S2-CS2113-W15-1/tp","messageBody":"# Conflicts:\n#\tdata/MealData.csv\n#\tmyLogFile.log\n#\tsrc/main/java/seedu/commands/AddMealCommand.java\n#\tsrc/main/java/seedu/commands/ListCommand.java\n#\tsrc/main/java/seedu/database/MealStorage.java\n","fileTypesAndContributionMap":{}},{"hash":"0a7651ce804dc771a6b19b55f1cb13b021db31f4","isMergeCommit":true,"messageTitle":"Merge branch \u0027master\u0027 into branch-Hamada","messageBody":"","fileTypesAndContributionMap":{}}]},{"date":"2023-03-23","commitResults":[{"hash":"b1b60c57033bc0574ac44714c4afb1fd70337def","isMergeCommit":false,"messageTitle":"update package naming","messageBody":"","fileTypesAndContributionMap":{"test-code":{"insertions":2,"deletions":1}}},{"hash":"9556b242c141edab46cefd8ecdf053cbe89b3245","isMergeCommit":true,"messageTitle":"Merge branch \u0027master\u0027 of https://github.com/AY2223S2-CS2113-W15-1/tp","messageBody":"# Conflicts:\n#\tmyLogFile.log\n#\tsrc/main/java/seedu/commands/AddMealCommand.java\n#\tsrc/main/java/seedu/database/MealStorage.java\n","fileTypesAndContributionMap":{}},{"hash":"1f843523d0047d85192f2581767f3fe207e135b1","isMergeCommit":true,"messageTitle":"Merge branch \u0027master\u0027 into branch-Hamada","messageBody":"","fileTypesAndContributionMap":{}},{"hash":"f3df186e34c7752def45e523469f30f5b6eb1f08","isMergeCommit":false,"messageTitle":"update formatting of user guide and added more details","messageBody":"","fileTypesAndContributionMap":{"docs":{"insertions":27,"deletions":14}}},{"hash":"0aba74beedd4e941b850e3602c9b910834f590e9","isMergeCommit":true,"messageTitle":"Merge branch \u0027master\u0027 of https://github.com/AY2223S2-CS2113-W15-1/tp","messageBody":"# Conflicts:\n#\tdata/mealData.csv\n","fileTypesAndContributionMap":{}},{"hash":"06cbb5afebcab0b84a15eb40c161a84ea81ec268","isMergeCommit":true,"messageTitle":"Merge branch \u0027master\u0027 into branch-Hamada","messageBody":"# Conflicts:\n#\tdocs/DeveloperGuide.md\n","fileTypesAndContributionMap":{}},{"hash":"ef18f096e89e10205b3f38f4399f758e01c02203","isMergeCommit":true,"messageTitle":"Merge pull request #90 from Masahiro21/branch-Hamada","messageBody":"update formatting of developer guide\r\n","fileTypesAndContributionMap":{}},{"hash":"b0f5c87b125bb46f11b88cad079effc96fadbb3c","isMergeCommit":false,"messageTitle":"add implementation guide for ViewUserCommand","messageBody":"","fileTypesAndContributionMap":{"docs":{"insertions":89,"deletions":1}}},{"hash":"77b635da91f19fd9ce2f072b541837a1c7220997","isMergeCommit":true,"messageTitle":"Merge branch \u0027master\u0027 of https://github.com/AY2223S2-CS2113-W15-1/tp","messageBody":"","fileTypesAndContributionMap":{}},{"hash":"6e914bba4f420e04f4c1a472be50238b76bab0c5","isMergeCommit":true,"messageTitle":"Merge branch \u0027master\u0027 into branch-Hamada","messageBody":"","fileTypesAndContributionMap":{}},{"hash":"977e87d8d5dce2d1bc48fa0bac76f3f33779b2a4","isMergeCommit":true,"messageTitle":"add implementation for ViewUserCommand in Developer\u0027s Guide","messageBody":"Still left with the UML diagram and some minor edits","fileTypesAndContributionMap":{}}]}],"MingEn82":[{"date":"2023-03-01","commitResults":[{"hash":"9201848f9385bf61d6fbfb98df469d08d64c9046","isMergeCommit":false,"messageTitle":"readme","messageBody":"","fileTypesAndContributionMap":{"docs":{"insertions":1,"deletions":1}}},{"hash":"df790975fd6a7eee41b054ee08439484ca825a41","isMergeCommit":true,"messageTitle":"Merge branch \u0027master\u0027 of https://github.com/AY2223S2-CS2113-W15-1/tp","messageBody":"","fileTypesAndContributionMap":{}},{"hash":"6a6fb8fc6e8939d11e1cda233b5090a5ea74bbf9","isMergeCommit":false,"messageTitle":"added Ming En to docs","messageBody":"","fileTypesAndContributionMap":{"docs":{"insertions":1,"deletions":1}}}]},{"date":"2023-03-04","commitResults":[{"hash":"49f63163e89fd93a57ed090a3e8bd078dacd0b99","isMergeCommit":false,"messageTitle":"database","messageBody":"","fileTypesAndContributionMap":{"functional-code":{"insertions":148,"deletions":0}}},{"hash":"4f0066b6ece47b88ed8fe67f38190e38e4715279","isMergeCommit":false,"messageTitle":"database","messageBody":"","fileTypesAndContributionMap":{"functional-code":{"insertions":213,"deletions":35},"other":{"insertions":1,"deletions":0}}},{"hash":"c0f0a325b8c0739f5b0a6c539c24dfcfa3eb4318","isMergeCommit":false,"messageTitle":"database","messageBody":"","fileTypesAndContributionMap":{"functional-code":{"insertions":0,"deletions":1}}}]},{"date":"2023-03-07","commitResults":[{"hash":"dddea7f87f5b15b8cda57c0d1c4b8a80cd9e9c87","isMergeCommit":false,"messageTitle":"hello","messageBody":"","fileTypesAndContributionMap":{"functional-code":{"insertions":3,"deletions":1}}}]},{"date":"2023-03-10","commitResults":[{"hash":"0f6734768764f218aa975f69b15d0615f9ec73b1","isMergeCommit":false,"messageTitle":"test","messageBody":"","fileTypesAndContributionMap":{"functional-code":{"insertions":20,"deletions":2}}}]},{"date":"2023-03-11","commitResults":[{"hash":"c5dea64be66692bab992ce8a5572dd76ebcf8a62","isMergeCommit":true,"messageTitle":"Added Meal Storage","messageBody":"","fileTypesAndContributionMap":{}},{"hash":"5a523095444101f3580b44f34bd34063b0431522","isMergeCommit":false,"messageTitle":"Added Meal Storage and added update user command","messageBody":"","fileTypesAndContributionMap":{"functional-code":{"insertions":273,"deletions":68}}},{"hash":"ebee0eeb95e72a2977826dfe9de4943ebc67104a","isMergeCommit":false,"messageTitle":"updated build.gradle","messageBody":"","fileTypesAndContributionMap":{"functional-code":{"insertions":4,"deletions":4},"other":{"insertions":2,"deletions":2}}},{"hash":"f64f8910f5ac7192da544f25e45304f07f665c11","isMergeCommit":false,"messageTitle":"fixed gradle errors","messageBody":"","fileTypesAndContributionMap":{"functional-code":{"insertions":16,"deletions":11}}},{"hash":"58f302bf0b4f9f83ca3900342a4fa46123dcbb13","isMergeCommit":false,"messageTitle":"fixed gradle errors","messageBody":"","fileTypesAndContributionMap":{"functional-code":{"insertions":2,"deletions":1}}},{"hash":"9ce7d450f583c5022f0fa43cffbd8537e88148ad","isMergeCommit":false,"messageTitle":"fixed gradle errors","messageBody":"","fileTypesAndContributionMap":{"functional-code":{"insertions":2,"deletions":2}}},{"hash":"bd6775d2ee59c7d05c217f31aa2156151fe10bbf","isMergeCommit":true,"messageTitle":"Merge pull request #41 from MingEn82/master","messageBody":"Added Meal Storage, added updateUser command and updated build.gradle","fileTypesAndContributionMap":{}},{"hash":"7c75672a7ddbb734f7d3456640d8863865a01ee8","isMergeCommit":true,"messageTitle":"Merge pull request #42 from AY2223S2-CS2113-W15-1/branch-MingEn","messageBody":"Merged from branch-MingEn","fileTypesAndContributionMap":{}},{"hash":"8e09c11afe037a058a2dc10ccc1095163ccf012e","isMergeCommit":false,"messageTitle":"added assertions","messageBody":"","fileTypesAndContributionMap":{"functional-code":{"insertions":6,"deletions":2}}},{"hash":"c82e3b281d5997d420724dcaf065ab04e0003737","isMergeCommit":true,"messageTitle":"Merge branch \u0027branch-MingEn\u0027 of https://github.com/AY2223S2-CS2113-W15-1/tp","messageBody":"","fileTypesAndContributionMap":{}},{"hash":"0ec74172b699331e286a07a39cd401b41e4102f1","isMergeCommit":true,"messageTitle":"Merge branch \u0027master\u0027 of https://github.com/AY2223S2-CS2113-W15-1/tp","messageBody":"","fileTypesAndContributionMap":{}},{"hash":"84efb591c914216c0b447cb907be38f21c6bf457","isMergeCommit":true,"messageTitle":"Merge branch \u0027AY2223S2-CS2113-W15-1:master\u0027 into master","messageBody":"","fileTypesAndContributionMap":{}},{"hash":"306556eac885c89a3c401b4cd96541cba14653e0","isMergeCommit":true,"messageTitle":"Merge pull request #43 from MingEn82/master","messageBody":"Added assertions","fileTypesAndContributionMap":{}},{"hash":"849980e822763e8a2a22237651613ddc48c60754","isMergeCommit":true,"messageTitle":"Merge pull request #44 from AY2223S2-CS2113-W15-1/branch-MingEn","messageBody":"Merged from branch-MingEn","fileTypesAndContributionMap":{}}]},{"date":"2023-03-14","commitResults":[{"hash":"d3debc1a9d0edce556feede980ada69119dec1a1","isMergeCommit":true,"messageTitle":"Merge branch \u0027master\u0027 of https://github.com/AY2223S2-CS2113-W15-1/tp","messageBody":"","fileTypesAndContributionMap":{}},{"hash":"a117b9ad5c91d61447efbf768b8926282d0d3904","isMergeCommit":false,"messageTitle":"updated userStorage","messageBody":"","fileTypesAndContributionMap":{"functional-code":{"insertions":29,"deletions":11},"other":{"insertions":6,"deletions":3}}},{"hash":"0ba31cf9c9d09463e4a211346427fb3cb75c57a5","isMergeCommit":true,"messageTitle":"Merge pull request #50 from MingEn82/master","messageBody":"Updated UserStorage","fileTypesAndContributionMap":{}},{"hash":"bd8143bfda311cb60b6f6a1981cf97fad2cb955f","isMergeCommit":false,"messageTitle":"update user caloric limits","messageBody":"","fileTypesAndContributionMap":{"functional-code":{"insertions":36,"deletions":30}}},{"hash":"9dd680337e1c6d0fdc9d3e4279238aaef1785d8d","isMergeCommit":true,"messageTitle":"Merge pull request #51 from MingEn82/master","messageBody":"update user caloric limits","fileTypesAndContributionMap":{}},{"hash":"c0f3dfea3f2730c03a8ebfc212de40bb919bc19c","isMergeCommit":false,"messageTitle":"added add and delete meal capabilities","messageBody":"","fileTypesAndContributionMap":{"functional-code":{"insertions":184,"deletions":90}}},{"hash":"c53a790abbacfcdfc3a17004deb9d6e174736f50","isMergeCommit":true,"messageTitle":"Merge branch \u0027master\u0027 of https://github.com/AY2223S2-CS2113-W15-1/tp","messageBody":"","fileTypesAndContributionMap":{}},{"hash":"1197b90f5b6a3f24c624c95c780f757fa4417680","isMergeCommit":false,"messageTitle":"fixed gradle errors","messageBody":"","fileTypesAndContributionMap":{"functional-code":{"insertions":74,"deletions":72}}},{"hash":"b93f2477414313e6573fc039761a87259308994b","isMergeCommit":false,"messageTitle":"fixed gradle errors","messageBody":"","fileTypesAndContributionMap":{"functional-code":{"insertions":10,"deletions":11}}},{"hash":"0c83ecf7611235bb9e302014fa1bcef3bec91688","isMergeCommit":false,"messageTitle":"fixed gradle errors","messageBody":"","fileTypesAndContributionMap":{"functional-code":{"insertions":9,"deletions":8}}},{"hash":"e3d52a07a3139c2c3f632e6fa51dd0ce55519bfc","isMergeCommit":false,"messageTitle":"fixed gradle errors","messageBody":"","fileTypesAndContributionMap":{"functional-code":{"insertions":2,"deletions":2}}},{"hash":"dd0376be0b7a922025c72c6f4dbf220596adaaf6","isMergeCommit":false,"messageTitle":"fixed gradle errors","messageBody":"","fileTypesAndContributionMap":{"functional-code":{"insertions":20,"deletions":20}}},{"hash":"7551af7ed62d1297a147837f1a01a58878453804","isMergeCommit":false,"messageTitle":"fixed gradle errors","messageBody":"","fileTypesAndContributionMap":{"test-code":{"insertions":22,"deletions":22}}},{"hash":"0cfbb6c50572b72415702ca318c19ea1d0a345db","isMergeCommit":false,"messageTitle":"fixed gradle errors","messageBody":"","fileTypesAndContributionMap":{"test-code":{"insertions":6,"deletions":6}}},{"hash":"39d2eb282cbdd32a4514f5edd1593a4e75e52ed5","isMergeCommit":true,"messageTitle":"Merge pull request #55 from MingEn82/master","messageBody":"Created add and delete meal function","fileTypesAndContributionMap":{}},{"hash":"18b0e8672bc4886ea8488658253f15c74e92411f","isMergeCommit":false,"messageTitle":"added some junit tests for storage","messageBody":"","fileTypesAndContributionMap":{"functional-code":{"insertions":6,"deletions":8},"test-code":{"insertions":133,"deletions":0}}},{"hash":"19cae16e93b76738314ae08a3e19b106378301cf","isMergeCommit":true,"messageTitle":"Merge pull request #56 from MingEn82/master","messageBody":"added some junit tests for storage","fileTypesAndContributionMap":{}},{"hash":"ef1debb5d3589a701d8a6030038021b005ea6e95","isMergeCommit":false,"messageTitle":"fixed gradle errors","messageBody":"","fileTypesAndContributionMap":{"test-code":{"insertions":14,"deletions":10}}},{"hash":"e712a2b22b1421a6b1b60f091c088c7fba6a76a9","isMergeCommit":true,"messageTitle":"Merge pull request #58 from MingEn82/master","messageBody":"fixed gradle errors","fileTypesAndContributionMap":{}}]},{"date":"2023-03-15","commitResults":[{"hash":"a00379bd84cf301e35d4650acf6c6f377052fe92","isMergeCommit":false,"messageTitle":"changed name","messageBody":"","fileTypesAndContributionMap":{"other":{"insertions":0,"deletions":0}}},{"hash":"802f6778d3f287e74865b3cc899439e1790e7fd4","isMergeCommit":false,"messageTitle":"lowercase folder names","messageBody":"","fileTypesAndContributionMap":{"other":{"insertions":0,"deletions":0}}},{"hash":"85a82cb25ade8f19ee876dfd6b38fb54fb0ab841","isMergeCommit":false,"messageTitle":"updated build.gradle","messageBody":"","fileTypesAndContributionMap":{"other":{"insertions":1,"deletions":1}}},{"hash":"da9b3a3e43270c22de3a124792419bdb5b89b7b3","isMergeCommit":false,"messageTitle":"removed unneccessary declarations","messageBody":"","fileTypesAndContributionMap":{"functional-code":{"insertions":1,"deletions":0},"other":{"insertions":1,"deletions":0},"test-code":{"insertions":0,"deletions":1}}},{"hash":"1fe9b85ae8be302fd3e40e0a95b331570d5111b4","isMergeCommit":false,"messageTitle":"updated junit naimg","messageBody":"","fileTypesAndContributionMap":{"functional-code":{"insertions":0,"deletions":1},"test-code":{"insertions":2,"deletions":2}}},{"hash":"62a8f4a22ced4452c805cacfcb450222aad7b72b","isMergeCommit":true,"messageTitle":"Merge branch \u0027master\u0027 of https://github.com/AY2223S2-CS2113-W15-1/tp into branch-MingEn","messageBody":"","fileTypesAndContributionMap":{}},{"hash":"4197b7d06a12972df4f05905687793c587f00801","isMergeCommit":false,"messageTitle":"updated junit naming","messageBody":"","fileTypesAndContributionMap":{"test-code":{"insertions":23,"deletions":26}}},{"hash":"a4c6e5448a50420f5414121bee8b6554a4d0b1d8","isMergeCommit":true,"messageTitle":"Merge pull request #61 from MingEn82/branch-MingEn","messageBody":"Updated JUnit method naming to match convention","fileTypesAndContributionMap":{}}]},{"date":"2023-03-16","commitResults":[{"hash":"149aa2be5711407fb8ff8aac53b4361ed99fc943","isMergeCommit":false,"messageTitle":"updated junit naming","messageBody":"","fileTypesAndContributionMap":{"test-code":{"insertions":23,"deletions":24}}},{"hash":"652bc16a39322ca5935ddc279023d383a7a2f56f","isMergeCommit":true,"messageTitle":"Merge pull request #62 from MingEn82/branch-MingEn","messageBody":"updated junit naming","fileTypesAndContributionMap":{}},{"hash":"c7db1a01f541b14ec4a570dc53f8d321bbc47973","isMergeCommit":false,"messageTitle":"updated foodData to java file","messageBody":"","fileTypesAndContributionMap":{"functional-code":{"insertions":397,"deletions":16},"test-code":{"insertions":4,"deletions":7}}},{"hash":"2b50116150d77f87c7ee3d8845fcbe5221c9ddde","isMergeCommit":false,"messageTitle":"fixed IO tests","messageBody":"","fileTypesAndContributionMap":{"functional-code":{"insertions":1,"deletions":3}}},{"hash":"875a1421259e61302346550c74dd760ab016d3a8","isMergeCommit":true,"messageTitle":"Merge pull request #66 from MingEn82/branch-MingEn","messageBody":"updated foodData to java file","fileTypesAndContributionMap":{}}]},{"date":"2023-03-17","commitResults":[{"hash":"79917c6e82350b71b7198f34813683a2f9774988","isMergeCommit":false,"messageTitle":"updated line seperator","messageBody":"","fileTypesAndContributionMap":{"functional-code":{"insertions":25,"deletions":25}}},{"hash":"3cf9c0d9b049c9afbb43a6d8b0510729e52857dc","isMergeCommit":true,"messageTitle":"Merge branch \u0027master\u0027 of https://github.com/AY2223S2-CS2113-W15-1/tp into branch-MingEn","messageBody":"","fileTypesAndContributionMap":{}},{"hash":"09af35ea3de1b5781c718b352599248e4b88e065","isMergeCommit":false,"messageTitle":"updated line seperator","messageBody":"","fileTypesAndContributionMap":{"functional-code":{"insertions":2,"deletions":11}}},{"hash":"0fb51d6f0ee484dcc8cbf03f50191c11192b3d8a","isMergeCommit":true,"messageTitle":"Merge pull request #73 from MingEn82/branch-MingEn","messageBody":"updated line separator","fileTypesAndContributionMap":{}}]},{"date":"2023-03-18","commitResults":[{"hash":"4ceae1ce2acecf8c6e9bbbb5308da10f5d3a4ae5","isMergeCommit":false,"messageTitle":"changed date to a date object","messageBody":"","fileTypesAndContributionMap":{"functional-code":{"insertions":60,"deletions":16},"test-code":{"insertions":12,"deletions":5}}},{"hash":"c70ba40374f39a2a3b3fc78dca5646d8a8e13616","isMergeCommit":true,"messageTitle":"Merge pull request #74 from MingEn82/branch-MingEn","messageBody":"changed date to a date object","fileTypesAndContributionMap":{}},{"hash":"107da97f3096859f0ada5e859a259033252f7966","isMergeCommit":false,"messageTitle":"implemented sorting of meals by date","messageBody":"","fileTypesAndContributionMap":{"functional-code":{"insertions":21,"deletions":1},"test-code":{"insertions":17,"deletions":0}}},{"hash":"b51b2fbfa99f3aed6490800f12bb1b00d99227d4","isMergeCommit":true,"messageTitle":"Merge pull request #75 from MingEn82/branch-MingEn","messageBody":"implemented sorting of meals by date","fileTypesAndContributionMap":{}},{"hash":"2b2a95294ac677ee286cea9fcbff6ad20cff44f4","isMergeCommit":false,"messageTitle":"added different meal types","messageBody":"","fileTypesAndContributionMap":{"functional-code":{"insertions":79,"deletions":13},"test-code":{"insertions":23,"deletions":7}}},{"hash":"c182e124023cfcfd22c3f3477a97f966819900b0","isMergeCommit":false,"messageTitle":"added different meal types","messageBody":"","fileTypesAndContributionMap":{"functional-code":{"insertions":2,"deletions":2},"test-code":{"insertions":0,"deletions":12}}},{"hash":"700caf7a12d08f851fa512fd47f610ff9b13834e","isMergeCommit":true,"messageTitle":"Merge pull request #76 from MingEn82/branch-MingEn","messageBody":"added different meal types","fileTypesAndContributionMap":{}},{"hash":"e16071339d5b496eafa81d9fa6f06af9c357551a","isMergeCommit":false,"messageTitle":"added single line cli for add meal","messageBody":"","fileTypesAndContributionMap":{"functional-code":{"insertions":193,"deletions":53}}},{"hash":"465cbfbdc42520a353b3173386c6abdda2a37282","isMergeCommit":false,"messageTitle":"fixed gradlew errors","messageBody":"","fileTypesAndContributionMap":{"functional-code":{"insertions":9,"deletions":3}}},{"hash":"bc61b28a07cc47c7c61df6beae39af0fa79dadce","isMergeCommit":false,"messageTitle":"fixed gradlew errors","messageBody":"","fileTypesAndContributionMap":{"functional-code":{"insertions":2,"deletions":4}}},{"hash":"8423e9582e5882cada48dd79028fa95b8eb5f2bb","isMergeCommit":false,"messageTitle":"fixed gradlew errors","messageBody":"","fileTypesAndContributionMap":{"functional-code":{"insertions":12,"deletions":10}}},{"hash":"feef02b33248248e94d3cc9a0f3e215d526bb9ef","isMergeCommit":false,"messageTitle":"fixed gradlew errors","messageBody":"","fileTypesAndContributionMap":{"functional-code":{"insertions":1,"deletions":1}}},{"hash":"84ad64205d0e74713f69e8fca6928f33214ec28a","isMergeCommit":false,"messageTitle":"fixed gradlew errors","messageBody":"","fileTypesAndContributionMap":{"functional-code":{"insertions":1,"deletions":4}}},{"hash":"4b3770b91a8aefbeef7a2d26904b3d26149923d2","isMergeCommit":true,"messageTitle":"Merge pull request #77 from MingEn82/branch-MingEn","messageBody":"Resolved single line cli for add meal","fileTypesAndContributionMap":{}},{"hash":"21daa6b6e59f0e736f6102fba36cde9d2cee5b24","isMergeCommit":true,"messageTitle":"Merge branch \u0027master\u0027 of https://github.com/AY2223S2-CS2113-W15-1/tp into branch-MingEn","messageBody":"","fileTypesAndContributionMap":{}},{"hash":"78d92eb098549d3b466b85b281ca3f67d9f6eb3e","isMergeCommit":true,"messageTitle":"Merge pull request #78 from AY2223S2-CS2113-W15-1/branch-MingEn","messageBody":"Branch ming en","fileTypesAndContributionMap":{}},{"hash":"168baf66d060273504c7d9b061b61661bcb91719","isMergeCommit":false,"messageTitle":"added DG","messageBody":"","fileTypesAndContributionMap":{"docs":{"insertions":143,"deletions":2}}},{"hash":"a6177454ca9d5211faba16b1b432fae22dd9dcea","isMergeCommit":true,"messageTitle":"Merge pull request #79 from MingEn82/branch-MingEn","messageBody":"Added DG","fileTypesAndContributionMap":{}}]},{"date":"2023-03-19","commitResults":[{"hash":"0386f789d02133280668075377db95493349dd33","isMergeCommit":false,"messageTitle":"added exceptions","messageBody":"","fileTypesAndContributionMap":{"functional-code":{"insertions":43,"deletions":2}}},{"hash":"2386bbff94d43912224cf6a48af964f8710b5711","isMergeCommit":false,"messageTitle":"fixed runtest","messageBody":"","fileTypesAndContributionMap":{"functional-code":{"insertions":73,"deletions":30}}},{"hash":"01e6bcda16c7da93ea289bdd47f7272b85bc8255","isMergeCommit":false,"messageTitle":"fixed runtest","messageBody":"","fileTypesAndContributionMap":{"functional-code":{"insertions":49,"deletions":3}}},{"hash":"c45114385d89c3bc850f1f3ddf55d908000ed8c0","isMergeCommit":false,"messageTitle":"fixed runtest","messageBody":"","fileTypesAndContributionMap":{"other":{"insertions":6,"deletions":0}}},{"hash":"57b874e12e9ed49fff8b4b9c4dd8da311303fee5","isMergeCommit":false,"messageTitle":"fixed runtest","messageBody":"","fileTypesAndContributionMap":{"functional-code":{"insertions":5,"deletions":5},"docs":{"insertions":143,"deletions":2}}}]},{"date":"2023-03-20","commitResults":[{"hash":"8a92ac9a1620be44a9911b8790a3bf7d08507152","isMergeCommit":false,"messageTitle":"fixed runtest","messageBody":"","fileTypesAndContributionMap":{"functional-code":{"insertions":4,"deletions":2}}},{"hash":"7c978d19b8685f5ca97983a2eee0453534663ea0","isMergeCommit":true,"messageTitle":"Merge pull request #81 from MingEn82/branch-MingEn","messageBody":"Fixed RunTest","fileTypesAndContributionMap":{}}]},{"date":"2023-03-22","commitResults":[{"hash":"fd200283de3b9d06dfe14e3f65281cbe8a7e6510","isMergeCommit":false,"messageTitle":"latest update","messageBody":"","fileTypesAndContributionMap":{"other":{"insertions":8,"deletions":0}}},{"hash":"9c8fbfc052f60838f08483d3dff09041b5113ddb","isMergeCommit":true,"messageTitle":"Merge pull request #84 from MingEn82/branch-MingEn","messageBody":"latest update","fileTypesAndContributionMap":{}}]}],"Koh-Jing-Jie-Marcus":[{"date":"2023-03-01","commitResults":[{"hash":"f06093974bb8049e52f5af11f457e2a2acb0b055","isMergeCommit":false,"messageTitle":"Change first row name to Koh Jing Jie Marcus","messageBody":"","fileTypesAndContributionMap":{"docs":{"insertions":7,"deletions":7}}},{"hash":"6edd4c79d7645b5681a08506675e98c3c32d46f8","isMergeCommit":true,"messageTitle":"Merge pull request #1 from Koh-Jing-Jie-Marcus/branch-Marcus","messageBody":"Change first row name to Koh Jing Jie Marcus","fileTypesAndContributionMap":{}}]},{"date":"2023-03-11","commitResults":[{"hash":"1f90338904fcca3654960e9daced463734e02665","isMergeCommit":false,"messageTitle":"Add Ui for Weight and General Ui","messageBody":"","fileTypesAndContributionMap":{"functional-code":{"insertions":42,"deletions":0}}},{"hash":"7cb35cc0d0a457f00634cba648ea136203ae7b42","isMergeCommit":true,"messageTitle":"Merge pull request #45 from Koh-Jing-Jie-Marcus/branch-WeightUi","messageBody":"Add Ui for Weight and General Ui","fileTypesAndContributionMap":{}}]},{"date":"2023-03-13","commitResults":[{"hash":"3f01b1327a3a07f23c5aeecb52fb3f3b91544513","isMergeCommit":false,"messageTitle":"Add CalorieUi class","messageBody":"","fileTypesAndContributionMap":{"functional-code":{"insertions":20,"deletions":0}}},{"hash":"f4042900a250816f5fbf06d49e28cbdbc64d288b","isMergeCommit":true,"messageTitle":"Merge pull request #48 from Koh-Jing-Jie-Marcus/branch-CaloriesUi","messageBody":"Add CalorieUi class","fileTypesAndContributionMap":{}}]},{"date":"2023-03-14","commitResults":[{"hash":"9cb276ed4b66e9f09fa8b0d49a1cd00a33032217","isMergeCommit":false,"messageTitle":"Add AddMealCommandTest class","messageBody":"","fileTypesAndContributionMap":{"test-code":{"insertions":14,"deletions":0}}},{"hash":"32ab69b4a5e0ded447f509eb0b3af05f4d1776cf","isMergeCommit":false,"messageTitle":"Add DeleteFoodCommandTest class","messageBody":"","fileTypesAndContributionMap":{"test-code":{"insertions":14,"deletions":0}}},{"hash":"7f2668eabe6f5788faec3f7c493f7ddc6befe155","isMergeCommit":false,"messageTitle":"no message","messageBody":"","fileTypesAndContributionMap":{"test-code":{"insertions":2,"deletions":0}}},{"hash":"71a267a738f8f5503e9edb350194f994bdeca91d","isMergeCommit":true,"messageTitle":"Merge pull request #54 from Koh-Jing-Jie-Marcus/branch-Test","messageBody":"Branch test","fileTypesAndContributionMap":{}}]},{"date":"2023-03-17","commitResults":[{"hash":"acca69e782c7dd1a665d5642ff2f07f302d62f0d","isMergeCommit":false,"messageTitle":"Add Assertion for CaloricNeeds calucation","messageBody":"","fileTypesAndContributionMap":{"functional-code":{"insertions":12,"deletions":5}}},{"hash":"2b49a4b33987f17e7d96bd948602c6540534cfa7","isMergeCommit":true,"messageTitle":"Merge pull request #67 from Koh-Jing-Jie-Marcus/branch-Assertions","messageBody":"Add Assertion for CaloricNeeds calucation","fileTypesAndContributionMap":{}},{"hash":"201e1554cd4138506fe62ff70401308898a173de","isMergeCommit":false,"messageTitle":"Add logging for CalorieUi","messageBody":"","fileTypesAndContributionMap":{"functional-code":{"insertions":4,"deletions":0}}},{"hash":"0699aaa560f6cdf9855209b1ebacfc3a7d32af79","isMergeCommit":true,"messageTitle":"Merge pull request #72 from Koh-Jing-Jie-Marcus/branch-logging","messageBody":"Add logging for CalorieUi","fileTypesAndContributionMap":{}},{"hash":"6952ac50991597315008da07eff61c37a024fc8b","isMergeCommit":false,"messageTitle":"Update CalorieUi","messageBody":"","fileTypesAndContributionMap":{"functional-code":{"insertions":0,"deletions":2}}}]},{"date":"2023-03-22","commitResults":[{"hash":"99375cdbb886b91a119ade117f964046009be3d9","isMergeCommit":true,"messageTitle":"Merge branch \u0027master\u0027 of https://github.com/AY2223S2-CS2113-W15-1/tp","messageBody":"# Conflicts:\n#\tsrc/main/java/seedu/ui/CalorieUi.java\n","fileTypesAndContributionMap":{}}]},{"date":"2023-03-23","commitResults":[{"hash":"7efb092e87dcedbc367763de3c19afd40c62b6fb","isMergeCommit":false,"messageTitle":"Add filter food by calories feature","messageBody":"","fileTypesAndContributionMap":{"functional-code":{"insertions":2,"deletions":0}}},{"hash":"1b5e958dfff80dd44a8532d9c47c87004bb051ec","isMergeCommit":false,"messageTitle":"Add filter food by calories code","messageBody":"","fileTypesAndContributionMap":{"functional-code":{"insertions":49,"deletions":1}}},{"hash":"169173df207ed4b6819fca521a14b3776dd9e9cb","isMergeCommit":true,"messageTitle":"Merge pull request #87 from Koh-Jing-Jie-Marcus/branch-FilterCalories","messageBody":"Branch filter calories","fileTypesAndContributionMap":{}},{"hash":"41c260961c6d1396a5f9a8be2cb60d68d4b77ad4","isMergeCommit":false,"messageTitle":"Implement filter feature","messageBody":"","fileTypesAndContributionMap":{"functional-code":{"insertions":38,"deletions":18}}},{"hash":"f14be10ab6dd1ecbd6277e02e82bb1bffbc893db","isMergeCommit":false,"messageTitle":"Update filter","messageBody":"","fileTypesAndContributionMap":{"functional-code":{"insertions":0,"deletions":14}}},{"hash":"bd929c613feb221694110b1cc7af06ae29b1107f","isMergeCommit":false,"messageTitle":"Update coding standard","messageBody":"","fileTypesAndContributionMap":{"functional-code":{"insertions":0,"deletions":1}}},{"hash":"30dc16aff2ba75c0774d0462b3fef508cb71cb3b","isMergeCommit":true,"messageTitle":"Merge pull request #88 from Koh-Jing-Jie-Marcus/branch-filter","messageBody":"Branch filter","fileTypesAndContributionMap":{}},{"hash":"7a52ce6a053cdee128d76e24471bbb9c9e8601ec","isMergeCommit":false,"messageTitle":"Add J Unit test for WeightUi class","messageBody":"","fileTypesAndContributionMap":{"functional-code":{"insertions":2,"deletions":2},"test-code":{"insertions":42,"deletions":0}}},{"hash":"92734ebfae4d06e9ffab0c9300ef5d79aca58376","isMergeCommit":true,"messageTitle":"Merge pull request #93 from Koh-Jing-Jie-Marcus/branch-UnitTest","messageBody":"Add J Unit test for WeightUi class","fileTypesAndContributionMap":{}},{"hash":"d8efecddb0c6ad6be115405aba2eeb42dd944c9b","isMergeCommit":false,"messageTitle":"Add user story for filter","messageBody":"Add user story","fileTypesAndContributionMap":{"docs":{"insertions":1,"deletions":0}}},{"hash":"2f9d62d465fa36259f572bc643f0a5d597d9d8ee","isMergeCommit":false,"messageTitle":"Update DeveloperGuide.md","messageBody":"","fileTypesAndContributionMap":{"docs":{"insertions":10,"deletions":1}}}]}],"TJ-Hoo":[{"date":"2023-03-01","commitResults":[{"hash":"b331024e9e19e34fd89f9d8e38df98538e8a1e84","isMergeCommit":false,"messageTitle":"Added name to Aboutus.md","messageBody":"","fileTypesAndContributionMap":{"docs":{"insertions":7,"deletions":7}}},{"hash":"38bf22670690a9010ad8107f507407c5e39a24fd","isMergeCommit":true,"messageTitle":"Merge branch \u0027master\u0027 into branch-TJHoo","messageBody":"","fileTypesAndContributionMap":{}},{"hash":"4fb74dfb49c87ba1af8d543a259c2d915129c5a1","isMergeCommit":true,"messageTitle":"Merge pull request #2 from TJ-Hoo/branch-TJHoo","messageBody":"Added name to Aboutus.md","fileTypesAndContributionMap":{}}]},{"date":"2023-03-07","commitResults":[{"hash":"4b61e1af695d85c8caedf76769317d3a695a3f94","isMergeCommit":false,"messageTitle":"Issue #31 Create Calculate Calories function","messageBody":"","fileTypesAndContributionMap":{"functional-code":{"insertions":23,"deletions":4}}}]},{"date":"2023-03-09","commitResults":[{"hash":"93a50b9c614d2c4c9bcf3960c2521722ac2feadb","isMergeCommit":false,"messageTitle":"Issue #32 Create View Calories Intake function","messageBody":"","fileTypesAndContributionMap":{"functional-code":{"insertions":31,"deletions":20}}}]},{"date":"2023-03-14","commitResults":[{"hash":"de8346ca74e46dae958ef39d05293af2103751d8","isMergeCommit":false,"messageTitle":"JUnit Tests for User","messageBody":"","fileTypesAndContributionMap":{"test-code":{"insertions":28,"deletions":0}}},{"hash":"1c630d5b59df230d033b92fea2a3a4816c83d3ad","isMergeCommit":true,"messageTitle":"Merge pull request #53 from TJ-Hoo/branch-TJHoo","messageBody":"JUnit Tests for User","fileTypesAndContributionMap":{}}]},{"date":"2023-03-17","commitResults":[{"hash":"f00c150d2e0c25a65a73be89dd33a15f25462aff","isMergeCommit":false,"messageTitle":"Logging and Assertions for calculateCaloricNeeds method","messageBody":"","fileTypesAndContributionMap":{"functional-code":{"insertions":18,"deletions":0}}},{"hash":"a83f432d3fab8579fa1a7df955cc3cf27a7db6ac","isMergeCommit":true,"messageTitle":"Merge pull request #68 from TJ-Hoo/branch-TJHoo","messageBody":"Logging for calculateCaloricNeeds method and assertions for toWriteFormat method","fileTypesAndContributionMap":{}},{"hash":"a3cc6edfa13e1114cf6b1c14e5a3f398411745fd","isMergeCommit":false,"messageTitle":"Fixed gradle errors","messageBody":"","fileTypesAndContributionMap":{"functional-code":{"insertions":2,"deletions":3}}},{"hash":"f85c19863c6bda6e5d7de46467b7f7cb0c6e05e6","isMergeCommit":false,"messageTitle":"Add java.util.logging.Level","messageBody":"","fileTypesAndContributionMap":{"functional-code":{"insertions":1,"deletions":1}}},{"hash":"b07459a2e6838036352b10afb7ae14edf3fa62c2","isMergeCommit":true,"messageTitle":"Merge pull request #70 from TJ-Hoo/branch-TJHoo","messageBody":"Fix gradle errors","fileTypesAndContributionMap":{}}]},{"date":"2023-03-21","commitResults":[{"hash":"712ce4d2ce63ce580cfb4048ff897a04bda5116a","isMergeCommit":false,"messageTitle":"Implemented Nutrition Command","messageBody":"","fileTypesAndContributionMap":{"functional-code":{"insertions":177,"deletions":12}}}]},{"date":"2023-03-22","commitResults":[{"hash":"f7a26df6eb56db0c6724685db7123d92187e30e4","isMergeCommit":true,"messageTitle":"Merge branch \u0027master\u0027 of https://github.com/AY2223S2-CS2113-W15-1/tp into branch-TJHoo","messageBody":"# Conflicts:\n#\tdata/MealData.csv\n#\tmyLogFile.log\n#\tsrc/main/java/seedu/commands/AddMealCommand.java\n#\tsrc/main/java/seedu/commands/ListCommand.java\n#\tsrc/main/java/seedu/database/MealStorage.java\n","fileTypesAndContributionMap":{}},{"hash":"59025a1e3e0e1c736bf03b2d3740c493e1bd80d7","isMergeCommit":false,"messageTitle":"Fixed stuff","messageBody":"","fileTypesAndContributionMap":{"functional-code":{"insertions":4,"deletions":40}}},{"hash":"4702860b5e4853930d6dca51f4dc5a3c06881bb9","isMergeCommit":false,"messageTitle":"Fixed more stuff","messageBody":"","fileTypesAndContributionMap":{"functional-code":{"insertions":0,"deletions":4}}},{"hash":"0ee7be93022b0906e0af7be9ff9de67a5277078d","isMergeCommit":false,"messageTitle":"Removed wrong logger","messageBody":"","fileTypesAndContributionMap":{"functional-code":{"insertions":5,"deletions":13}}},{"hash":"d9ef9a7b202cc1175a0c47e28112540d5e7b4917","isMergeCommit":true,"messageTitle":"Merge branch \u0027master\u0027 of https://github.com/AY2223S2-CS2113-W15-1/tp into branch-TJHoo","messageBody":"# Conflicts:\n#\tmyLogFile.log\n","fileTypesAndContributionMap":{}},{"hash":"7a76b3a7e9cd417a1e5a320ec5d8424b3df70a21","isMergeCommit":false,"messageTitle":"Fix gradle errors?","messageBody":"","fileTypesAndContributionMap":{"functional-code":{"insertions":4,"deletions":4}}},{"hash":"1a48fee15476efe160b1754ec3a060ae2c69f5f7","isMergeCommit":false,"messageTitle":"Actually fixing gradle errors","messageBody":"","fileTypesAndContributionMap":{"functional-code":{"insertions":44,"deletions":44}}},{"hash":"f0fd4ee86f40f17f6af13227556b205dd28e5e06","isMergeCommit":true,"messageTitle":"Merge pull request #85 from TJ-Hoo/branch-TJHoo","messageBody":"Implemented Nutrition Command","fileTypesAndContributionMap":{}}]},{"date":"2023-03-23","commitResults":[{"hash":"564782ac0a046c69cb4741d94d2629436f2c65b4","isMergeCommit":false,"messageTitle":"Update DeveloperGuide.md","messageBody":"","fileTypesAndContributionMap":{"docs":{"insertions":6,"deletions":1}}},{"hash":"20c16008ac6d969002f75d2c6004f3ffad003b51","isMergeCommit":true,"messageTitle":"Merge pull request #86 from MustafaAH10/branch-Mustafa","messageBody":"Fixing issue in main.run","fileTypesAndContributionMap":{}},{"hash":"90393f535f483fb4b212bc12e82df0563754cf1b","isMergeCommit":false,"messageTitle":"Improve nutrition command and fixed some data","messageBody":"","fileTypesAndContributionMap":{"functional-code":{"insertions":12,"deletions":13}}},{"hash":"387a5da9051e681642841734bf66dce12ac5d7ed","isMergeCommit":true,"messageTitle":"Merge branch \u0027master\u0027 of https://github.com/AY2223S2-CS2113-W15-1/tp into branch-TJHoo","messageBody":"# Conflicts:\n#\tsrc/main/java/seedu/entities/Exercise.java\n","fileTypesAndContributionMap":{}},{"hash":"147dea97ecdf474fabfd2eb8ddd6170cc1e14097","isMergeCommit":true,"messageTitle":"Merge pull request #91 from TJ-Hoo/branch-TJHoo","messageBody":"Improve nutrition command and fixed some data","fileTypesAndContributionMap":{}}]}],"MustafaAH10":[{"date":"2023-03-01","commitResults":[{"hash":"73c52526749daa148608712895cde18a5807e8a8","isMergeCommit":false,"messageTitle":"Update AboutUs.md","messageBody":"","fileTypesAndContributionMap":{"docs":{"insertions":7,"deletions":7}}},{"hash":"d18d816f92551ea9583cbfc8e603d39b392c1215","isMergeCommit":false,"messageTitle":"Update AboutUs.md","messageBody":"","fileTypesAndContributionMap":{"docs":{"insertions":3,"deletions":1}}},{"hash":"5e27901c992e862e213c0682135334bbd52afa77","isMergeCommit":true,"messageTitle":"Merge branch \u0027master\u0027 into branch-Mustafa","messageBody":"","fileTypesAndContributionMap":{}},{"hash":"6d7efbc7e95d6810e44149046cb96290982f954a","isMergeCommit":true,"messageTitle":"Merge pull request #4 from MustafaAH10/branch-Mustafa","messageBody":"Update AboutUs.md","fileTypesAndContributionMap":{}}]},{"date":"2023-03-02","commitResults":[{"hash":"7b54f2cfc3f1e4999b154565c6183411ad6ef9f9","isMergeCommit":false,"messageTitle":"Revert \"Update AboutUs.md\"","messageBody":"This reverts commit d18d816f92551ea9583cbfc8e603d39b392c1215.\n","fileTypesAndContributionMap":{"docs":{"insertions":1,"deletions":3}}},{"hash":"5daeb4bb932c38fb6f697228586fabdabac6aecf","isMergeCommit":false,"messageTitle":"Revert \"Revert \"Update AboutUs.md\"\"","messageBody":"This reverts commit 7b54f2cfc3f1e4999b154565c6183411ad6ef9f9.\n","fileTypesAndContributionMap":{"docs":{"insertions":3,"deletions":1}}}]},{"date":"2023-03-07","commitResults":[{"hash":"704ad82d63670ec0c8ed610234b663004fa46e34","isMergeCommit":true,"messageTitle":"Merge commit \u00275e27901c992e862e213c0682135334bbd52afa77\u0027 into branch-Mustafa","messageBody":"","fileTypesAndContributionMap":{}},{"hash":"842bb4638c59dae133375b25f56bdb29b18d406d","isMergeCommit":true,"messageTitle":"Merge commit \u0027c0f0a325b8c0739f5b0a6c539c24dfcfa3eb4318\u0027 into branch-Mustafa","messageBody":"# Conflicts:\n#\tdocs/AboutUs.md\n","fileTypesAndContributionMap":{}},{"hash":"79bc7caac4c268f7afa742fc08a8ac915775b095","isMergeCommit":true,"messageTitle":"Merge commit \u0027dddea7f87f5b15b8cda57c0d1c4b8a80cd9e9c87\u0027 into branch-Mustafa","messageBody":"","fileTypesAndContributionMap":{}},{"hash":"8760487e177af0476a5c9f0c332d297d0983703a","isMergeCommit":false,"messageTitle":"Update functionality to take in user input Template to add new foods","messageBody":"","fileTypesAndContributionMap":{"functional-code":{"insertions":146,"deletions":21}}},{"hash":"8fb00498d5b1f64fb987b81e85073dcbd3458fdf","isMergeCommit":true,"messageTitle":"Merge pull request #40 from MustafaAH10/branch-Mustafa","messageBody":"Working on fixing Issues #25 #26 #27","fileTypesAndContributionMap":{}}]},{"date":"2023-03-12","commitResults":[{"hash":"2f8f6db0ba609ad96b50c3af41599ca80774731b","isMergeCommit":false,"messageTitle":"Add delete functionality","messageBody":"","fileTypesAndContributionMap":{"functional-code":{"insertions":83,"deletions":10}}},{"hash":"9d61a99e5cd01bcfc524fffa3c70711ba8e8cdfa","isMergeCommit":false,"messageTitle":"Add display functionality","messageBody":"","fileTypesAndContributionMap":{"functional-code":{"insertions":14,"deletions":0}}},{"hash":"1bb6b92d0760218d7d706784fd9c290daf3c52a5","isMergeCommit":false,"messageTitle":"Update add food functionality","messageBody":"","fileTypesAndContributionMap":{"functional-code":{"insertions":18,"deletions":7}}},{"hash":"d430497a25e65c6903b6733d1b537ec9e14e591f","isMergeCommit":true,"messageTitle":"Merge pull request #47 from MustafaAH10/branch-Mustafa","messageBody":"Branch mustafa","fileTypesAndContributionMap":{}}]},{"date":"2023-03-14","commitResults":[{"hash":"e896a2b8e0ecba0c0b1b62b248b6cd3bc0583e34","isMergeCommit":false,"messageTitle":"Update AddMealCommandTest and DeleteFoodCommandTest","messageBody":"","fileTypesAndContributionMap":{"test-code":{"insertions":45,"deletions":3}}},{"hash":"946aa131836eecd1ae4d1eb69bfae7a4b35d5ec8","isMergeCommit":false,"messageTitle":"Fix Gradle Errors","messageBody":"","fileTypesAndContributionMap":{"functional-code":{"insertions":113,"deletions":116},"test-code":{"insertions":11,"deletions":13}}},{"hash":"78466fc7cb5c8afc6e2708275060099722cff983","isMergeCommit":true,"messageTitle":"Merge branch \u0027master\u0027 into branch-Mustafa","messageBody":"","fileTypesAndContributionMap":{}},{"hash":"b1590c2691f3166f4f943f5c384e0e873885d1f3","isMergeCommit":false,"messageTitle":"Fixing Gradle errors","messageBody":"","fileTypesAndContributionMap":{"test-code":{"insertions":0,"deletions":6}}},{"hash":"555023b2e88a79181dfb26d34c2aa0d674bc8d71","isMergeCommit":true,"messageTitle":"Merge pull request #59 from MustafaAH10/branch-Mustafa","messageBody":"Branch mustafa","tags":["v1.0"],"fileTypesAndContributionMap":{}}]},{"date":"2023-03-17","commitResults":[{"hash":"8c8e01e9163d9c42f7d39db2d044aa741c8cd6fb","isMergeCommit":false,"messageTitle":"Created class to do logging","messageBody":"","fileTypesAndContributionMap":{"functional-code":{"insertions":38,"deletions":0}}},{"hash":"5b4902c9e61ea9cdffafa92570385b219c6363be","isMergeCommit":false,"messageTitle":"Implemented logging class for some Commands","messageBody":"","fileTypesAndContributionMap":{"functional-code":{"insertions":10,"deletions":0}}},{"hash":"e1c4e9a65fa2e35ca0328575a138483ca8945825","isMergeCommit":true,"messageTitle":"Merge pull request #71 from MustafaAH10/branch-Mustafa","messageBody":"Update logging capabilities","fileTypesAndContributionMap":{}}]},{"date":"2023-03-22","commitResults":[{"hash":"ee5901220100182a411c20d1df8f1b30799c59dd","isMergeCommit":false,"messageTitle":"Fixing issue in main.run","messageBody":"","fileTypesAndContributionMap":{"functional-code":{"insertions":19,"deletions":8}}}]},{"date":"2023-03-23","commitResults":[{"hash":"3fa74ef706a130ea8cceb75aa5fbc497294bf9fa","isMergeCommit":false,"messageTitle":"Add exercise frontend","messageBody":"","fileTypesAndContributionMap":{"functional-code":{"insertions":76,"deletions":4}}},{"hash":"f807894e85ff42b22434ecfaaf09f5ef39836c5c","isMergeCommit":true,"messageTitle":"Merge commit \u0027169173df207ed4b6819fca521a14b3776dd9e9cb\u0027 into branch-Mustafa","messageBody":"","fileTypesAndContributionMap":{}},{"hash":"b3da9a4a45c393cead96a90506b99634160f14c8","isMergeCommit":false,"messageTitle":"Update Exercise and ExerciseStorage","messageBody":"","fileTypesAndContributionMap":{"functional-code":{"insertions":45,"deletions":7}}},{"hash":"a90b1763f17be01f7736e799af4be116107c1123","isMergeCommit":true,"messageTitle":"Merge commit \u002730dc16aff2ba75c0774d0462b3fef508cb71cb3b\u0027 into branch-Mustafa","messageBody":"# Conflicts:\n#\tsrc/main/java/seedu/parser/CommandParser.java\n","fileTypesAndContributionMap":{}},{"hash":"4311848ee601fbc6b222fad8f6a69db3a892a215","isMergeCommit":false,"messageTitle":"Create storage for exercises to be saved \u0026 fix some gradle errors","messageBody":"","fileTypesAndContributionMap":{"functional-code":{"insertions":50,"deletions":20}}},{"hash":"bdaf0c1b47f758cdeebb3a3283f9bb58f7ead9d3","isMergeCommit":true,"messageTitle":"Merge pull request #89 from MustafaAH10/branch-Mustafa","messageBody":"Fix some gradle errors","fileTypesAndContributionMap":{}}]}]},"authorFileTypeContributionMap":{"Masahiro21":{"docs":164,"functional-code":275,"test-code":19},"MingEn82":{"docs":143,"functional-code":1482,"test-code":181,"other":18},"Koh-Jing-Jie-Marcus":{"docs":12,"functional-code":116,"test-code":65},"TJ-Hoo":{"docs":7,"functional-code":200,"test-code":22},"MustafaAH10":{"docs":4,"functional-code":435,"test-code":43}},"authorContributionVariance":{"Masahiro21":17230.537,"MingEn82":44913.49,"Koh-Jing-Jie-Marcus":965.83673,"TJ-Hoo":1713.107,"MustafaAH10":4576.542},"authorDisplayNameMap":{"Masahiro21":"CS2113-W15-1 HAMA..HIRO","MingEn82":"CS2113-W15-1 KOH ..G EN","Koh-Jing-Jie-Marcus":"CS2113-W15-1 KOH ..RCUS","TJ-Hoo":"CS2113-W15-1 HOO ..JUAN","MustafaAH10":"CS2113-W15-1 MUST..SAIN"}}
