{"authorDailyContributionsMap":{"Thiolk":[{"date":"2023-03-02","commitResults":[{"hash":"dce91ff0245d99fb778abeaea39eb5217c6309ec","isMergeCommit":false,"messageTitle":"Edit AboutUS.md to include details of myself","messageBody":"","fileTypesAndContributionMap":{"docs":{"insertions":8,"deletions":8}}},{"hash":"ff1b32fe1fb1d29af4aaa01726b2f36ef078c5b7","isMergeCommit":true,"messageTitle":"Merge pull request #1 from anthea-pr0g/anthea-AboutUs","messageBody":"Changes in aboutus","fileTypesAndContributionMap":{}}]},{"date":"2023-03-07","commitResults":[{"hash":"0ce8489ca0923bfa5f0d567e11c8d94d29d94a77","isMergeCommit":false,"messageTitle":"Create Module and Module List Classes","messageBody":"","fileTypesAndContributionMap":{"functional-code":{"insertions":24,"deletions":0}}},{"hash":"26f47a6329b47570572df061ada62ae155c758ee","isMergeCommit":false,"messageTitle":"Create method to find modules in list of modules saved","messageBody":"","fileTypesAndContributionMap":{"functional-code":{"insertions":9,"deletions":0}}},{"hash":"649768710d4e563379071a7ad6b87fd9b78bcfac","isMergeCommit":false,"messageTitle":"Comment out UI command that has not been implemented yet","messageBody":"","fileTypesAndContributionMap":{"functional-code":{"insertions":1,"deletions":1}}},{"hash":"d4505ac9b6cf0ec5af6d94da917611bd89e29bf0","isMergeCommit":true,"messageTitle":"Merge pull request #7 from anthea-pr0g/ManPage","messageBody":"Anthea Yip Manual page added","fileTypesAndContributionMap":{}},{"hash":"27b48a5c8151d0e81fa6087e44050570bd38e932","isMergeCommit":false,"messageTitle":"Create Parser Class and add more OOP elements","messageBody":"","fileTypesAndContributionMap":{"functional-code":{"insertions":64,"deletions":19},"other":{"insertions":3,"deletions":3}}},{"hash":"0ca5a4e97491cf6ba991560c667fbc7d8fced61a","isMergeCommit":false,"messageTitle":"Rename package files","messageBody":"","fileTypesAndContributionMap":{"functional-code":{"insertions":8,"deletions":8}}},{"hash":"173f85074150a9ae402257a699b89e9d5c76aba7","isMergeCommit":false,"messageTitle":"Improve code quality by standardising white spaces","messageBody":"","fileTypesAndContributionMap":{"functional-code":{"insertions":6,"deletions":6}}},{"hash":"117e6b81ae662c1880ffa848bef53e4a95f89148","isMergeCommit":false,"messageTitle":"Meet convention for package names","messageBody":"","fileTypesAndContributionMap":{"functional-code":{"insertions":8,"deletions":8}}},{"hash":"29e3428772a6c8441f5ff6d307132102d1296ed0","isMergeCommit":false,"messageTitle":"Remove packages","messageBody":"","fileTypesAndContributionMap":{"functional-code":{"insertions":0,"deletions":6},"other":{"insertions":4,"deletions":4}}},{"hash":"415831ff428c81883e93d51a9ec431501eca914e","isMergeCommit":true,"messageTitle":"Merge pull request #31 from denzelcjy/DenzelChen-SpecifyModules+PrintUi","messageBody":"Denzel Chen specify module types, updated print function","fileTypesAndContributionMap":{}}]},{"date":"2023-03-08","commitResults":[{"hash":"55ae155e32764ed846083649787ee633f1eb5712","isMergeCommit":true,"messageTitle":"Merge pull request #32 from geraldkoh4/branch-addModule","messageBody":"Finished addModule and modified input parsing","fileTypesAndContributionMap":{}}]},{"date":"2023-03-11","commitResults":[{"hash":"da466d920274708a56f923246612e4e5667bd19d","isMergeCommit":true,"messageTitle":"Merge pull request #42 from anthea-pr0g/junits","messageBody":"Junits successful for manpage commands","fileTypesAndContributionMap":{}},{"hash":"a83250b22b335bf4b9793e45444e579d93ff8785","isMergeCommit":false,"messageTitle":"Create junit test for no module found when find function used","messageBody":"","fileTypesAndContributionMap":{"functional-code":{"insertions":7,"deletions":0},"test-code":{"insertions":13,"deletions":0}}},{"hash":"ec25719d5dca8c3b18b992ad6c366806e176c787","isMergeCommit":false,"messageTitle":"Fix bug in find module method where a not found message will be printed even if a module has been found","messageBody":"","fileTypesAndContributionMap":{"functional-code":{"insertions":1,"deletions":1}}}]},{"date":"2023-03-14","commitResults":[{"hash":"498d3af8a26521c39f969dd7c08002c907aaf612","isMergeCommit":false,"messageTitle":"Create logger class","messageBody":"","fileTypesAndContributionMap":{"functional-code":{"insertions":7,"deletions":0}}},{"hash":"575d4ba749a918461e496f5b9fd405657b92835e","isMergeCommit":false,"messageTitle":"Create assertion to make code more defensive","messageBody":"","fileTypesAndContributionMap":{"functional-code":{"insertions":1,"deletions":0},"other":{"insertions":1,"deletions":0}}},{"hash":"7ff0f454f8942da73bdbfc6d2f623f9052484d7a","isMergeCommit":true,"messageTitle":"Merge pull request #49 from geraldkoh4/branch-GeraldAssertion","messageBody":"Added Assertions for addModules","fileTypesAndContributionMap":{}},{"hash":"8a19d2369d6c59d0e19c42a5794a5bb11d0068f7","isMergeCommit":true,"messageTitle":"Merge branch \u0027master\u0027 into Leng-Kiat-Logging","messageBody":"* master:\n  Added Exceptions, Custom Exception Class and Logs for addModule inputs\n  Added logging initialisation, added modganiserLog.txt into .gitignore\n  Add Assertion for Parser Class\n  Add assertion for delete function\n  editing Anthea\u0027s assertion\n  Saint Added an assertion to deleteModule method in ModuleList Class\n  Added Assertions for addModules\n  Anthea\u0027s assertions\n  Anthea\u0027s assertions\n  Update the HelloMessage and handling of Bye in name input\n  Create assertion to make code more defensive\n  Saint changed \"view\" command to \"list\" instead\n","fileTypesAndContributionMap":{}},{"hash":"f897d71796b30ba3370f54b7d762ac2d40c141d7","isMergeCommit":false,"messageTitle":"Add log message for findModule method","messageBody":"","fileTypesAndContributionMap":{"functional-code":{"insertions":1,"deletions":0}}},{"hash":"bad7ad5012c45b89a91fd27af639ec9c8c4560a6","isMergeCommit":false,"messageTitle":"Improve code quality and readability for manpage assertion","messageBody":"","fileTypesAndContributionMap":{"functional-code":{"insertions":3,"deletions":3}}},{"hash":"6fb1343ade26ec08406967e35b91c3373e31fcfa","isMergeCommit":false,"messageTitle":"Add new assertion when ChatBot is starting up","messageBody":"","fileTypesAndContributionMap":{"functional-code":{"insertions":2,"deletions":2}}},{"hash":"9a71775cfb41387d3fa7b8ebfc88ae8319aaff7d","isMergeCommit":false,"messageTitle":"Add log for deleteModule and viewModuleList methods","messageBody":"","fileTypesAndContributionMap":{"functional-code":{"insertions":3,"deletions":0}}},{"hash":"63aea38194d96cb7f46a156cf03ea9bd27ec06aa","isMergeCommit":false,"messageTitle":"Delete logger class","messageBody":"","fileTypesAndContributionMap":{"functional-code":{"insertions":0,"deletions":7}}},{"hash":"d09b6aaff0b2c3e4f1e8430b91a589f79656f4e8","isMergeCommit":true,"messageTitle":"Merge branch \u0027Leng-Kiat-Logging\u0027 into Leng-Kiat-Assertions","messageBody":"* Leng-Kiat-Logging:\n  Delete logger class\n  Add log for deleteModule and viewModuleList methods\n","fileTypesAndContributionMap":{}},{"hash":"3fbedc572788ce9c6d346a8b18f828b29e26aad8","isMergeCommit":false,"messageTitle":"Add exceptions to make code more defensive","messageBody":"","fileTypesAndContributionMap":{"functional-code":{"insertions":55,"deletions":38}}}]},{"date":"2023-03-15","commitResults":[{"hash":"467d4f45c0eb2485040b72a809e28d24177645af","isMergeCommit":true,"messageTitle":"Merge branch \u0027master\u0027 into Saint-AddExceptionsAndLogging","messageBody":"","fileTypesAndContributionMap":{}},{"hash":"df19aecf1e42d5f4575d5d9eedb19e5764fa8cfd","isMergeCommit":true,"messageTitle":"Merge pull request #60 from saintzaw/Saint-AddExceptionsAndLogging","messageBody":"Saint Changed viewModuleList method name to listModules, Added Log Me…","fileTypesAndContributionMap":{}}]},{"date":"2023-03-19","commitResults":[{"hash":"9929ed09b2f669d10b661edcb5bddafcd4b1d216","isMergeCommit":true,"messageTitle":"Merge branch \u0027master\u0027 of github.com:AY2223S2-CS2113T-T09-4/tp","messageBody":"* \u0027master\u0027 of github.com:AY2223S2-CS2113T-T09-4/tp:\n  Saint edited Edit Module Type function\n  Saint Fixed indentation\n  Added edit command to allow users to edit module type, MCs, year and sem\n  Minor formatting changes\n  Added newAddModule command, edited the module classes to support year and semester. Pulled out the relevant checks into different methods for checkAddInput. Edited the duplicate module check to support overloading of modules. Added a check for Year and Semester\n  anthea-  capitalise some letters\n  anthea-  duplicate exceptions\n  anthea- fixes for gradle\n  anthea- adding  internship type of module\n  anthea- adding more assertions\n  anthea- fixing assertions\n  anthea- fix manpage ui string static\n  anthea- fix manpage ui for all\n  anthea- fix_goodbye\n","fileTypesAndContributionMap":{}},{"hash":"0a0616acecd0b3c8b5600a0a8e4bad1c31b2468c","isMergeCommit":false,"messageTitle":"Update find method so that users can search for keywords instead of searching for the entire module code","messageBody":"","fileTypesAndContributionMap":{"functional-code":{"insertions":24,"deletions":10}}},{"hash":"f506f816138850c9dfc9dc3fa7ec791ab7ea0d92","isMergeCommit":false,"messageTitle":"Change the way that found modules were stored and printed","messageBody":"","fileTypesAndContributionMap":{"functional-code":{"insertions":14,"deletions":11},"test-code":{"insertions":4,"deletions":3}}},{"hash":"837f13e6029dd2c7065910133d15760c50a6a872","isMergeCommit":false,"messageTitle":"Improve code quality and standard by ensuring number of characters per line is less than 120","messageBody":"","fileTypesAndContributionMap":{"test-code":{"insertions":2,"deletions":1}}},{"hash":"63460d436329c1c8be1240d5433c89f732a03967","isMergeCommit":false,"messageTitle":"Parse all user inputs to uppercase so module plan is stored in uppercase as all module codes are uppercase","messageBody":"","fileTypesAndContributionMap":{"functional-code":{"insertions":21,"deletions":21}}}]},{"date":"2023-03-20","commitResults":[{"hash":"12e230f2f7deded38e90d2d7dd713aaf1715a71a","isMergeCommit":false,"messageTitle":"Add method for ChatBot to find all modules of a certain module type","messageBody":"","fileTypesAndContributionMap":{"functional-code":{"insertions":90,"deletions":40},"test-code":{"insertions":3,"deletions":3}}}]},{"date":"2023-03-21","commitResults":[{"hash":"ee68585b11b7d5e3568b223ac2e57e2f308505cc","isMergeCommit":true,"messageTitle":"Merge pull request #89 from anthea-pr0g/updatedman","messageBody":"anthea- Updated man page for teammates commands","fileTypesAndContributionMap":{}},{"hash":"2d766510828d9a40b1e4c8c64b4484970ab28d7a","isMergeCommit":true,"messageTitle":"Merge pull request #90 from saintzaw/Saint-DuplicateBug","messageBody":"Saint removed return statement to fix duplication bug","fileTypesAndContributionMap":{}},{"hash":"74b77daa76e5d4ef8c65a1067b8a24659216caff","isMergeCommit":true,"messageTitle":"Merge pull request #92 from anthea-pr0g/DG","messageBody":"anthea- Edited DG","fileTypesAndContributionMap":{}},{"hash":"f7a2e37227b81e0a1d95157de114e7516c361dff","isMergeCommit":false,"messageTitle":"Improve code quality by reusing methods that were defined previously","messageBody":"","fileTypesAndContributionMap":{"functional-code":{"insertions":23,"deletions":78}}},{"hash":"42c709dc961dad35a1d0e929bb20e109b7f3cb36","isMergeCommit":false,"messageTitle":"Remove unused methods","messageBody":"","fileTypesAndContributionMap":{"functional-code":{"insertions":0,"deletions":8}}},{"hash":"5ea3f6f24300134455bd437ad02fd872e0ad51f9","isMergeCommit":false,"messageTitle":"Create UML sequence diagram for findModuleByName","messageBody":"","fileTypesAndContributionMap":{"docs":{"insertions":35,"deletions":0}}},{"hash":"108141ebd4375bb25a1ab38a031519eda346d974","isMergeCommit":false,"messageTitle":"Made methods reusable by removing the print statements in the method","messageBody":"","fileTypesAndContributionMap":{"functional-code":{"insertions":32,"deletions":31}}},{"hash":"1f01feb84f6d24fcd0eeab4983525330d392f7dd","isMergeCommit":true,"messageTitle":"Merge pull request #100 from chokyao/Edit-Junit-Test","messageBody":"Edit Junit tests","fileTypesAndContributionMap":{}},{"hash":"19e06d8cd10c5075429c460d69cf7e6c9bbd1736","isMergeCommit":true,"messageTitle":"Merge branch \u0027master\u0027 into LengKiat-CodeQuality","messageBody":"","fileTypesAndContributionMap":{}},{"hash":"4e6d40be1a5c8a8b8d8f8f4d8c169061cf8bdee3","isMergeCommit":false,"messageTitle":"Reuse more methods to improve code quality and standard","messageBody":"","fileTypesAndContributionMap":{"functional-code":{"insertions":10,"deletions":12}}},{"hash":"25f69adacdabf964c33c7ae05c9baca3da7f4c7e","isMergeCommit":true,"messageTitle":"Merge branch \u0027master\u0027 of github.com:AY2223S2-CS2113T-T09-4/tp into LengKiat-CodeQuality","messageBody":"* \u0027master\u0027 of github.com:AY2223S2-CS2113T-T09-4/tp:\n  Edit Junit tests\n  Edited Variable \u0027filePath\u0027 in Storage.java to be in ALL_CAPS\n  since it is a constant\n  Added calculateCAP command implementation to DG\n  Fixed indentation to solve checkstyle error\n  Added grade command implementation to DG\n  Reduced line length to comply with coding standards\n  Saint changed edit module function and variable names to improve code quality\n  Saint updated printModuleListTest and added new Junit tests for edit module functions\n\n# Conflicts:\n#\tsrc/main/java/seedu/duke/ModuleList.java\n#\tsrc/main/java/seedu/duke/Parser.java\n","fileTypesAndContributionMap":{}},{"hash":"92ecd47ba72a9cffacb98d9d2a0fd0e2dac0b5fe","isMergeCommit":false,"messageTitle":"Remove merge conflicts","messageBody":"","fileTypesAndContributionMap":{"functional-code":{"insertions":0,"deletions":9}}},{"hash":"2c8eac2fe4eeb14c1dcc175e5b685e907a9e6c86","isMergeCommit":true,"messageTitle":"Merge branch \u0027LengKiat-CodeQuality\u0027 of github.com:Thiolk/tp into LengKiat-CodeQuality","messageBody":"* \u0027LengKiat-CodeQuality\u0027 of github.com:Thiolk/tp:\n","fileTypesAndContributionMap":{}},{"hash":"a5534a3a02a30e84f981d11a3802185fb39d8bd6","isMergeCommit":false,"messageTitle":"Add print statement to prompt user that editModuleType was successful","messageBody":"","fileTypesAndContributionMap":{"functional-code":{"insertions":2,"deletions":3}}},{"hash":"6b3ea6f1739b8cc9e76a52133cdd8b7e07b47565","isMergeCommit":false,"messageTitle":"Edit number of characters in line to improve code readability","messageBody":"","fileTypesAndContributionMap":{"functional-code":{"insertions":4,"deletions":3}}},{"hash":"3a4a51e0fdc1b3ebf95feb1c07d030e922afda5c","isMergeCommit":true,"messageTitle":"Merge branch \u0027master\u0027 of github.com:AY2223S2-CS2113T-T09-4/tp into LengKiat-UMLDiagrams","messageBody":"* \u0027master\u0027 of github.com:AY2223S2-CS2113T-T09-4/tp:\n  Edit number of characters in line to improve code readability\n  Add print statement to prompt user that editModuleType was successful\n  Remove merge conflicts\n  Reuse more methods to improve code quality and standard\n  Made methods reusable by removing the print statements in the method\n  Edit Junit tests\n  Remove unused methods\n  Improve code quality by reusing methods that were defined previously\n","fileTypesAndContributionMap":{}}]},{"date":"2023-03-22","commitResults":[{"hash":"cf6c98fd2a23a8afa913d1b176db4120865888c0","isMergeCommit":false,"messageTitle":"Update sequence diagram for findModuleByName method","messageBody":"","fileTypesAndContributionMap":{"docs":{"insertions":21,"deletions":10}}},{"hash":"e678de460f3113ba907964d38bb28e8d3c58dbe6","isMergeCommit":false,"messageTitle":"Include find modules feature in DeveloperGuide","messageBody":"","fileTypesAndContributionMap":{"docs":{"insertions":25,"deletions":11}}},{"hash":"c2fb26a24bcd97bf576c6b3c6a16bf8546989b85","isMergeCommit":false,"messageTitle":"Edit Developer Guide to include find module command","messageBody":"","fileTypesAndContributionMap":{"docs":{"insertions":25,"deletions":2}}},{"hash":"13ef5771279fe29f9269b36bd65acc1fc5554ed1","isMergeCommit":true,"messageTitle":"Merge pull request #106 from anthea-pr0g/UML","messageBody":"anthea- UML in DG","fileTypesAndContributionMap":{}},{"hash":"82589719d298c7d712d838d937e7b76a7f500953","isMergeCommit":true,"messageTitle":"Merge pull request #111 from denzelcjy/DenzelChen-UpdateJunitTests+Logging","messageBody":"Denzel Chen Update junit tests+logging","fileTypesAndContributionMap":{}},{"hash":"bdbc31e53e93c7deeb86c706b990f5f3b196cfa3","isMergeCommit":true,"messageTitle":"Merge pull request #112 from denzelcjy/DenzelChen-FixJunitTests","messageBody":"Fix Junit Test","fileTypesAndContributionMap":{}},{"hash":"f35d58dc33b15c3e8772ccb6b62f9c9389e08f79","isMergeCommit":false,"messageTitle":"Add more junit tests to cover all the possible outcomes of the two findModule methods","messageBody":"","fileTypesAndContributionMap":{"test-code":{"insertions":84,"deletions":5}}},{"hash":"2714d6384e31e08404d51535cd8ad068b01c48da","isMergeCommit":false,"messageTitle":"Add JavaDoc for some relevant methods","messageBody":"","fileTypesAndContributionMap":{"functional-code":{"insertions":68,"deletions":30}}}]},{"date":"2023-03-23","commitResults":[{"hash":"c5879aaec833dcc43f4b7293ff68dae55fdfbb23","isMergeCommit":false,"messageTitle":"Implement track Core Module MCs","messageBody":"","fileTypesAndContributionMap":{"functional-code":{"insertions":64,"deletions":78},"test-code":{"insertions":12,"deletions":6}}},{"hash":"fb2c66f27dfdd0421aa7f4378055742a8254b967","isMergeCommit":true,"messageTitle":"Merge pull request #122 from anthea-pr0g/doc","messageBody":"anthea- javadoc + UG","fileTypesAndContributionMap":{}},{"hash":"052aa99673ace88d7fd79c8c1ced38dae8a2ad9e","isMergeCommit":false,"messageTitle":"Edit checkstyle","messageBody":"","fileTypesAndContributionMap":{"functional-code":{"insertions":0,"deletions":1}}},{"hash":"fa491b6f34f5f742675a88199a8ffe150ac38200","isMergeCommit":false,"messageTitle":"Add break statements to correct bugs","messageBody":"","fileTypesAndContributionMap":{"functional-code":{"insertions":2,"deletions":0}}},{"hash":"8ee39f3cfa904961cff368d529cbae76d4f9feca","isMergeCommit":false,"messageTitle":"Remove break from default","messageBody":"","fileTypesAndContributionMap":{"functional-code":{"insertions":0,"deletions":1}}},{"hash":"426c4f31f21b5cd8fd08352812f37860ef7dbba3","isMergeCommit":false,"messageTitle":"Add JavaDoc for relevant methods","messageBody":"","fileTypesAndContributionMap":{"functional-code":{"insertions":32,"deletions":1}}},{"hash":"ae21bb63e8358cb83fde48e4305ac299e45c2a59","isMergeCommit":false,"messageTitle":"Add new junit tests for findModule method","messageBody":"","fileTypesAndContributionMap":{"functional-code":{"insertions":17,"deletions":14},"test-code":{"insertions":82,"deletions":0}}}]},{"date":"2023-03-24","commitResults":[{"hash":"98357e02fe7b7f3de6fc2909a771fee4adf309f4","isMergeCommit":true,"messageTitle":"Merge pull request #130 from denzelcjy/DenzelChen-Javadoc","messageBody":"Denzel Chen Javadoc comments for relevant methods","fileTypesAndContributionMap":{}}]}],"anthea-pr0g":[{"date":"2023-03-02","commitResults":[{"hash":"97badcc3e8fe896f153984beead5b6491ab8cae2","isMergeCommit":false,"messageTitle":"Changes in aboutus","messageBody":"","fileTypesAndContributionMap":{"docs":{"insertions":7,"deletions":7}}},{"hash":"2e4aaedbf27618a832cfe3f69528b9a8fc7177fe","isMergeCommit":true,"messageTitle":"Merge branch \u0027master\u0027 into ChokYao-AboutUs","messageBody":"","fileTypesAndContributionMap":{}},{"hash":"b4d16a719660ec9511b3aab9aae3c312e9853eb9","isMergeCommit":true,"messageTitle":"Merge pull request #4 from chokyao/ChokYao-AboutUs","messageBody":"Edit aboutus","fileTypesAndContributionMap":{}}]},{"date":"2023-03-07","commitResults":[{"hash":"d3fecadb3f8c5c46413ead6e656a25485172b04b","isMergeCommit":false,"messageTitle":"Manual page added","messageBody":"","fileTypesAndContributionMap":{"functional-code":{"insertions":82,"deletions":1}}},{"hash":"3cd9809fa712cb786bfd406d16478d9779548e7f","isMergeCommit":false,"messageTitle":"Manual page edited for gradle","messageBody":"","fileTypesAndContributionMap":{"functional-code":{"insertions":12,"deletions":9}}},{"hash":"fda6c3e5956bd844f72fc57261b01796d0fbed05","isMergeCommit":false,"messageTitle":"Manual page edited for runtest.sh","messageBody":"","fileTypesAndContributionMap":{"functional-code":{"insertions":1,"deletions":1}}},{"hash":"f891b39caf085e39025991829ffdb1da4b4260d4","isMergeCommit":true,"messageTitle":"Merge pull request #24 from Thiolk/master","messageBody":"Create Parser Class and add more OOP elements","fileTypesAndContributionMap":{}},{"hash":"f2a247be862c7df26f8b3ee2056c72fa337322d6","isMergeCommit":true,"messageTitle":"Merge pull request #27 from Thiolk/master","messageBody":"Improve Code Quality","fileTypesAndContributionMap":{}},{"hash":"adbdc0a73de6b9ffeebcc5c5e6ee69ef856e1ac6","isMergeCommit":true,"messageTitle":"Merge pull request #28 from Thiolk/master","messageBody":"Meet convention for package names","fileTypesAndContributionMap":{}},{"hash":"b26e5f8bc1a4d18adeffb72074c9319ab4dd20df","isMergeCommit":true,"messageTitle":"Merge pull request #29 from Thiolk/master","messageBody":"Remove packages","fileTypesAndContributionMap":{}}]},{"date":"2023-03-11","commitResults":[{"hash":"5f9ea347ff67f63e6540edb0bdd5e992983c02d8","isMergeCommit":false,"messageTitle":"Bye command and split manpage into smaller commands + Junits","messageBody":"","fileTypesAndContributionMap":{"functional-code":{"insertions":114,"deletions":64},"test-code":{"insertions":141,"deletions":1}}},{"hash":"7c0e99f821172a5d2334601b6965fabfac316642","isMergeCommit":false,"messageTitle":"edited for checkstyles","messageBody":"","fileTypesAndContributionMap":{"functional-code":{"insertions":21,"deletions":21},"test-code":{"insertions":1,"deletions":0}}},{"hash":"a58e0d5533c681cf35235230a18797b4ffb685ea","isMergeCommit":false,"messageTitle":"edited for checkstyles v1.1","messageBody":"","fileTypesAndContributionMap":{"functional-code":{"insertions":1,"deletions":0},"test-code":{"insertions":1,"deletions":139}}},{"hash":"f294e1e87e39d458e93d2af807206ba6b22c6b58","isMergeCommit":false,"messageTitle":"Junits successful for manpage commands","messageBody":"","fileTypesAndContributionMap":{"functional-code":{"insertions":1,"deletions":1},"test-code":{"insertions":143,"deletions":0}}},{"hash":"d2d715acb7f0b595a77f0b3d44ccf9d479d59360","isMergeCommit":true,"messageTitle":"Merge pull request #43 from Thiolk/Leng-Kiat---Junit-Test","messageBody":"Create junit test for no module found when find function used","fileTypesAndContributionMap":{}}]},{"date":"2023-03-14","commitResults":[{"hash":"e8c9e9722ed0dc4b4b8cac6325119a582ad7dd17","isMergeCommit":true,"messageTitle":"Merge pull request #44 from saintzaw/Saint-ChangeViewToList","messageBody":"Saint Changed \"view\" command to \"list\" instead","fileTypesAndContributionMap":{}},{"hash":"52b438fcb634ed84e7da00e38abb736ce30ed113","isMergeCommit":false,"messageTitle":"Anthea\u0027s assertions","messageBody":"","fileTypesAndContributionMap":{"functional-code":{"insertions":3,"deletions":0}}},{"hash":"d7d08e2b9891f71fd3c3172281f3a4b6997d6c34","isMergeCommit":false,"messageTitle":"Anthea\u0027s assertions","messageBody":"","fileTypesAndContributionMap":{"functional-code":{"insertions":0,"deletions":1}}},{"hash":"05f7ace64ba2fb0e142206683043fa175186dbe0","isMergeCommit":true,"messageTitle":"Merge branch \u0027master\u0027 into assertion","messageBody":"","fileTypesAndContributionMap":{}},{"hash":"0c4b69ac9582268cc28ecb436905dbb44254a238","isMergeCommit":false,"messageTitle":"editing Anthea\u0027s assertion","messageBody":"","fileTypesAndContributionMap":{"functional-code":{"insertions":2,"deletions":2}}}]},{"date":"2023-03-15","commitResults":[{"hash":"cf075391f762a342f09b2892b9ccb4f6d871a5b8","isMergeCommit":false,"messageTitle":"anthea-Logging","messageBody":"","fileTypesAndContributionMap":{"functional-code":{"insertions":2,"deletions":1}}},{"hash":"243a1bc5f82cb90e87f6713ed74ddfc271d33a6a","isMergeCommit":false,"messageTitle":"anthea-Logging-edits","messageBody":"","fileTypesAndContributionMap":{"functional-code":{"insertions":6,"deletions":1}}},{"hash":"744937a63025df42924078978eabf2f27c42491b","isMergeCommit":false,"messageTitle":"anthea- fix_goodbye","messageBody":"","fileTypesAndContributionMap":{"functional-code":{"insertions":1,"deletions":1}}},{"hash":"4d11771eea3d734eb6b9df29959515fad17beb1b","isMergeCommit":false,"messageTitle":"anthea- fix manpage ui for all","messageBody":"","fileTypesAndContributionMap":{"functional-code":{"insertions":17,"deletions":10},"test-code":{"insertions":13,"deletions":11}}},{"hash":"94579bd8982c97d0821208e8eef73d8764f79844","isMergeCommit":false,"messageTitle":"anthea- fix manpage ui string static","messageBody":"","fileTypesAndContributionMap":{"functional-code":{"insertions":12,"deletions":12},"test-code":{"insertions":21,"deletions":12}}}]},{"date":"2023-03-17","commitResults":[{"hash":"8bb792243d9fc5e44a7f2e0e791419f6d75e1aa6","isMergeCommit":false,"messageTitle":"anthea- fixing assertions","messageBody":"","fileTypesAndContributionMap":{"functional-code":{"insertions":1,"deletions":1}}},{"hash":"59eba4a50e97f51816fd87cebee436742681a085","isMergeCommit":false,"messageTitle":"anthea- adding more assertions","messageBody":"","fileTypesAndContributionMap":{"functional-code":{"insertions":1,"deletions":0}}}]},{"date":"2023-03-18","commitResults":[{"hash":"9150ca4e00674951adc28381f687713af8acbcb7","isMergeCommit":false,"messageTitle":"anthea- adding  internship type of module","messageBody":"","fileTypesAndContributionMap":{"functional-code":{"insertions":28,"deletions":7},"test-code":{"insertions":7,"deletions":2}}},{"hash":"eab6511ae02d8447f65d16e57210c8dc97535a02","isMergeCommit":false,"messageTitle":"anthea- fixes for gradle","messageBody":"","fileTypesAndContributionMap":{"functional-code":{"insertions":1,"deletions":1}}},{"hash":"14fdc6ecedbd83704e9d2feaf74307e7e90eb183","isMergeCommit":false,"messageTitle":"anthea-  duplicate exceptions","messageBody":"","fileTypesAndContributionMap":{"functional-code":{"insertions":13,"deletions":0}}},{"hash":"9867e7c1eaa9ea1558de524b7a71ab297d8d7a80","isMergeCommit":false,"messageTitle":"anthea-  capitalise some letters","messageBody":"","fileTypesAndContributionMap":{"functional-code":{"insertions":1,"deletions":1},"test-code":{"insertions":1,"deletions":1}}}]},{"date":"2023-03-21","commitResults":[{"hash":"58ab207f5bb483233f4e9175f117d64fd198ad5b","isMergeCommit":false,"messageTitle":"anthea- Updated man page for teammates commands","messageBody":"","fileTypesAndContributionMap":{"functional-code":{"insertions":104,"deletions":24},"test-code":{"insertions":112,"deletions":17}}},{"hash":"88fcf79d24e77c5c4e6788aba40feb3f4c501f51","isMergeCommit":true,"messageTitle":"Merge pull request #87 from saintzaw/Saint-ChangeEditTypeFunction","messageBody":"Good job on finishing up your task.","fileTypesAndContributionMap":{}},{"hash":"a1821df8a6c430cd0ffdad1c8b9aa9e9b01074cb","isMergeCommit":false,"messageTitle":"anthea- Edited DG","messageBody":"","fileTypesAndContributionMap":{"functional-code":{"insertions":0,"deletions":1},"docs":{"insertions":38,"deletions":5}}},{"hash":"76e572884d6af36723b3567deffd39d6a1f1797d","isMergeCommit":false,"messageTitle":"anthea- Edited DG again","messageBody":"","fileTypesAndContributionMap":{"docs":{"insertions":25,"deletions":14}}}]},{"date":"2023-03-22","commitResults":[{"hash":"9e1f0ba1f37891e5c684533e8b0c7e4a24cb74ec","isMergeCommit":false,"messageTitle":"anthea- UML in DG","messageBody":"","fileTypesAndContributionMap":{"docs":{"insertions":81,"deletions":0}}}]},{"date":"2023-03-23","commitResults":[{"hash":"a6503501b351c56f3a7e226c411ee9b6bcb4bf3a","isMergeCommit":false,"messageTitle":"anthea- javadoc + UG","messageBody":"","fileTypesAndContributionMap":{"functional-code":{"insertions":53,"deletions":3},"docs":{"insertions":31,"deletions":16}}}]}],"geraldkoh4":[{"date":"2023-03-02","commitResults":[{"hash":"74a6a6abc92cde3e52d44cc6791bed70743a02fc","isMergeCommit":false,"messageTitle":"Test AboutUs change","messageBody":"","fileTypesAndContributionMap":{"docs":{"insertions":7,"deletions":7}}},{"hash":"8521f77ef2f493d1268316bd786fec22c463b5dc","isMergeCommit":true,"messageTitle":"Merge branch \u0027master\u0027 into Saint-AboutUs","messageBody":"","fileTypesAndContributionMap":{}},{"hash":"060582797790a2952ef46c56c13cc3a196a13128","isMergeCommit":true,"messageTitle":"Merge pull request #6 from saintzaw/Saint-AboutUs","messageBody":"Updated AboutUs.md","fileTypesAndContributionMap":{}}]},{"date":"2023-03-07","commitResults":[{"hash":"18ad1efaffacf59866b0e99825861c757e1963da","isMergeCommit":false,"messageTitle":"Finished addModule and modified input parsing","messageBody":"","fileTypesAndContributionMap":{"functional-code":{"insertions":27,"deletions":1}}}]},{"date":"2023-03-09","commitResults":[{"hash":"2e38f22eb5fcae653c758c821016ab14fde5bc4e","isMergeCommit":false,"messageTitle":"Added a \"addDifferentModuleTest\"","messageBody":"","fileTypesAndContributionMap":{"test-code":{"insertions":11,"deletions":0}}}]},{"date":"2023-03-14","commitResults":[{"hash":"d525077dd21eaf82bf5aad0099b9a7ea684f60aa","isMergeCommit":true,"messageTitle":"Merge pull request #48 from anthea-pr0g/assertion","messageBody":"Anthea-Assertion","fileTypesAndContributionMap":{}},{"hash":"25c2df5693446cfb1e7b99d7ba6d133574c6e4fd","isMergeCommit":false,"messageTitle":"Added Assertions for addModules","messageBody":"","fileTypesAndContributionMap":{"functional-code":{"insertions":2,"deletions":1}}},{"hash":"81513e23701becbfb7e55677f624c1894530e15e","isMergeCommit":true,"messageTitle":"Merge pull request #55 from denzelcjy/DenzelChen-AddLogging","messageBody":"Added logging initialisation, added modganiserLog.txt into .gitignore","fileTypesAndContributionMap":{}},{"hash":"17f9cc42b74e1c8063071fcd261109f85fba5377","isMergeCommit":false,"messageTitle":"Added Exceptions, Custom Exception Class and Logs for addModule inputs","messageBody":"","fileTypesAndContributionMap":{"functional-code":{"insertions":93,"deletions":4}}}]},{"date":"2023-03-15","commitResults":[{"hash":"c4254ff5952d91cb67a3f8a4b6235c498c961728","isMergeCommit":true,"messageTitle":"Merge pull request #65 from anthea-pr0g/Fix_goodbye","messageBody":"anthea- fix_goodbye","tags":["v1.0"],"fileTypesAndContributionMap":{}}]},{"date":"2023-03-18","commitResults":[{"hash":"5e6985452da14b2f5d6d77a133c838d521767fe8","isMergeCommit":true,"messageTitle":"Merge pull request #69 from anthea-pr0g/internship","messageBody":"anthea- adding  internship type of module","fileTypesAndContributionMap":{}},{"hash":"f21dd1d1d4267f83dc7fceb77957ae66ec07a83e","isMergeCommit":true,"messageTitle":"Merge pull request #71 from anthea-pr0g/duplicate","messageBody":"anthea-  duplicate exceptions","fileTypesAndContributionMap":{}},{"hash":"f7a48a68fd9e5b22afe52727641e36c1df1db237","isMergeCommit":false,"messageTitle":"Added newAddModule command, edited the module classes to support year and semester. Pulled out the relevant checks into different methods for checkAddInput. Edited the duplicate module check to support overloading of modules. Added a check for Year and Semester","messageBody":"","fileTypesAndContributionMap":{"functional-code":{"insertions":150,"deletions":31}}},{"hash":"9fc6b878ffc9fd998a492ccd827c063eb32beb90","isMergeCommit":false,"messageTitle":"Minor formatting changes","messageBody":"","fileTypesAndContributionMap":{"functional-code":{"insertions":5,"deletions":3}}}]},{"date":"2023-03-21","commitResults":[{"hash":"34a2a8634d593de30480d78f77aa6ea7c5d60783","isMergeCommit":false,"messageTitle":"Implemented newAddModule command which replaces the addModule command","messageBody":"","fileTypesAndContributionMap":{"functional-code":{"insertions":47,"deletions":86},"test-code":{"insertions":4,"deletions":3}}},{"hash":"ae103b6316e3aecd74e6cb28aa32d76b5f180884","isMergeCommit":false,"messageTitle":"Checkstyle changes","messageBody":"","fileTypesAndContributionMap":{"functional-code":{"insertions":23,"deletions":23}}},{"hash":"5bb1bbdad2aaa10ad44923f5b7c5cbb1c93b5b1d","isMergeCommit":false,"messageTitle":"More checkstyle changes","messageBody":"","fileTypesAndContributionMap":{"test-code":{"insertions":4,"deletions":3}}}]},{"date":"2023-03-22","commitResults":[{"hash":"a263ce78c32719bc2666f5d78b968988718fa633","isMergeCommit":false,"messageTitle":"Added developers guide for add command. Minor formatting changes","messageBody":"","fileTypesAndContributionMap":{"functional-code":{"insertions":7,"deletions":7},"docs":{"insertions":72,"deletions":1}}},{"hash":"577b95613fdbc6b87582686a35f13266648a3089","isMergeCommit":false,"messageTitle":"Minor edits","messageBody":"","fileTypesAndContributionMap":{"docs":{"insertions":2,"deletions":1}}},{"hash":"645ade391cbf317b783ff5b1deb804fa44953a2c","isMergeCommit":true,"messageTitle":"Merge pull request #104 from saintzaw/Saint-UpdateDG","messageBody":"Saint Updated DG for Edit Command","fileTypesAndContributionMap":{}}]},{"date":"2023-03-23","commitResults":[{"hash":"0c3baf849a4bd6c35539c93c7af28ff633c01fed","isMergeCommit":true,"messageTitle":"Merge pull request #119 from saintzaw/Saint-MCTracker","messageBody":"Saint implemented tracking of MCs for GE and UE modules","fileTypesAndContributionMap":{}},{"hash":"e4e5cb174ab2f2ae623ca275c11fb14d5bc08213","isMergeCommit":true,"messageTitle":"Merge pull request #120 from saintzaw/Saint-InternshipTracker","messageBody":"Saint Added MC tracking for internships","fileTypesAndContributionMap":{}}]}],"chokyao":[{"date":"2023-03-02","commitResults":[{"hash":"248efca41d834dfb389a3b89455e0e3395dbc46a","isMergeCommit":false,"messageTitle":"Edit aboutus","messageBody":"","fileTypesAndContributionMap":{"docs":{"insertions":7,"deletions":7}}},{"hash":"711164975e0dbd47a61e639ff5e032a4de5039e1","isMergeCommit":true,"messageTitle":"Merge branch \u0027master\u0027 into DenzelChen-AboutUs","messageBody":"","fileTypesAndContributionMap":{}},{"hash":"f13aac89e1ab5831d6486822833699878dd3a385","isMergeCommit":true,"messageTitle":"Merge pull request #3 from denzelcjy/DenzelChen-AboutUs","messageBody":"edit AboutUs","fileTypesAndContributionMap":{}}]},{"date":"2023-03-07","commitResults":[{"hash":"1514274d992d159e1b3970ac018c2540903a954e","isMergeCommit":true,"messageTitle":"Merge pull request #12 from Thiolk/LengKiat-Find_Module","messageBody":"Leng Kiat find module","fileTypesAndContributionMap":{}},{"hash":"2fa567c9e46b73701982a35760615aa5eca1de48","isMergeCommit":false,"messageTitle":"Add delete function","messageBody":"","fileTypesAndContributionMap":{"functional-code":{"insertions":20,"deletions":4}}}]},{"date":"2023-03-09","commitResults":[{"hash":"9d71bd765af9ccaba63234adcbc72a262764f05d","isMergeCommit":true,"messageTitle":"Merge pull request #33 from saintzaw/master","messageBody":"Implemented view modules","fileTypesAndContributionMap":{}},{"hash":"3ef600f3a94083c0502bbd4703985d1dc77c0324","isMergeCommit":false,"messageTitle":"Add test for delete function","messageBody":"","fileTypesAndContributionMap":{"test-code":{"insertions":17,"deletions":0}}},{"hash":"401f788eaac0766d1042ac04b54d13409750c735","isMergeCommit":true,"messageTitle":"Merge pull request #35 from geraldkoh4/branch-AddDifferentModuleTest","messageBody":"Added a \"addDifferentModuleTest\"","fileTypesAndContributionMap":{}},{"hash":"c7febf9c4992b6ba862ea06b7cbfb72c668379c2","isMergeCommit":true,"messageTitle":"Merge pull request #36 from denzelcjy/DenzelChen-PrintClassJUnitTest","messageBody":"Denzel Chen add JUnit test for Print Class","fileTypesAndContributionMap":{}}]},{"date":"2023-03-10","commitResults":[{"hash":"b9441ec514b3319202e3cd26dd64e45bada217a4","isMergeCommit":true,"messageTitle":"Merge pull request #37 from denzelcjy/DenzelChen-UpdateUi","messageBody":"Denzel Chen Update Print UI","fileTypesAndContributionMap":{}},{"hash":"d786ee5cb2874d7cd15b8e894d5968727dbefefc","isMergeCommit":true,"messageTitle":"Merge pull request #38 from saintzaw/Saint-printModuleListTest","messageBody":"Added a new JUnit test, printModuleListTest, in PrintTest class.","fileTypesAndContributionMap":{}},{"hash":"e51bbc2926d0c87e114a3c1b018510393a9139ac","isMergeCommit":true,"messageTitle":"Merge pull request #39 from saintzaw/Saint-CalculateModularCredits","messageBody":"Added a Modular Credits attribute to Module class.","fileTypesAndContributionMap":{}},{"hash":"ebe7f586276b0b65a2092e00fed60efdf4ac1725","isMergeCommit":true,"messageTitle":"Merge pull request #40 from saintzaw/Saint-UpdatePrintModuleListTest","messageBody":"Updated printModuleListTest in PrintTest class.","fileTypesAndContributionMap":{}}]},{"date":"2023-03-14","commitResults":[{"hash":"4bf692103d4c1f6e9b5413352655eba358064556","isMergeCommit":true,"messageTitle":"Merge pull request #47 from denzelcjy/DenzelChen-UpdateHelloMessage","messageBody":"Update the HelloMessage and handling of Bye in name input","fileTypesAndContributionMap":{}},{"hash":"e5c41267b70851df1b5eb0ed468bd39e117f1bfd","isMergeCommit":true,"messageTitle":"Merge pull request #50 from saintzaw/Saint-AddAssertion","messageBody":"Saint Added an assertion to deleteModule method in ModuleList Class","fileTypesAndContributionMap":{}},{"hash":"e9dcbe6cac8ec769a8beee2903a23d06df00eb9b","isMergeCommit":false,"messageTitle":"Add assertion for delete function","messageBody":"","fileTypesAndContributionMap":{"functional-code":{"insertions":3,"deletions":1}}},{"hash":"dd7573965e1015697fc4198aff8bb940f8dd889c","isMergeCommit":true,"messageTitle":"Merge pull request #53 from denzelcjy/DenzelChen-AddParserAssertions","messageBody":"Add Assertion for Parser Class","fileTypesAndContributionMap":{}}]},{"date":"2023-03-15","commitResults":[{"hash":"9793bb2b0a51b3edab15ba6b631a5dcac8333e62","isMergeCommit":false,"messageTitle":"Add logging messages and exceptions for find and delete module functions","messageBody":"","fileTypesAndContributionMap":{"functional-code":{"insertions":28,"deletions":11},"test-code":{"insertions":24,"deletions":8}}},{"hash":"0e9dd92bd122b97551e4f9f6464dd265fc3d3f41","isMergeCommit":true,"messageTitle":"Merge pull request #63 from saintzaw/Saint-EditListCommand","messageBody":"Saint Edited List Command","fileTypesAndContributionMap":{}}]},{"date":"2023-03-18","commitResults":[{"hash":"f6477d7956880688405d40b6ec11933812b69b13","isMergeCommit":true,"messageTitle":"Merge pull request #73 from geraldkoh4/branch-Gerald-NewAddModuleCommandAndExceptions","messageBody":"Added newAddModule command, edited the module classes to support year…","fileTypesAndContributionMap":{}}]},{"date":"2023-03-19","commitResults":[{"hash":"0180a447618f11ca11dbc409a890c42ecd1d7414","isMergeCommit":false,"messageTitle":"Add message to show delete function is not successful when no module matches","messageBody":"","fileTypesAndContributionMap":{"functional-code":{"insertions":18,"deletions":3}}},{"hash":"53a2223597d4c4156a5ebdcfb66227756cfbf23e","isMergeCommit":false,"messageTitle":"Add return statements to allow chatbot to continue functioning despite input error","messageBody":"","fileTypesAndContributionMap":{"functional-code":{"insertions":3,"deletions":0}}},{"hash":"bae214c783346b1f373178e935256b427ff32d68","isMergeCommit":false,"messageTitle":"Add Save feature","messageBody":"","fileTypesAndContributionMap":{"functional-code":{"insertions":170,"deletions":1}}},{"hash":"9ea18c870809acd849cf81f793b4d2852101f03c","isMergeCommit":false,"messageTitle":"Add logging for save function","messageBody":"","fileTypesAndContributionMap":{"functional-code":{"insertions":9,"deletions":1}}},{"hash":"8199652c2868461153c32aee0b279ea052104be1","isMergeCommit":false,"messageTitle":"Edit the position the savemodules function is placed in","messageBody":"","fileTypesAndContributionMap":{"functional-code":{"insertions":7,"deletions":9}}},{"hash":"bfe2eccb71b8f19d07a3aaa163b377bf57f0ad2a","isMergeCommit":false,"messageTitle":"Update position of savemodule function","messageBody":"","fileTypesAndContributionMap":{"functional-code":{"insertions":4,"deletions":1}}}]},{"date":"2023-03-20","commitResults":[{"hash":"6a8e5a0dbfc261562244a25a0057edeaf4b09cce","isMergeCommit":true,"messageTitle":"Merge pull request #84 from denzelcjy/DenzelChen-AddGradeCalculator","messageBody":"Denzel Chen Add `grade` command, implement grade calculator","fileTypesAndContributionMap":{}}]},{"date":"2023-03-21","commitResults":[{"hash":"ac9621ba53b511c1d115f96e27f4b9f32cbeea6f","isMergeCommit":true,"messageTitle":"Merge pull request #93 from geraldkoh4/branch-Gerald-newAddModule","messageBody":"Implemented newAddModule command which replaces the addModule command","fileTypesAndContributionMap":{}},{"hash":"c2a729ab7809bf07950be2dc36dd352b276c46ad","isMergeCommit":true,"messageTitle":"Merge pull request #95 from anthea-pr0g/updateDG","messageBody":"anthea- Edited DG again","fileTypesAndContributionMap":{}},{"hash":"0b11f9c0eb70ff84fb0decd2a233e13feafda77a","isMergeCommit":false,"messageTitle":"Edit Junit tests","messageBody":"","fileTypesAndContributionMap":{"functional-code":{"insertions":15,"deletions":3},"test-code":{"insertions":8,"deletions":8}}}]},{"date":"2023-03-22","commitResults":[{"hash":"8109f76bc68dde08b719f91645ac36bcb18114f2","isMergeCommit":true,"messageTitle":"Merge pull request #114 from Thiolk/LengKiat-JavaDoc","messageBody":"Add JavaDoc for some relevant methods","fileTypesAndContributionMap":{}},{"hash":"78e993da7d06b601189038fdf656c7190efd101e","isMergeCommit":false,"messageTitle":"Add description for delete command in Developer Guide","messageBody":"","fileTypesAndContributionMap":{"functional-code":{"insertions":0,"deletions":2},"docs":{"insertions":61,"deletions":1}}}]},{"date":"2023-03-23","commitResults":[{"hash":"b281cacfcc400c6c67fac1b55936354b4789bc31","isMergeCommit":false,"messageTitle":"Add function to save the name of the user","messageBody":"","fileTypesAndContributionMap":{"functional-code":{"insertions":135,"deletions":23}}},{"hash":"54eaac9b2a4e75475bdc9b93d1a2229128e0fceb","isMergeCommit":true,"messageTitle":"Merge branch \u0027master\u0027 into Add-Save-Name-Function","messageBody":"","fileTypesAndContributionMap":{}},{"hash":"7fa2a15a910ec30fbd5783905891e1f0217f2dc1","isMergeCommit":false,"messageTitle":"Update ModuleList.java","messageBody":"","fileTypesAndContributionMap":{"functional-code":{"insertions":1,"deletions":1}}}]}],"saintzaw":[{"date":"2023-03-02","commitResults":[{"hash":"d498acba0a5562249152c3e4f1f5ed1dcbed936b","isMergeCommit":false,"messageTitle":"Updated AboutUs.md","messageBody":"","fileTypesAndContributionMap":{"docs":{"insertions":7,"deletions":7}}},{"hash":"594ce8bd6e16ea7afbfac06cb531ac857c577e32","isMergeCommit":true,"messageTitle":"Merge branch \u0027master\u0027 into geraldTestBranch","messageBody":"","fileTypesAndContributionMap":{}},{"hash":"1cc1dae3e83fd2c7b322d6f8fa89d2c3a1e5d05e","isMergeCommit":true,"messageTitle":"Merge pull request #5 from geraldkoh4/geraldTestBranch","messageBody":"Test AboutUs change","fileTypesAndContributionMap":{}}]},{"date":"2023-03-09","commitResults":[{"hash":"2ff96a7035c471bdbe75dc6c1722de24d131d6dd","isMergeCommit":false,"messageTitle":"Implemented view modules","messageBody":"","fileTypesAndContributionMap":{"functional-code":{"insertions":24,"deletions":18}}},{"hash":"7f111dea8eef46891b1d08c34662b64ca979fd29","isMergeCommit":false,"messageTitle":"Fixed indentation in Parser class","messageBody":"","fileTypesAndContributionMap":{"functional-code":{"insertions":19,"deletions":18}}}]},{"date":"2023-03-10","commitResults":[{"hash":"803fa4a349caa9494de4d892ead5316afee920dc","isMergeCommit":false,"messageTitle":"Added a new JUnit test, printModuleListTest, in PrintTest class.","messageBody":"","fileTypesAndContributionMap":{"test-code":{"insertions":14,"deletions":0}}},{"hash":"5a124da002a098cf388267342b92443f905282b7","isMergeCommit":false,"messageTitle":"Made Line 61 in PrintTest class shorter to pass gradle check.","messageBody":"","fileTypesAndContributionMap":{"test-code":{"insertions":2,"deletions":1}}},{"hash":"fde929e37c85b25828337b0a8d7366d592b957cd","isMergeCommit":false,"messageTitle":"Added a Modular Credits attribute to Module class.","messageBody":"","fileTypesAndContributionMap":{"functional-code":{"insertions":17,"deletions":13},"test-code":{"insertions":10,"deletions":10}}},{"hash":"fd7eb1c7d4a2a348cbc8ffa9198b633295f71b38","isMergeCommit":false,"messageTitle":"Updated printModuleListTest in PrintTest class.","messageBody":"","fileTypesAndContributionMap":{"test-code":{"insertions":2,"deletions":2}}}]},{"date":"2023-03-11","commitResults":[{"hash":"10097c7ac7cb8f7606c9b21df20d01a917393559","isMergeCommit":true,"messageTitle":"Merge pull request #41 from anthea-pr0g/bye","messageBody":"Anthea Yip Bye Command + Manual Page v1.1","fileTypesAndContributionMap":{}}]},{"date":"2023-03-14","commitResults":[{"hash":"4dde40dfcc7d27cd0f78784944bcc79bd61d7e26","isMergeCommit":false,"messageTitle":"Saint changed \"view\" command to \"list\" instead","messageBody":"","fileTypesAndContributionMap":{"functional-code":{"insertions":2,"deletions":2},"test-code":{"insertions":1,"deletions":1}}},{"hash":"c933726851ce27466b0e7599d6fdf07db00b1200","isMergeCommit":true,"messageTitle":"Merge pull request #46 from Thiolk/Leng-Kiat-Assertions","messageBody":"Create assertion to make code more defensive","fileTypesAndContributionMap":{}},{"hash":"1915f60728b8ecde31b7ef5106d71324628cd247","isMergeCommit":false,"messageTitle":"Saint Added an assertion to deleteModule method in ModuleList Class","messageBody":"","fileTypesAndContributionMap":{"functional-code":{"insertions":1,"deletions":0},"other":{"insertions":1,"deletions":0}}},{"hash":"ca70a6ef6d7419df514071ad15115f488cb0ac7d","isMergeCommit":true,"messageTitle":"Merge branch \u0027master\u0027 into Saint-AddAssertion","messageBody":"","fileTypesAndContributionMap":{}},{"hash":"f821f5e576321690b2b171b26a71edbf76b2c5f7","isMergeCommit":true,"messageTitle":"Merge pull request #51 from anthea-pr0g/editassertion","messageBody":"editing Anthea\u0027s assertion","fileTypesAndContributionMap":{}},{"hash":"5899aabda37658cfd8cd1b4b8d56ed3ddc203176","isMergeCommit":true,"messageTitle":"Merge pull request #56 from geraldkoh4/branch-Gerald-AddExceptionsAndLogs","messageBody":"Added Exceptions, Custom Exception Class and Logs for addModule inputs","fileTypesAndContributionMap":{}},{"hash":"4858cce17723e62767181103dcf537e86dd1ad3e","isMergeCommit":false,"messageTitle":"Saint Changed viewModuleList method name to listModules, Added Log Messages to listModules, Added Exceptions to Parser","messageBody":"","fileTypesAndContributionMap":{"functional-code":{"insertions":35,"deletions":4},"test-code":{"insertions":1,"deletions":1}}},{"hash":"146a751e8720811b79e0824637c768a3a5b53f1a","isMergeCommit":true,"messageTitle":"Merge pull request #57 from Thiolk/Leng-Kiat-Logging","messageBody":"Leng kiat logging","fileTypesAndContributionMap":{}},{"hash":"72bb505382b71608426986120074762a250d938b","isMergeCommit":true,"messageTitle":"Merge pull request #58 from Thiolk/Leng-Kiat-Assertions","messageBody":"Leng kiat assertions","fileTypesAndContributionMap":{}},{"hash":"78f088953f55ccadc804ac5bd1e9e1971b3196e7","isMergeCommit":true,"messageTitle":"Merge pull request #59 from Thiolk/LengKiat-Exceptions","messageBody":"Leng kiat exceptions","fileTypesAndContributionMap":{}}]},{"date":"2023-03-15","commitResults":[{"hash":"898f82805c36bdadb51d8cb9509a6bd85330ce79","isMergeCommit":true,"messageTitle":"Merge pull request #62 from chokyao/Add-Logging","messageBody":"Chok Yao Add logging messages and exceptions for find and delete module functions","fileTypesAndContributionMap":{}},{"hash":"c065a3702875e124389fcc517476c68011457498","isMergeCommit":false,"messageTitle":"Removed checkListModules method in Parser as it\u0027s not being used","messageBody":"","fileTypesAndContributionMap":{"functional-code":{"insertions":0,"deletions":12}}},{"hash":"53189c143ec31eae9840943b777f80439fcb4983","isMergeCommit":false,"messageTitle":"Change \"list\" command to \"list all\" to standardise with manpage","messageBody":"","fileTypesAndContributionMap":{"functional-code":{"insertions":1,"deletions":1}}},{"hash":"29e7b78875dd8b1ccbf319302283912f51fbcda0","isMergeCommit":false,"messageTitle":"Changed error message for list command","messageBody":"","fileTypesAndContributionMap":{"functional-code":{"insertions":1,"deletions":1}}},{"hash":"0f84080e5cd50938d2afc28f2e638648b37b7766","isMergeCommit":false,"messageTitle":"Edited DukeException message again","messageBody":"","fileTypesAndContributionMap":{"functional-code":{"insertions":2,"deletions":2}}}]},{"date":"2023-03-17","commitResults":[{"hash":"c63613740e12b7a5d6704ddfdd31457b552fd236","isMergeCommit":true,"messageTitle":"Merge pull request #66 from anthea-pr0g/fixassert","messageBody":"anthea- fixing assertions","fileTypesAndContributionMap":{}},{"hash":"369b1703f988370fe4b570aaf54deddf1ef65ac4","isMergeCommit":true,"messageTitle":"Merge pull request #67 from anthea-pr0g/add_more","messageBody":"anthea- adding more assertions","fileTypesAndContributionMap":{}}]},{"date":"2023-03-19","commitResults":[{"hash":"46cfe3821ec1d3fdb39cc474083fd541494dc34c","isMergeCommit":false,"messageTitle":"Added edit command to allow users to edit module type, MCs, year and sem","messageBody":"","fileTypesAndContributionMap":{"functional-code":{"insertions":156,"deletions":26}}},{"hash":"d1fa73963d36c602c4874b0b6ff77a091156d901","isMergeCommit":false,"messageTitle":"Saint Fixed indentation","messageBody":"","fileTypesAndContributionMap":{"functional-code":{"insertions":23,"deletions":23}}},{"hash":"08ed6fc0e7059aacd3d9db41bf3d4e87be591fb9","isMergeCommit":false,"messageTitle":"Saint edited Edit Module Type function","messageBody":"","fileTypesAndContributionMap":{"functional-code":{"insertions":38,"deletions":2}}},{"hash":"61794712cb842b5902c97c3208c84ea53d2611fb","isMergeCommit":true,"messageTitle":"Merge pull request #77 from Thiolk/Find_Module","messageBody":"Find module","fileTypesAndContributionMap":{}},{"hash":"65194ceaf4c688ea6431d183a4d472cf05ec3ac1","isMergeCommit":true,"messageTitle":"Merge pull request #79 from Thiolk/Parser","messageBody":"Store and handle all user inputs in uppercase","fileTypesAndContributionMap":{}}]},{"date":"2023-03-20","commitResults":[{"hash":"9c709eafc7f589b3abb4084c339ebef1d977dceb","isMergeCommit":true,"messageTitle":"Merge pull request #86 from Thiolk/Find_Module","messageBody":"Add method for ChatBot to find all modules of a certain module type","fileTypesAndContributionMap":{}}]},{"date":"2023-03-21","commitResults":[{"hash":"e4d047490324df844a9c8d53054e68d34dbd3179","isMergeCommit":false,"messageTitle":"Saint changed editModuleType function to include grade when module type is edited","messageBody":"","fileTypesAndContributionMap":{"functional-code":{"insertions":17,"deletions":2}}},{"hash":"03bb66816633e03bd7d3b9d9a5b1bab3ee1113d6","isMergeCommit":false,"messageTitle":"removed return statement to fix duplication bug","messageBody":"","fileTypesAndContributionMap":{"functional-code":{"insertions":0,"deletions":1}}},{"hash":"6df4a2a6c7024c0133e356a2215df828b9b205b1","isMergeCommit":false,"messageTitle":"Saint updated printModuleListTest and added new Junit tests for edit module functions","messageBody":"","fileTypesAndContributionMap":{"test-code":{"insertions":74,"deletions":5}}},{"hash":"b3855802e89950b0f0a41b7f5e00341eef2a5e4e","isMergeCommit":false,"messageTitle":"Saint changed edit module function and variable names to improve code quality","messageBody":"","fileTypesAndContributionMap":{"functional-code":{"insertions":19,"deletions":18}}},{"hash":"5a96404e1ed8b02af2e69876c788a6655ecd6135","isMergeCommit":false,"messageTitle":"Reduced line length to comply with coding standards","messageBody":"","fileTypesAndContributionMap":{"test-code":{"insertions":9,"deletions":6}}},{"hash":"6b5a8d1d9b667f7a11a20d878641ab174bf6f766","isMergeCommit":false,"messageTitle":"Fixed indentation to solve checkstyle error","messageBody":"","fileTypesAndContributionMap":{"test-code":{"insertions":1,"deletions":1}}},{"hash":"3bae447f5e36b632280ffe356d829380349acc34","isMergeCommit":false,"messageTitle":"Edited Variable \u0027filePath\u0027 in Storage.java to be in ALL_CAPS since it is a constant","messageBody":"","fileTypesAndContributionMap":{"functional-code":{"insertions":3,"deletions":3}}},{"hash":"856ec546ab6a9948edb26952e490fe3967500a58","isMergeCommit":true,"messageTitle":"Merge pull request #99 from denzelcjy/DenzelChen-UpdateDG","messageBody":"Denzel Chen Update DG for `grade` and `calculateCAP` command ","fileTypesAndContributionMap":{}},{"hash":"13fea1458da5f25ca45654b4ec37195c7c0cfdd9","isMergeCommit":true,"messageTitle":"Merge pull request #101 from Thiolk/LengKiat-CodeQuality","messageBody":"Improving code quality by reusing methods","fileTypesAndContributionMap":{}}]},{"date":"2023-03-22","commitResults":[{"hash":"aa7e06d40ce0a42b70a6bca8b6e2f999dbfb507a","isMergeCommit":false,"messageTitle":"Saint Updated DG for Edit Command","messageBody":"","fileTypesAndContributionMap":{"docs":{"insertions":80,"deletions":2}}},{"hash":"e66b868745baae2646417d70d9701ae0f244690f","isMergeCommit":true,"messageTitle":"Merge branch \u0027master\u0027 into branch-Gerald-DevelopersGuide","messageBody":"","fileTypesAndContributionMap":{}},{"hash":"932848b72d6326d2f68e3b3ef82e94f9025be6c2","isMergeCommit":true,"messageTitle":"Merge pull request #103 from geraldkoh4/branch-Gerald-DevelopersGuide","messageBody":"Added developers guide for add command. Minor formatting changes","fileTypesAndContributionMap":{}},{"hash":"5805a7dcc4b3d2035669ac51c78df904c09bffb5","isMergeCommit":true,"messageTitle":"Merge pull request #113 from Thiolk/Leng-Kiat---Junit-Test","messageBody":"Add more junit tests for findModule methods","fileTypesAndContributionMap":{}}]},{"date":"2023-03-23","commitResults":[{"hash":"c8e76418917821c659bed5d87e34924e82663cac","isMergeCommit":false,"messageTitle":"Saint implemented tracking of MCs for GE and UE modules","messageBody":"","fileTypesAndContributionMap":{"functional-code":{"insertions":86,"deletions":0}}},{"hash":"e52fafb5f6e679b1badb07a57bf0b2f4a3ca0258","isMergeCommit":false,"messageTitle":"Saint Added MC tracking for internships","messageBody":"","fileTypesAndContributionMap":{"functional-code":{"insertions":32,"deletions":0}}},{"hash":"81f782c2d21611235053132a08da91a31e2719a5","isMergeCommit":true,"messageTitle":"Merge pull request #124 from Thiolk/LengKiat-TrackMC","messageBody":"Implement track Core Module MCs","fileTypesAndContributionMap":{}},{"hash":"98f117f9b56d39145c9ed11654c20724b99c0cbf","isMergeCommit":true,"messageTitle":"Merge pull request #125 from Thiolk/LengKiat-JavaDoc","messageBody":"Add JavaDoc for relevant methods","fileTypesAndContributionMap":{}},{"hash":"3579d220b149dbea6d1f22cfe0d7302c4bb214d6","isMergeCommit":true,"messageTitle":"Merge pull request #127 from chokyao/Add-Save-Name-Function","messageBody":"Add function to save the name of the user","fileTypesAndContributionMap":{}}]}],"denzelcjy":[{"date":"2023-03-02","commitResults":[{"hash":"d203049941c630c4ff90af9424721f1b70c74a5e","isMergeCommit":false,"messageTitle":"edit AboutUs","messageBody":"","fileTypesAndContributionMap":{"docs":{"insertions":7,"deletions":7}}},{"hash":"caccd974d16c1e3e44858fdf3ff58aa7228e6894","isMergeCommit":true,"messageTitle":"Merge branch \u0027master\u0027 into LengKiat-AboutUs","messageBody":"","fileTypesAndContributionMap":{}},{"hash":"d343189b6d13ddf74f721c747f0bd5ef4ac3ac9f","isMergeCommit":true,"messageTitle":"Merge pull request #2 from Thiolk/LengKiat-AboutUs","messageBody":"Edit AboutUS.md to include details of Leng Kiat","fileTypesAndContributionMap":{}}]},{"date":"2023-03-07","commitResults":[{"hash":"54f2eed30e3408b1f8dd41b0a5bf44045e59354e","isMergeCommit":true,"messageTitle":"Merge pull request #30 from chokyao/Add-Delete-Function","messageBody":"Chok Yao add delete function","fileTypesAndContributionMap":{}},{"hash":"91e288bfe4c274f365474f71b97d47584f3e1ae2","isMergeCommit":false,"messageTitle":"Specify module types, added printing Ui functionality","messageBody":"","fileTypesAndContributionMap":{"functional-code":{"insertions":94,"deletions":7}}},{"hash":"40bcd110913cf74390ae87d5fb081fe95a7352aa","isMergeCommit":false,"messageTitle":"Edited Print.java","messageBody":"","fileTypesAndContributionMap":{"functional-code":{"insertions":1,"deletions":2}}},{"hash":"3e4fc5bbfb1cef6460438a9a8704df146f775354","isMergeCommit":false,"messageTitle":"Fix bug","messageBody":"","fileTypesAndContributionMap":{"functional-code":{"insertions":5,"deletions":9}}},{"hash":"dede608151de95916d1c6b2453c4f6a73ee2ebc1","isMergeCommit":false,"messageTitle":"Change logo and expected test case","messageBody":"","fileTypesAndContributionMap":{"functional-code":{"insertions":1,"deletions":6}}}]},{"date":"2023-03-09","commitResults":[{"hash":"9248a0f1bc829dddf889135e8c9ab1d126138df6","isMergeCommit":true,"messageTitle":"Merge pull request #34 from chokyao/Add-Delete-Test-","messageBody":"Chok Yao Add test for delete function","fileTypesAndContributionMap":{}},{"hash":"2b9e9731f7664185bfb9fce7719e8389f810a10c","isMergeCommit":false,"messageTitle":"Added JUnit test for Print Class, edited Print Class format for find command","messageBody":"","fileTypesAndContributionMap":{"functional-code":{"insertions":1,"deletions":1},"test-code":{"insertions":51,"deletions":0}}}]},{"date":"2023-03-10","commitResults":[{"hash":"fdb2c94eee393dca809528eeefd96fce93da8aa8","isMergeCommit":false,"messageTitle":"Updated the UI for PrintHelloMessage + fix checkstyle","messageBody":"","fileTypesAndContributionMap":{"functional-code":{"insertions":20,"deletions":10}}}]},{"date":"2023-03-14","commitResults":[{"hash":"b49c30d771019e6a70ac4b4ba4b5b402bac2f0c0","isMergeCommit":false,"messageTitle":"Update the HelloMessage and handling of Bye in name input","messageBody":"","fileTypesAndContributionMap":{"functional-code":{"insertions":27,"deletions":15}}},{"hash":"dd7b2e4f949ddad4c6592e48a7d5db8a1921985f","isMergeCommit":false,"messageTitle":"Add Assertion for Parser Class","messageBody":"","fileTypesAndContributionMap":{"functional-code":{"insertions":14,"deletions":9}}},{"hash":"0070bba2385b8f17df64031c49f8cb4d309c0da4","isMergeCommit":true,"messageTitle":"Merge pull request #52 from chokyao/Add-Assertion","messageBody":"Chok Yao Add assertion for delete function","fileTypesAndContributionMap":{}},{"hash":"b815b1bca3b0703ec17b1df50bdbb9b6de1ed169","isMergeCommit":true,"messageTitle":"Merge branch \u0027master\u0027 into DenzelChen-AddParserAssertions","messageBody":"","fileTypesAndContributionMap":{}},{"hash":"03fd669a8eba727e0c215063967763d8dca44f7c","isMergeCommit":false,"messageTitle":"Added logging initialisation, added modganiserLog.txt into .gitignore","messageBody":"","fileTypesAndContributionMap":{"functional-code":{"insertions":31,"deletions":0}}}]},{"date":"2023-03-15","commitResults":[{"hash":"090377f1050fc6a8bb9327e96d02c818c9d614d5","isMergeCommit":true,"messageTitle":"Merge pull request #61 from anthea-pr0g/log","messageBody":"anthea-Logging","fileTypesAndContributionMap":{}}]},{"date":"2023-03-19","commitResults":[{"hash":"a96f5bcee9791ba54f5ba068954e0a55d7d6115f","isMergeCommit":true,"messageTitle":"Merge pull request #75 from saintzaw/Saint-AddEditCommand","messageBody":"Saint Added edit command ","fileTypesAndContributionMap":{}},{"hash":"f744d36bc07e5065badd69ffe2e3bf485b131c3b","isMergeCommit":true,"messageTitle":"Merge pull request #81 from chokyao/Add-Save-Function","messageBody":"Add save function","fileTypesAndContributionMap":{}}]},{"date":"2023-03-20","commitResults":[{"hash":"136afa53e4cc0332c71123fcac9d9206109a996f","isMergeCommit":false,"messageTitle":"Fix bugs in editModuleField case conditions","messageBody":"","fileTypesAndContributionMap":{"functional-code":{"insertions":3,"deletions":3}}},{"hash":"9a883710b430b14fc76b82e7ef42d54691ea2b0e","isMergeCommit":false,"messageTitle":"Add grade field, create getter and setter for grade field","messageBody":"","fileTypesAndContributionMap":{"functional-code":{"insertions":11,"deletions":1}}},{"hash":"c83e72788b5114f8e04769f06b0b0690c26cf63d","isMergeCommit":false,"messageTitle":"format the toString() for all module types","messageBody":"","fileTypesAndContributionMap":{"functional-code":{"insertions":5,"deletions":5}}},{"hash":"9f44823e3edb76afed3a1c904022a62374bcf1fb","isMergeCommit":false,"messageTitle":"Added grade command and checking for invalid grade input","messageBody":"","fileTypesAndContributionMap":{"functional-code":{"insertions":71,"deletions":1}}},{"hash":"20cf5454464374fb3c98c716e20ff2976fecad15","isMergeCommit":false,"messageTitle":"Added calculate CAP function, edited save and loading function to handle new attribute,  print message for CAP","messageBody":"","fileTypesAndContributionMap":{"functional-code":{"insertions":115,"deletions":12}}},{"hash":"25c25270c50eef2c5404a42e1d574ee06d9b2c3b","isMergeCommit":false,"messageTitle":"Edited PrintTest certain method output due to addition of grade field","messageBody":"","fileTypesAndContributionMap":{"test-code":{"insertions":4,"deletions":4}}},{"hash":"6a897c64f3c6c5676e40246fd7f79422a01f5aee","isMergeCommit":false,"messageTitle":"fix checkstyle error","messageBody":"","fileTypesAndContributionMap":{"test-code":{"insertions":4,"deletions":2}}}]},{"date":"2023-03-21","commitResults":[{"hash":"381296901485b7fef1d780db8e0ee700b4fc5c5e","isMergeCommit":false,"messageTitle":"Added grade command implementation to DG","messageBody":"","fileTypesAndContributionMap":{"docs":{"insertions":67,"deletions":0}}},{"hash":"8d379e2b3e0e435e37467084689c54fddd20b445","isMergeCommit":false,"messageTitle":"Added calculateCAP command implementation to DG","messageBody":"","fileTypesAndContributionMap":{"docs":{"insertions":60,"deletions":2}}},{"hash":"60f992a4a77bb49cb6e48bbb6afdb8266741ef8d","isMergeCommit":true,"messageTitle":"Merge pull request #96 from saintzaw/Saint-UpdateJUnitTests","messageBody":"Saint updated Junit tests","fileTypesAndContributionMap":{}}]},{"date":"2023-03-22","commitResults":[{"hash":"a913ca85a2182b2a736169a23323f5078e3cd633","isMergeCommit":false,"messageTitle":"Edit DG diagrams","messageBody":"","fileTypesAndContributionMap":{"docs":{"insertions":7,"deletions":6}}},{"hash":"96ca6f5a5a9556fc074154ca93dd5a419335cdd3","isMergeCommit":false,"messageTitle":"Updated Junit tests","messageBody":"","fileTypesAndContributionMap":{"test-code":{"insertions":78,"deletions":11}}},{"hash":"a465517c9fb292e42eefcd23630ab6e8faf9d260","isMergeCommit":false,"messageTitle":"Add logging for grade and calculateCAP command processes","messageBody":"","fileTypesAndContributionMap":{"functional-code":{"insertions":8,"deletions":0}}},{"hash":"326f3a9f3da4788d1fa701391103cc4e97c892fc","isMergeCommit":false,"messageTitle":"update PrintTest","messageBody":"","fileTypesAndContributionMap":{"test-code":{"insertions":16,"deletions":2}}},{"hash":"58cc0f37bac916353634c348ea2a99a0c4ce0c15","isMergeCommit":true,"messageTitle":"Merge pull request #110 from Thiolk/LengKiat-UMLDiagrams","messageBody":"Leng kiat uml diagrams","fileTypesAndContributionMap":{}},{"hash":"866760b0c0d1f94e67288a13cded6d1e0119a021","isMergeCommit":false,"messageTitle":"Fix Junit Test","messageBody":"","fileTypesAndContributionMap":{"test-code":{"insertions":0,"deletions":12}}},{"hash":"adfb70d82b4374b4b3d87b616413288b15b91d04","isMergeCommit":false,"messageTitle":"Try to Fix Junit Test","messageBody":"","fileTypesAndContributionMap":{"test-code":{"insertions":4,"deletions":0}}},{"hash":"667bb97e4c8f9c6fa5db82607030d0ff74c1070b","isMergeCommit":true,"messageTitle":"Merge pull request #117 from chokyao/Add-Developer-Guide","messageBody":"Chok Yao Add description for delete command in Developer Guide","fileTypesAndContributionMap":{}}]},{"date":"2023-03-23","commitResults":[{"hash":"081770d48d29ebc1dbf5182a0ed9ed7abb657d91","isMergeCommit":true,"messageTitle":"Merge pull request #128 from Thiolk/LengKiat-JUnitTest","messageBody":"Add new junit tests for findModule method","fileTypesAndContributionMap":{}}]},{"date":"2023-03-24","commitResults":[{"hash":"04b63bca6eb65f24c855e76072c98e257e7567ff","isMergeCommit":false,"messageTitle":"Javadoc comments for relevant methods in Duke, Core, GeneralElective and UnrestrictedElective classes","messageBody":"","fileTypesAndContributionMap":{"functional-code":{"insertions":28,"deletions":0}}},{"hash":"252f4728e6ed6246064a7ee046bafc07f093632f","isMergeCommit":false,"messageTitle":"Added Javadoc comments for relevant methods in ModuleList class + fixed empty return statement in comment in Duke class","messageBody":"","fileTypesAndContributionMap":{"functional-code":{"insertions":23,"deletions":1}}},{"hash":"d598325ae31c03dd6c656a377a6eea102e6f6ec3","isMergeCommit":false,"messageTitle":"Added Javadoc comments for relevant methods in Parser class, edited switch case for Code Quality","messageBody":"","fileTypesAndContributionMap":{"functional-code":{"insertions":20,"deletions":0}}},{"hash":"a3f3a2b61d7c91a6b5f77e66a1b39dbe7ea7ccab","isMergeCommit":false,"messageTitle":"Edited DG diagram","messageBody":"","fileTypesAndContributionMap":{"docs":{"insertions":1,"deletions":1}}}]}]},"authorFileTypeContributionMap":{"Thiolk":{"docs":87,"functional-code":394,"test-code":185},"anthea-pr0g":{"docs":162,"functional-code":275,"test-code":252},"geraldkoh4":{"docs":74,"functional-code":169,"test-code":8},"chokyao":{"docs":63,"functional-code":351,"test-code":41},"saintzaw":{"docs":80,"functional-code":180,"test-code":89,"other":1},"denzelcjy":{"docs":125,"functional-code":389,"test-code":123}},"authorContributionVariance":{"Thiolk":7235.799,"anthea-pr0g":14511.77,"geraldkoh4":2258.897,"chokyao":2154.83,"saintzaw":3096.8767,"denzelcjy":2968.861},"authorDisplayNameMap":{"Thiolk":"CS2113T-T09-4 THIO..KIAT","anthea-pr0g":"CS2113T-T09-4 ANTH.. YIP","geraldkoh4":"CS2113T-T09-4 GERA..GUAN","chokyao":"CS2113T-T09-4 GOH .. YAO","saintzaw":"CS2113T-T09-4 SAIN.. ZAW","denzelcjy":"CS2113T-T09-4 CHEN..NZEL"}}
