{"authorDailyContributionsMap":{"tanyizhe":[{"date":"2023-03-07","commitResults":[{"hash":"6f3f057743dc8a2e0fd032a1e586fc2279851553","isMergeCommit":false,"messageTitle":"Update about us","messageBody":"","fileTypesAndContributionMap":{"docs":{"insertions":7,"deletions":8}}},{"hash":"0838bec31fda19d367c99ea9a0556bf39b440842","isMergeCommit":true,"messageTitle":"Merge branch \u0027tanyizhe-aboutUs\u0027","messageBody":"","fileTypesAndContributionMap":{}},{"hash":"0a95539117ad3fe7d8a7234b2e88b7abe6ef5ec5","isMergeCommit":true,"messageTitle":"Merge pull request #5 from tanyizhe/master","messageBody":"Update about us","fileTypesAndContributionMap":{}}]},{"date":"2023-03-10","commitResults":[{"hash":"9af4ca5beff0760b6b95afeb381cc33d7cace5cb","isMergeCommit":false,"messageTitle":"Created Medicine class. Added a JUnit test for Medicine class.","messageBody":"","fileTypesAndContributionMap":{"functional-code":{"insertions":26,"deletions":0},"test-code":{"insertions":16,"deletions":0}}}]},{"date":"2023-03-11","commitResults":[{"hash":"162ba1ceaf33255082a0cfcd22a3791a91cb0825","isMergeCommit":false,"messageTitle":"Added MedicineManager and Medicine classes. Added JUnit test for MedicineManager class.","messageBody":"","fileTypesAndContributionMap":{"functional-code":{"insertions":80,"deletions":13},"test-code":{"insertions":12,"deletions":16}}},{"hash":"8def21a6c0d069f1bb38650877cd0c3c917473f8","isMergeCommit":true,"messageTitle":"Merge branch \u0027tanyizhe-medicineClass\u0027","messageBody":"","fileTypesAndContributionMap":{}},{"hash":"84881f9811d911df55129b7a4185b7baf1fba9e9","isMergeCommit":true,"messageTitle":"Merge branch \u0027master\u0027 of https://github.com/AY2223S2-CS2113-W13-1/tp","messageBody":"","fileTypesAndContributionMap":{}},{"hash":"8f0c4cf5183a647bf4de768d8ef529a60979b0c5","isMergeCommit":true,"messageTitle":"Merge pull request #25 from tanyizhe/master","messageBody":"Medicine class","fileTypesAndContributionMap":{}}]},{"date":"2023-03-12","commitResults":[{"hash":"36b02b91460fc76da8f618a1d59d46a78112f40e","isMergeCommit":false,"messageTitle":"Added logic to Menu to get patient\u0027s symptoms. Added method to Menu class to parse patient\u0027s symptoms.","messageBody":"","fileTypesAndContributionMap":{"functional-code":{"insertions":127,"deletions":11}}},{"hash":"8f0c6b1d1f29bdb51a12916731335c36196ea3ea","isMergeCommit":true,"messageTitle":"Merge branch \u0027tanyizhe-Menu\u0027","messageBody":"","fileTypesAndContributionMap":{}},{"hash":"282712a73aac5ed5d7c97780d03acd806a9211f0","isMergeCommit":false,"messageTitle":"fix ci test","messageBody":"","fileTypesAndContributionMap":{"functional-code":{"insertions":0,"deletions":1}}},{"hash":"4204730b532f50ca7c5b68c9f6c0919d943f7e4f","isMergeCommit":true,"messageTitle":"Merge pull request #43 from tanyizhe/master","messageBody":"Added a method to allow menu to take in symptoms","fileTypesAndContributionMap":{}},{"hash":"59af8912a770b524fd2651e39db264bcd1655e6d","isMergeCommit":false,"messageTitle":"Menu can now display medicine and dosage based on illness. Added logic to analyse illness and output medication.","messageBody":"","fileTypesAndContributionMap":{"functional-code":{"insertions":46,"deletions":9}}},{"hash":"df3e0c72ab4680de69c6d74f84bbb25d4d6e2af5","isMergeCommit":true,"messageTitle":"Merge branch \u0027master\u0027 of https://github.com/AY2223S2-CS2113-W13-1/tp","messageBody":"","fileTypesAndContributionMap":{}},{"hash":"ceac11f87b60f4a68955abf84c2483520cc4b06d","isMergeCommit":true,"messageTitle":"Merge pull request #44 from tanyizhe/master","messageBody":"Added functionality to view medication based on illness","fileTypesAndContributionMap":{}}]}],"Thunderdragon221":[{"date":"2023-03-04","commitResults":[{"hash":"791280406669be2e7fdb68f60b0dddcccac46a38","isMergeCommit":false,"messageTitle":"Update AboutUs.md","messageBody":"","fileTypesAndContributionMap":{"docs":{"insertions":7,"deletions":7}}},{"hash":"619d8d6789099ad19f5900fce4a0a48a70fbdf71","isMergeCommit":true,"messageTitle":"Merge pull request #1 from Thunderdragon221/Thunderdragon221-patch-1","messageBody":"Update AboutUs.md","fileTypesAndContributionMap":{}},{"hash":"38fb6bb0d6a64ae5be3e75a54249116fb80afa56","isMergeCommit":true,"messageTitle":"Merge pull request #2 from Thunderdragon221/master","messageBody":"Update readMe","fileTypesAndContributionMap":{}}]},{"date":"2023-03-10","commitResults":[{"hash":"15c3750e35e6b5048adad8a32291f8cf80344338","isMergeCommit":false,"messageTitle":"Add Storage, CorruptedDataException classes for file processing","messageBody":"","fileTypesAndContributionMap":{"functional-code":{"insertions":156,"deletions":0}}},{"hash":"8de4ad90dc78728619395f2a8984ee758c4b103e","isMergeCommit":true,"messageTitle":"Merge pull request #2 from Thunderdragon221/issue#11","messageBody":"Add Storage, CorruptedDataException classes for file processing","fileTypesAndContributionMap":{}},{"hash":"33d828bd49e0cfbd56e84e419c958ed4f570e216","isMergeCommit":true,"messageTitle":"Merge pull request #18 from Thunderdragon221/master","messageBody":"Add Storage, CorruptedDataException classes for file processing","fileTypesAndContributionMap":{}},{"hash":"aaf87fdc1992f188bd9b1f144ddf9cc55bd67904","isMergeCommit":false,"messageTitle":"Fix standard coding violation","messageBody":"","fileTypesAndContributionMap":{"functional-code":{"insertions":1,"deletions":1}}},{"hash":"adadad86db1c53d8d2c81ec1891bbe756c5edac1","isMergeCommit":true,"messageTitle":"Merge pull request #3 from Thunderdragon221/Branch-fix_std_coding_violations_1","messageBody":"Fix standard coding violation","fileTypesAndContributionMap":{}},{"hash":"02f36ad8171f712eaced90628b19c8bed0effe76","isMergeCommit":true,"messageTitle":"Merge pull request #20 from Thunderdragon221/master","messageBody":"Fix standard coding violation","fileTypesAndContributionMap":{}}]},{"date":"2023-03-11","commitResults":[{"hash":"e7052795619498a3edc9a8fed44a6822c8bf5259","isMergeCommit":false,"messageTitle":"Fix standard coding violation","messageBody":"","fileTypesAndContributionMap":{"functional-code":{"insertions":28,"deletions":27}}},{"hash":"914328349b8f928e45d47caf07f6ef271d82435a","isMergeCommit":true,"messageTitle":"Merge pull request #4 from Thunderdragon221/Branch-bugFix","messageBody":"Fix standard coding violation","fileTypesAndContributionMap":{}},{"hash":"b4fbcd712e4a6f9a2602260842ff00bddcddf62e","isMergeCommit":true,"messageTitle":"Merge pull request #35 from Thunderdragon221/master","messageBody":"Fix standard coding violations","fileTypesAndContributionMap":{}}]},{"date":"2023-03-12","commitResults":[{"hash":"054e42cf6b902292d1aa0fa987b4714d772503f2","isMergeCommit":false,"messageTitle":"Integrate Information class into Storage class","messageBody":"","fileTypesAndContributionMap":{"functional-code":{"insertions":10,"deletions":19}}},{"hash":"e740c59478af98335bafa360488d172d46b4fc6c","isMergeCommit":false,"messageTitle":"Integrate Information class into Storage class","messageBody":"","fileTypesAndContributionMap":{"functional-code":{"insertions":3,"deletions":3}}},{"hash":"53ed738ea63352a8ee995530004c78073b7aca11","isMergeCommit":true,"messageTitle":"Merge branch \u0027master\u0027 into Branch-IntegrateInformationClass","messageBody":"","fileTypesAndContributionMap":{}},{"hash":"c07be8c24d3076888b686f85cac30ea98f1137d9","isMergeCommit":true,"messageTitle":"Merge pull request #37 from Thunderdragon221/Branch-IntegrateInformationClass","messageBody":"Integrate Information class into Storage class","fileTypesAndContributionMap":{}},{"hash":"8fe9da544cd92676524352a7dcda8bb85766b0a7","isMergeCommit":false,"messageTitle":"Add account menu and parser","messageBody":"","fileTypesAndContributionMap":{"functional-code":{"insertions":104,"deletions":12}}},{"hash":"3773d9b43068db9b85e15fa99ee183a619e3dfab","isMergeCommit":true,"messageTitle":"Merge pull request #39 from Thunderdragon221/Branch-addAccountMenu","messageBody":"Add account menu and parser","fileTypesAndContributionMap":{}},{"hash":"33c759ee81f465f380fdf2117df74c57b8c29d28","isMergeCommit":false,"messageTitle":"Fix @author in some classes","messageBody":"","fileTypesAndContributionMap":{"functional-code":{"insertions":33,"deletions":18}}},{"hash":"3570a842cead5d78f538b1098f0d1f1f864e84ad","isMergeCommit":true,"messageTitle":"Merge pull request #45 from Thunderdragon221/Branch-FixAuthorContributions","messageBody":"Fix @author in some classes","fileTypesAndContributionMap":{}}]}],"Jeraldchen":[{"date":"2023-03-03","commitResults":[{"hash":"013895c5d27dfc9b78aa393c10da6a46f6572091","isMergeCommit":false,"messageTitle":"Update AboutUs and UserGuide","messageBody":"","fileTypesAndContributionMap":{"docs":{"insertions":11,"deletions":8}}},{"hash":"2041391e9e306ccb10447d0b9388b6a1339a0c0d","isMergeCommit":true,"messageTitle":"Merge pull request #1 from Jeraldchen/JeraldChen-AboutUs","messageBody":"Update AboutUs and UserGuide","fileTypesAndContributionMap":{}}]},{"date":"2023-03-07","commitResults":[{"hash":"ecda63a4112eb35223ac41a9229f91974bd99dff","isMergeCommit":false,"messageTitle":"Edit welcome logo to Dr Duke","messageBody":"","fileTypesAndContributionMap":{"functional-code":{"insertions":5,"deletions":5}}},{"hash":"556ac94a4cdad7608390ff45826e43a0360be48b","isMergeCommit":true,"messageTitle":"Merge pull request #3 from Jeraldchen/master","messageBody":"Edit welcome logo to Dr Duke","fileTypesAndContributionMap":{}},{"hash":"3272f923847b620776e6e3f25b3a7927d0d8c373","isMergeCommit":true,"messageTitle":"Merge branch \u0027master\u0027 of https://github.com/AY2223S2-CS2113-W13-1/tp","messageBody":"","fileTypesAndContributionMap":{}},{"hash":"e3d1a5c904f4b33c4e117fd9e936961ce43bb5ee","isMergeCommit":false,"messageTitle":"Add Menu class","messageBody":"","fileTypesAndContributionMap":{"functional-code":{"insertions":36,"deletions":0}}}]},{"date":"2023-03-08","commitResults":[{"hash":"8c16fe2f78e653c6c94d1197ca6ba6811ce50e2c","isMergeCommit":false,"messageTitle":"Add hashmap to store login and registration details","messageBody":"","fileTypesAndContributionMap":{"functional-code":{"insertions":25,"deletions":9}}},{"hash":"eec162651faf9f354f235f9ba6f91d6baa89e6f6","isMergeCommit":false,"messageTitle":"Revert \"Add hashmap to store login and registration details\"","messageBody":"This reverts commit 8c16fe2f78e653c6c94d1197ca6ba6811ce50e2c.\n","fileTypesAndContributionMap":{"functional-code":{"insertions":9,"deletions":25}}},{"hash":"3d9241f4d2ecc1d1ef7d2ee3f5d90df60b5d1000","isMergeCommit":true,"messageTitle":"Merge branch \u0027Jeraldchen-skeleton\u0027","messageBody":"","fileTypesAndContributionMap":{}},{"hash":"e4d069c1aa7556805fc43822fed392a90c2a08a1","isMergeCommit":false,"messageTitle":"Add hashmap to store a name-password key-value pair for login purposes","messageBody":"","fileTypesAndContributionMap":{"functional-code":{"insertions":23,"deletions":9}}},{"hash":"b686ce1a1f61279acc04e08d876949e288203783","isMergeCommit":true,"messageTitle":"Merge branch \u0027Jeraldchen-skeleton\u0027","messageBody":"","fileTypesAndContributionMap":{}},{"hash":"a35876bdf0c49788cb22d2d5279a8548e6ce7cfa","isMergeCommit":false,"messageTitle":"Update Expected output file and removed unused import","messageBody":"","fileTypesAndContributionMap":{"functional-code":{"insertions":2,"deletions":2}}},{"hash":"0790d90017980a852024a04fdba9c963f42fb4df","isMergeCommit":true,"messageTitle":"Merge pull request #12 from Jeraldchen/master","messageBody":"Created Menu Class","fileTypesAndContributionMap":{}},{"hash":"02b4996f0f46d1fe8a9b7c3448e75185963b7917","isMergeCommit":false,"messageTitle":"Update mainClass name","messageBody":"","fileTypesAndContributionMap":{"other":{"insertions":1,"deletions":1}}},{"hash":"35b8aca435723bfab37af97a05289ecc2664acb0","isMergeCommit":true,"messageTitle":"Merge pull request #13 from Jeraldchen/master","messageBody":"Update mainClass name","fileTypesAndContributionMap":{}}]},{"date":"2023-03-10","commitResults":[{"hash":"2c84eef847db8e54e7af5008927afff31412c376","isMergeCommit":true,"messageTitle":"Merge branch \u0027master\u0027 of https://github.com/AY2223S2-CS2113-W13-1/tp","messageBody":"","fileTypesAndContributionMap":{}},{"hash":"6832633f9f68abfc4e4093a39e910acd536799eb","isMergeCommit":false,"messageTitle":"Fix HashMap issue and add Information Class to retrieve and store patient information","messageBody":"","fileTypesAndContributionMap":{"functional-code":{"insertions":25,"deletions":0}}},{"hash":"359b094fc0179cae595be31546816d7bf528a9cf","isMergeCommit":true,"messageTitle":"Merge branch \u0027Branch-FixHashMap\u0027","messageBody":"","fileTypesAndContributionMap":{}},{"hash":"19f61a30b117ed5fdef4b89495af40fbf7688d3b","isMergeCommit":true,"messageTitle":"Merge branch \u0027master\u0027 of https://github.com/AY2223S2-CS2113-W13-1/tp","messageBody":"","fileTypesAndContributionMap":{}},{"hash":"0149f86003b3d76b84d963b13c48605375f44770","isMergeCommit":true,"messageTitle":"Merge pull request #21 from Jeraldchen/master","messageBody":"Fix Hashmap bug and create Information class","fileTypesAndContributionMap":{}},{"hash":"905655a379987871519cb242501f79364c8eee7f","isMergeCommit":true,"messageTitle":"Merge branch \u0027master\u0027 of https://github.com/AY2223S2-CS2113-W13-1/tp","messageBody":"","fileTypesAndContributionMap":{}},{"hash":"a042a4b1ab66e8adb325a864e7d83ecdb1e7f00d","isMergeCommit":false,"messageTitle":"Add JUnit Test for register method in Menu Class","messageBody":"","fileTypesAndContributionMap":{"functional-code":{"insertions":1,"deletions":1},"test-code":{"insertions":24,"deletions":0}}},{"hash":"2ecb4ca26fae419a8967a8718ec97d799f7d8d22","isMergeCommit":true,"messageTitle":"Merge pull request #23 from Jeraldchen/Jeraldchen-JUnitTest","messageBody":"Jeraldchen j unit test","fileTypesAndContributionMap":{}},{"hash":"ca546a53e84016893eae3eff68ba5d2b0ad83b13","isMergeCommit":false,"messageTitle":"Add author of MenuTest code","messageBody":"","fileTypesAndContributionMap":{"test-code":{"insertions":1,"deletions":0}}},{"hash":"6f9e94421d5ea2bbc0060ad9ea77f058b6ae5a11","isMergeCommit":true,"messageTitle":"Merge pull request #24 from Jeraldchen/Jeraldchen-JUnitTest","messageBody":"Add author of MenuTest code","fileTypesAndContributionMap":{}}]},{"date":"2023-03-11","commitResults":[{"hash":"36c76b759eaebb3ffc666731115c868faeb4a517","isMergeCommit":true,"messageTitle":"Merge branch \u0027master\u0027 of https://github.com/AY2223S2-CS2113-W13-1/tp","messageBody":"","fileTypesAndContributionMap":{}},{"hash":"79e790ecaa69453a8c35e3c7cc1ffd7e9da6bc9c","isMergeCommit":false,"messageTitle":"Add Parser Class and create UI","messageBody":"","fileTypesAndContributionMap":{"functional-code":{"insertions":65,"deletions":11}}},{"hash":"ba3d53d6a66ed82bc85931107c29a27414dba0c8","isMergeCommit":false,"messageTitle":"Add UI in main and edit remove saveData bug from Parser Class","messageBody":"","fileTypesAndContributionMap":{"functional-code":{"insertions":5,"deletions":1}}},{"hash":"063fc0d69cd46e344e681b3cdf2f17db148464df","isMergeCommit":true,"messageTitle":"Merge pull request #28 from Jeraldchen/Jeraldchen-Parser","messageBody":"Jeraldchen parser","fileTypesAndContributionMap":{}}]}],"brennanzuz":[{"date":"2023-03-07","commitResults":[{"hash":"6fcc975e15f1692f9df48dcfeca8096305c20e57","isMergeCommit":false,"messageTitle":"Added name in AboutUs.md","messageBody":"","fileTypesAndContributionMap":{"docs":{"insertions":7,"deletions":7}}},{"hash":"fa61a02fc84f9fdd2fa748c7daaa86b1346be3df","isMergeCommit":true,"messageTitle":"Merge pull request #9 from Brennanzuz/master","messageBody":"Added name in AboutUs.md","fileTypesAndContributionMap":{}}]},{"date":"2023-03-10","commitResults":[{"hash":"237e1a1b0a027b108ae835f238c61fb9b3e0130f","isMergeCommit":false,"messageTitle":"Added illnesses and symptoms.","messageBody":"Added Illness class to be inherited by all possible illnesses listed by Dr. Duke.\nAdded a Symptoms enum to list down all possible reactions to the illness the patient may be facing.\nAdded a Diagnosis class to be used as a way to convert a list of observed symptoms to a list of possible illnesses the patient may be facing.\n","fileTypesAndContributionMap":{"functional-code":{"insertions":626,"deletions":0}}},{"hash":"03a6bb7a9d1bd78f7f4cb94fcc9c4dac66f59467","isMergeCommit":false,"messageTitle":"Added symptoms for each illness","messageBody":"Added constructor methods for each Illness child class.\nAdded properties for each Illness child class by using the constructor methods to give them set constant attributes.\n","fileTypesAndContributionMap":{"functional-code":{"insertions":375,"deletions":157}}},{"hash":"eff211925368916e04f17f796b12f61468eb03eb","isMergeCommit":false,"messageTitle":"Added illnesses and symptoms.","messageBody":"Added Illness class to be inherited by all possible illnesses listed by Dr. Duke.\nAdded a Symptoms enum to list down all possible reactions to the illness the patient may be facing.\nAdded a Diagnosis class to be used as a way to convert a list of observed symptoms to a list of possible illnesses the patient may be facing.\n","fileTypesAndContributionMap":{"functional-code":{"insertions":626,"deletions":0}}},{"hash":"8888e37c43e0be1efc8afa118d0db4f3ea05752f","isMergeCommit":false,"messageTitle":"Added symptoms for each illness","messageBody":"Added constructor methods for each Illness child class.\nAdded properties for each Illness child class by using the constructor methods to give them set constant attributes.\n","fileTypesAndContributionMap":{"functional-code":{"insertions":375,"deletions":157}}},{"hash":"810a95e5d7a910badb633f63a5f36ea46ff590b1","isMergeCommit":false,"messageTitle":"Added the getPossibleIllnesses function in Diagnosis.java","messageBody":"Added the getPossibleIllnesses function that takes in a list of symptoms observed by the patient and returns an ArrayList of possible illnesses the patient may be suffering from. These illnesses must match at least 50% of the symptoms observed for it to be listed in possibleIllnesses ArrayList, the output of the function.\nAdded the IllnessMatch.java class which contains the Illness candidate as well as the percentage of matching symptoms.\nFixed a typo in the Conjunctivitis.java for listing the wrong symptom.\n","fileTypesAndContributionMap":{"functional-code":{"insertions":162,"deletions":1}}},{"hash":"6d5169b1aa805e93afe5af69d2d0f0af81423646","isMergeCommit":true,"messageTitle":"Merge remote-tracking branch \u0027origin/branch-brannon-202303071516\u0027 into branch-brannon-202303071516","messageBody":"# Conflicts:\n#\tsrc/main/java/seedu/duke/diagnosis/Diagnosis.java\n#\tsrc/main/java/seedu/duke/diagnosis/illnesses/Illness.java\n#\tsrc/main/java/seedu/duke/diagnosis/illnesses/viral/Conjunctivitis.java\n","fileTypesAndContributionMap":{}},{"hash":"85835031b961842f711a4b722f3af0a89f0a676c","isMergeCommit":false,"messageTitle":"Added authorship for IllnessMatch.java","messageBody":"","fileTypesAndContributionMap":{"functional-code":{"insertions":1,"deletions":0}}},{"hash":"82bea68ede3a6a8d9d25fa3d487a71b6d6cf5a07","isMergeCommit":true,"messageTitle":"Merge pull request #22 from Brennanzuz/branch-brannon-202303071516","messageBody":"Added Diagnosis functions","fileTypesAndContributionMap":{}}]}],"Geeeetyx":[{"date":"2023-03-07","commitResults":[{"hash":"b423ae809ee3fada5261ff8f4ac79455defc02b0","isMergeCommit":true,"messageTitle":"Merge branch \u0027master\u0027 of https://github.com/AY2223S2-CS2113-W13-1/tp","messageBody":"","fileTypesAndContributionMap":{}},{"hash":"9eb3acc0ccacd4ef5051753fa42cb1bc6e5e44ed","isMergeCommit":false,"messageTitle":"Update: About us document","messageBody":"","fileTypesAndContributionMap":{"docs":{"insertions":7,"deletions":7}}},{"hash":"7e92d8c30c4bba22353f39feabd7bac5d26ffd96","isMergeCommit":true,"messageTitle":"Merge pull request #4 from Geeeetyx/master","messageBody":"Update AboutUs","fileTypesAndContributionMap":{}},{"hash":"69179a588e716561095d8bf9a357e8eb0d8d4dda","isMergeCommit":true,"messageTitle":"Merge branch \u0027master\u0027 of https://github.com/AY2223S2-CS2113-W13-1/tp","messageBody":"","fileTypesAndContributionMap":{}},{"hash":"1ebb472b2465b255249ef9fb102180d1cc7eeb80","isMergeCommit":false,"messageTitle":"feat: introduce a Person class","messageBody":"","fileTypesAndContributionMap":{"functional-code":{"insertions":50,"deletions":0}}}]},{"date":"2023-03-09","commitResults":[{"hash":"7ce66567e419c27319ece4398be005edcd240343","isMergeCommit":true,"messageTitle":"Merge branch \u0027AY2223S2-CS2113-W13-1:master\u0027 into Geeeetyx","messageBody":"","fileTypesAndContributionMap":{}},{"hash":"9e67f54b6c531ec7c81904356de31c990d1f2957","isMergeCommit":true,"messageTitle":"Merge branch \u0027master\u0027 of https://github.com/AY2223S2-CS2113-W13-1/tp into Geeeetyx","messageBody":"","fileTypesAndContributionMap":{}}]},{"date":"2023-03-10","commitResults":[{"hash":"12f2bef6caa58518e37aebca4729487bff3ac760","isMergeCommit":false,"messageTitle":"update: change Person to Patient class, updated getters and setters and class variables","messageBody":"feat: introduce a PatientTest to test new Patient creation\n","fileTypesAndContributionMap":{"functional-code":{"insertions":41,"deletions":50},"other":{"insertions":1,"deletions":1},"test-code":{"insertions":27,"deletions":0}}},{"hash":"b67a576cedf0be2ebe9baf5787bbd97d4c821f3b","isMergeCommit":true,"messageTitle":"Merge remote-tracking branch \u0027origin/Geeeetyx\u0027 into Geeeetyx","messageBody":"","fileTypesAndContributionMap":{}},{"hash":"0cafe7b3898488505bd190c92553d4d74cc6e565","isMergeCommit":true,"messageTitle":"Merge pull request #16 from Geeeetyx/Geeeetyx","messageBody":"Added Patient class and PatientTest (JUnit test)","fileTypesAndContributionMap":{}},{"hash":"b1162eff3d5fd47d43eaf72fe2a7de048193f5b5","isMergeCommit":false,"messageTitle":"update: change Patient package to patient","messageBody":"fix: convert tabs to whitespaces\n","fileTypesAndContributionMap":{"functional-code":{"insertions":41,"deletions":41},"test-code":{"insertions":26,"deletions":27}}},{"hash":"b8dcb0a06b6d07f92df46144353570ddd137c3e0","isMergeCommit":true,"messageTitle":"Merge pull request #17 from Geeeetyx/Geeeetyx","messageBody":"style: fix coding standards","fileTypesAndContributionMap":{}}]},{"date":"2023-03-12","commitResults":[{"hash":"15fdaac20fb774626efde502e8cb064af83f619e","isMergeCommit":true,"messageTitle":"Merge branch \u0027master\u0027 of https://github.com/AY2223S2-CS2113-W13-1/tp","messageBody":"","fileTypesAndContributionMap":{}},{"hash":"39c6621cb39e71e0f34a83b3df90624daa0ebc58","isMergeCommit":false,"messageTitle":"update: change Patient package to patient","messageBody":"fix: convert tabs to whitespaces\n","fileTypesAndContributionMap":{"functional-code":{"insertions":3,"deletions":1}}},{"hash":"1b494c81c5fb4e64562daa70bdc62de6d44702b7","isMergeCommit":true,"messageTitle":"Merge branch \u0027master\u0027 of https://github.com/AY2223S2-CS2113-W13-1/tp","messageBody":"","fileTypesAndContributionMap":{}},{"hash":"b0d3928fad6431e105dd6fdcc7ec1eaf47e48208","isMergeCommit":false,"messageTitle":"fix: introduce check to ensure password matches user\u0027s name when logging in","messageBody":"","fileTypesAndContributionMap":{"functional-code":{"insertions":231,"deletions":205}}},{"hash":"bf03cac7fce7e5d12ce548e24e62e84af9145ea2","isMergeCommit":true,"messageTitle":"Merge pull request #46 from Geeeetyx/Geeeetyx_2","messageBody":"Introduces check that ensures user password matches user\u0027s name when logging in","fileTypesAndContributionMap":{}},{"hash":"8020081d5a75f84b21b7cdd8dbc587c08435a5a6","isMergeCommit":false,"messageTitle":"feat: patientDiagnosisHistory is now updated when the patient is diagnosed with an illness","messageBody":"fix: save patient details to file after diagnosis\n","fileTypesAndContributionMap":{"functional-code":{"insertions":337,"deletions":296}}},{"hash":"3056ed4396b37d7beb9ecd8bd103e13746196028","isMergeCommit":false,"messageTitle":"fix: change tabs to spaces","messageBody":"","fileTypesAndContributionMap":{"functional-code":{"insertions":63,"deletions":63}}},{"hash":"ebdbe20fdcc463ff4087b3ccd144353f3ff496f5","isMergeCommit":false,"messageTitle":"fix: update code style","messageBody":"","fileTypesAndContributionMap":{"functional-code":{"insertions":25,"deletions":25}}},{"hash":"ba9504873394c854c84b5c98ecc176ef7a8e5070","isMergeCommit":true,"messageTitle":"Merge pull request #48 from Geeeetyx/Geeeetyx_2","messageBody":"fix PR #47","fileTypesAndContributionMap":{}}]}]},"authorFileTypeContributionMap":{"tanyizhe":{"docs":1,"functional-code":247,"test-code":12},"Thunderdragon221":{"docs":1,"functional-code":219,"test-code":0},"Jeraldchen":{"docs":6,"functional-code":164,"test-code":25},"brennanzuz":{"docs":2,"functional-code":995,"test-code":0},"Geeeetyx":{"docs":1,"functional-code":138,"test-code":26,"other":1}},"authorContributionVariance":{"tanyizhe":2020.8334,"Thunderdragon221":2555.0261,"Jeraldchen":802.70654,"brennanzuz":245476.12,"Geeeetyx":63611.637},"authorDisplayNameMap":{"tanyizhe":"CS2113-W13-1 TAN .. ZHE","Thunderdragon221":"CS2113-W13-1 RYAN.. TAN","Jeraldchen":"CS2113-W13-1 CHEN..RALD","brennanzuz":"CS2113-W13-1 BRAN.. WEI","Geeeetyx":"CS2113-W13-1 TAN ..RETH"}}
