{"authorDailyContributionsMap":{"tanyizhe":[{"date":"2023-03-07","commitResults":[{"hash":"6f3f057743dc8a2e0fd032a1e586fc2279851553","isMergeCommit":false,"messageTitle":"Update about us","messageBody":"","fileTypesAndContributionMap":{"docs":{"insertions":7,"deletions":8}}},{"hash":"0838bec31fda19d367c99ea9a0556bf39b440842","isMergeCommit":true,"messageTitle":"Merge branch \u0027tanyizhe-aboutUs\u0027","messageBody":"","fileTypesAndContributionMap":{}},{"hash":"0a95539117ad3fe7d8a7234b2e88b7abe6ef5ec5","isMergeCommit":true,"messageTitle":"Merge pull request #5 from tanyizhe/master","messageBody":"Update about us","fileTypesAndContributionMap":{}}]},{"date":"2023-03-10","commitResults":[{"hash":"9af4ca5beff0760b6b95afeb381cc33d7cace5cb","isMergeCommit":false,"messageTitle":"Created Medicine class. Added a JUnit test for Medicine class.","messageBody":"","fileTypesAndContributionMap":{"functional-code":{"insertions":26,"deletions":0},"test-code":{"insertions":16,"deletions":0}}}]},{"date":"2023-03-11","commitResults":[{"hash":"162ba1ceaf33255082a0cfcd22a3791a91cb0825","isMergeCommit":false,"messageTitle":"Added MedicineManager and Medicine classes. Added JUnit test for MedicineManager class.","messageBody":"","fileTypesAndContributionMap":{"functional-code":{"insertions":80,"deletions":13},"test-code":{"insertions":12,"deletions":16}}},{"hash":"8def21a6c0d069f1bb38650877cd0c3c917473f8","isMergeCommit":true,"messageTitle":"Merge branch \u0027tanyizhe-medicineClass\u0027","messageBody":"","fileTypesAndContributionMap":{}},{"hash":"84881f9811d911df55129b7a4185b7baf1fba9e9","isMergeCommit":true,"messageTitle":"Merge branch \u0027master\u0027 of https://github.com/AY2223S2-CS2113-W13-1/tp","messageBody":"","fileTypesAndContributionMap":{}},{"hash":"8f0c4cf5183a647bf4de768d8ef529a60979b0c5","isMergeCommit":true,"messageTitle":"Merge pull request #25 from tanyizhe/master","messageBody":"Medicine class","fileTypesAndContributionMap":{}}]},{"date":"2023-03-12","commitResults":[{"hash":"36b02b91460fc76da8f618a1d59d46a78112f40e","isMergeCommit":false,"messageTitle":"Added logic to Menu to get patient\u0027s symptoms. Added method to Menu class to parse patient\u0027s symptoms.","messageBody":"","fileTypesAndContributionMap":{"functional-code":{"insertions":127,"deletions":11}}},{"hash":"8f0c6b1d1f29bdb51a12916731335c36196ea3ea","isMergeCommit":true,"messageTitle":"Merge branch \u0027tanyizhe-Menu\u0027","messageBody":"","fileTypesAndContributionMap":{}},{"hash":"282712a73aac5ed5d7c97780d03acd806a9211f0","isMergeCommit":false,"messageTitle":"fix ci test","messageBody":"","fileTypesAndContributionMap":{"functional-code":{"insertions":0,"deletions":1}}},{"hash":"4204730b532f50ca7c5b68c9f6c0919d943f7e4f","isMergeCommit":true,"messageTitle":"Merge pull request #43 from tanyizhe/master","messageBody":"Added a method to allow menu to take in symptoms","fileTypesAndContributionMap":{}},{"hash":"59af8912a770b524fd2651e39db264bcd1655e6d","isMergeCommit":false,"messageTitle":"Menu can now display medicine and dosage based on illness. Added logic to analyse illness and output medication.","messageBody":"","fileTypesAndContributionMap":{"functional-code":{"insertions":46,"deletions":9}}},{"hash":"df3e0c72ab4680de69c6d74f84bbb25d4d6e2af5","isMergeCommit":true,"messageTitle":"Merge branch \u0027master\u0027 of https://github.com/AY2223S2-CS2113-W13-1/tp","messageBody":"","fileTypesAndContributionMap":{}},{"hash":"ceac11f87b60f4a68955abf84c2483520cc4b06d","isMergeCommit":true,"messageTitle":"Merge pull request #44 from tanyizhe/master","messageBody":"Added functionality to view medication based on illness","fileTypesAndContributionMap":{}}]},{"date":"2023-03-14","commitResults":[{"hash":"1d61bafd14f5c8c245095f99794dbd325428579c","isMergeCommit":false,"messageTitle":"Add assertions to MedicineManager class","messageBody":"","fileTypesAndContributionMap":{"functional-code":{"insertions":2,"deletions":4}}},{"hash":"8074013668be0757094dbbf8523f45553509187d","isMergeCommit":true,"messageTitle":"Merge pull request #55 from tanyizhe/tanyizhe-Assertions","messageBody":"Add assertions to MedicineManager class","tags":["v1.0"],"fileTypesAndContributionMap":{}}]},{"date":"2023-03-20","commitResults":[{"hash":"b89b482c433e6518f0673b9915af3514e39d7f56","isMergeCommit":false,"messageTitle":"Allow user to see medicine prescription history. Added more medications for illnesses.","messageBody":"","fileTypesAndContributionMap":{"functional-code":{"insertions":86,"deletions":13}}}]},{"date":"2023-03-21","commitResults":[{"hash":"4b7e2a538d2ebc28665b8e958cbe6b028b4b6f92","isMergeCommit":true,"messageTitle":"Merge pull request #68 from tanyizhe/tanyizhe-medicineHistory","messageBody":"Allow user to see medicine prescription history.","fileTypesAndContributionMap":{}},{"hash":"710f84005a2708bfa3fea3565114ca5428fc8575","isMergeCommit":false,"messageTitle":"Added more medicines","messageBody":"","fileTypesAndContributionMap":{"functional-code":{"insertions":14,"deletions":0}}},{"hash":"2d668b5448ca8ca9e6f1e62b7606ccad0fa94ca7","isMergeCommit":true,"messageTitle":"Merge pull request #71 from tanyizhe/master","messageBody":"Added more medicines","fileTypesAndContributionMap":{}}]},{"date":"2023-03-23","commitResults":[{"hash":"66b912971af8b154151dcfe71b31cfc12ef2ea1a","isMergeCommit":false,"messageTitle":"Fixed bug regarding MedicineManager. Added implementation of MedicineManager and Medicine classes to Developer guide. Medicine history is now stored.","messageBody":"","fileTypesAndContributionMap":{"functional-code":{"insertions":116,"deletions":45},"docs":{"insertions":15,"deletions":0},"test-code":{"insertions":7,"deletions":3}}},{"hash":"8ae49d58ac0680b87e8b5c51e068900401c1c714","isMergeCommit":true,"messageTitle":"Merge remote-tracking branch \u0027upstream/master\u0027","messageBody":"# Conflicts:\n#\tdocs/DeveloperGuide.md\n#\tsrc/main/java/seedu/duke/diagnosis/Diagnosis.java\n","fileTypesAndContributionMap":{}},{"hash":"729a4e168885a597135268e881567851e0986426","isMergeCommit":true,"messageTitle":"Merge pull request #81 from tanyizhe/master","messageBody":"Improved features and fixed bugs with medicine classes","fileTypesAndContributionMap":{}}]},{"date":"2023-03-24","commitResults":[{"hash":"8eff58fea300eff01948b8b0742eb1db0676683d","isMergeCommit":false,"messageTitle":"Added assert lines and more JUnit testing","messageBody":"","fileTypesAndContributionMap":{"functional-code":{"insertions":7,"deletions":9},"test-code":{"insertions":17,"deletions":1}}},{"hash":"0630e9ce95c946d03349a4eebc95c3c0b9efe0a9","isMergeCommit":true,"messageTitle":"Merge pull request #93 from tanyizhe/master","messageBody":"Added assert lines and more JUnit testing","fileTypesAndContributionMap":{}},{"hash":"192ac9c3e6f7697c5678d58f8365da7266399d55","isMergeCommit":false,"messageTitle":"Fixed bugs and added more medicine to diagnosis pairings.","messageBody":"","fileTypesAndContributionMap":{"functional-code":{"insertions":9,"deletions":2}}},{"hash":"8da41af5fd04e073a3e7f9214a1b230d5b5fa837","isMergeCommit":true,"messageTitle":"Merge branch \u0027tanyizhe-bugFix\u0027","messageBody":"","fileTypesAndContributionMap":{}},{"hash":"fbded6509bf53fb0b0f3ac90b9e75ceef4035577","isMergeCommit":true,"messageTitle":"Merge pull request #96 from tanyizhe/master","messageBody":"Fixed bug with medicine file storage","fileTypesAndContributionMap":{}}]},{"date":"2023-03-27","commitResults":[{"hash":"5046390327b59ea4c3fd01f8dbd8a7a4d1d746e9","isMergeCommit":false,"messageTitle":"Add find and list features for medicine. Updated user guide.","messageBody":"","fileTypesAndContributionMap":{"functional-code":{"insertions":66,"deletions":3},"docs":{"insertions":133,"deletions":36},"test-code":{"insertions":1,"deletions":0}}}]},{"date":"2023-03-28","commitResults":[{"hash":"5d2d63bea49454f3cbaed897a96071615a6d8894","isMergeCommit":true,"messageTitle":"Merge remote-tracking branch \u0027upstream/master\u0027","messageBody":"# Conflicts:\n#\tdocs/UserGuide.md\n#\tsrc/main/java/seedu/duke/ui/Menu.java\n#\tsrc/main/java/seedu/duke/ui/Parser.java\n","fileTypesAndContributionMap":{}},{"hash":"c74eb62473520f0a889120f769c64fed6abf0fe4","isMergeCommit":true,"messageTitle":"Merge pull request #102 from tanyizhe/master","messageBody":"Add list and find features for medicine","fileTypesAndContributionMap":{}}]},{"date":"2023-03-29","commitResults":[{"hash":"1605d144bac25814676f16d264232107e76ef444","isMergeCommit":false,"messageTitle":"Create MedicineSequenceDiagram.puml","messageBody":"","fileTypesAndContributionMap":{"docs":{"insertions":31,"deletions":0}}},{"hash":"f337f68ab99b5c099513e18ee561e45c60a8b9bd","isMergeCommit":false,"messageTitle":"Update DeveloperGuide.md","messageBody":"","fileTypesAndContributionMap":{"docs":{"insertions":1,"deletions":1}}},{"hash":"0b5b5e71efb971bea92a226669f0316e26277624","isMergeCommit":false,"messageTitle":"Update DeveloperGuide.md","messageBody":"","fileTypesAndContributionMap":{"docs":{"insertions":1,"deletions":0}}}]},{"date":"2023-04-02","commitResults":[{"hash":"99df7b83fec81fa5ec38c9dd10dcda8a1ec644d3","isMergeCommit":false,"messageTitle":"Fix typos in UG","messageBody":"Updated typos in UG to correctly match current application.","fileTypesAndContributionMap":{"docs":{"insertions":2,"deletions":2}}},{"hash":"1bb2d99c1579151a94e629a8000dd60d6f108862","isMergeCommit":false,"messageTitle":"Update UserGuide.md","messageBody":"Fixed typos in UG","fileTypesAndContributionMap":{"docs":{"insertions":1,"deletions":1}}},{"hash":"24a2b5142af42a734a6169fa4307234bda55c018","isMergeCommit":false,"messageTitle":"Update UserGuide.md","messageBody":"Fixed typo.","fileTypesAndContributionMap":{"docs":{"insertions":1,"deletions":1}}},{"hash":"8f78005af22d006540213ab5196035770a0f9e79","isMergeCommit":false,"messageTitle":"Updated Developer guide Created more MedicineManager Junit tests","messageBody":"","fileTypesAndContributionMap":{"functional-code":{"insertions":13,"deletions":17},"docs":{"insertions":30,"deletions":9},"test-code":{"insertions":73,"deletions":1}}},{"hash":"697e8ca9adb2e7811af18de63f44c0c2a5c4b908","isMergeCommit":false,"messageTitle":"Fix coding standard violation for import statement.","messageBody":"","fileTypesAndContributionMap":{"test-code":{"insertions":3,"deletions":2}}},{"hash":"d1498dc7cca5ae352c061b7453d537f9d0ad6840","isMergeCommit":true,"messageTitle":"Merge pull request #172 from tanyizhe/master","messageBody":"Updated Developer guide and tests","fileTypesAndContributionMap":{}},{"hash":"d0742a750599b87f8c95e63bddf59646f4824c12","isMergeCommit":false,"messageTitle":"Update DeveloperGuide.md","messageBody":"updated DG acknowledgements.","fileTypesAndContributionMap":{"docs":{"insertions":6,"deletions":0}}}]},{"date":"2023-04-04","commitResults":[{"hash":"43602892433e92f93ff4f6530937d2eff4eb8b9b","isMergeCommit":false,"messageTitle":"Improve delete function. Added PPP for tanyizhe.","messageBody":"","fileTypesAndContributionMap":{"docs":{"insertions":6,"deletions":0}}},{"hash":"98a86b0660dce21c059597aea2aaa02d32d0b51f","isMergeCommit":false,"messageTitle":"improve Delete symptom function. Added PPP draft.","messageBody":"","fileTypesAndContributionMap":{"functional-code":{"insertions":113,"deletions":58},"docs":{"insertions":53,"deletions":2}}},{"hash":"77232d845eaf49c3d8a4210c885e1a5ac6a1f4e4","isMergeCommit":true,"messageTitle":"Merge remote-tracking branch \u0027upstream/master\u0027","messageBody":"# Conflicts:\n#\tdocs/AboutUs.md\n","fileTypesAndContributionMap":{}},{"hash":"c663d832abe50d929bc4d9ef378a61a521651c76","isMergeCommit":false,"messageTitle":"Updated UG for deleting symptom feature.","messageBody":"","fileTypesAndContributionMap":{"docs":{"insertions":16,"deletions":21}}},{"hash":"22cc49d225c471bc35afdfa52b40b01c614c25fe","isMergeCommit":false,"messageTitle":"Fix coding standard violation.","messageBody":"","fileTypesAndContributionMap":{"functional-code":{"insertions":4,"deletions":1}}},{"hash":"322536768151a6a9a5a14aa3445e58834117f57d","isMergeCommit":true,"messageTitle":"Merge pull request #186 from tanyizhe/master","messageBody":"Improve delete symptom feature. Added PPP draft.","fileTypesAndContributionMap":{}}]}],"Thunderdragon221":[{"date":"2023-03-04","commitResults":[{"hash":"791280406669be2e7fdb68f60b0dddcccac46a38","isMergeCommit":false,"messageTitle":"Update AboutUs.md","messageBody":"","fileTypesAndContributionMap":{"docs":{"insertions":7,"deletions":7}}},{"hash":"619d8d6789099ad19f5900fce4a0a48a70fbdf71","isMergeCommit":true,"messageTitle":"Merge pull request #1 from Thunderdragon221/Thunderdragon221-patch-1","messageBody":"Update AboutUs.md","fileTypesAndContributionMap":{}},{"hash":"38fb6bb0d6a64ae5be3e75a54249116fb80afa56","isMergeCommit":true,"messageTitle":"Merge pull request #2 from Thunderdragon221/master","messageBody":"Update readMe","fileTypesAndContributionMap":{}}]},{"date":"2023-03-10","commitResults":[{"hash":"15c3750e35e6b5048adad8a32291f8cf80344338","isMergeCommit":false,"messageTitle":"Add Storage, CorruptedDataException classes for file processing","messageBody":"","fileTypesAndContributionMap":{"functional-code":{"insertions":156,"deletions":0}}},{"hash":"8de4ad90dc78728619395f2a8984ee758c4b103e","isMergeCommit":true,"messageTitle":"Merge pull request #2 from Thunderdragon221/issue#11","messageBody":"Add Storage, CorruptedDataException classes for file processing","fileTypesAndContributionMap":{}},{"hash":"33d828bd49e0cfbd56e84e419c958ed4f570e216","isMergeCommit":true,"messageTitle":"Merge pull request #18 from Thunderdragon221/master","messageBody":"Add Storage, CorruptedDataException classes for file processing","fileTypesAndContributionMap":{}},{"hash":"aaf87fdc1992f188bd9b1f144ddf9cc55bd67904","isMergeCommit":false,"messageTitle":"Fix standard coding violation","messageBody":"","fileTypesAndContributionMap":{"functional-code":{"insertions":1,"deletions":1}}},{"hash":"adadad86db1c53d8d2c81ec1891bbe756c5edac1","isMergeCommit":true,"messageTitle":"Merge pull request #3 from Thunderdragon221/Branch-fix_std_coding_violations_1","messageBody":"Fix standard coding violation","fileTypesAndContributionMap":{}},{"hash":"02f36ad8171f712eaced90628b19c8bed0effe76","isMergeCommit":true,"messageTitle":"Merge pull request #20 from Thunderdragon221/master","messageBody":"Fix standard coding violation","fileTypesAndContributionMap":{}}]},{"date":"2023-03-11","commitResults":[{"hash":"e7052795619498a3edc9a8fed44a6822c8bf5259","isMergeCommit":false,"messageTitle":"Fix standard coding violation","messageBody":"","fileTypesAndContributionMap":{"functional-code":{"insertions":28,"deletions":27}}},{"hash":"914328349b8f928e45d47caf07f6ef271d82435a","isMergeCommit":true,"messageTitle":"Merge pull request #4 from Thunderdragon221/Branch-bugFix","messageBody":"Fix standard coding violation","fileTypesAndContributionMap":{}},{"hash":"b4fbcd712e4a6f9a2602260842ff00bddcddf62e","isMergeCommit":true,"messageTitle":"Merge pull request #35 from Thunderdragon221/master","messageBody":"Fix standard coding violations","fileTypesAndContributionMap":{}}]},{"date":"2023-03-12","commitResults":[{"hash":"054e42cf6b902292d1aa0fa987b4714d772503f2","isMergeCommit":false,"messageTitle":"Integrate Information class into Storage class","messageBody":"","fileTypesAndContributionMap":{"functional-code":{"insertions":10,"deletions":19}}},{"hash":"e740c59478af98335bafa360488d172d46b4fc6c","isMergeCommit":false,"messageTitle":"Integrate Information class into Storage class","messageBody":"","fileTypesAndContributionMap":{"functional-code":{"insertions":3,"deletions":3}}},{"hash":"53ed738ea63352a8ee995530004c78073b7aca11","isMergeCommit":true,"messageTitle":"Merge branch \u0027master\u0027 into Branch-IntegrateInformationClass","messageBody":"","fileTypesAndContributionMap":{}},{"hash":"c07be8c24d3076888b686f85cac30ea98f1137d9","isMergeCommit":true,"messageTitle":"Merge pull request #37 from Thunderdragon221/Branch-IntegrateInformationClass","messageBody":"Integrate Information class into Storage class","fileTypesAndContributionMap":{}},{"hash":"8fe9da544cd92676524352a7dcda8bb85766b0a7","isMergeCommit":false,"messageTitle":"Add account menu and parser","messageBody":"","fileTypesAndContributionMap":{"functional-code":{"insertions":104,"deletions":12}}},{"hash":"3773d9b43068db9b85e15fa99ee183a619e3dfab","isMergeCommit":true,"messageTitle":"Merge pull request #39 from Thunderdragon221/Branch-addAccountMenu","messageBody":"Add account menu and parser","fileTypesAndContributionMap":{}},{"hash":"33c759ee81f465f380fdf2117df74c57b8c29d28","isMergeCommit":false,"messageTitle":"Fix @author in some classes","messageBody":"","fileTypesAndContributionMap":{"functional-code":{"insertions":33,"deletions":18}}},{"hash":"3570a842cead5d78f538b1098f0d1f1f864e84ad","isMergeCommit":true,"messageTitle":"Merge pull request #45 from Thunderdragon221/Branch-FixAuthorContributions","messageBody":"Fix @author in some classes","fileTypesAndContributionMap":{}}]},{"date":"2023-03-13","commitResults":[{"hash":"6d2e68a24d6ee3abfaa44a9279e5e9659a43ac31","isMergeCommit":false,"messageTitle":"Fix bug in Patient class","messageBody":"","fileTypesAndContributionMap":{"functional-code":{"insertions":55,"deletions":81}}},{"hash":"4807f1d84c4bfbed2c931d2ea4406d7f19cee140","isMergeCommit":true,"messageTitle":"Merge pull request #52 from Thunderdragon221/Branch-BugFix2","messageBody":"Fix bug in Patient class","fileTypesAndContributionMap":{}}]},{"date":"2023-03-20","commitResults":[{"hash":"c1ddc4c4cb8ce463640f16506305675eb467ad8b","isMergeCommit":false,"messageTitle":"Prevent duplicate passwords and hash passwords","messageBody":"","fileTypesAndContributionMap":{"functional-code":{"insertions":105,"deletions":68},"test-code":{"insertions":3,"deletions":2}}},{"hash":"91fd01f7a77507a48f045d5154d1eee58ae99b2f","isMergeCommit":true,"messageTitle":"Merge pull request #67 from Thunderdragon221/branch-passwordSecurity","messageBody":"Prevent duplicate passwords and hash passwords","fileTypesAndContributionMap":{}}]},{"date":"2023-03-23","commitResults":[{"hash":"4210c51291263ae227710474d19b5aff789364a2","isMergeCommit":false,"messageTitle":"Add Storage UML Class Diagram","messageBody":"","fileTypesAndContributionMap":{"functional-code":{"insertions":7,"deletions":7},"docs":{"insertions":28,"deletions":0}}},{"hash":"3f677dd234714b1d93459567ee8a724589012b76","isMergeCommit":true,"messageTitle":"Merge pull request #83 from Thunderdragon221/branch-StorageUMLDiagram","messageBody":"Add Storage UML Class Diagram","fileTypesAndContributionMap":{}}]},{"date":"2023-03-28","commitResults":[{"hash":"b70d0afa23b2a23e74f95b1bfac162a50d7eab50","isMergeCommit":false,"messageTitle":"edit //@@author comments to reflect correctly","messageBody":"","fileTypesAndContributionMap":{"functional-code":{"insertions":29,"deletions":52},"docs":{"insertions":1,"deletions":0}}},{"hash":"8231e6cfa13c1d53a907081434861bbc63bf9817","isMergeCommit":true,"messageTitle":"Merge pull request #104 from Thunderdragon221/branch-edit_/@@author","messageBody":"edit //@@author comments to reflect correctly","tags":["v2.0"],"fileTypesAndContributionMap":{}},{"hash":"5553454c8a4c43349e32ab3d6d17313673154926","isMergeCommit":false,"messageTitle":"add sequence diagrams for Storage class","messageBody":"","fileTypesAndContributionMap":{"functional-code":{"insertions":4,"deletions":4},"docs":{"insertions":94,"deletions":0}}},{"hash":"e9dcc2974043a4ddf84493c8545c2ac8827451a7","isMergeCommit":true,"messageTitle":"Merge pull request #106 from Thunderdragon221/branch-addSequenceDiagrams","messageBody":"add sequence diagrams for Storage class","fileTypesAndContributionMap":{}}]},{"date":"2023-03-29","commitResults":[{"hash":"47ab383393c2cf9006d77f9d4b52a8ad0b021066","isMergeCommit":false,"messageTitle":"correct DG diagrams","messageBody":"","fileTypesAndContributionMap":{"docs":{"insertions":11,"deletions":4}}},{"hash":"98b6d1ea54f3b20ac5a3c2f1e95266eed2e83ddc","isMergeCommit":true,"messageTitle":"Merge pull request #110 from Thunderdragon221/branch-correctDG","messageBody":"correct DG diagrams","fileTypesAndContributionMap":{}}]},{"date":"2023-03-30","commitResults":[{"hash":"25588b4810094e8b680926d24dde59e626a3a378","isMergeCommit":false,"messageTitle":"add JUnitTests for Storage class","messageBody":"","fileTypesAndContributionMap":{"functional-code":{"insertions":40,"deletions":17},"test-code":{"insertions":216,"deletions":0}}},{"hash":"dd3a6dbec5cef309e79cfb11c6b13809761ba3f3","isMergeCommit":true,"messageTitle":"Merge pull request #112 from Thunderdragon221/branch-addJUnitTest","messageBody":"add JUnitTests for Storage class","fileTypesAndContributionMap":{}},{"hash":"c4a8d71771abde33f4e52cc3809bf917154e11f4","isMergeCommit":false,"messageTitle":"add defense for Storage class","messageBody":"","fileTypesAndContributionMap":{"functional-code":{"insertions":107,"deletions":9},"test-code":{"insertions":1,"deletions":1}}},{"hash":"e2106f9585c3f4968c12a5c11325e0cc39d068ad","isMergeCommit":true,"messageTitle":"Merge pull request #114 from Thunderdragon221/branch-defendStorageClass","messageBody":"add defense for Storage class","fileTypesAndContributionMap":{}}]},{"date":"2023-04-02","commitResults":[{"hash":"f3594764154ec085e5e9d2d7c669a385142a3748","isMergeCommit":false,"messageTitle":"Fix bugs and defend data.","messageBody":"","fileTypesAndContributionMap":{"functional-code":{"insertions":94,"deletions":28},"test-code":{"insertions":111,"deletions":15}}},{"hash":"80a035704833f71c2aec09d3b441971445dea18e","isMergeCommit":true,"messageTitle":"Merge pull request #164 from Thunderdragon221/branch-defendData","messageBody":"Fix bugs and defend data.","fileTypesAndContributionMap":{}},{"hash":"682647199ddf366a5c4b4c8ce516efc7fbaa4b37","isMergeCommit":false,"messageTitle":"Update DG for Storage class","messageBody":"","fileTypesAndContributionMap":{"docs":{"insertions":11,"deletions":4}}},{"hash":"f1555153279b69a7fc83a1de5cd63d3aff0d4b6b","isMergeCommit":true,"messageTitle":"Merge pull request #167 from Thunderdragon221/branch-updateDG","messageBody":"Update DG for Storage class","fileTypesAndContributionMap":{}},{"hash":"27ef5a88625d5f1757f2b77929e7a6923ecaf21c","isMergeCommit":false,"messageTitle":"Exit program upon finding corruption","messageBody":"","fileTypesAndContributionMap":{"functional-code":{"insertions":40,"deletions":22},"docs":{"insertions":2,"deletions":0}}},{"hash":"2eef461f93268b23a3b6128bced3d7ca37fd984f","isMergeCommit":true,"messageTitle":"Merge pull request #169 from Thunderdragon221/branch-exitUponFindingCorruption","messageBody":"Exit program upon finding corruption","fileTypesAndContributionMap":{}},{"hash":"f477e6ef8a3d8e039e0fae153af47e8603dd3206","isMergeCommit":false,"messageTitle":"Show date of diagnosis","messageBody":"","fileTypesAndContributionMap":{"functional-code":{"insertions":87,"deletions":25},"docs":{"insertions":4,"deletions":4},"test-code":{"insertions":46,"deletions":20}}},{"hash":"3a586d3412e31ec4ef6a64096545e80bd8dccb5c","isMergeCommit":true,"messageTitle":"Merge branch \u0027master\u0027 into branch-addDiagnosisDate","messageBody":"","fileTypesAndContributionMap":{}},{"hash":"511392b7462fb2315695f3fc39a9132642b5bf7d","isMergeCommit":true,"messageTitle":"Merge pull request #173 from Thunderdragon221/branch-addDiagnosisDate","messageBody":"Show date of diagnosis","fileTypesAndContributionMap":{}},{"hash":"c8a1cb5e39150035d09081dce706200915399e9d","isMergeCommit":false,"messageTitle":"Resolve code functionality issues","messageBody":"","fileTypesAndContributionMap":{"functional-code":{"insertions":11,"deletions":6}}},{"hash":"b8f023faeb82caefee36928c02ad211ccc233014","isMergeCommit":false,"messageTitle":"Resolve code functionality issues","messageBody":"","fileTypesAndContributionMap":{"test-code":{"insertions":0,"deletions":1}}},{"hash":"9d39318992b468897d7979f2322db5204eb8d53a","isMergeCommit":true,"messageTitle":"Merge pull request #174 from Thunderdragon221/branch-resolveMergeConflict","messageBody":"Resolve code functionality issues","fileTypesAndContributionMap":{}}]},{"date":"2023-04-03","commitResults":[{"hash":"f6283f9c6bba5af5a9f945f8cefd832afe57a46f","isMergeCommit":false,"messageTitle":"Update UG with corruption info.","messageBody":"","fileTypesAndContributionMap":{"docs":{"insertions":16,"deletions":1}}},{"hash":"dcd00943d21d462b943836ff08d3532ddf6f4953","isMergeCommit":true,"messageTitle":"Merge pull request #176 from Thunderdragon221/branch-updateUG","messageBody":"Update UG with corruption info","fileTypesAndContributionMap":{}},{"hash":"eeb951f0008ec8158fb5418b12e5f70adfedcf68","isMergeCommit":false,"messageTitle":"Add PPP and resolve bugs.","messageBody":"","fileTypesAndContributionMap":{"functional-code":{"insertions":3,"deletions":1},"docs":{"insertions":82,"deletions":7}}},{"hash":"a1e73ddf2b4ad22463cf5d2d58c1dc828db5f801","isMergeCommit":true,"messageTitle":"Merge pull request #185 from Thunderdragon221/branch-addPPP","messageBody":"Add PPP and resolve bugs.","fileTypesAndContributionMap":{}}]}],"Jeraldchen":[{"date":"2023-03-03","commitResults":[{"hash":"013895c5d27dfc9b78aa393c10da6a46f6572091","isMergeCommit":false,"messageTitle":"Update AboutUs and UserGuide","messageBody":"","fileTypesAndContributionMap":{"docs":{"insertions":11,"deletions":8}}},{"hash":"2041391e9e306ccb10447d0b9388b6a1339a0c0d","isMergeCommit":true,"messageTitle":"Merge pull request #1 from Jeraldchen/JeraldChen-AboutUs","messageBody":"Update AboutUs and UserGuide","fileTypesAndContributionMap":{}}]},{"date":"2023-03-07","commitResults":[{"hash":"ecda63a4112eb35223ac41a9229f91974bd99dff","isMergeCommit":false,"messageTitle":"Edit welcome logo to Dr Duke","messageBody":"","fileTypesAndContributionMap":{"functional-code":{"insertions":5,"deletions":5}}},{"hash":"556ac94a4cdad7608390ff45826e43a0360be48b","isMergeCommit":true,"messageTitle":"Merge pull request #3 from Jeraldchen/master","messageBody":"Edit welcome logo to Dr Duke","fileTypesAndContributionMap":{}},{"hash":"3272f923847b620776e6e3f25b3a7927d0d8c373","isMergeCommit":true,"messageTitle":"Merge branch \u0027master\u0027 of https://github.com/AY2223S2-CS2113-W13-1/tp","messageBody":"","fileTypesAndContributionMap":{}},{"hash":"e3d1a5c904f4b33c4e117fd9e936961ce43bb5ee","isMergeCommit":false,"messageTitle":"Add Menu class","messageBody":"","fileTypesAndContributionMap":{"functional-code":{"insertions":36,"deletions":0}}}]},{"date":"2023-03-08","commitResults":[{"hash":"8c16fe2f78e653c6c94d1197ca6ba6811ce50e2c","isMergeCommit":false,"messageTitle":"Add hashmap to store login and registration details","messageBody":"","fileTypesAndContributionMap":{"functional-code":{"insertions":25,"deletions":9}}},{"hash":"eec162651faf9f354f235f9ba6f91d6baa89e6f6","isMergeCommit":false,"messageTitle":"Revert \"Add hashmap to store login and registration details\"","messageBody":"This reverts commit 8c16fe2f78e653c6c94d1197ca6ba6811ce50e2c.\n","fileTypesAndContributionMap":{"functional-code":{"insertions":9,"deletions":25}}},{"hash":"3d9241f4d2ecc1d1ef7d2ee3f5d90df60b5d1000","isMergeCommit":true,"messageTitle":"Merge branch \u0027Jeraldchen-skeleton\u0027","messageBody":"","fileTypesAndContributionMap":{}},{"hash":"e4d069c1aa7556805fc43822fed392a90c2a08a1","isMergeCommit":false,"messageTitle":"Add hashmap to store a name-password key-value pair for login purposes","messageBody":"","fileTypesAndContributionMap":{"functional-code":{"insertions":23,"deletions":9}}},{"hash":"b686ce1a1f61279acc04e08d876949e288203783","isMergeCommit":true,"messageTitle":"Merge branch \u0027Jeraldchen-skeleton\u0027","messageBody":"","fileTypesAndContributionMap":{}},{"hash":"a35876bdf0c49788cb22d2d5279a8548e6ce7cfa","isMergeCommit":false,"messageTitle":"Update Expected output file and removed unused import","messageBody":"","fileTypesAndContributionMap":{"functional-code":{"insertions":2,"deletions":2}}},{"hash":"0790d90017980a852024a04fdba9c963f42fb4df","isMergeCommit":true,"messageTitle":"Merge pull request #12 from Jeraldchen/master","messageBody":"Created Menu Class","fileTypesAndContributionMap":{}},{"hash":"02b4996f0f46d1fe8a9b7c3448e75185963b7917","isMergeCommit":false,"messageTitle":"Update mainClass name","messageBody":"","fileTypesAndContributionMap":{"other":{"insertions":1,"deletions":1}}},{"hash":"35b8aca435723bfab37af97a05289ecc2664acb0","isMergeCommit":true,"messageTitle":"Merge pull request #13 from Jeraldchen/master","messageBody":"Update mainClass name","fileTypesAndContributionMap":{}}]},{"date":"2023-03-10","commitResults":[{"hash":"2c84eef847db8e54e7af5008927afff31412c376","isMergeCommit":true,"messageTitle":"Merge branch \u0027master\u0027 of https://github.com/AY2223S2-CS2113-W13-1/tp","messageBody":"","fileTypesAndContributionMap":{}},{"hash":"6832633f9f68abfc4e4093a39e910acd536799eb","isMergeCommit":false,"messageTitle":"Fix HashMap issue and add Information Class to retrieve and store patient information","messageBody":"","fileTypesAndContributionMap":{"functional-code":{"insertions":25,"deletions":0}}},{"hash":"359b094fc0179cae595be31546816d7bf528a9cf","isMergeCommit":true,"messageTitle":"Merge branch \u0027Branch-FixHashMap\u0027","messageBody":"","fileTypesAndContributionMap":{}},{"hash":"19f61a30b117ed5fdef4b89495af40fbf7688d3b","isMergeCommit":true,"messageTitle":"Merge branch \u0027master\u0027 of https://github.com/AY2223S2-CS2113-W13-1/tp","messageBody":"","fileTypesAndContributionMap":{}},{"hash":"0149f86003b3d76b84d963b13c48605375f44770","isMergeCommit":true,"messageTitle":"Merge pull request #21 from Jeraldchen/master","messageBody":"Fix Hashmap bug and create Information class","fileTypesAndContributionMap":{}},{"hash":"905655a379987871519cb242501f79364c8eee7f","isMergeCommit":true,"messageTitle":"Merge branch \u0027master\u0027 of https://github.com/AY2223S2-CS2113-W13-1/tp","messageBody":"","fileTypesAndContributionMap":{}},{"hash":"a042a4b1ab66e8adb325a864e7d83ecdb1e7f00d","isMergeCommit":false,"messageTitle":"Add JUnit Test for register method in Menu Class","messageBody":"","fileTypesAndContributionMap":{"functional-code":{"insertions":1,"deletions":1},"test-code":{"insertions":24,"deletions":0}}},{"hash":"2ecb4ca26fae419a8967a8718ec97d799f7d8d22","isMergeCommit":true,"messageTitle":"Merge pull request #23 from Jeraldchen/Jeraldchen-JUnitTest","messageBody":"Jeraldchen j unit test","fileTypesAndContributionMap":{}},{"hash":"ca546a53e84016893eae3eff68ba5d2b0ad83b13","isMergeCommit":false,"messageTitle":"Add author of MenuTest code","messageBody":"","fileTypesAndContributionMap":{"test-code":{"insertions":1,"deletions":0}}},{"hash":"6f9e94421d5ea2bbc0060ad9ea77f058b6ae5a11","isMergeCommit":true,"messageTitle":"Merge pull request #24 from Jeraldchen/Jeraldchen-JUnitTest","messageBody":"Add author of MenuTest code","fileTypesAndContributionMap":{}}]},{"date":"2023-03-11","commitResults":[{"hash":"36c76b759eaebb3ffc666731115c868faeb4a517","isMergeCommit":true,"messageTitle":"Merge branch \u0027master\u0027 of https://github.com/AY2223S2-CS2113-W13-1/tp","messageBody":"","fileTypesAndContributionMap":{}},{"hash":"79e790ecaa69453a8c35e3c7cc1ffd7e9da6bc9c","isMergeCommit":false,"messageTitle":"Add Parser Class and create UI","messageBody":"","fileTypesAndContributionMap":{"functional-code":{"insertions":65,"deletions":11}}},{"hash":"ba3d53d6a66ed82bc85931107c29a27414dba0c8","isMergeCommit":false,"messageTitle":"Add UI in main and edit remove saveData bug from Parser Class","messageBody":"","fileTypesAndContributionMap":{"functional-code":{"insertions":5,"deletions":1}}},{"hash":"063fc0d69cd46e344e681b3cdf2f17db148464df","isMergeCommit":true,"messageTitle":"Merge pull request #28 from Jeraldchen/Jeraldchen-Parser","messageBody":"Jeraldchen parser","fileTypesAndContributionMap":{}},{"hash":"3fde8cbed0fa1d09a8e0c855f3145936f0155cbf","isMergeCommit":true,"messageTitle":"Merge branch \u0027master\u0027 of https://github.com/AY2223S2-CS2113-W13-1/tp","messageBody":"","fileTypesAndContributionMap":{}}]},{"date":"2023-03-13","commitResults":[{"hash":"664158a7b5c93e0c8f8404a57d2131b15ac9cf0b","isMergeCommit":true,"messageTitle":"Merge branch \u0027master\u0027 of https://github.com/AY2223S2-CS2113-W13-1/tp","messageBody":"","fileTypesAndContributionMap":{}},{"hash":"ca95afd1dc5011e921345bbaaae7cf61e95555bc","isMergeCommit":false,"messageTitle":"Add method to reset diagnosis history","messageBody":"","fileTypesAndContributionMap":{"functional-code":{"insertions":11,"deletions":1}}},{"hash":"606cd3ec3aab08b7195ae70825177c077105f0d2","isMergeCommit":false,"messageTitle":"Fix saveData bug and add reset function for diagnosis history","messageBody":"","fileTypesAndContributionMap":{"functional-code":{"insertions":10,"deletions":0}}},{"hash":"46fe813ed82681cae2f792812c2662e45f013d5a","isMergeCommit":false,"messageTitle":"Fix UI logic to keep prompting user","messageBody":"","fileTypesAndContributionMap":{"functional-code":{"insertions":20,"deletions":9}}},{"hash":"ca3996b6c2f5a79e2b4535374e41c5d9a992851a","isMergeCommit":true,"messageTitle":"Merge pull request #49 from Jeraldchen/Jeraldchen-diagnosisHistoryBug","messageBody":"Jeraldchen fix diagnosis history bug","fileTypesAndContributionMap":{}},{"hash":"45d62aeae87c1b7da58530ee5bfc05ec8bf6c680","isMergeCommit":true,"messageTitle":"Merge branch \u0027master\u0027 of https://github.com/AY2223S2-CS2113-W13-1/tp","messageBody":"","fileTypesAndContributionMap":{}},{"hash":"066cd4cbdcd30f3b72dfab9348cc0f557ad96316","isMergeCommit":true,"messageTitle":"Merge branch \u0027master\u0027 of https://github.com/AY2223S2-CS2113-W13-1/tp","messageBody":"","fileTypesAndContributionMap":{}},{"hash":"327df6e6895443af02d5fc9743a975ef1d153a68","isMergeCommit":false,"messageTitle":"Add more JUnit tests and some assertions in functional code","messageBody":"","fileTypesAndContributionMap":{"functional-code":{"insertions":11,"deletions":0},"test-code":{"insertions":32,"deletions":0}}},{"hash":"864a44bb0060afdece010dcc0a4ed5a4afbbf99e","isMergeCommit":false,"messageTitle":"Add more JUnit Test","messageBody":"","fileTypesAndContributionMap":{"test-code":{"insertions":1,"deletions":1}}},{"hash":"aebbae29f8f8bdaca44a91a4cea9d41e2ebba360","isMergeCommit":false,"messageTitle":"Removed unused import to pass stylec checker","messageBody":"","fileTypesAndContributionMap":{"test-code":{"insertions":1,"deletions":1}}},{"hash":"400d91c18867592a92f061cbc70ad9e5e5ef1ee4","isMergeCommit":true,"messageTitle":"Merge pull request #53 from Jeraldchen/Jeraldchen-Assertions","messageBody":"Jeraldchen assertions","fileTypesAndContributionMap":{}},{"hash":"4532d456a54ac38bf154db24338c1daebf6dad69","isMergeCommit":true,"messageTitle":"Merge branch \u0027master\u0027 of https://github.com/AY2223S2-CS2113-W13-1/tp","messageBody":"","fileTypesAndContributionMap":{}},{"hash":"57974a5b0518918111b05501ced4cbed817b750d","isMergeCommit":false,"messageTitle":"Add more symptoms into display list and more illness diagnosis output","messageBody":"","fileTypesAndContributionMap":{"functional-code":{"insertions":23,"deletions":4}}},{"hash":"9817e95dbd4cd4119c9361a0674b67158e226d60","isMergeCommit":true,"messageTitle":"Merge pull request #54 from Jeraldchen/Jeraldchen-moreDiagnosis","messageBody":"Add more diagnosis output","fileTypesAndContributionMap":{}},{"hash":"9fc50d28c7698f19b01f2cfac8027194f6e7b622","isMergeCommit":true,"messageTitle":"Merge branch \u0027master\u0027 of https://github.com/AY2223S2-CS2113-W13-1/tp","messageBody":"","fileTypesAndContributionMap":{}}]},{"date":"2023-03-15","commitResults":[{"hash":"f4e0c2ed688ce3f89924df42151e97235d819d84","isMergeCommit":true,"messageTitle":"Merge branch \u0027master\u0027 of https://github.com/AY2223S2-CS2113-W13-1/tp","messageBody":"","fileTypesAndContributionMap":{}},{"hash":"9bd70b3bc7fb10fed4a9621e572e4a0849a04eae","isMergeCommit":false,"messageTitle":"Commit build files","messageBody":"","fileTypesAndContributionMap":{"functional-code":{"insertions":1,"deletions":0}}},{"hash":"0dbb53e03d47ed5842f1b32d63a440b6786604da","isMergeCommit":false,"messageTitle":"Add and update UserGuide for v1.0","messageBody":"","fileTypesAndContributionMap":{"docs":{"insertions":147,"deletions":27}}},{"hash":"1cc204a3904a51960fa63ee14d07547b482a4be8","isMergeCommit":true,"messageTitle":"Merge pull request #59 from Jeraldchen/Jeraldchen-UserGuide","messageBody":"Jeraldchen user guide","fileTypesAndContributionMap":{}},{"hash":"c4de2ad5d1158452aaa5fef0b62edb32d5389650","isMergeCommit":false,"messageTitle":"Add logging for error handling in storage and information classes","messageBody":"","fileTypesAndContributionMap":{"functional-code":{"insertions":15,"deletions":0}}},{"hash":"de744b6a7a70dcd051c1f7b0d3f3e36d521279ad","isMergeCommit":false,"messageTitle":"Remove * from import to pass style checks","messageBody":"","fileTypesAndContributionMap":{"functional-code":{"insertions":4,"deletions":2}}},{"hash":"95e53d4dd49af5a477c9fba0f6148b90c56ff1b7","isMergeCommit":false,"messageTitle":"Chang logger code line to pass check style","messageBody":"","fileTypesAndContributionMap":{"functional-code":{"insertions":1,"deletions":1}}},{"hash":"ed480711d4ac9bf1fa20424f73d9a33e75ffa2e8","isMergeCommit":true,"messageTitle":"Merge pull request #60 from Jeraldchen/Jeraldchen-Logging","messageBody":"Jeraldchen logging","fileTypesAndContributionMap":{}}]},{"date":"2023-03-18","commitResults":[{"hash":"2afaeacef477ad0e3bf093c1bf127a8ace6cd741","isMergeCommit":true,"messageTitle":"Merge branch \u0027master\u0027 of https://github.com/AY2223S2-CS2113-W13-1/tp","messageBody":"","fileTypesAndContributionMap":{}},{"hash":"597c45c310f626b5bd88ac8904b19d9961ea5c24","isMergeCommit":false,"messageTitle":"Enable assertions in build.gradle","messageBody":"","fileTypesAndContributionMap":{"other":{"insertions":1,"deletions":0}}},{"hash":"49dc70f8154efa28b223a7ede27f27f943c6b41b","isMergeCommit":true,"messageTitle":"Merge pull request #64 from Jeraldchen/master","messageBody":"Enable assertion in build.gradle","fileTypesAndContributionMap":{}}]},{"date":"2023-03-19","commitResults":[{"hash":"091a755dd1053084758198374937937baf643e14","isMergeCommit":false,"messageTitle":"Enable multiple symptoms input and fix headache symptom bug","messageBody":"","fileTypesAndContributionMap":{"functional-code":{"insertions":83,"deletions":104},"test-code":{"insertions":1,"deletions":1}}},{"hash":"3bc0b26d793e711804c2fd8e598ff4f93a0d519e","isMergeCommit":false,"messageTitle":"Enable multiple symptoms input feature","messageBody":"","fileTypesAndContributionMap":{"functional-code":{"insertions":38,"deletions":19},"other":{"insertions":2,"deletions":2}}},{"hash":"de3a25628a4f73d2e9fb9358e874d2965bc21cc9","isMergeCommit":true,"messageTitle":"Merge pull request #65 from Jeraldchen/Jeraldchen-MultipleInputs","messageBody":"Jeraldchen multiple inputs","fileTypesAndContributionMap":{}},{"hash":"3c2531112c20e08b1badd24ff742a7deb33eaae2","isMergeCommit":true,"messageTitle":"Merge branch \u0027master\u0027 of https://github.com/AY2223S2-CS2113-W13-1/tp","messageBody":"","fileTypesAndContributionMap":{}}]},{"date":"2023-03-20","commitResults":[{"hash":"c46e68dda2878ef50a788ea2d266b7faa33d0a31","isMergeCommit":true,"messageTitle":"Merge branch \u0027master\u0027 of https://github.com/AY2223S2-CS2113-W13-1/tp","messageBody":"","fileTypesAndContributionMap":{}}]},{"date":"2023-03-21","commitResults":[{"hash":"841da1f8ec0390341ad491d747d52f21bd5cdb8a","isMergeCommit":true,"messageTitle":"Resolve merge conflicts in data.txt","messageBody":"","fileTypesAndContributionMap":{}}]},{"date":"2023-03-23","commitResults":[{"hash":"7ac5175a2c8bc4610bb8282d09416e4721346313","isMergeCommit":true,"messageTitle":"Fix merge conflicts","messageBody":"","fileTypesAndContributionMap":{}},{"hash":"460e1238d770175a8508b027e7e676f10db0008e","isMergeCommit":false,"messageTitle":"Update Class Diagrams for DG","messageBody":"","fileTypesAndContributionMap":{"docs":{"insertions":38,"deletions":0}}},{"hash":"4a25e49b77dec3921ec2295492919efc2177933c","isMergeCommit":true,"messageTitle":"Merge pull request #86 from Jeraldchen/Jeraldchen-DeveloperGuideDraft","messageBody":"Jeraldchen developer guide draft","fileTypesAndContributionMap":{}},{"hash":"fa8edd7ac70535ff6e6046e406d47696bc28f403","isMergeCommit":true,"messageTitle":"Merge branch \u0027master\u0027 of https://github.com/AY2223S2-CS2113-W13-1/tp","messageBody":"","fileTypesAndContributionMap":{}},{"hash":"6aae51abe2476c2ff6af09e64815113ccd78a9ab","isMergeCommit":false,"messageTitle":"Fix reposense authorship syntax","messageBody":"","fileTypesAndContributionMap":{"functional-code":{"insertions":7,"deletions":19}}},{"hash":"e3a2e0ac2807d8952bf8b34e178b5e07f5f851c4","isMergeCommit":true,"messageTitle":"Merge pull request #87 from Jeraldchen/master","messageBody":"Fix reposense authorship syntax","fileTypesAndContributionMap":{}},{"hash":"0556578e6dc65de605c4116d039712012bd9d86b","isMergeCommit":false,"messageTitle":"Edit developer guide","messageBody":"","fileTypesAndContributionMap":{"docs":{"insertions":50,"deletions":3}}},{"hash":"ccb1c36352d985bfbbea78ad064f2d6720c2e343","isMergeCommit":true,"messageTitle":"Merge pull request #88 from Jeraldchen/master","messageBody":"Edit developer guide","fileTypesAndContributionMap":{}},{"hash":"3d565a8bbfef279d9e24296cbedee178345f7d01","isMergeCommit":false,"messageTitle":"Added more JUnit Tests","messageBody":"","fileTypesAndContributionMap":{"functional-code":{"insertions":0,"deletions":1},"test-code":{"insertions":158,"deletions":2}}},{"hash":"282b96472637851c7b88230c67ce98e99d5606a6","isMergeCommit":false,"messageTitle":"Edit syntax to pass gradle check","messageBody":"","fileTypesAndContributionMap":{"test-code":{"insertions":2,"deletions":2}}},{"hash":"e8d56301dedc284ac3ad7b15edeb7f5fe990c889","isMergeCommit":false,"messageTitle":"Edit naming of hypertension to pass CI check","messageBody":"","fileTypesAndContributionMap":{"test-code":{"insertions":1,"deletions":1}}},{"hash":"081e0174e07cc2ed3e34668ccce17daac73c0cb3","isMergeCommit":false,"messageTitle":"Edit line of code on 155 to newline to pass gradle check","messageBody":"","fileTypesAndContributionMap":{"test-code":{"insertions":2,"deletions":1}}},{"hash":"201d52930f3778f2e6e9692a87d308021355ee0a","isMergeCommit":true,"messageTitle":"Merge pull request #91 from Jeraldchen/Jeraldchen-MoreJUnitTests","messageBody":"Jeraldchen more j unit tests","fileTypesAndContributionMap":{}},{"hash":"f5b3040065ffa849203446d95bf2e667362aaf91","isMergeCommit":true,"messageTitle":"Merge branch \u0027master\u0027 of https://github.com/AY2223S2-CS2113-W13-1/tp","messageBody":"","fileTypesAndContributionMap":{}},{"hash":"8135a1208ce9e2a64f6783898a916a09db354fb9","isMergeCommit":false,"messageTitle":"Add try catch blocks and added new feature to view symptoms history","messageBody":"","fileTypesAndContributionMap":{"functional-code":{"insertions":189,"deletions":77},"docs":{"insertions":10,"deletions":4},"test-code":{"insertions":16,"deletions":16}}},{"hash":"a8092485e3d44fb52760c7b17c8d658a2e9a3a88","isMergeCommit":true,"messageTitle":"Merge pull request #92 from Jeraldchen/Jeraldchen-trycatch","messageBody":"Jeraldchen trycatch","fileTypesAndContributionMap":{}},{"hash":"e53b6d7537e9bd57b3710705257ca8b7be4d941a","isMergeCommit":true,"messageTitle":"Merge branch \u0027master\u0027 of https://github.com/AY2223S2-CS2113-W13-1/tp","messageBody":"","fileTypesAndContributionMap":{}}]},{"date":"2023-03-25","commitResults":[{"hash":"e10a7b338cac1b5f37738ceac6ecc78554270959","isMergeCommit":true,"messageTitle":"Merge branch \u0027master\u0027 of https://github.com/AY2223S2-CS2113-W13-1/tp","messageBody":"","fileTypesAndContributionMap":{}},{"hash":"5834c9d6df2afb5c148d5e554dc28c016b19fa2a","isMergeCommit":false,"messageTitle":"Add new delete symptom feature","messageBody":"","fileTypesAndContributionMap":{"functional-code":{"insertions":37,"deletions":5}}},{"hash":"8cefad7756a2ea170483c03acb618d5bea8526ff","isMergeCommit":true,"messageTitle":"Merge pull request #98 from Jeraldchen/Jeraldchen-deleteSymptom","messageBody":"Jeraldchen delete symptom","fileTypesAndContributionMap":{}},{"hash":"154f6b8c45aeaaa7485395e63b05380372204e5a","isMergeCommit":true,"messageTitle":"Merge branch \u0027master\u0027 of https://github.com/AY2223S2-CS2113-W13-1/tp","messageBody":"","fileTypesAndContributionMap":{}},{"hash":"01e42bb2ff3ad1894eb892e457af1f8ea56f50c6","isMergeCommit":false,"messageTitle":"Updated user guide and fixed bug in delete symptom","messageBody":"","fileTypesAndContributionMap":{"functional-code":{"insertions":4,"deletions":0},"docs":{"insertions":117,"deletions":40}}},{"hash":"cc9bbd5e37000bafe99ad737d13495661e863c48","isMergeCommit":true,"messageTitle":"Merge pull request #100 from Jeraldchen/Jeraldchen-UserGuide2.0","messageBody":"Jeraldchen user guide2.0","fileTypesAndContributionMap":{}}]},{"date":"2023-04-01","commitResults":[{"hash":"63ab8477ed865b98320c0db050c9b64bcd64f628","isMergeCommit":true,"messageTitle":"Merge branch \u0027master\u0027 of https://github.com/AY2223S2-CS2113-W13-1/tp into NewMaster","messageBody":"","fileTypesAndContributionMap":{}}]},{"date":"2023-04-02","commitResults":[{"hash":"9ddfe2929da05b152fdaa9574057cc89e453847b","isMergeCommit":false,"messageTitle":"Add Main sequence diagram, edit Class Diagrams and add Architecture Diagram","messageBody":"","fileTypesAndContributionMap":{"docs":{"insertions":92,"deletions":1}}},{"hash":"749273ee4f4998fffbf7b062fa391c97eb9289f5","isMergeCommit":true,"messageTitle":"Merge pull request #161 from Jeraldchen/Jeraldchen-SequenceDiagrams","messageBody":"Jeraldchen sequence diagrams","fileTypesAndContributionMap":{}},{"hash":"f9b536ba0f1404364144a5537df9127756a5f6a5","isMergeCommit":true,"messageTitle":"Merge branch \u0027master\u0027 of https://github.com/AY2223S2-CS2113-W13-1/tp","messageBody":"","fileTypesAndContributionMap":{}},{"hash":"c1045c00eb44d1a625d34ad4c6b4ccb98704341f","isMergeCommit":false,"messageTitle":"Add author for reposense tracking","messageBody":"","fileTypesAndContributionMap":{"docs":{"insertions":1,"deletions":0}}},{"hash":"6fd0d360b2a91afb59e9256e63835bdff02f2bbe","isMergeCommit":true,"messageTitle":"Merge pull request #165 from Jeraldchen/master","messageBody":"Add author for Reposense compatibility","fileTypesAndContributionMap":{}},{"hash":"1f061d60f796c458c11165f3ea775014e956185d","isMergeCommit":true,"messageTitle":"Merge branch \u0027master\u0027 of https://github.com/AY2223S2-CS2113-W13-1/tp","messageBody":"","fileTypesAndContributionMap":{}},{"hash":"46f4aaf873868978ada801085da3ceebe3707084","isMergeCommit":true,"messageTitle":"Merge branch \u0027master\u0027 of https://github.com/AY2223S2-CS2113-W13-1/tp","messageBody":"","fileTypesAndContributionMap":{}},{"hash":"fccbce10180a9106c35f34c2313bd36a5afd5f69","isMergeCommit":false,"messageTitle":"Added PPP draft","messageBody":"","fileTypesAndContributionMap":{"functional-code":{"insertions":10,"deletions":1},"docs":{"insertions":80,"deletions":7}}},{"hash":"572e464c5982c92404450be74118ee1705203f5d","isMergeCommit":true,"messageTitle":"Merge pull request #171 from Jeraldchen/Jeraldchen-PPP","messageBody":"Jeraldchen ppp","fileTypesAndContributionMap":{}},{"hash":"6dc2ee2ecc75fe377846426c72183a12871fc93e","isMergeCommit":true,"messageTitle":"Merge branch \u0027master\u0027 of https://github.com/AY2223S2-CS2113-W13-1/tp","messageBody":"","fileTypesAndContributionMap":{}}]},{"date":"2023-04-03","commitResults":[{"hash":"04d75bc89fead8211967e36559fead6715353c99","isMergeCommit":true,"messageTitle":"Merge branch \u0027master\u0027 of https://github.com/AY2223S2-CS2113-W13-1/tp","messageBody":"","fileTypesAndContributionMap":{}},{"hash":"7aa682c71cf1f56efce58e687e6ba97c1156c5cc","isMergeCommit":false,"messageTitle":"Fix invalid symptom choice message to make it clearer for users","messageBody":"","fileTypesAndContributionMap":{"functional-code":{"insertions":3,"deletions":2}}},{"hash":"d1e0834def0db01f391d675496e5f01beef4e829","isMergeCommit":true,"messageTitle":"Merge pull request #179 from Jeraldchen/Jeraldchen-FixInvalidCommandBug","messageBody":"Jeraldchen fix invalid command bug","fileTypesAndContributionMap":{}},{"hash":"a632cbd64158e30546fd4ccda43fdf7fbfc4ba7c","isMergeCommit":false,"messageTitle":"Edit link to PPP","messageBody":"","fileTypesAndContributionMap":{"docs":{"insertions":7,"deletions":7}}},{"hash":"8fe97b8b45e8a4054945f378a0e74777b630ce93","isMergeCommit":true,"messageTitle":"Merge pull request #180 from Jeraldchen/Jeraldchen-FixInvalidCommandBug","messageBody":"Edit link to PPP","fileTypesAndContributionMap":{}},{"hash":"109f340b06aaf3d53f9292de2a36970f8e5ee576","isMergeCommit":true,"messageTitle":"Merge branch \u0027master\u0027 of https://github.com/AY2223S2-CS2113-W13-1/tp","messageBody":"","fileTypesAndContributionMap":{}},{"hash":"5c6d63a4b9bbd7d70bfe34526ab14afc7caea000","isMergeCommit":false,"messageTitle":"Add trim() to remove whitespaces for choice selection input","messageBody":"","fileTypesAndContributionMap":{"functional-code":{"insertions":1,"deletions":0}}},{"hash":"2a48a9f3ea107ad25f074b5fa4ff57b35fc9dd2a","isMergeCommit":true,"messageTitle":"Merge pull request #181 from Jeraldchen/Jeraldchen-WhitespaceBug","messageBody":"Jeraldchen whitespace bug","fileTypesAndContributionMap":{}},{"hash":"b35161485e8063e3eaf1709850f504e384a266ed","isMergeCommit":true,"messageTitle":"Merge branch \u0027master\u0027 of https://github.com/AY2223S2-CS2113-W13-1/tp","messageBody":"","fileTypesAndContributionMap":{}},{"hash":"f92b92186ccc1f493dac41077600592c3206bc1a","isMergeCommit":true,"messageTitle":"Merge branch \u0027master\u0027 of https://github.com/AY2223S2-CS2113-W13-1/tp","messageBody":"","fileTypesAndContributionMap":{}},{"hash":"aae2b7666b1541486d927ba62f75fffeb0ad85dd","isMergeCommit":false,"messageTitle":"Allow user to go back to symptom menu after typo input","messageBody":"","fileTypesAndContributionMap":{"functional-code":{"insertions":2,"deletions":1}}},{"hash":"d50d5b7f992abf5be8a984ec756a5852cc65d7a1","isMergeCommit":true,"messageTitle":"Merge pull request #183 from Jeraldchen/Jeraldchen-StayInSameMenu","messageBody":"Jeraldchen stay in same menu","fileTypesAndContributionMap":{}},{"hash":"ccee811d335bbf0555ee8a7e308460deee7bc46a","isMergeCommit":true,"messageTitle":"Merge branch \u0027master\u0027 of https://github.com/AY2223S2-CS2113-W13-1/tp","messageBody":"","fileTypesAndContributionMap":{}},{"hash":"a4963054e94f6e77c7900a50a4b3219e0cd75511","isMergeCommit":false,"messageTitle":"Edit reposense link","messageBody":"","fileTypesAndContributionMap":{"docs":{"insertions":1,"deletions":1}}},{"hash":"788a127c2e3f587eff6490c83af651017d99d61b","isMergeCommit":true,"messageTitle":"Merge pull request #184 from Jeraldchen/master","messageBody":"Edit Reposense link in PPP","fileTypesAndContributionMap":{}}]},{"date":"2023-04-04","commitResults":[{"hash":"7b59c346f3f0551da1b4019ea5c6264c372d9d80","isMergeCommit":true,"messageTitle":"Merge branch \u0027master\u0027 of https://github.com/AY2223S2-CS2113-W13-1/tp","messageBody":"","fileTypesAndContributionMap":{}},{"hash":"95bfb64056fd405abfd25b6d9ae1dd0eabb1fd3f","isMergeCommit":true,"messageTitle":"Merge branch \u0027master\u0027 of https://github.com/AY2223S2-CS2113-W13-1/tp","messageBody":"","fileTypesAndContributionMap":{}},{"hash":"60bea67bb53647b8ef87620c445cc921d01902c1","isMergeCommit":false,"messageTitle":"Add more J unit tests","messageBody":"","fileTypesAndContributionMap":{"functional-code":{"insertions":0,"deletions":1},"test-code":{"insertions":141,"deletions":0}}},{"hash":"fca33af8213fa4a0840d23d280e2ade1e52c8fb8","isMergeCommit":false,"messageTitle":"Edit spelling error in Junit Test","messageBody":"","fileTypesAndContributionMap":{"test-code":{"insertions":3,"deletions":3}}},{"hash":"7052b16a788b86074f61882b1596133eabe465f3","isMergeCommit":false,"messageTitle":"Edit spelling error","messageBody":"","fileTypesAndContributionMap":{"test-code":{"insertions":1,"deletions":1}}},{"hash":"5344bfd6ce5a05714b6f8b3d75e349a7005d1c71","isMergeCommit":true,"messageTitle":"Merge pull request #193 from Jeraldchen/Jeraldchen-IncreaseTestCoverage","messageBody":"Jeraldchen increase test coverage","fileTypesAndContributionMap":{}}]}],"brennanzuz":[{"date":"2023-03-07","commitResults":[{"hash":"6fcc975e15f1692f9df48dcfeca8096305c20e57","isMergeCommit":false,"messageTitle":"Added name in AboutUs.md","messageBody":"","fileTypesAndContributionMap":{"docs":{"insertions":7,"deletions":7}}},{"hash":"fa61a02fc84f9fdd2fa748c7daaa86b1346be3df","isMergeCommit":true,"messageTitle":"Merge pull request #9 from Brennanzuz/master","messageBody":"Added name in AboutUs.md","fileTypesAndContributionMap":{}}]},{"date":"2023-03-10","commitResults":[{"hash":"237e1a1b0a027b108ae835f238c61fb9b3e0130f","isMergeCommit":false,"messageTitle":"Added illnesses and symptoms.","messageBody":"Added Illness class to be inherited by all possible illnesses listed by Dr. Duke.\nAdded a Symptoms enum to list down all possible reactions to the illness the patient may be facing.\nAdded a Diagnosis class to be used as a way to convert a list of observed symptoms to a list of possible illnesses the patient may be facing.\n","fileTypesAndContributionMap":{"functional-code":{"insertions":626,"deletions":0}}},{"hash":"03a6bb7a9d1bd78f7f4cb94fcc9c4dac66f59467","isMergeCommit":false,"messageTitle":"Added symptoms for each illness","messageBody":"Added constructor methods for each Illness child class.\nAdded properties for each Illness child class by using the constructor methods to give them set constant attributes.\n","fileTypesAndContributionMap":{"functional-code":{"insertions":375,"deletions":157}}},{"hash":"eff211925368916e04f17f796b12f61468eb03eb","isMergeCommit":false,"messageTitle":"Added illnesses and symptoms.","messageBody":"Added Illness class to be inherited by all possible illnesses listed by Dr. Duke.\nAdded a Symptoms enum to list down all possible reactions to the illness the patient may be facing.\nAdded a Diagnosis class to be used as a way to convert a list of observed symptoms to a list of possible illnesses the patient may be facing.\n","fileTypesAndContributionMap":{"functional-code":{"insertions":626,"deletions":0}}},{"hash":"8888e37c43e0be1efc8afa118d0db4f3ea05752f","isMergeCommit":false,"messageTitle":"Added symptoms for each illness","messageBody":"Added constructor methods for each Illness child class.\nAdded properties for each Illness child class by using the constructor methods to give them set constant attributes.\n","fileTypesAndContributionMap":{"functional-code":{"insertions":375,"deletions":157}}},{"hash":"810a95e5d7a910badb633f63a5f36ea46ff590b1","isMergeCommit":false,"messageTitle":"Added the getPossibleIllnesses function in Diagnosis.java","messageBody":"Added the getPossibleIllnesses function that takes in a list of symptoms observed by the patient and returns an ArrayList of possible illnesses the patient may be suffering from. These illnesses must match at least 50% of the symptoms observed for it to be listed in possibleIllnesses ArrayList, the output of the function.\nAdded the IllnessMatch.java class which contains the Illness candidate as well as the percentage of matching symptoms.\nFixed a typo in the Conjunctivitis.java for listing the wrong symptom.\n","fileTypesAndContributionMap":{"functional-code":{"insertions":162,"deletions":1}}},{"hash":"6d5169b1aa805e93afe5af69d2d0f0af81423646","isMergeCommit":true,"messageTitle":"Merge remote-tracking branch \u0027origin/branch-brannon-202303071516\u0027 into branch-brannon-202303071516","messageBody":"# Conflicts:\n#\tsrc/main/java/seedu/duke/diagnosis/Diagnosis.java\n#\tsrc/main/java/seedu/duke/diagnosis/illnesses/Illness.java\n#\tsrc/main/java/seedu/duke/diagnosis/illnesses/viral/Conjunctivitis.java\n","fileTypesAndContributionMap":{}},{"hash":"85835031b961842f711a4b722f3af0a89f0a676c","isMergeCommit":false,"messageTitle":"Added authorship for IllnessMatch.java","messageBody":"","fileTypesAndContributionMap":{"functional-code":{"insertions":1,"deletions":0}}},{"hash":"82bea68ede3a6a8d9d25fa3d487a71b6d6cf5a07","isMergeCommit":true,"messageTitle":"Merge pull request #22 from Brennanzuz/branch-brannon-202303071516","messageBody":"Added Diagnosis functions","fileTypesAndContributionMap":{}}]},{"date":"2023-03-14","commitResults":[{"hash":"b5845d8741894fab57e51f76c98ed5cef08808fb","isMergeCommit":false,"messageTitle":"Added JUnit test DiagnosisTest.java","messageBody":"Added a JUnit test for easier testing of diagnosis.\nRemoved the commented out test for diagnosis in Duke.java.\n","fileTypesAndContributionMap":{"functional-code":{"insertions":0,"deletions":12},"test-code":{"insertions":30,"deletions":0}}},{"hash":"3857b2f0090c3fb00e7b7387c9d1f58f5215b64b","isMergeCommit":true,"messageTitle":"Merge pull request #56 from Brennanzuz/branch-brannon-202303071516","messageBody":"Added JUnit test DiagnosisTest.java","fileTypesAndContributionMap":{}},{"hash":"925eb63146504ec9fdb08858e078d14c8b8960da","isMergeCommit":false,"messageTitle":"Revert \"Added JUnit test DiagnosisTest.java\"","messageBody":"","fileTypesAndContributionMap":{"functional-code":{"insertions":12,"deletions":0},"test-code":{"insertions":0,"deletions":30}}},{"hash":"48caac705eeaa4f60d14c30b13862a627d37d8ff","isMergeCommit":false,"messageTitle":"Removed redundant lines","messageBody":"Removed redundant package imports to pass gradle test.\n","fileTypesAndContributionMap":{"test-code":{"insertions":0,"deletions":4}}},{"hash":"62b93382603a58f8af68869c7814fe5946ac6a47","isMergeCommit":true,"messageTitle":"Merge pull request #57 from AY2223S2-CS2113-W13-1/revert-56-branch-brannon-202303071516","messageBody":"Revert \"Added JUnit test DiagnosisTest.java\"","fileTypesAndContributionMap":{}},{"hash":"55e86ba52d33ea7f9a065528904b78b4514e616f","isMergeCommit":false,"messageTitle":"Removed redundant lines","messageBody":"Removed redundant package imports to pass gradle test.\n","fileTypesAndContributionMap":{"test-code":{"insertions":26,"deletions":0}}},{"hash":"2c29a242de1eb47ab572c39f612785feda92b96b","isMergeCommit":true,"messageTitle":"Merge remote-tracking branch \u0027origin/branch-brannon-202303071516\u0027 into branch-brannon-202303071516","messageBody":"","fileTypesAndContributionMap":{}},{"hash":"4a7141823fd3ae96a9b11b3b723e6f81d103c395","isMergeCommit":true,"messageTitle":"Merge pull request #58 from Brennanzuz/branch-brannon-202303071516","messageBody":"Removed redundant lines","fileTypesAndContributionMap":{}}]},{"date":"2023-03-15","commitResults":[{"hash":"be3240e232acaf75ec982f0104bcc5a6206bb63f","isMergeCommit":false,"messageTitle":"Added Javadoc to diagnosis package classes and methods.","messageBody":"Added documentation to important methods and classes involving diagnosis.\nChanged author comments to Javadoc @Author tags.\nRemove commented test code for diagnosis again.\nRemoved some redundancies.\n","fileTypesAndContributionMap":{"functional-code":{"insertions":31,"deletions":16},"test-code":{"insertions":6,"deletions":3}}}]},{"date":"2023-03-16","commitResults":[{"hash":"0e892eb3085cb94a4fc63d55da68cc1711273685","isMergeCommit":false,"messageTitle":"Added assertions and logging.","messageBody":"Added an assertion in Diagnosis.java to prevent a divide by zero in the event the programmer created an Illness child with no symptoms.\nAdded logging to signal when diagnosis was ran, and what is the comparison value to each of the possible illnesses.\nFixed a typo on authorship @Author tag.\n","fileTypesAndContributionMap":{"functional-code":{"insertions":9,"deletions":2},"test-code":{"insertions":1,"deletions":0}}},{"hash":"51ba3e2123b74c14dd8bfa7fe827485033eb6236","isMergeCommit":false,"messageTitle":"Fixed failed checkstyleTest lines.","messageBody":"","fileTypesAndContributionMap":{"functional-code":{"insertions":21,"deletions":13}}},{"hash":"6ac08f7dc713620ababde0c11954b9954bce1825","isMergeCommit":true,"messageTitle":"Merge pull request #61 from Brennanzuz/branch-brannon-202303071516","messageBody":"Branch brannon 202303071516","fileTypesAndContributionMap":{}}]},{"date":"2023-03-21","commitResults":[{"hash":"907a329c44d6d52d4282eeecb1bde81cad72f040","isMergeCommit":false,"messageTitle":"Added more symptoms the users can input.","messageBody":"Added 13 more options for the user to input when entering their symptoms.\nAdded a new function addSymptom to add users\u0027 symptoms to the symptoms ArrayList.\nAdded error handling in Patient.java in the event no medication is available for the illness.\nRemoved boilerplate lines in case statement when user inputs their symptoms and moved them to addSymptom\nFixed Insomnia.java to display the correct symptom.\n","fileTypesAndContributionMap":{"functional-code":{"insertions":121,"deletions":73}}},{"hash":"d977e29fdf5223b5fe439ddde9ff422db5fdaf44","isMergeCommit":false,"messageTitle":"Fixed order of @author tags in Javadoc","messageBody":"Fixed order of @author tags in Javadoc to pass Gradlew checks.\n","fileTypesAndContributionMap":{"functional-code":{"insertions":4,"deletions":4}}},{"hash":"61e19d5ac1f8d53ba789cb8505590de298ec656c","isMergeCommit":true,"messageTitle":"Merge pull request #73 from Brennanzuz/branch-brannon-202303071516","messageBody":"Branch brannon 202303071516","fileTypesAndContributionMap":{}}]},{"date":"2023-03-22","commitResults":[{"hash":"9c854d40b7344ac4ba2bba8132a812cc346bbe01","isMergeCommit":false,"messageTitle":"Added diagrams folder.","messageBody":"Added diagrams folder with a single .puml file named in PascalCase to standardise.\n","fileTypesAndContributionMap":{"docs":{"insertions":11,"deletions":0}}},{"hash":"ec9f9905c0daadea158ef794c6321aed60738a18","isMergeCommit":true,"messageTitle":"Merge pull request #79 from Brennanzuz/branch-brannon-202303071516","messageBody":"Added diagrams folder.","fileTypesAndContributionMap":{}},{"hash":"6b3b423245d0c72ab5d5afd502b2f59eb021a883","isMergeCommit":false,"messageTitle":"Added documentation and class diagram for DeveloperGuide.md","messageBody":"Added DiagnosisClassDiagram.puml UML class diagram to document the structure of the diagnosis package classes.\nAdded documentation in DeveloperGuide.md to describe how diagnosis returns possible illnesses given the patient\u0027s symptoms.\nAdded Style.puml for some easy referencing of tertiary colours.\nRemoved 2 duplicate illnesses created in `ALL_ILLNESSES`\n","fileTypesAndContributionMap":{"functional-code":{"insertions":0,"deletions":2},"docs":{"insertions":327,"deletions":11}}},{"hash":"a90e1f5f88ae60d963317db7d92fa37eda50bc11","isMergeCommit":true,"messageTitle":"Merge pull request #80 from Brennanzuz/branch-brannon-202303071516","messageBody":"Added documentation and class diagram for DeveloperGuide.md","fileTypesAndContributionMap":{}}]},{"date":"2023-03-28","commitResults":[{"hash":"322349c0965ca1cdd7f84010c1d018da106da90f","isMergeCommit":false,"messageTitle":"Added instructions to UserGuide.md","messageBody":"Added on some instructions to clarify to users about finishing the reporting of their symptoms.\n","fileTypesAndContributionMap":{"docs":{"insertions":10,"deletions":9}}},{"hash":"77c733c97702812ef1d88624a60252f3bcf63d33","isMergeCommit":true,"messageTitle":"Merge pull request #105 from Brennanzuz/branch-brannon-202303071516","messageBody":"Added instructions to UserGuide.md","fileTypesAndContributionMap":{}}]},{"date":"2023-03-29","commitResults":[{"hash":"d6e5447260e6c43a928403c67920e2c366f9aff0","isMergeCommit":false,"messageTitle":"Added DiagnosisSequenceDiagram.puml","messageBody":"Added the UML sequence diagram to describe the diagnosis algorithm in Diagnosis.java\nAdded DiagnosisSequenceDiagram.png into the DeveloperGuide.md.\n","fileTypesAndContributionMap":{"docs":{"insertions":42,"deletions":0}}},{"hash":"9026732c900edad7d65280fceb4c369486bec30d","isMergeCommit":true,"messageTitle":"Merge pull request #107 from Brennanzuz/branch-brannon-202303071516","messageBody":"Added DiagnosisSequenceDiagram.puml","fileTypesAndContributionMap":{}}]},{"date":"2023-04-03","commitResults":[{"hash":"26e71b7e3e456a64d984ad1e017a7bbabd9c856e","isMergeCommit":false,"messageTitle":"Fixed diagram formatting","messageBody":"Added brennanzuz.md which details brennanzuz\u0027s contributions as required by the module.\nFixed formatting errors in all diagrams including icons in class diagrams and foot boxes in sequence diagrams.\n","fileTypesAndContributionMap":{"docs":{"insertions":62,"deletions":8}}},{"hash":"acf80db5d7f59146ee7162f04e8303fe9e77a20d","isMergeCommit":true,"messageTitle":"Merge pull request #175 from Brennanzuz/branch-brannon-202303071516","messageBody":"Fixed diagram formatting","fileTypesAndContributionMap":{}},{"hash":"a7e2d3235fadb34426583f5d8e027d6d61f7c2b2","isMergeCommit":false,"messageTitle":"Added link to brennanzuz.md","messageBody":"Fixed missing link towards PPP.\n","fileTypesAndContributionMap":{"docs":{"insertions":1,"deletions":1}}},{"hash":"1a93aa5a8bd8a3e89916d1a99a9941341f8118e0","isMergeCommit":true,"messageTitle":"Merge pull request #177 from Brennanzuz/branch-brannon-202303071516","messageBody":"Added link to brennanzuz.md","fileTypesAndContributionMap":{}},{"hash":"0a3045dc49bac836b381210c782af03461492f20","isMergeCommit":false,"messageTitle":"Added SymptomHandler.java","messageBody":"Added SymptomHandler.java to deal with conversion of symptoms from their enumeration values to readable strings.\nChanged the way symptoms are printed out when listing symptoms (command 4) and deleting symptoms (command 5).\n","fileTypesAndContributionMap":{"functional-code":{"insertions":132,"deletions":3},"docs":{"insertions":2,"deletions":2}}},{"hash":"c9a23ac5987b19e5f424d9cb033da368637605da","isMergeCommit":false,"messageTitle":"Changed illness match decimal points","messageBody":"Changed number of decimal points displayed for each illness candidate\u0027s matching percentage to always be 2.\n","fileTypesAndContributionMap":{"functional-code":{"insertions":2,"deletions":3}}},{"hash":"208672bb56eeaec03c73df6e3d33ea92a68dd36c","isMergeCommit":true,"messageTitle":"Merge branch \u0027master\u0027 into branch-brannon-202303071516","messageBody":"","fileTypesAndContributionMap":{}},{"hash":"8a175094170acb505c0269aab7349a99850ebd13","isMergeCommit":true,"messageTitle":"Merge pull request #182 from Brennanzuz/branch-brannon-202303071516","messageBody":"Branch brannon 202303071516","fileTypesAndContributionMap":{}}]},{"date":"2023-04-04","commitResults":[{"hash":"a27a72c1071e7679b22828347ae23c59e177fa95","isMergeCommit":false,"messageTitle":"Changed symptom name display","messageBody":"Added new JUnit test SymptomTest.java to test for output of SymptomHandler.toString().\nAdded SymptomHandler.printSymptoms() to print all symptoms given an array of them.\nChanged way to print symptom to use SymptomHandler.printSymptoms() in Information.java and Menu.java.\nChanged link in AboutUs.md to html.\nFixed format in DiagnosisTest.java.\n","fileTypesAndContributionMap":{"functional-code":{"insertions":30,"deletions":5},"docs":{"insertions":1,"deletions":1},"test-code":{"insertions":39,"deletions":1}}},{"hash":"6ae969165a93b19a0b80758d92a6f0b8f313af23","isMergeCommit":true,"messageTitle":"Merge pull request #189 from Brennanzuz/branch-brannon-202303071516","messageBody":"Changed symptom name display","fileTypesAndContributionMap":{}}]}],"Geeeetyx":[{"date":"2023-03-07","commitResults":[{"hash":"b423ae809ee3fada5261ff8f4ac79455defc02b0","isMergeCommit":true,"messageTitle":"Merge branch \u0027master\u0027 of https://github.com/AY2223S2-CS2113-W13-1/tp","messageBody":"","fileTypesAndContributionMap":{}},{"hash":"9eb3acc0ccacd4ef5051753fa42cb1bc6e5e44ed","isMergeCommit":false,"messageTitle":"Update: About us document","messageBody":"","fileTypesAndContributionMap":{"docs":{"insertions":7,"deletions":7}}},{"hash":"7e92d8c30c4bba22353f39feabd7bac5d26ffd96","isMergeCommit":true,"messageTitle":"Merge pull request #4 from Geeeetyx/master","messageBody":"Update AboutUs","fileTypesAndContributionMap":{}},{"hash":"69179a588e716561095d8bf9a357e8eb0d8d4dda","isMergeCommit":true,"messageTitle":"Merge branch \u0027master\u0027 of https://github.com/AY2223S2-CS2113-W13-1/tp","messageBody":"","fileTypesAndContributionMap":{}},{"hash":"1ebb472b2465b255249ef9fb102180d1cc7eeb80","isMergeCommit":false,"messageTitle":"feat: introduce a Person class","messageBody":"","fileTypesAndContributionMap":{"functional-code":{"insertions":50,"deletions":0}}}]},{"date":"2023-03-09","commitResults":[{"hash":"7ce66567e419c27319ece4398be005edcd240343","isMergeCommit":true,"messageTitle":"Merge branch \u0027AY2223S2-CS2113-W13-1:master\u0027 into Geeeetyx","messageBody":"","fileTypesAndContributionMap":{}},{"hash":"9e67f54b6c531ec7c81904356de31c990d1f2957","isMergeCommit":true,"messageTitle":"Merge branch \u0027master\u0027 of https://github.com/AY2223S2-CS2113-W13-1/tp into Geeeetyx","messageBody":"","fileTypesAndContributionMap":{}}]},{"date":"2023-03-10","commitResults":[{"hash":"12f2bef6caa58518e37aebca4729487bff3ac760","isMergeCommit":false,"messageTitle":"update: change Person to Patient class, updated getters and setters and class variables","messageBody":"feat: introduce a PatientTest to test new Patient creation\n","fileTypesAndContributionMap":{"functional-code":{"insertions":41,"deletions":50},"other":{"insertions":1,"deletions":1},"test-code":{"insertions":27,"deletions":0}}},{"hash":"b67a576cedf0be2ebe9baf5787bbd97d4c821f3b","isMergeCommit":true,"messageTitle":"Merge remote-tracking branch \u0027origin/Geeeetyx\u0027 into Geeeetyx","messageBody":"","fileTypesAndContributionMap":{}},{"hash":"0cafe7b3898488505bd190c92553d4d74cc6e565","isMergeCommit":true,"messageTitle":"Merge pull request #16 from Geeeetyx/Geeeetyx","messageBody":"Added Patient class and PatientTest (JUnit test)","fileTypesAndContributionMap":{}},{"hash":"b1162eff3d5fd47d43eaf72fe2a7de048193f5b5","isMergeCommit":false,"messageTitle":"update: change Patient package to patient","messageBody":"fix: convert tabs to whitespaces\n","fileTypesAndContributionMap":{"functional-code":{"insertions":41,"deletions":41},"test-code":{"insertions":26,"deletions":27}}},{"hash":"b8dcb0a06b6d07f92df46144353570ddd137c3e0","isMergeCommit":true,"messageTitle":"Merge pull request #17 from Geeeetyx/Geeeetyx","messageBody":"style: fix coding standards","fileTypesAndContributionMap":{}}]},{"date":"2023-03-12","commitResults":[{"hash":"15fdaac20fb774626efde502e8cb064af83f619e","isMergeCommit":true,"messageTitle":"Merge branch \u0027master\u0027 of https://github.com/AY2223S2-CS2113-W13-1/tp","messageBody":"","fileTypesAndContributionMap":{}},{"hash":"39c6621cb39e71e0f34a83b3df90624daa0ebc58","isMergeCommit":false,"messageTitle":"update: change Patient package to patient","messageBody":"fix: convert tabs to whitespaces\n","fileTypesAndContributionMap":{"functional-code":{"insertions":3,"deletions":1}}},{"hash":"8dea5de1d9fd136da514721e9e882880bcb77e2a","isMergeCommit":true,"messageTitle":"Merge branch \u0027AY2223S2-CS2113-W13-1:master\u0027 into master","messageBody":"","fileTypesAndContributionMap":{}},{"hash":"1b494c81c5fb4e64562daa70bdc62de6d44702b7","isMergeCommit":true,"messageTitle":"Merge branch \u0027master\u0027 of https://github.com/AY2223S2-CS2113-W13-1/tp","messageBody":"","fileTypesAndContributionMap":{}},{"hash":"b0d3928fad6431e105dd6fdcc7ec1eaf47e48208","isMergeCommit":false,"messageTitle":"fix: introduce check to ensure password matches user\u0027s name when logging in","messageBody":"","fileTypesAndContributionMap":{"functional-code":{"insertions":231,"deletions":205}}},{"hash":"bf03cac7fce7e5d12ce548e24e62e84af9145ea2","isMergeCommit":true,"messageTitle":"Merge pull request #46 from Geeeetyx/Geeeetyx_2","messageBody":"Introduces check that ensures user password matches user\u0027s name when logging in","fileTypesAndContributionMap":{}},{"hash":"8020081d5a75f84b21b7cdd8dbc587c08435a5a6","isMergeCommit":false,"messageTitle":"feat: patientDiagnosisHistory is now updated when the patient is diagnosed with an illness","messageBody":"fix: save patient details to file after diagnosis\n","fileTypesAndContributionMap":{"functional-code":{"insertions":337,"deletions":296}}},{"hash":"3056ed4396b37d7beb9ecd8bd103e13746196028","isMergeCommit":false,"messageTitle":"fix: change tabs to spaces","messageBody":"","fileTypesAndContributionMap":{"functional-code":{"insertions":63,"deletions":63}}},{"hash":"ebdbe20fdcc463ff4087b3ccd144353f3ff496f5","isMergeCommit":false,"messageTitle":"fix: update code style","messageBody":"","fileTypesAndContributionMap":{"functional-code":{"insertions":25,"deletions":25}}},{"hash":"ba9504873394c854c84b5c98ecc176ef7a8e5070","isMergeCommit":true,"messageTitle":"Merge pull request #48 from Geeeetyx/Geeeetyx_2","messageBody":"fix PR #47","fileTypesAndContributionMap":{}}]},{"date":"2023-03-14","commitResults":[{"hash":"ba929f30cb7893dbba029d83a2e2822f83d119a6","isMergeCommit":true,"messageTitle":"Merge branch \u0027AY2223S2-CS2113-W13-1:master\u0027 into master","messageBody":"","fileTypesAndContributionMap":{}},{"hash":"913deb440cabe3e88f4607c3268599bbd40050cb","isMergeCommit":true,"messageTitle":"Merge branch \u0027master\u0027 of https://github.com/AY2223S2-CS2113-W13-1/tp","messageBody":"","fileTypesAndContributionMap":{}}]},{"date":"2023-03-21","commitResults":[{"hash":"f0301642e526caf28c5cc78ebaf159b62dbfc378","isMergeCommit":true,"messageTitle":"Merge branch \u0027AY2223S2-CS2113-W13-1:master\u0027 into master","messageBody":"","fileTypesAndContributionMap":{}},{"hash":"ab5baa24362e41fac10ecab1f8d8e69593338f3a","isMergeCommit":true,"messageTitle":"Merge branch \u0027master\u0027 of https://github.com/AY2223S2-CS2113-W13-1/tp","messageBody":"","fileTypesAndContributionMap":{}}]},{"date":"2023-03-22","commitResults":[{"hash":"dec5c44d317b7d9d90a167b701ccd044d3ccad88","isMergeCommit":true,"messageTitle":"Merge branch \u0027master\u0027 of https://github.com/AY2223S2-CS2113-W13-1/tp","messageBody":"","fileTypesAndContributionMap":{}},{"hash":"993e54eecce7e27017c9cfb320757ae18ea90f72","isMergeCommit":false,"messageTitle":"feat: update user guide, improve UI","messageBody":"","fileTypesAndContributionMap":{"functional-code":{"insertions":97,"deletions":41},"docs":{"insertions":325,"deletions":95}}},{"hash":"6257ef5df4fa792dc5904fd4592af3a0da9a46ac","isMergeCommit":false,"messageTitle":"fix: added assertions","messageBody":"","fileTypesAndContributionMap":{"functional-code":{"insertions":1,"deletions":0}}},{"hash":"dab1f8b766a21e50de324934a2e5b60bbde65fb9","isMergeCommit":false,"messageTitle":"fix: fix code style","messageBody":"","fileTypesAndContributionMap":{"functional-code":{"insertions":1,"deletions":4}}},{"hash":"1afc46c567abae636262e79e7172f01b3b655a78","isMergeCommit":true,"messageTitle":"Merge pull request #78 from Geeeetyx/Geeeetyx_3","messageBody":"Update user guide","fileTypesAndContributionMap":{}}]},{"date":"2023-03-23","commitResults":[{"hash":"eea8e6dd5524605d22655f39a8d0c20ce3e29056","isMergeCommit":true,"messageTitle":"Merge branch \u0027AY2223S2-CS2113-W13-1:master\u0027 into master","messageBody":"","fileTypesAndContributionMap":{}},{"hash":"1d9c2f962c9adbf0f013104537c6f910c14124fc","isMergeCommit":true,"messageTitle":"Merge branch \u0027master\u0027 of https://github.com/AY2223S2-CS2113-W13-1/tp","messageBody":"","fileTypesAndContributionMap":{}},{"hash":"949efa83783d9317d5ea1464a19e0f4315b589c4","isMergeCommit":true,"messageTitle":"Merge branch \u0027AY2223S2-CS2113-W13-1:master\u0027 into master","messageBody":"","fileTypesAndContributionMap":{}},{"hash":"56b5a1905028b9262e4c73da8b8b4fa03286d76a","isMergeCommit":true,"messageTitle":"Merge branch \u0027master\u0027 of https://github.com/AY2223S2-CS2113-W13-1/tp","messageBody":"","fileTypesAndContributionMap":{}},{"hash":"6ff42bb7caf531fdec42d3913010c71f073a5d70","isMergeCommit":false,"messageTitle":"Add Patient UML Diagram","messageBody":"","fileTypesAndContributionMap":{"functional-code":{"insertions":45,"deletions":32},"docs":{"insertions":35,"deletions":5}}},{"hash":"b1dd02708c1b3607e50ab9c254586e46b1844be1","isMergeCommit":true,"messageTitle":"Merge pull request #84 from Geeeetyx/Geeeetyx_DG","messageBody":"Patient UML Diagram","fileTypesAndContributionMap":{}},{"hash":"fc11566b214cf538346e18302af3a14877dd340b","isMergeCommit":false,"messageTitle":"Update DG","messageBody":"","fileTypesAndContributionMap":{"docs":{"insertions":65,"deletions":11}}},{"hash":"b4b0c90a5203cfe62345ac2ed09b8741534fa145","isMergeCommit":true,"messageTitle":"Merge pull request #85 from Geeeetyx/Geeeetyx_DG","messageBody":"Update DG","fileTypesAndContributionMap":{}}]},{"date":"2023-03-24","commitResults":[{"hash":"39cb80971afcfbc3c73638ee3ba3404460082788","isMergeCommit":true,"messageTitle":"Merge branch \u0027AY2223S2-CS2113-W13-1:master\u0027 into master","messageBody":"","fileTypesAndContributionMap":{}},{"hash":"983ec0a9a98ab7c65c82845be28b1d964556c83f","isMergeCommit":true,"messageTitle":"Merge branch \u0027master\u0027 of https://github.com/AY2223S2-CS2113-W13-1/tp","messageBody":"","fileTypesAndContributionMap":{}},{"hash":"7c34d7abfa9704217d1b7fa181c61ced60f4b340","isMergeCommit":false,"messageTitle":"Update DG for Patient Class","messageBody":"","fileTypesAndContributionMap":{"docs":{"insertions":31,"deletions":0}}},{"hash":"7bd814dd0d5ab7f542b1a14c282d053337ec6014","isMergeCommit":true,"messageTitle":"Merge pull request #94 from Geeeetyx/Geeeetyx_DG2","messageBody":"Update DG for patient class","fileTypesAndContributionMap":{}},{"hash":"f5206e955781bc14e020afc769cb5d6b04884ad2","isMergeCommit":false,"messageTitle":"update JUnit test for patient class","messageBody":"","fileTypesAndContributionMap":{"functional-code":{"insertions":10,"deletions":27},"docs":{"insertions":3,"deletions":2},"test-code":{"insertions":30,"deletions":10}}},{"hash":"72e62ab8903f05337c97dabb4f8bef8cbb51c6c3","isMergeCommit":true,"messageTitle":"Merge pull request #95 from Geeeetyx/Geeeetyx_DG2","messageBody":"update JUnit test for patient class","fileTypesAndContributionMap":{}}]},{"date":"2023-03-27","commitResults":[{"hash":"27c3da8f449253c0daf84490881032cd2e7c4482","isMergeCommit":true,"messageTitle":"Merge branch \u0027AY2223S2-CS2113-W13-1:master\u0027 into master","messageBody":"","fileTypesAndContributionMap":{}},{"hash":"f036067ffaba245c1fb46b5f5862ef785acdf676","isMergeCommit":true,"messageTitle":"Merge branch \u0027master\u0027 of https://github.com/Geeeetyx/tp","messageBody":"","fileTypesAndContributionMap":{}},{"hash":"239ae3dfa4fb5333041312047cd61f42db0e587c","isMergeCommit":false,"messageTitle":"Update UG and DG","messageBody":"","fileTypesAndContributionMap":{"functional-code":{"insertions":29,"deletions":11},"docs":{"insertions":32,"deletions":26},"test-code":{"insertions":35,"deletions":4}}},{"hash":"7bd1e45373cc376efd67b0b2306b24ee8802fbfd","isMergeCommit":true,"messageTitle":"Merge pull request #101 from Geeeetyx/Geeeetyx_DG3","messageBody":"Update UG and DG","fileTypesAndContributionMap":{}}]},{"date":"2023-03-28","commitResults":[{"hash":"fa1c10f9ae24993d1496f304def84a3d80aeb814","isMergeCommit":true,"messageTitle":"Merge branch \u0027master\u0027 of https://github.com/Geeeetyx/tp","messageBody":"","fileTypesAndContributionMap":{}},{"hash":"9c9851a530aceb2247a5c96f0979e99a5f66aa4f","isMergeCommit":false,"messageTitle":"Update UG and DG","messageBody":"","fileTypesAndContributionMap":{"docs":{"insertions":39,"deletions":25}}},{"hash":"a83d86d2711b4bfcf73f08b859eebb1125dd7b4e","isMergeCommit":true,"messageTitle":"Merge pull request #103 from Geeeetyx/Geeeetyx_DG4","messageBody":"Update UG and DG","fileTypesAndContributionMap":{}},{"hash":"ae04addef128b7c5ba74768b1480f149dc9b60cb","isMergeCommit":true,"messageTitle":"Merge branch \u0027master\u0027 of https://github.com/Geeeetyx/tp","messageBody":"","fileTypesAndContributionMap":{}}]},{"date":"2023-03-29","commitResults":[{"hash":"75fd9dee5535e1330bd1b03b82c41b01d9295a75","isMergeCommit":false,"messageTitle":"Update DG","messageBody":"","fileTypesAndContributionMap":{"docs":{"insertions":22,"deletions":0}}},{"hash":"265d70712abfa7b2edb3f5d4118370b2a62bb0c0","isMergeCommit":true,"messageTitle":"Merge branch \u0027master\u0027 into Geeeetyx_DG5","messageBody":"","fileTypesAndContributionMap":{}},{"hash":"98137b40bb81ba070f8cb2fbea7db1cadde0bc89","isMergeCommit":true,"messageTitle":"Merge pull request #108 from Geeeetyx/Geeeetyx_DG5","messageBody":"Update DG","fileTypesAndContributionMap":{}}]},{"date":"2023-03-31","commitResults":[{"hash":"7400953024cefed20df7ab62f02cb7726cdefe3f","isMergeCommit":true,"messageTitle":"Merge branch \u0027master\u0027 of https://github.com/Geeeetyx/tp","messageBody":"","fileTypesAndContributionMap":{}},{"hash":"3145deb9ebafa6e7ca4dc50ac778493b5a40298a","isMergeCommit":false,"messageTitle":"feat: update MedicineManager with medicine descriptions","messageBody":"feat: add a queue number system\n","fileTypesAndContributionMap":{"functional-code":{"insertions":208,"deletions":29}}},{"hash":"05269be3ed5afb97f451ac6a70712244d7384bd1","isMergeCommit":true,"messageTitle":"Merge pull request #117 from Geeeetyx/Geeeetyx_4","messageBody":"Add queue number system and update some medicine descriptions","fileTypesAndContributionMap":{}},{"hash":"06c7edc0edc7b4ac465684c53b32ac79a52f7e40","isMergeCommit":false,"messageTitle":"feat: update MedicineManager with more medicines","messageBody":"","fileTypesAndContributionMap":{"functional-code":{"insertions":71,"deletions":14}}},{"hash":"acd874af6e86cf2cac228a5852c8bca2f63d8f8a","isMergeCommit":true,"messageTitle":"Merge pull request #118 from Geeeetyx/Geeeetyx_4","messageBody":"feat: update MedicineManager with more medicines","fileTypesAndContributionMap":{}},{"hash":"bfc23430562d15410fc447051e73c3bfcc3a3651","isMergeCommit":true,"messageTitle":"Merge branch \u0027master\u0027 of https://github.com/Geeeetyx/tp","messageBody":"","fileTypesAndContributionMap":{}},{"hash":"e5f27e218166e95958601ff78a81f1a7bc6c9831","isMergeCommit":false,"messageTitle":"fix: update UG","messageBody":"","fileTypesAndContributionMap":{"docs":{"insertions":148,"deletions":90}}},{"hash":"8d842eb34bb6a8cc4979f268bd8a31fe70948459","isMergeCommit":true,"messageTitle":"Merge pull request #119 from Geeeetyx/Geeeetyx_DG6","messageBody":"update UG","fileTypesAndContributionMap":{}}]},{"date":"2023-04-01","commitResults":[{"hash":"5f1d00c692fced4f08e66e9e69948d6ae1a723a6","isMergeCommit":true,"messageTitle":"Merge branch \u0027master\u0027 of https://github.com/Geeeetyx/tp","messageBody":"","fileTypesAndContributionMap":{}}]},{"date":"2023-04-02","commitResults":[{"hash":"f352b3eaa3a9423b5c9e02d84ed2d0ecc69a73f4","isMergeCommit":true,"messageTitle":"Merge branch \u0027master\u0027 of https://github.com/Geeeetyx/tp","messageBody":"","fileTypesAndContributionMap":{}},{"hash":"41646fac311373c6d686bf052f78f632cfa01270","isMergeCommit":false,"messageTitle":"fix: fixed issue of Dr Duke diagnosing when a patient does not enter any symptoms","messageBody":"fix: update delete symptom feature to re-diagnose patient after deleting a symptom\n","fileTypesAndContributionMap":{"functional-code":{"insertions":94,"deletions":45}}},{"hash":"013873b7e1bbaf98d76c53aab5667177dfcb194e","isMergeCommit":false,"messageTitle":"fix: update code style","messageBody":"","fileTypesAndContributionMap":{"functional-code":{"insertions":2,"deletions":1}}},{"hash":"2a590ca85d29a0c18ff516b1461b944c188c9654","isMergeCommit":true,"messageTitle":"Merge pull request #170 from Geeeetyx/Geeeetyx_6","messageBody":"Update deleting symptom and other bugs","fileTypesAndContributionMap":{}},{"hash":"8d6c5d9245020898e3a8c355440219ec246b665d","isMergeCommit":true,"messageTitle":"Merge branch \u0027master\u0027 of https://github.com/Geeeetyx/tp","messageBody":"","fileTypesAndContributionMap":{}}]},{"date":"2023-04-03","commitResults":[{"hash":"c9480cffb77876b3cb574fc863ea2d9bb68c551f","isMergeCommit":true,"messageTitle":"Merge branch \u0027master\u0027 of https://github.com/Geeeetyx/tp","messageBody":"","fileTypesAndContributionMap":{}}]},{"date":"2023-04-04","commitResults":[{"hash":"36ab70a280c7b2f2179447244a980401f87fa5e4","isMergeCommit":true,"messageTitle":"Merge branch \u0027master\u0027 of https://github.com/Geeeetyx/tp","messageBody":"","fileTypesAndContributionMap":{}},{"hash":"6909fb1a9857f84b572dd5aad2f70d1892df4bf6","isMergeCommit":false,"messageTitle":"Update DG with PPP","messageBody":"","fileTypesAndContributionMap":{"docs":{"insertions":104,"deletions":3}}},{"hash":"6de2319cbcf562081a5d64cc1fe8121b2052c22e","isMergeCommit":true,"messageTitle":"Merge pull request #187 from Geeeetyx/Geeeetyx_DG7","messageBody":"Update DG with PPP","fileTypesAndContributionMap":{}},{"hash":"4b93c39c6ef24a481ffaec81c08e542c8f86964d","isMergeCommit":true,"messageTitle":"Merge branch \u0027master\u0027 of https://github.com/Geeeetyx/tp","messageBody":"","fileTypesAndContributionMap":{}},{"hash":"6bdb931241ae2bfb79ef633d9cdc158808a3fb75","isMergeCommit":false,"messageTitle":"feat: introduce more OTC medications","messageBody":"","fileTypesAndContributionMap":{"functional-code":{"insertions":119,"deletions":26}}},{"hash":"f880105edbc2081d83318177ddec0ac455a8cad8","isMergeCommit":true,"messageTitle":"Merge pull request #188 from Geeeetyx/Geeeetyx_7","messageBody":"Introduce more medicines","fileTypesAndContributionMap":{}}]}]},"authorFileTypeContributionMap":{"tanyizhe":{"docs":260,"functional-code":525,"test-code":105},"Thunderdragon221":{"docs":236,"functional-code":516,"test-code":355},"Jeraldchen":{"docs":401,"functional-code":477,"test-code":354,"other":3},"brennanzuz":{"docs":434,"functional-code":1228,"test-code":66},"Geeeetyx":{"docs":616,"functional-code":444,"test-code":64,"other":1}},"authorContributionVariance":{"tanyizhe":4615.9077,"Thunderdragon221":10967.712,"Jeraldchen":10877.221,"brennanzuz":129983.06,"Geeeetyx":45527.77},"authorDisplayNameMap":{"tanyizhe":"CS2113-W13-1 TAN .. ZHE","Thunderdragon221":"CS2113-W13-1 RYAN.. TAN","Jeraldchen":"CS2113-W13-1 CHEN..RALD","brennanzuz":"CS2113-W13-1 BRAN.. WEI","Geeeetyx":"CS2113-W13-1 TAN ..RETH"}}
