{"authorDailyContributionsMap":{"itszhixuan":[{"date":"2023-03-02","commitResults":[{"hash":"a689ce01a9012aec57d570e980efc98f87355421","isMergeCommit":false,"messageTitle":"Added details to AboutUs.md file","messageBody":"","fileTypesAndContributionMap":{"docs":{"insertions":7,"deletions":7}}}]},{"date":"2023-03-03","commitResults":[{"hash":"21be5da883356cbe85fb9401c854acddd49ac0c4","isMergeCommit":false,"messageTitle":"small edits to test merge","messageBody":"","fileTypesAndContributionMap":{"docs":{"insertions":7,"deletions":7}}},{"hash":"8fe5e3b358a933b0bcc49da25e70032aa7f97512","isMergeCommit":false,"messageTitle":"reformat","messageBody":"","fileTypesAndContributionMap":{"docs":{"insertions":7,"deletions":9}}}]},{"date":"2023-03-11","commitResults":[{"hash":"26410e6fd94cb9c428b882fede4537d58729adb1","isMergeCommit":true,"messageTitle":"Merge branch \u0027master\u0027 into master","messageBody":"","fileTypesAndContributionMap":{}},{"hash":"28adfe31a72fa31b3fe6cfaa9d982c6f49584369","isMergeCommit":true,"messageTitle":"Merge pull request #8 from dsicol/master","messageBody":"Add Expenditure and Expenditure Command classes","fileTypesAndContributionMap":{}},{"hash":"c7746797ce9ecc97c1662249e5d0c797d939f270","isMergeCommit":false,"messageTitle":"Creating txt File on user\u0027s local device to store future values","messageBody":"","fileTypesAndContributionMap":{"functional-code":{"insertions":55,"deletions":1}}},{"hash":"080a8bf6fecdd1689412891041d7b20f42f844ea","isMergeCommit":false,"messageTitle":"Refactor functions related to creation of txt file under new Package","messageBody":"","fileTypesAndContributionMap":{"functional-code":{"insertions":52,"deletions":44}}},{"hash":"66961afae9751ee73eb255e35433dc50067a5d36","isMergeCommit":false,"messageTitle":"Refactor name of package that was causing name mismatch errors","messageBody":"package seedu.expenditure -\u003e seedu.Expenditure\n","fileTypesAndContributionMap":{"functional-code":{"insertions":32,"deletions":33},"other":{"insertions":1,"deletions":1}}},{"hash":"de361b0469562af74c38a1abb7fc7ccc70d47d24","isMergeCommit":false,"messageTitle":"Replacing duplicate command values in 3 commands, from academic to their respective titles","messageBody":"","fileTypesAndContributionMap":{"functional-code":{"insertions":3,"deletions":3}}},{"hash":"42d9e0fe1cc1bd15b2f98a52778c819515066420","isMergeCommit":false,"messageTitle":"New classes that corresponds to the commands that our application accepts","messageBody":"","fileTypesAndContributionMap":{"functional-code":{"insertions":75,"deletions":0}}},{"hash":"e11e34d365cd4183c549faaadb3a5ef602c52f05","isMergeCommit":false,"messageTitle":"Update individual command classes to (1) extend command and (2) assign command","messageBody":"","fileTypesAndContributionMap":{"functional-code":{"insertions":15,"deletions":10}}},{"hash":"71ffaff8c606f70a2a2f6013468c22ce4adfdcdc","isMergeCommit":false,"messageTitle":"small changes to formating","messageBody":"","fileTypesAndContributionMap":{"functional-code":{"insertions":4,"deletions":4}}},{"hash":"32c0bf9c3aed3da6e69af9d9b8ceee8dce121d40","isMergeCommit":false,"messageTitle":"Main input parser that detects all types of commands","messageBody":"","fileTypesAndContributionMap":{"functional-code":{"insertions":38,"deletions":0}}},{"hash":"b06754fcf721ca9e18b61b5be001406d0b75bba4","isMergeCommit":false,"messageTitle":"Parse functions that requires adding","messageBody":"","fileTypesAndContributionMap":{"functional-code":{"insertions":59,"deletions":0}}},{"hash":"98d118200727425fad52641eb9762c5ceba09c83","isMergeCommit":false,"messageTitle":"Parse functions that require deleting","messageBody":"","fileTypesAndContributionMap":{"functional-code":{"insertions":19,"deletions":0}}},{"hash":"cdc7121611bd330aa5d5fac463a10f1fc9885c5f","isMergeCommit":false,"messageTitle":"Parse inputs with edit function","messageBody":"","fileTypesAndContributionMap":{"functional-code":{"insertions":38,"deletions":0}}},{"hash":"13e295cf9f31629aa0725e91a2c50a85fcc013a9","isMergeCommit":false,"messageTitle":"Parse date conversion","messageBody":"","fileTypesAndContributionMap":{"functional-code":{"insertions":11,"deletions":0}}},{"hash":"6713ef25b52a69736c029af3d7fa5b86a4aa128a","isMergeCommit":false,"messageTitle":"Format changes due to refactoring","messageBody":"","fileTypesAndContributionMap":{"functional-code":{"insertions":4,"deletions":5}}},{"hash":"d5a7f81e0de3445579aa9ddcd8cb7aeb06d268be","isMergeCommit":false,"messageTitle":"Scan inputs and parses them","messageBody":"","fileTypesAndContributionMap":{"functional-code":{"insertions":26,"deletions":9}}}]},{"date":"2023-03-12","commitResults":[{"hash":"549943aaaaa16a332d9aab63fcff32c9ec47243d","isMergeCommit":false,"messageTitle":"Extend borrow expenditure command with command","messageBody":"","fileTypesAndContributionMap":{"functional-code":{"insertions":1,"deletions":1}}},{"hash":"be1251d25b211ad20ea34ec410c53d2765265fba","isMergeCommit":false,"messageTitle":"Parsing lend and borrow commands","messageBody":"","fileTypesAndContributionMap":{"functional-code":{"insertions":63,"deletions":0}}},{"hash":"68dad6e3e6b16a34151c8d612298e5fdc8a526a0","isMergeCommit":false,"messageTitle":"Remove checks","messageBody":"","fileTypesAndContributionMap":{"functional-code":{"insertions":0,"deletions":24}}},{"hash":"9669d22648b6d6ea1415a9a009564e20b95ada89","isMergeCommit":false,"messageTitle":"refactor split command","messageBody":"","fileTypesAndContributionMap":{"functional-code":{"insertions":41,"deletions":16}}},{"hash":"5292919b7358aa8c3daf17f84add2fcd67ae80ff","isMergeCommit":false,"messageTitle":"Complete refactoring","messageBody":"","fileTypesAndContributionMap":{"functional-code":{"insertions":15,"deletions":8}}},{"hash":"1a0771ed5266bddb98e5f97193461d4da2b11aa8","isMergeCommit":false,"messageTitle":"Remove unnecessary comments and inputs into functions","messageBody":"","fileTypesAndContributionMap":{"functional-code":{"insertions":4,"deletions":6}}},{"hash":"03fb3567115edb4e0c3d8a5e98b6e56f96bea47c","isMergeCommit":false,"messageTitle":"updates according to ubuntu build on github","messageBody":"","fileTypesAndContributionMap":{"functional-code":{"insertions":44,"deletions":18}}}]},{"date":"2023-03-14","commitResults":[{"hash":"f4976488e4e5ee634f3ed096d9154ca7487d4163","isMergeCommit":false,"messageTitle":"Update ParseEdit to cleaner code when extracting values","messageBody":"","fileTypesAndContributionMap":{"functional-code":{"insertions":40,"deletions":20}}},{"hash":"47273a2794d42691c3ec00c51020efddeac0c6ce","isMergeCommit":false,"messageTitle":"Extracted parsing individual value to a seperate class and completed parsing for edit","messageBody":"","fileTypesAndContributionMap":{"functional-code":{"insertions":41,"deletions":36}}},{"hash":"0db03b905f954c5f43be61eb6ae944d3386bfc95","isMergeCommit":false,"messageTitle":"Converting parsing of individual value in add to parseIndividualValue","messageBody":"","fileTypesAndContributionMap":{"functional-code":{"insertions":10,"deletions":39}}},{"hash":"6222312019db9ea8d127a7688ae25f57ee916cb5","isMergeCommit":false,"messageTitle":"Convert date in Edit to LocalDate format","messageBody":"","fileTypesAndContributionMap":{"functional-code":{"insertions":10,"deletions":3}}},{"hash":"99ac7f98df185a4216c68fa98a84e2a492c5adcd","isMergeCommit":false,"messageTitle":"Remove additional imports","messageBody":"","fileTypesAndContributionMap":{"functional-code":{"insertions":0,"deletions":1}}},{"hash":"221d6ed27200a9da92ee5d8dee55cde03c03f16e","isMergeCommit":false,"messageTitle":"Try catch block when input command is not accompanied with any parameters, causing application to crash","messageBody":"","fileTypesAndContributionMap":{"functional-code":{"insertions":12,"deletions":2}}},{"hash":"24eee9025dc44cd5253cf967825db64b62711422","isMergeCommit":false,"messageTitle":"Incorporating parseIndividualValue with ParseLendBorrow","messageBody":"","fileTypesAndContributionMap":{"functional-code":{"insertions":14,"deletions":66}}},{"hash":"97483d60ea9e02c929cc7344907a13d714aae24a","isMergeCommit":false,"messageTitle":"Incorporating parseIndividualValue with ParseLendBorrow with error catching for indexoutofbounds","messageBody":"","fileTypesAndContributionMap":{"functional-code":{"insertions":18,"deletions":4}}},{"hash":"77b6553b56fc6db7dedd1a8e6075c2f098946552","isMergeCommit":false,"messageTitle":"Cleaning up unnecessary imports","messageBody":"","fileTypesAndContributionMap":{"functional-code":{"insertions":0,"deletions":2}}},{"hash":"e2a72655ce638c96a53c4fb140a26d1d89c10166","isMergeCommit":false,"messageTitle":"Tackling Gradle errors","messageBody":"","fileTypesAndContributionMap":{"functional-code":{"insertions":15,"deletions":17}}},{"hash":"a010633effdd4f32413cadc99262143426d93af5","isMergeCommit":false,"messageTitle":"Testing parselendborrow to see if gradle error is resolved","messageBody":"","fileTypesAndContributionMap":{"functional-code":{"insertions":1,"deletions":3}}},{"hash":"e7a543ed58f5bd4e519844ec9cd9d93fd5a02d33","isMergeCommit":false,"messageTitle":"Remaining gradle changes","messageBody":"","fileTypesAndContributionMap":{"functional-code":{"insertions":3,"deletions":4}}},{"hash":"87e3535f5264b5aef6028b8fade71c2315eb6ddd","isMergeCommit":true,"messageTitle":"Merge pull request #28 from Chick3nBoy/master","messageBody":"Fix save bug","fileTypesAndContributionMap":{}},{"hash":"0b6826fcf53ba54e3400c7c676f7f4eb576c8942","isMergeCommit":true,"messageTitle":"Merge pull request #30 from TzeLoong/master","messageBody":"Edited ParserDelete","fileTypesAndContributionMap":{}}]},{"date":"2023-03-15","commitResults":[{"hash":"ec2b7d41675145e6c582a23beb72096548b8f502","isMergeCommit":true,"messageTitle":"Merge pull request #33 from dsicol/master","messageBody":"Fix bugs for v1.0 release","tags":["v1.0"],"fileTypesAndContributionMap":{}}]},{"date":"2023-03-21","commitResults":[{"hash":"766329d4b1883d1d5849988d3b53e5c780acd111","isMergeCommit":false,"messageTitle":"Basic checks to test if correct inputs return the correct output in MainInputParser","messageBody":"","fileTypesAndContributionMap":{"test-code":{"insertions":99,"deletions":0}}}]},{"date":"2023-03-22","commitResults":[{"hash":"8259484cbebcebb37d71dfbc810fd5fc37bca26a","isMergeCommit":true,"messageTitle":"Merge pull request #40 from dsicol/JUnitv1.0","messageBody":"J unit for v1.0 and additional features","fileTypesAndContributionMap":{}},{"hash":"e2a5a4db07007360b9975d6b8ff2bd2c3eb579da","isMergeCommit":false,"messageTitle":"Include remaining test for parser JUnit Test","messageBody":"","fileTypesAndContributionMap":{"test-code":{"insertions":37,"deletions":0}}},{"hash":"1c47fd73a351a294f6bc1741d4cde2e85a41dd8c","isMergeCommit":false,"messageTitle":"Remove unnecessary saving","messageBody":"","fileTypesAndContributionMap":{"functional-code":{"insertions":0,"deletions":1}}},{"hash":"96f9e3f34cb2127252a60396884955797bdcb0eb","isMergeCommit":false,"messageTitle":"Enable assertions to be true","messageBody":"","fileTypesAndContributionMap":{"other":{"insertions":1,"deletions":0}}},{"hash":"13f6875cb86fdc59e9a18d09479191d72607f21d","isMergeCommit":true,"messageTitle":"Merge branch \u0027AY2223S2-CS2113-T14-3:master\u0027 into master","messageBody":"","fileTypesAndContributionMap":{}},{"hash":"111e90ba6c3f0abc8c592e44eb6ca88a8cf8fe70","isMergeCommit":false,"messageTitle":"Remove unnecessary imports","messageBody":"","fileTypesAndContributionMap":{"test-code":{"insertions":0,"deletions":2}}},{"hash":"2b3b650521f19057dc3b14b5ae81c305f2ce106d","isMergeCommit":false,"messageTitle":"Additional checks for invalid input","messageBody":"","fileTypesAndContributionMap":{"test-code":{"insertions":20,"deletions":0}}},{"hash":"dbe8a2b6772c47df8eeffed5b769556f32d789eb","isMergeCommit":false,"messageTitle":"Remove unnecessary import statements","messageBody":"","fileTypesAndContributionMap":{"functional-code":{"insertions":0,"deletions":1}}},{"hash":"c18b9d8dbe3fcfb94e69e8200246d94306d97b43","isMergeCommit":false,"messageTitle":"Test individual parsing inputs","messageBody":"","fileTypesAndContributionMap":{"test-code":{"insertions":54,"deletions":0}}},{"hash":"d708bbca012502d878bcf0e64692c8162445da1e","isMergeCommit":false,"messageTitle":"junit for parse lend borrow","messageBody":"","fileTypesAndContributionMap":{"test-code":{"insertions":28,"deletions":0}}},{"hash":"9d68f4b064838e7fac3dd780e25ecca4810cf671","isMergeCommit":false,"messageTitle":"Changes according to gradle","messageBody":"","fileTypesAndContributionMap":{"test-code":{"insertions":4,"deletions":3}}},{"hash":"e3e334b65b0700665fb77520f21c61ae0c8a86bd","isMergeCommit":false,"messageTitle":"Update user stories and main components in DeveloperGuide","messageBody":"","fileTypesAndContributionMap":{"docs":{"insertions":29,"deletions":4}}},{"hash":"a752935642e7b30546788d2a9ce4e12043e60fb5","isMergeCommit":false,"messageTitle":"start on writing parsing DG","messageBody":"","fileTypesAndContributionMap":{"docs":{"insertions":17,"deletions":0}}},{"hash":"d57830795c991595561daaa9875556cb6345fd0d","isMergeCommit":true,"messageTitle":"Merge branch \u0027AY2223S2-CS2113-T14-3:master\u0027 into master","messageBody":"","fileTypesAndContributionMap":{}}]},{"date":"2023-03-24","commitResults":[{"hash":"f54712fd7759fe6f0784fa1545a9162bdd6ca950","isMergeCommit":false,"messageTitle":"Creating sequence diagram for parsing and small updates to parsing portion of DG","messageBody":"","fileTypesAndContributionMap":{"docs":{"insertions":113,"deletions":2}}},{"hash":"d7c9291d8458c6910bc5dbfe0f1ee694c1849af8","isMergeCommit":true,"messageTitle":"Merge branch \u0027AY2223S2-CS2113-T14-3:master\u0027 into master","messageBody":"","fileTypesAndContributionMap":{}},{"hash":"8953496ad7af8fae7ddc4685d4826696767d7530","isMergeCommit":false,"messageTitle":"Include \u003c\u003cabstract\u003e\u003e","messageBody":"","fileTypesAndContributionMap":{"docs":{"insertions":2,"deletions":2}}},{"hash":"86604dfda85ab08609c914a412ef6170f25f2365","isMergeCommit":true,"messageTitle":"Merge branch \u0027master\u0027 of https://github.com/itszhixuan/tp","messageBody":"","fileTypesAndContributionMap":{}},{"hash":"4d00e14d2f3e63254b0643960d5226795c95fe00","isMergeCommit":false,"messageTitle":"test for parse mark and unmark","messageBody":"","fileTypesAndContributionMap":{"test-code":{"insertions":14,"deletions":0}}},{"hash":"e41c3012f8521b4fa7180ec0e68a48b95928b80f","isMergeCommit":false,"messageTitle":"Removes the unnecessary file SplitCommand which is no longer used","messageBody":"","fileTypesAndContributionMap":{"functional-code":{"insertions":0,"deletions":18}}},{"hash":"ca03655720c9a64b84f2e9c2093f689ba39a796d","isMergeCommit":false,"messageTitle":"junit parse sort","messageBody":"","fileTypesAndContributionMap":{"test-code":{"insertions":10,"deletions":0}}}]},{"date":"2023-03-25","commitResults":[{"hash":"73bde7fbc1091c4f2128207d02743914a0ca190b","isMergeCommit":true,"messageTitle":"Merge branch \u0027master\u0027 of https://github.com/AY2223S2-CS2113-T14-3/tp","messageBody":"","fileTypesAndContributionMap":{}},{"hash":"904091b2673b29ef4bc557c2a055859c22e22c37","isMergeCommit":true,"messageTitle":"Merge pull request #55 from dsicol/betterdates","messageBody":"Improve current date format","fileTypesAndContributionMap":{}},{"hash":"d300e05813dd6791193d1fc86cf12c572035ced7","isMergeCommit":false,"messageTitle":"Duplicate function","messageBody":"","fileTypesAndContributionMap":{"functional-code":{"insertions":53,"deletions":0}}},{"hash":"1563f7ed7d3971e90a33ee15bc816d94c074d947","isMergeCommit":false,"messageTitle":"try catch function to catch index out of bounds","messageBody":"","fileTypesAndContributionMap":{"functional-code":{"insertions":6,"deletions":2}}},{"hash":"94b939e49c261295a047b9a0982613c4324d9589","isMergeCommit":true,"messageTitle":"Merge branch \u0027AY2223S2-CS2113-T14-3:master\u0027 into master","messageBody":"","fileTypesAndContributionMap":{}},{"hash":"a60493f7723712564aa91c961471dea3b0ab1bac","isMergeCommit":false,"messageTitle":"setting the budget and reflecting it","messageBody":"","fileTypesAndContributionMap":{"functional-code":{"insertions":77,"deletions":0}}},{"hash":"c97b6ddf8479e08f04bec754fb5ed52985734bcf","isMergeCommit":false,"messageTitle":"Slight formating change for return commandResult","messageBody":"","fileTypesAndContributionMap":{"functional-code":{"insertions":1,"deletions":1}}},{"hash":"d3ffe3cf286b0c459a165c66179b469f8be2cc2e","isMergeCommit":true,"messageTitle":"Merge branch \u0027master\u0027 of https://github.com/itszhixuan/tp","messageBody":"","fileTypesAndContributionMap":{}},{"hash":"648ce06c09f529f8dde1d8afdb6c5dbe4a13c2e9","isMergeCommit":true,"messageTitle":"Merge branch \u0027master\u0027 of https://github.com/itszhixuan/tp into setBudget","messageBody":"","fileTypesAndContributionMap":{}},{"hash":"86ed8e7fa325e90a27f43187d395af0c654db79f","isMergeCommit":false,"messageTitle":"general structure of checkBudget","messageBody":"","fileTypesAndContributionMap":{"functional-code":{"insertions":39,"deletions":0}}},{"hash":"803d5360883c0cab52c755956bfe6d961f736b5e","isMergeCommit":false,"messageTitle":"basic function of check completed, does not consider type of expenditure in list","messageBody":"","fileTypesAndContributionMap":{"functional-code":{"insertions":3,"deletions":2}}},{"hash":"405b1e76f4b456ed15f0bb4fb931b80af4bdf5b3","isMergeCommit":false,"messageTitle":"Refactor","messageBody":"","fileTypesAndContributionMap":{"functional-code":{"insertions":9,"deletions":6}}},{"hash":"8967b5914d379fb478492df3549501451ea87863","isMergeCommit":false,"messageTitle":"Considered how borrow reduces thier total expenditure","messageBody":"","fileTypesAndContributionMap":{"functional-code":{"insertions":15,"deletions":8}}},{"hash":"12fb17aa539ed792cc4f2c700bd8e71057ade4d7","isMergeCommit":false,"messageTitle":"final updates for checkbudget","messageBody":"","fileTypesAndContributionMap":{"functional-code":{"insertions":0,"deletions":1}}}]},{"date":"2023-03-28","commitResults":[{"hash":"af62336d84ee976d32c752fb73c8c16e428051ba","isMergeCommit":false,"messageTitle":"Add delete manual testing instructions and updating parser seq diag","messageBody":"","fileTypesAndContributionMap":{"docs":{"insertions":72,"deletions":3}}},{"hash":"73125555bd3374ed56de3482be41b5c36c8a3a0a","isMergeCommit":false,"messageTitle":"instructions for manual testing in DG","messageBody":"","fileTypesAndContributionMap":{"docs":{"insertions":161,"deletions":14}}}]},{"date":"2023-03-31","commitResults":[{"hash":"2ef869cd2974aeaf31e788ee9267ed4cc27fb805","isMergeCommit":false,"messageTitle":"Add set command to UG","messageBody":"","fileTypesAndContributionMap":{"docs":{"insertions":2,"deletions":0}}},{"hash":"c8c0e744b024554bdef88d0c962db0c67d4cb7ed","isMergeCommit":false,"messageTitle":"Add missing information","messageBody":"","fileTypesAndContributionMap":{"docs":{"insertions":2,"deletions":1}}},{"hash":"a7b6ab7527cec60444c874d61b098cb8eb69d7e5","isMergeCommit":false,"messageTitle":"Additional info for delete set and check","messageBody":"","fileTypesAndContributionMap":{"docs":{"insertions":13,"deletions":1}}}]},{"date":"2023-04-03","commitResults":[{"hash":"654670ca9b5d7d54a3b06e51633da5a01c756842","isMergeCommit":false,"messageTitle":"Address Bug report 1 from Tester C","messageBody":"","fileTypesAndContributionMap":{"docs":{"insertions":3,"deletions":3}}},{"hash":"8680bbb7a857662781a5de72a7dd41f347de9ab8","isMergeCommit":false,"messageTitle":"Table of Content and updating bullet numbers which were previously in incorrect order","messageBody":"","fileTypesAndContributionMap":{"docs":{"insertions":39,"deletions":14}}},{"hash":"e5c3f24ecd802f505de991848702ca2e2faae62b","isMergeCommit":false,"messageTitle":"Change display of output values when check command is called to better reflect lend and borrow","messageBody":"","fileTypesAndContributionMap":{"functional-code":{"insertions":14,"deletions":8}}},{"hash":"53c9e9f22da95608d80b7507469a4f4900d3461a","isMergeCommit":false,"messageTitle":"Marking the tuition and accommodation expenditures deducts total expenditure value from the total","messageBody":"","fileTypesAndContributionMap":{"functional-code":{"insertions":62,"deletions":1}}},{"hash":"5751e97b62635d07fc16af667eb184927f4c6f0f","isMergeCommit":false,"messageTitle":"Gradle changes","messageBody":"","fileTypesAndContributionMap":{"functional-code":{"insertions":27,"deletions":25}}},{"hash":"0f77d50aafae0124aea6f6ebcc5287997b701c91","isMergeCommit":false,"messageTitle":"Gradle reorder variables","messageBody":"","fileTypesAndContributionMap":{"functional-code":{"insertions":5,"deletions":4}}},{"hash":"8a975c0ae0076a55a4e5567daf068ef398496593","isMergeCommit":false,"messageTitle":"Improve functional code quality (#2) from chee heng","messageBody":"","fileTypesAndContributionMap":{"functional-code":{"insertions":82,"deletions":60}}},{"hash":"07e194cdfce1df77f01d0dc13a68a71c835dc3f3","isMergeCommit":false,"messageTitle":"Comments to improve functional code quality (#1) from chee heng","messageBody":"","fileTypesAndContributionMap":{"functional-code":{"insertions":31,"deletions":4}}},{"hash":"16fe26ab5855bfb88124917f8dc05cca1b6354e3","isMergeCommit":false,"messageTitle":"Additional comment","messageBody":"","fileTypesAndContributionMap":{"functional-code":{"insertions":1,"deletions":0}}}]}],"Chick3nBoy":[{"date":"2023-03-03","commitResults":[{"hash":"d5a0104d669480ac2c657cedfd3fe92f843d6187","isMergeCommit":false,"messageTitle":"Update AboutUs","messageBody":"","fileTypesAndContributionMap":{"docs":{"insertions":2,"deletions":2}}},{"hash":"891a6704ab52f7f8bb1c91c9b2b442a4c3c6079f","isMergeCommit":true,"messageTitle":"Merge branch \u0027master\u0027 into leonardoOng-AboutUs","messageBody":"","fileTypesAndContributionMap":{}}]},{"date":"2023-03-12","commitResults":[{"hash":"a7d04b0bbf7fe3b0da91ed3cd53634eb596aed22","isMergeCommit":true,"messageTitle":"Merge pull request #18 from TzeLoong/master","messageBody":"Created UI class and added features","fileTypesAndContributionMap":{}},{"hash":"4913e102b7c5e57975c62fe4100f6950ea67fca4","isMergeCommit":false,"messageTitle":"Add saving and reading from saveFile function (for academic and food only)","messageBody":"","fileTypesAndContributionMap":{"functional-code":{"insertions":177,"deletions":28}}},{"hash":"06c427d55102b86503a996802f95a18a6f6f208d","isMergeCommit":true,"messageTitle":"Merge branch \u0027master\u0027 into master","messageBody":"","fileTypesAndContributionMap":{}},{"hash":"da60cdfa33ce62d69b22a83ebd08f212cd5ee805","isMergeCommit":false,"messageTitle":"Rectify styling","messageBody":"","fileTypesAndContributionMap":{"functional-code":{"insertions":2,"deletions":14}}},{"hash":"4f9dc463f3151c840c2e10d33497d1d7b8cdead3","isMergeCommit":true,"messageTitle":"Merge branch \u0027master\u0027 of https://github.com/Chick3nBoy/tp","messageBody":"","fileTypesAndContributionMap":{}},{"hash":"807b1b8c0f3a952dd1b21c93434763ee2134f2ba","isMergeCommit":false,"messageTitle":"Rectify Styling","messageBody":"","fileTypesAndContributionMap":{"functional-code":{"insertions":0,"deletions":1}}}]},{"date":"2023-03-14","commitResults":[{"hash":"5b843c460684b1b25221ad6620729156697097a5","isMergeCommit":false,"messageTitle":"Fix save bug","messageBody":"","fileTypesAndContributionMap":{"functional-code":{"insertions":0,"deletions":1},"other":{"insertions":2,"deletions":1}}},{"hash":"f826f5f538d1796fa9999956966c096d86bc800b","isMergeCommit":true,"messageTitle":"Merge branch \u0027master\u0027 into master","messageBody":"","fileTypesAndContributionMap":{}}]},{"date":"2023-03-22","commitResults":[{"hash":"9eab2d6b5ef113a3de1aceba0d612414c26a5cef","isMergeCommit":true,"messageTitle":"Merge pull request #41 from itszhixuan/master","messageBody":"PR for JUnit testing regarding parsing of inputs","fileTypesAndContributionMap":{}}]},{"date":"2023-03-23","commitResults":[{"hash":"b82db19487ed29d53187543e11a15078a6b8ba7c","isMergeCommit":true,"messageTitle":"Merge pull request #45 from AY2223S2-CS2113-T14-3/TzeLoong-patch-1","messageBody":"Update Target user profile \u0026 value proposition","fileTypesAndContributionMap":{}},{"hash":"dd6692ea0996885f802c89ca189bb0e848e7eec8","isMergeCommit":true,"messageTitle":"Merge pull request #44 from TzeLoong/paseredit","messageBody":"Implement edit functionality for lend \u0026 borrow expenditures","fileTypesAndContributionMap":{}}]},{"date":"2023-03-24","commitResults":[{"hash":"d664147bfb63d32a0598b3dcab5d214551a8d956","isMergeCommit":false,"messageTitle":"Update developer guide for storage feature","messageBody":"","fileTypesAndContributionMap":{"functional-code":{"insertions":1,"deletions":1},"docs":{"insertions":15,"deletions":0}}},{"hash":"5bab1f4b22e37734edbf234fedfd27ea7b48bf42","isMergeCommit":true,"messageTitle":"Merge pull request #49 from dsicol/developerguide","messageBody":"Add developer\u0027s guide for expenditure categories","fileTypesAndContributionMap":{}},{"hash":"237cff95d956aec2aeaae8ce509842013f6182ac","isMergeCommit":true,"messageTitle":"Merge pull request #50 from dsicol/sortfeatures","messageBody":"Sortfeatures","fileTypesAndContributionMap":{}},{"hash":"25fd891f9fd415f07c1cc788ba210789267a85ef","isMergeCommit":false,"messageTitle":"Add viewdate functionality","messageBody":"","fileTypesAndContributionMap":{"functional-code":{"insertions":69,"deletions":5},"other":{"insertions":2,"deletions":2},"test-code":{"insertions":1,"deletions":1}}},{"hash":"5206078b41a390ff40476166ef73b8e1ad403e23","isMergeCommit":true,"messageTitle":"Merge branch \u0027master\u0027 into viewCommand","messageBody":"","fileTypesAndContributionMap":{}},{"hash":"92f6c8d91e252a4c511ab3b2819584738e8ec740","isMergeCommit":false,"messageTitle":"Fix style error","messageBody":"","fileTypesAndContributionMap":{"functional-code":{"insertions":2,"deletions":4}}},{"hash":"601f72eef612e36a45dfe29a2453f68a4ed20323","isMergeCommit":true,"messageTitle":"Merge branch \u0027viewCommand\u0027 of https://github.com/Chick3nBoy/tp into viewCommand","messageBody":"","fileTypesAndContributionMap":{}}]},{"date":"2023-03-25","commitResults":[{"hash":"a42e5eea89d0b4434f70105d0eb6b7b4b4218d15","isMergeCommit":true,"messageTitle":"Merge pull request #57 from itszhixuan/setBudget","messageBody":"Set budget and compare expenditures with budget","fileTypesAndContributionMap":{}},{"hash":"bf0212f402b6bfc3bf5577ec81b7137344685cc7","isMergeCommit":false,"messageTitle":"Add viewtype command Add testing","messageBody":"","fileTypesAndContributionMap":{"other":{"insertions":0,"deletions":0},"test-code":{"insertions":4,"deletions":0}}},{"hash":"32b11fcd7b54d49cd171f4db1aaa7245aa431ae9","isMergeCommit":false,"messageTitle":"Add viewtype command Add test for viewtype and viewdate","messageBody":"","fileTypesAndContributionMap":{"functional-code":{"insertions":84,"deletions":14},"test-code":{"insertions":107,"deletions":3}}},{"hash":"80a477126fca4be4b3f02db93e9fa4442b70fb4c","isMergeCommit":true,"messageTitle":"Merge branch \u0027master\u0027 into viewCommand","messageBody":"","fileTypesAndContributionMap":{}},{"hash":"60f00ffd49dedfb8cb3ddf2cfa3161fcea33b567","isMergeCommit":false,"messageTitle":"Fix styling","messageBody":"","fileTypesAndContributionMap":{"functional-code":{"insertions":7,"deletions":7}}},{"hash":"7c59356758f53c9e0b52a6a81d13388268da3d39","isMergeCommit":true,"messageTitle":"Merge branch \u0027viewCommand\u0027 of https://github.com/Chick3nBoy/tp into viewCommand","messageBody":"","fileTypesAndContributionMap":{}},{"hash":"511f10be03e59329fa4cc5c614ebc22defe00a08","isMergeCommit":false,"messageTitle":"Fix styling","messageBody":"","fileTypesAndContributionMap":{"functional-code":{"insertions":1,"deletions":1}}},{"hash":"8d743352726a7059effe668c9fb8ad222289137a","isMergeCommit":false,"messageTitle":"Revert \"Fix styling\"","messageBody":"This reverts commit 511f10be03e59329fa4cc5c614ebc22defe00a08.\n","fileTypesAndContributionMap":{"functional-code":{"insertions":1,"deletions":1}}},{"hash":"15ffa937020b5a03ac88033c1d393c075a049b09","isMergeCommit":false,"messageTitle":"Fix styling","messageBody":"","fileTypesAndContributionMap":{"functional-code":{"insertions":1,"deletions":1}}},{"hash":"1f9d8ef2c125bab7c5a5d1e58ac4370e9dc8802f","isMergeCommit":false,"messageTitle":"Revert \"Fix styling\"","messageBody":"This reverts commit 15ffa937020b5a03ac88033c1d393c075a049b09.\n","fileTypesAndContributionMap":{"functional-code":{"insertions":1,"deletions":1}}},{"hash":"1cddcdd548e867e8b6f3a40043b0271cd7a95bac","isMergeCommit":false,"messageTitle":"Fix stying","messageBody":"","fileTypesAndContributionMap":{"functional-code":{"insertions":2,"deletions":1}}},{"hash":"1617494cb5695276853651910ad610f19ce25d9b","isMergeCommit":false,"messageTitle":"Fix styling","messageBody":"","fileTypesAndContributionMap":{"test-code":{"insertions":13,"deletions":8}}},{"hash":"557c7404750de0fd8912ce4c7a61ab4ec861dcd9","isMergeCommit":false,"messageTitle":"Fix test error","messageBody":"","fileTypesAndContributionMap":{"test-code":{"insertions":3,"deletions":3}}},{"hash":"dd2651fcf704debf6d7ae2e5e7440b9af21fcaae","isMergeCommit":false,"messageTitle":"Fix test error","messageBody":"","fileTypesAndContributionMap":{"test-code":{"insertions":3,"deletions":3}}}]},{"date":"2023-03-27","commitResults":[{"hash":"fdf66f62ca68cbc324b02d8dac4c61a06aee9473","isMergeCommit":false,"messageTitle":"Add tabulation function for viewtype and viewdate","messageBody":"","fileTypesAndContributionMap":{"functional-code":{"insertions":10,"deletions":4},"test-code":{"insertions":12,"deletions":6}}},{"hash":"9f10ac775d9b0662daa816bd369724ca084e9081","isMergeCommit":false,"messageTitle":"Update DG for view command","messageBody":"","fileTypesAndContributionMap":{"docs":{"insertions":14,"deletions":1}}},{"hash":"a047c072071f96f05845162017cb789781a06090","isMergeCommit":true,"messageTitle":"Merge pull request #61 from TzeLoong/UpdateUserguide","messageBody":"Update Userguide for adding and editing functionality","fileTypesAndContributionMap":{}}]},{"date":"2023-03-28","commitResults":[{"hash":"1f8d59bbe151acd2fc67707fed22549acb282192","isMergeCommit":true,"messageTitle":"Merge pull request #64 from dsicol/developerguide","messageBody":"Developerguide","fileTypesAndContributionMap":{}},{"hash":"df07d1f4a6fea46fc06e5b4a59f0cedb7bf357fb","isMergeCommit":false,"messageTitle":"Add architure design to DG","messageBody":"","fileTypesAndContributionMap":{"docs":{"insertions":21,"deletions":1}}},{"hash":"1127b740f6cc2f11d83f5bb1140773e8fe4c3510","isMergeCommit":true,"messageTitle":"Merge pull request #66 from TzeLoong/Updatedeveloperguide","messageBody":"Update Developerguide","fileTypesAndContributionMap":{}}]},{"date":"2023-03-29","commitResults":[{"hash":"62d21a0249e93ef6d8c09f1ecb90acf4e048903b","isMergeCommit":true,"messageTitle":"Merge pull request #68 from dsicol/developerguide","messageBody":"Developerguide","fileTypesAndContributionMap":{}}]},{"date":"2023-04-02","commitResults":[{"hash":"60102e4f6fe57ac6d8be0775ea1ac9fb35d52bd5","isMergeCommit":false,"messageTitle":"Test initializeList for corrupted file","messageBody":"","fileTypesAndContributionMap":{"functional-code":{"insertions":7,"deletions":1}}},{"hash":"7f83e5a94c913301a30d47e41ca4e3ae78d85c8f","isMergeCommit":true,"messageTitle":"Merge pull request #110 from TzeLoong/bugfixes","messageBody":"Fix bugs from PE-D","fileTypesAndContributionMap":{}},{"hash":"3ee55df5869ad697472433bf3a42d31ff91a8be1","isMergeCommit":true,"messageTitle":"Merge branch \u0027master\u0027 of https://github.com/AY2223S2-CS2113-T14-3/tp","messageBody":"","fileTypesAndContributionMap":{}},{"hash":"c8dab13727771a35b8bb71a19cc7ff5990bcbbdd","isMergeCommit":false,"messageTitle":"Update error messages","messageBody":"","fileTypesAndContributionMap":{"functional-code":{"insertions":6,"deletions":8}}},{"hash":"f8a638dbc6800675e1462eafdc4ee36bbad5a16b","isMergeCommit":false,"messageTitle":"Fix styling","messageBody":"","fileTypesAndContributionMap":{"functional-code":{"insertions":4,"deletions":1}}},{"hash":"e163c38621bab5d652ae9085b910ebefc03c08ae","isMergeCommit":false,"messageTitle":"Fix error","messageBody":"","fileTypesAndContributionMap":{"functional-code":{"insertions":1,"deletions":1}}},{"hash":"16e0a8485c8d4cca18c80bb651650d8601db0721","isMergeCommit":false,"messageTitle":"Update UI message","messageBody":"","fileTypesAndContributionMap":{"functional-code":{"insertions":1,"deletions":1}}}]},{"date":"2023-04-03","commitResults":[{"hash":"58717323bacfbf328081452ab395e942ae54b6e2","isMergeCommit":true,"messageTitle":"Merge pull request #125 from itszhixuan/master","messageBody":"Added comments and separated categories of expenditure in MainInputParser","fileTypesAndContributionMap":{}}]}],"TzeLoong":[{"date":"2023-03-03","commitResults":[{"hash":"2256f19948eaef4a672e7c6c469c13a0e3485296","isMergeCommit":false,"messageTitle":"Update AboutUs.md","messageBody":"","fileTypesAndContributionMap":{"docs":{"insertions":1,"deletions":1}}}]},{"date":"2023-03-12","commitResults":[{"hash":"3d78cdac50551391b51ad7cf677c0d6a41187a04","isMergeCommit":false,"messageTitle":"Minor-Adjustments","messageBody":"","fileTypesAndContributionMap":{"functional-code":{"insertions":41,"deletions":40},"test-code":{"insertions":28,"deletions":21}}},{"hash":"b975c3d2e825067368ac253548ac30ff20fe37d2","isMergeCommit":false,"messageTitle":"Revert \"Minor-Adjustments\"","messageBody":"This reverts commit 3d78cdac50551391b51ad7cf677c0d6a41187a04.\n","fileTypesAndContributionMap":{"functional-code":{"insertions":40,"deletions":41},"test-code":{"insertions":21,"deletions":28}}},{"hash":"960fe206e3fa62edfa0c0ce4767a438453a7044a","isMergeCommit":true,"messageTitle":"Merge pull request #17 from itszhixuan/master","messageBody":"Add Parser for application and creation of txt file on local device","fileTypesAndContributionMap":{}},{"hash":"83e58feb7db645c8b3daa6f93b9b204a0c413a2f","isMergeCommit":true,"messageTitle":"Merge remote-tracking branch \u0027upstream/master\u0027","messageBody":"","fileTypesAndContributionMap":{}},{"hash":"889a1870444cf41c3855984a8f3d7e9ac199b197","isMergeCommit":false,"messageTitle":"Added UI class \u0026 features","messageBody":"","fileTypesAndContributionMap":{"functional-code":{"insertions":43,"deletions":13},"test-code":{"insertions":1,"deletions":0}}},{"hash":"c99820b493dd637271cba29b65d38358fb35a25f","isMergeCommit":false,"messageTitle":"Edit","messageBody":"","fileTypesAndContributionMap":{"functional-code":{"insertions":4,"deletions":17}}},{"hash":"4e995e261d5b8b56ab4878920214874869f5bef4","isMergeCommit":false,"messageTitle":"Update Ui.java","messageBody":"","fileTypesAndContributionMap":{"functional-code":{"insertions":4,"deletions":2}}},{"hash":"73b5b4fe6423f8b5dc331095f5b02e7e4ff71074","isMergeCommit":false,"messageTitle":"Added Help Page","messageBody":"","fileTypesAndContributionMap":{"functional-code":{"insertions":41,"deletions":28}}},{"hash":"e53c1cc870d864c2edd105347fab946b4e4f478d","isMergeCommit":true,"messageTitle":"Merge branch \u0027master\u0027 into master","messageBody":"","fileTypesAndContributionMap":{}},{"hash":"7a0fbf252699e293fbe921945d5aa63f6f4642ba","isMergeCommit":false,"messageTitle":"Update HelpCommand.java","messageBody":"","fileTypesAndContributionMap":{"functional-code":{"insertions":2,"deletions":1}}},{"hash":"ee62288b52a3dcc9ae3b8fafbc0994f4c13a5b05","isMergeCommit":true,"messageTitle":"Merge branch \u0027master\u0027 of https://github.com/TzeLoong/tp","messageBody":"","fileTypesAndContributionMap":{}}]},{"date":"2023-03-14","commitResults":[{"hash":"4730c4a7554e946e9add8b0e81647b095dc563cc","isMergeCommit":true,"messageTitle":"Merge pull request #25 from dsicol/CommandFeatures","messageBody":"Command features","fileTypesAndContributionMap":{}},{"hash":"8371e29d3d1fb2041a0e62262ee06cfdad58453c","isMergeCommit":false,"messageTitle":"Fixed ParseDelete","messageBody":"","fileTypesAndContributionMap":{"functional-code":{"insertions":163,"deletions":160}}},{"hash":"5fab7a4e521c0a45476d7e026a7acda3cd8ac0f8","isMergeCommit":true,"messageTitle":"Merge branch \u0027pasersupport\u0027","messageBody":"","fileTypesAndContributionMap":{}},{"hash":"073f09bbc2d2cd32ddd00806db245d12f350b1e0","isMergeCommit":false,"messageTitle":"indent changes","messageBody":"","fileTypesAndContributionMap":{"functional-code":{"insertions":28,"deletions":29}}},{"hash":"3ee7dc5332a7f75d69587dde86cfb9ea26f20f6c","isMergeCommit":false,"messageTitle":"indentation","messageBody":"","fileTypesAndContributionMap":{"functional-code":{"insertions":66,"deletions":70}}},{"hash":"716aa27dbea2ea54322cd699d9f978fd09fb0075","isMergeCommit":false,"messageTitle":"indentation","messageBody":"","fileTypesAndContributionMap":{"functional-code":{"insertions":74,"deletions":74}}},{"hash":"8dfa9afde7f061869df8e4e6fa8613eb4e47f591","isMergeCommit":false,"messageTitle":"Update MainInputParser.java","messageBody":"","fileTypesAndContributionMap":{"functional-code":{"insertions":1,"deletions":1}}}]},{"date":"2023-03-15","commitResults":[{"hash":"c52ac68188b4ff46f92bcb9ce1ef775d546783b8","isMergeCommit":false,"messageTitle":"Implemented parseredit","messageBody":"","fileTypesAndContributionMap":{"functional-code":{"insertions":30,"deletions":5}}}]},{"date":"2023-03-23","commitResults":[{"hash":"ff4e4f90f14460121f766dc679028ec9426545b5","isMergeCommit":true,"messageTitle":"Merge pull request #43 from itszhixuan/master","messageBody":"Transferred user story and started writing on DG","fileTypesAndContributionMap":{}},{"hash":"cfbd7e04df856867e7bbc040da2dced656841ef2","isMergeCommit":false,"messageTitle":"Update helpguide","messageBody":"","fileTypesAndContributionMap":{"functional-code":{"insertions":18,"deletions":11}}},{"hash":"70a5b8bdd02dda2e78af115b4d1e840372c99c7b","isMergeCommit":false,"messageTitle":"Add edit function for lend and borrow expenditures","messageBody":"","fileTypesAndContributionMap":{"functional-code":{"insertions":97,"deletions":64},"test-code":{"insertions":64,"deletions":57}}},{"hash":"981e28c664089be83567645279a527698863e96c","isMergeCommit":false,"messageTitle":"Fix code style violations","messageBody":"","fileTypesAndContributionMap":{"functional-code":{"insertions":7,"deletions":6}}},{"hash":"c09f8242dc39cbd9e84a5ce9de5b6b0ce34b6795","isMergeCommit":false,"messageTitle":"Fix code style violations","messageBody":"","fileTypesAndContributionMap":{"functional-code":{"insertions":35,"deletions":35}}},{"hash":"ae8b3581969ba7897cbf266dd41c8b726874444c","isMergeCommit":false,"messageTitle":"Fix code style violations","messageBody":"","fileTypesAndContributionMap":{"functional-code":{"insertions":1,"deletions":2}}},{"hash":"6498180622c8bba5aef4e4ddb1aa557f44cfbff8","isMergeCommit":false,"messageTitle":"Fix code violations","messageBody":"","fileTypesAndContributionMap":{"test-code":{"insertions":62,"deletions":62}}},{"hash":"c759f2e401e2bfaa8793b9d3d0f928120ab3851b","isMergeCommit":false,"messageTitle":"Fix code style violations","messageBody":"","fileTypesAndContributionMap":{"test-code":{"insertions":54,"deletions":50}}},{"hash":"1dd2e0ce1b88a160f66badce987e1a240a1060cd","isMergeCommit":false,"messageTitle":"Update Target user profile \u0026 value proposition","messageBody":"","fileTypesAndContributionMap":{"docs":{"insertions":5,"deletions":2}}}]},{"date":"2023-03-24","commitResults":[{"hash":"4f7d2a39bfcaa50e57c96ccb958ce439bb19d958","isMergeCommit":true,"messageTitle":"Merge pull request #53 from dsicol/sortfeatures","messageBody":"Sortfeatures","fileTypesAndContributionMap":{}}]},{"date":"2023-03-25","commitResults":[{"hash":"9b49f139bb9d78529ed43dedf8152a562fcf0e07","isMergeCommit":true,"messageTitle":"Merge pull request #58 from Chick3nBoy/viewCommand","messageBody":"Viewtype command","fileTypesAndContributionMap":{}}]},{"date":"2023-03-26","commitResults":[{"hash":"274e828d839dffb50d76b40e3fe330dceef12f3c","isMergeCommit":false,"messageTitle":"Add developer\u0027s guide for parseredit","messageBody":"","fileTypesAndContributionMap":{"docs":{"insertions":41,"deletions":12}}},{"hash":"0487fcaa4f0c67b571dc8326a313a6ce1c570c3c","isMergeCommit":false,"messageTitle":"Add parserFind functionality","messageBody":"","fileTypesAndContributionMap":{"functional-code":{"insertions":140,"deletions":72}}},{"hash":"5dae90a6c778e81079bd9722f5f683a3e49aa581","isMergeCommit":false,"messageTitle":"Improve parserEdit","messageBody":"","fileTypesAndContributionMap":{"functional-code":{"insertions":104,"deletions":90}}},{"hash":"6c688f81b304c59350f7489d765879b53b3b2373","isMergeCommit":false,"messageTitle":"Update DeveloperGuide","messageBody":"","fileTypesAndContributionMap":{"docs":{"insertions":8,"deletions":0}}}]},{"date":"2023-03-27","commitResults":[{"hash":"a07f1ecd6e9b97908a2ad8f0f997afc7ac446f11","isMergeCommit":false,"messageTitle":"Update Userguide for adding and editing functionality","messageBody":"","fileTypesAndContributionMap":{"docs":{"insertions":149,"deletions":13}}}]},{"date":"2023-03-28","commitResults":[{"hash":"cba6a0545b5b0c84bb92ff028011f8dd8ce1b590","isMergeCommit":true,"messageTitle":"Merge pull request #62 from Chick3nBoy/viewCommand","messageBody":"Update DG for view command","fileTypesAndContributionMap":{}},{"hash":"7f6a24c020f565d77731165abe5945f09ba63d4c","isMergeCommit":false,"messageTitle":"Update Helpmessage","messageBody":"","fileTypesAndContributionMap":{"functional-code":{"insertions":30,"deletions":15}}},{"hash":"636c0265058c484426e5d21e2b3f855691845542","isMergeCommit":false,"messageTitle":"Fix coding violations","messageBody":"","fileTypesAndContributionMap":{"functional-code":{"insertions":2,"deletions":1}}},{"hash":"357ea3dc597f7a71befbb68224db9e8edc5fa166","isMergeCommit":false,"messageTitle":"Update Developerguide","messageBody":"","fileTypesAndContributionMap":{"docs":{"insertions":64,"deletions":25}}}]},{"date":"2023-03-29","commitResults":[{"hash":"404b0f9476d953814552a576049c49dfe8be3dd3","isMergeCommit":false,"messageTitle":"ImplementErrorMessages","messageBody":"","fileTypesAndContributionMap":{"functional-code":{"insertions":111,"deletions":33}}}]},{"date":"2023-03-30","commitResults":[{"hash":"ea4191ab3ba9d22512d1e86e6731443192d72475","isMergeCommit":true,"messageTitle":"Merge pull request #70 from dsicol/junitv2.0","messageBody":"Junitv2.0","fileTypesAndContributionMap":{}}]},{"date":"2023-03-31","commitResults":[{"hash":"45ad1cca2a735e08b049dfc4be17ea8f92ee51e4","isMergeCommit":true,"messageTitle":"Merge pull request #79 from itszhixuan/master","messageBody":"Additional UG information for delete, set and check","fileTypesAndContributionMap":{}}]},{"date":"2023-04-01","commitResults":[{"hash":"8e1ed3e619accc111135d940347b79a6f7e165f2","isMergeCommit":false,"messageTitle":"bug fix for invalid amount entered","messageBody":"","fileTypesAndContributionMap":{"functional-code":{"insertions":22,"deletions":3}}},{"hash":"d25a303701ddc1d2700e207b37561219b7e5e9c7","isMergeCommit":false,"messageTitle":"bug fix for invalid dates","messageBody":"","fileTypesAndContributionMap":{"functional-code":{"insertions":49,"deletions":3}}},{"hash":"399e45288823ded36a2e9137f1092e9dab6a2367","isMergeCommit":false,"messageTitle":"Update MyLedger.java","messageBody":"bug fix for txt file exception\n","fileTypesAndContributionMap":{"functional-code":{"insertions":5,"deletions":0}}},{"hash":"fd72704bf2f686cf47f3a3f454f617038d1277c3","isMergeCommit":false,"messageTitle":"Fix Documentation Bug","messageBody":"","fileTypesAndContributionMap":{"docs":{"insertions":2,"deletions":1}}},{"hash":"963498ba01afaf2d2b807ef74081f9f1b6aab5a8","isMergeCommit":false,"messageTitle":"Fix code style violations","messageBody":"","fileTypesAndContributionMap":{"functional-code":{"insertions":3,"deletions":2}}},{"hash":"557b22a1e3d155b1e4d5eb9b1e973dcb857497e2","isMergeCommit":false,"messageTitle":"Fix code style violations","messageBody":"","fileTypesAndContributionMap":{"functional-code":{"insertions":11,"deletions":12}}}]},{"date":"2023-04-02","commitResults":[{"hash":"451bfe30daf2b33a1f192bcba8f5fdec81d3c7b6","isMergeCommit":false,"messageTitle":"Fix code style violations","messageBody":"","fileTypesAndContributionMap":{"test-code":{"insertions":82,"deletions":67}}},{"hash":"4484579e5f2e19fa760dedec7ef59cf5c9b08762","isMergeCommit":false,"messageTitle":"Fix code style violations","messageBody":"","fileTypesAndContributionMap":{"test-code":{"insertions":8,"deletions":8}}},{"hash":"434fd85262a752ede0a24473c2061785b4c70c20","isMergeCommit":false,"messageTitle":"Fix code style violations","messageBody":"","fileTypesAndContributionMap":{"test-code":{"insertions":37,"deletions":37}}},{"hash":"cd1778e6c0e10ab0d0b3f8285279b6c935d7c20d","isMergeCommit":false,"messageTitle":"Fix code style violations","messageBody":"","fileTypesAndContributionMap":{"test-code":{"insertions":45,"deletions":37}}},{"hash":"03f51a2edfe162a31e0e8b2755b7a960616ca9b6","isMergeCommit":false,"messageTitle":"Fix code style violations","messageBody":"","fileTypesAndContributionMap":{"test-code":{"insertions":4,"deletions":4}}},{"hash":"bd7b0c8f1f8dd3ed3198e0335830ff6588a83260","isMergeCommit":false,"messageTitle":"Fix code style violations","messageBody":"","fileTypesAndContributionMap":{"test-code":{"insertions":95,"deletions":96}}}]},{"date":"2023-04-03","commitResults":[{"hash":"0746cd98cf6eddb838ddc82b01f16f6de49300f3","isMergeCommit":true,"messageTitle":"Merge pull request #123 from itszhixuan/master","messageBody":"PE-D Tester 2 feedback","fileTypesAndContributionMap":{}},{"hash":"3d7fe4846bb4bfd79cad000ea10bc2a6fc9a3609","isMergeCommit":true,"messageTitle":"Merge pull request #124 from itszhixuan/master","messageBody":"Changes to \u0027set\u0027 and \u0027check\u0027 commands","fileTypesAndContributionMap":{}}]}],"dsicol":[{"date":"2023-03-02","commitResults":[{"hash":"69c86061b8b9b41d2fa909175b9a3279f903f10e","isMergeCommit":false,"messageTitle":"Update Readme","messageBody":"","fileTypesAndContributionMap":{"docs":{"insertions":0,"deletions":2}}}]},{"date":"2023-03-03","commitResults":[{"hash":"34c224f246e56063a0c6789e9f716ee56ee64892","isMergeCommit":false,"messageTitle":"Add AboutUS information","messageBody":"","fileTypesAndContributionMap":{"docs":{"insertions":1,"deletions":1}}},{"hash":"cad6319f4b2af8e58eb0fe5fb395de3968688d8d","isMergeCommit":true,"messageTitle":"Merge pull request #2 from dsicol/master","messageBody":"Add my AboutUs information","fileTypesAndContributionMap":{}},{"hash":"32dcf836fca23f9fac207150a5f8272c619fe67c","isMergeCommit":true,"messageTitle":"Merge branch \u0027master\u0027 into zhixuan-AboutUs","messageBody":"","fileTypesAndContributionMap":{}},{"hash":"5966a9afa72bb779ff8c733d349ba1dbe81bdba6","isMergeCommit":true,"messageTitle":"Merge pull request #1 from itszhixuan/zhixuan-AboutUs","messageBody":"Added details to AboutUs.md file","fileTypesAndContributionMap":{}},{"hash":"70ec8184982fd2d29207b620bde3069081330741","isMergeCommit":true,"messageTitle":"Merge branch \u0027master\u0027 into leonardoOng-AboutUs","messageBody":"","fileTypesAndContributionMap":{}},{"hash":"11c5ed5e59d440d3658a62cdfb7aa7d54f4e39c9","isMergeCommit":true,"messageTitle":"Merge pull request #3 from Chick3nBoy/leonardoOng-AboutUs","messageBody":"Update AboutUs","fileTypesAndContributionMap":{}},{"hash":"fd73de47d5c55d900ec0e8ff7461b0625ca1d15b","isMergeCommit":true,"messageTitle":"Merge pull request #4 from TzeLoong/tzeloong-AboutUs","messageBody":"Update AboutUs.md","fileTypesAndContributionMap":{}},{"hash":"223a044612f106077818454836e7ca0224378879","isMergeCommit":false,"messageTitle":"Remove empty row in AboutUs","messageBody":"","fileTypesAndContributionMap":{"docs":{"insertions":1,"deletions":1}}}]},{"date":"2023-03-08","commitResults":[{"hash":"4334a0cb9271949d090227a9570808235bf10036","isMergeCommit":false,"messageTitle":"Add Expenditure class and its subclasses","messageBody":"Subclasses form the categories of university expenditure\n\n- AcademicExpenditure\n- AccomodationExpenditure\n- EntertainmentExpenditure\n- FoodExpenditure\n- OtherExpenditure\n- TransportExpenditure\n- TuitionExpenditure\n","fileTypesAndContributionMap":{"functional-code":{"insertions":164,"deletions":0},"other":{"insertions":3,"deletions":3}}}]},{"date":"2023-03-10","commitResults":[{"hash":"be020912d951faa1e7bc5e01e3356ecb5ba736d9","isMergeCommit":false,"messageTitle":"Add expenditure command classes and JUnit","messageBody":"- Commands classes will be easier to parse input\n","fileTypesAndContributionMap":{"functional-code":{"insertions":476,"deletions":72},"other":{"insertions":1,"deletions":1},"test-code":{"insertions":33,"deletions":0}}},{"hash":"896210d2ca48c44331a22d4f432d7b51ae869028","isMergeCommit":false,"messageTitle":"Improve code style to abide coding standards","messageBody":"","fileTypesAndContributionMap":{"functional-code":{"insertions":45,"deletions":31}}}]},{"date":"2023-03-12","commitResults":[{"hash":"e412548e35aaa7080018f4fb26fda3714e0b8a0e","isMergeCommit":true,"messageTitle":"Merge pull request #20 from Chick3nBoy/master","messageBody":"Add saving and reading from saveFile function ","fileTypesAndContributionMap":{}}]},{"date":"2023-03-13","commitResults":[{"hash":"5a14c59ab3876586042897842a51ee9b1cc72b77","isMergeCommit":true,"messageTitle":"Merge pull request #22 from TzeLoong/master","messageBody":"Add Help Page","fileTypesAndContributionMap":{}},{"hash":"4fc77bf1812ab678e695292ff7caf8d26e046277","isMergeCommit":true,"messageTitle":"Merge branch \u0027master\u0027 of https://github.com/AY2223S2-CS2113-T14-3/tp","messageBody":"","fileTypesAndContributionMap":{}}]},{"date":"2023-03-14","commitResults":[{"hash":"4a55c06d89471f3ed73bb8526489ff3fdcdf4ff6","isMergeCommit":false,"messageTitle":"Refactor parseAdd and Add exceptions","messageBody":"- Add EmptyStringException to gatekeep empty inputs\n- Add checkEmptyString method to throw the EmptyStringException\n","fileTypesAndContributionMap":{"functional-code":{"insertions":169,"deletions":86}}},{"hash":"3e72559e94dd889ce086f4799b1c18646ee16837","isMergeCommit":false,"messageTitle":"Add save feature for all expenditure types","messageBody":"","fileTypesAndContributionMap":{"functional-code":{"insertions":134,"deletions":17}}},{"hash":"f656505c2b88b56530caf79c2df01c4fbcd801e0","isMergeCommit":false,"messageTitle":"Refactor parseLendBorrow to work with inputs","messageBody":"- Format: \u003cLend/Borrow\u003e d/\u003cdate\u003e n/\u003cname\u003e a/\u003camount\u003e b/\u003cdeadline\u003e s/\u003cdescription\u003e\n","fileTypesAndContributionMap":{"functional-code":{"insertions":121,"deletions":80}}},{"hash":"71916f2b1edd0d06fea6b50985eec3e3091b4661","isMergeCommit":false,"messageTitle":"Fix code style","messageBody":"","fileTypesAndContributionMap":{"functional-code":{"insertions":21,"deletions":11}}},{"hash":"3550c44cd3e8320b141954504f3f3acf233db410","isMergeCommit":false,"messageTitle":"Edit comment indentation in ParseAdd","messageBody":"","fileTypesAndContributionMap":{"functional-code":{"insertions":1,"deletions":1}}},{"hash":"c8c8ff3bb313982a38477e5adbdf943589405e40","isMergeCommit":false,"messageTitle":"Improve code standard","messageBody":"","fileTypesAndContributionMap":{"functional-code":{"insertions":25,"deletions":25},"other":{"insertions":21,"deletions":20}}},{"hash":"4c56af3cc0ef7d1bd66cf0a43da58f7c36d056b8","isMergeCommit":true,"messageTitle":"Merge pull request #27 from itszhixuan/update_parsing","messageBody":"Cleaning up parsing in ParseAdd, ParseEdit, ParseDelete and ParseLendBorrow","fileTypesAndContributionMap":{}}]},{"date":"2023-03-15","commitResults":[{"hash":"b15fcf3747f87eb7d5539a6d773ab15d1612783a","isMergeCommit":true,"messageTitle":"Merge branch \u0027master\u0027 of https://github.com/AY2223S2-CS2113-T14-3/tp","messageBody":"","fileTypesAndContributionMap":{}},{"hash":"c28a7feca3ecadf98bce744fde0ad938ff65e265","isMergeCommit":true,"messageTitle":"Merge pull request #32 from TzeLoong/parserdelete","messageBody":"Implemented parseredit","fileTypesAndContributionMap":{}},{"hash":"20f9c97335d5b37a4a0e7dec18b2973fee839433","isMergeCommit":true,"messageTitle":"Merge branch \u0027master\u0027 of https://github.com/AY2223S2-CS2113-T14-3/tp","messageBody":"","fileTypesAndContributionMap":{}},{"hash":"21fa033547c1263d5f3d4838da1f17cb0e02f8fa","isMergeCommit":false,"messageTitle":"Fix bugs for v1.0","messageBody":"","fileTypesAndContributionMap":{"functional-code":{"insertions":44,"deletions":32},"other":{"insertions":1,"deletions":1}}}]},{"date":"2023-03-21","commitResults":[{"hash":"305ed7c0b3a2fe1cdf8e998155ff89f496abc7e0","isMergeCommit":false,"messageTitle":"Add JUnit testing for Command Classes","messageBody":"- AcademicExpenditureCommandTest\n- AccommodationExpenditureCommandTest\n- BorrowExpenditureCommandTest\n- DeleteCommandTest\n- EditCommandTest\n- EntertainmentExpenditureCommandTest\n- FoodExpenditureCommandTest\n- HelpCommandTest\n- LendExpenditureCommandTest\n- OtherExpenditureCommandTest\n- TransportExpenditureCommandTest\n- TuitionExpenditureCommandTest\n- ViewExpenditureCommandTest\n","fileTypesAndContributionMap":{"test-code":{"insertions":612,"deletions":0}}}]},{"date":"2023-03-22","commitResults":[{"hash":"1fd0eabb2972fed251a3d159b2785ec179a8afb6","isMergeCommit":false,"messageTitle":"Add mark and unmark feature and NoPaidFieldException","messageBody":"- This feature is targeted to Tuition and Accommodation Expenditure types\n- These expenditure types allow users to mark lump sum payments\n- NoPaidFieldException is thrown when mark or unmark is called to other expenditure types\n- Minor edits to UI messages\n","fileTypesAndContributionMap":{"functional-code":{"insertions":153,"deletions":30},"test-code":{"insertions":22,"deletions":20}}},{"hash":"55c86328b617c14fc2296a1b0cb28351d890512d","isMergeCommit":false,"messageTitle":"Add Junit testing for MarkCommand and UnmarkCommand","messageBody":"","fileTypesAndContributionMap":{"test-code":{"insertions":141,"deletions":0}}},{"hash":"bae634a888591c98c3fdc733a93d1234d5736355","isMergeCommit":false,"messageTitle":"Edit code style","messageBody":"","fileTypesAndContributionMap":{"functional-code":{"insertions":2,"deletions":1},"test-code":{"insertions":17,"deletions":17}}},{"hash":"747a77c5fd7d6cb8c0aab96e134308e6a071c5a9","isMergeCommit":false,"messageTitle":"Remove wildcard imports for MainInputParser","messageBody":"","fileTypesAndContributionMap":{"functional-code":{"insertions":18,"deletions":2}}},{"hash":"42554b52f681206fc6e82e8f03719eadf6063739","isMergeCommit":false,"messageTitle":"Add newline in UnmarkCommand","messageBody":"","fileTypesAndContributionMap":{"functional-code":{"insertions":1,"deletions":1}}},{"hash":"bdf77be7ada648c0df807fb47289b269f402e3f5","isMergeCommit":false,"messageTitle":"Fix code style violations","messageBody":"","fileTypesAndContributionMap":{"test-code":{"insertions":19,"deletions":18}}}]},{"date":"2023-03-24","commitResults":[{"hash":"579a5337d8574c84a5705804a7fe98c7f3baa2d8","isMergeCommit":true,"messageTitle":"Merge pull request #46 from itszhixuan/master","messageBody":"Sequence Diagram for Parsing","fileTypesAndContributionMap":{}},{"hash":"f7140de6b7f9291028286163a9d9996a107547c4","isMergeCommit":true,"messageTitle":"Merge pull request #48 from Chick3nBoy/master","messageBody":"Update developer guide for storage feature","fileTypesAndContributionMap":{}},{"hash":"da5174317e2cd3d5b8067c70df5604d77ead99d9","isMergeCommit":false,"messageTitle":"Add developer\u0027s guide for expenditure categories","messageBody":"","fileTypesAndContributionMap":{"docs":{"insertions":48,"deletions":2}}},{"hash":"b6381a8ad31d37f0ed9aa319a701c60b8640e540","isMergeCommit":false,"messageTitle":"Add description of expenditure category UML diagram","messageBody":"","fileTypesAndContributionMap":{"docs":{"insertions":2,"deletions":0}}},{"hash":"41ccd3f032a1f369cacfa3ba1f8680d3b4e6d91f","isMergeCommit":false,"messageTitle":"Add sorting feature for expenditures","messageBody":"- Amount of expenditures can be sorted in ascending or descending order\n- Command: \u003csort ascend\u003e or \u003csort descend\u003e respectively\n","fileTypesAndContributionMap":{"functional-code":{"insertions":96,"deletions":18}}},{"hash":"163df0265700c3db230a183c93f9736369f0526d","isMergeCommit":false,"messageTitle":"Remove wildcard import in MainInputParser","messageBody":"","fileTypesAndContributionMap":{"functional-code":{"insertions":19,"deletions":1}}},{"hash":"eef345e187d9f6cdad17a1112480aae91e67fb6a","isMergeCommit":true,"messageTitle":"Merge branch \u0027master\u0027 into developerguide","messageBody":"","fileTypesAndContributionMap":{}},{"hash":"c1ac9ea6c6cf154c43234de695acae74b0bea4ea","isMergeCommit":false,"messageTitle":"Change diagram names in image directory for developer guide","messageBody":"","fileTypesAndContributionMap":{"docs":{"insertions":2,"deletions":2}}},{"hash":"bb366b2c9cf78e59efb803a3641b345f1c7387a7","isMergeCommit":true,"messageTitle":"Merge branch \u0027developerguide\u0027 into sortfeatures","messageBody":"","fileTypesAndContributionMap":{}},{"hash":"12c98cb076fe622361d4f98b62eaacaeac93434e","isMergeCommit":true,"messageTitle":"Merge branch \u0027developerguide\u0027","messageBody":"","fileTypesAndContributionMap":{}},{"hash":"e48ca3a4b95a6b649614804f9a8649ce870bf7f7","isMergeCommit":false,"messageTitle":"Add sort feature for expenditures by date","messageBody":"","fileTypesAndContributionMap":{"functional-code":{"insertions":44,"deletions":7}}},{"hash":"7acf5abff1226b7286bc50467b1213a29f4180f1","isMergeCommit":true,"messageTitle":"Merge branch \u0027master\u0027 of https://github.com/AY2223S2-CS2113-T14-3/tp","messageBody":"","fileTypesAndContributionMap":{}},{"hash":"0c70bee79a2f05306e58d14d07a0bf8e5cf71a80","isMergeCommit":true,"messageTitle":"Merge pull request #54 from Chick3nBoy/viewCommand","messageBody":"Add viewdate functionality","fileTypesAndContributionMap":{}},{"hash":"9e59fde2245bf3b469c3b588ec57e9864954a220","isMergeCommit":true,"messageTitle":"Merge branch \u0027master\u0027 of https://github.com/AY2223S2-CS2113-T14-3/tp","messageBody":"","fileTypesAndContributionMap":{}}]},{"date":"2023-03-25","commitResults":[{"hash":"b9d5f8d0e3334ac698fe48b7fc54a6a7d91b516a","isMergeCommit":false,"messageTitle":"Fix bug where user can double count marking and unmarking","messageBody":"- User now unable to mark already marked expenditures\n- User now unable to unmark already unmarked expenditures\n","fileTypesAndContributionMap":{"functional-code":{"insertions":73,"deletions":4},"test-code":{"insertions":2,"deletions":1}}},{"hash":"c9d3a462a327d058d3e5c868df716ca9c054da04","isMergeCommit":false,"messageTitle":"Change displayed date format to \"d mmm yyyy\" and edit JUnit tests","messageBody":"","fileTypesAndContributionMap":{"functional-code":{"insertions":24,"deletions":6},"test-code":{"insertions":160,"deletions":144}}},{"hash":"64318dd3bf6dc621d324143b5d9290b5b782c1b6","isMergeCommit":true,"messageTitle":"Merge branch \u0027master\u0027 of https://github.com/AY2223S2-CS2113-T14-3/tp","messageBody":"","fileTypesAndContributionMap":{}}]},{"date":"2023-03-26","commitResults":[{"hash":"629f3aa33845da0ec9f62c760445c9dc609851cc","isMergeCommit":true,"messageTitle":"Merge pull request #59 from TzeLoong/paseredit-improvements","messageBody":"Add developer\u0027s guide for parseredit","fileTypesAndContributionMap":{}},{"hash":"ea02428622a0005a1b60d381a33cec770530a626","isMergeCommit":true,"messageTitle":"Merge branch \u0027master\u0027 of https://github.com/AY2223S2-CS2113-T14-3/tp","messageBody":"","fileTypesAndContributionMap":{}}]},{"date":"2023-03-27","commitResults":[{"hash":"df5ad2211fbd5501133c53f134854568b325a0a5","isMergeCommit":true,"messageTitle":"Merge pull request #60 from Chick3nBoy/viewCommand","messageBody":"Add tabulation function for viewtype and viewdate","fileTypesAndContributionMap":{}},{"hash":"e7e45f7f42aa8484df64d20346eb64e32adbff16","isMergeCommit":true,"messageTitle":"Merge branch \u0027master\u0027 of https://github.com/AY2223S2-CS2113-T14-3/tp","messageBody":"","fileTypesAndContributionMap":{}},{"hash":"0136803a00c83749fc79200056a4e8766a3b6d69","isMergeCommit":false,"messageTitle":"Fix style for expenditure categories in developer guide","messageBody":"","fileTypesAndContributionMap":{"docs":{"insertions":8,"deletions":0}}},{"hash":"cf647ff41a6b1f8354f73cf1b7eb89181e771c18","isMergeCommit":true,"messageTitle":"Merge branch \u0027master\u0027 into developerguide","messageBody":"","fileTypesAndContributionMap":{}}]},{"date":"2023-03-28","commitResults":[{"hash":"aab3bbcce6afe39561caae0f02acea2b813621f8","isMergeCommit":false,"messageTitle":"Add command component to the developer guide","messageBody":"","fileTypesAndContributionMap":{"functional-code":{"insertions":6,"deletions":6},"docs":{"insertions":49,"deletions":10}}},{"hash":"501fb3264596267056a47e3b0cab94afad7d6e84","isMergeCommit":false,"messageTitle":"Edit format for Expenditure Categories","messageBody":"","fileTypesAndContributionMap":{"docs":{"insertions":1,"deletions":1}}},{"hash":"446d9ef8b04e373868106a68524abc15f88937c8","isMergeCommit":false,"messageTitle":"Edit format for Expenditure Categories","messageBody":"","fileTypesAndContributionMap":{"docs":{"insertions":3,"deletions":1}}},{"hash":"2e5b2d62064b8a4c63f0e4bd9ffa35746afec83e","isMergeCommit":false,"messageTitle":"Edit format for developer guide","messageBody":"","fileTypesAndContributionMap":{"docs":{"insertions":4,"deletions":2}}},{"hash":"753f425ddf600d35029fc42cb46aa20c14b663e7","isMergeCommit":true,"messageTitle":"Merge pull request #63 from TzeLoong/Update-and-bug-fixes","messageBody":"Update Helpmessage","fileTypesAndContributionMap":{}},{"hash":"89f10ec3e7df6e038d41f26fb36d84aab7f92a52","isMergeCommit":true,"messageTitle":"Merge pull request #65 from Chick3nBoy/viewCommand","messageBody":"Add architure design to DG","fileTypesAndContributionMap":{}},{"hash":"8f94de651c48c63bccb0eecb2764f2067b1d7c1d","isMergeCommit":true,"messageTitle":"Merge branch \u0027master\u0027 of https://github.com/AY2223S2-CS2113-T14-3/tp","messageBody":"","fileTypesAndContributionMap":{}}]},{"date":"2023-03-29","commitResults":[{"hash":"250de2f384c0d05f0abde8b2e7f2bfdfca7acd40","isMergeCommit":true,"messageTitle":"Merge branch \u0027master\u0027 into developerguide","messageBody":"","fileTypesAndContributionMap":{}},{"hash":"6e95fef77a731d0e78f1ddd9766705ec475e0679","isMergeCommit":true,"messageTitle":"Merge branch \u0027master\u0027 of https://github.com/AY2223S2-CS2113-T14-3/tp","messageBody":"","fileTypesAndContributionMap":{}},{"hash":"ce959eb2ae198040282dec9d36346fe68b82470e","isMergeCommit":true,"messageTitle":"Merge branch \u0027master\u0027 into developerguide","messageBody":"","fileTypesAndContributionMap":{}},{"hash":"f50c50b69edc03fe8c1ad953ddeceaf155b7bd9c","isMergeCommit":false,"messageTitle":"Add 4.1 Add Expenditure Command section","messageBody":"","fileTypesAndContributionMap":{"docs":{"insertions":38,"deletions":1}}},{"hash":"e832a327711eadfefffd4cc996ba746db129735b","isMergeCommit":false,"messageTitle":"Add command cheat sheet","messageBody":"","fileTypesAndContributionMap":{"docs":{"insertions":45,"deletions":1}}},{"hash":"58eb2d63e38af5af99594215963150b9ff32fae0","isMergeCommit":true,"messageTitle":"Merge pull request #67 from itszhixuan/master","messageBody":"Update manual testing instructions in DG","fileTypesAndContributionMap":{}},{"hash":"73db8973b76b90ad02323e252d834e05e23c691b","isMergeCommit":true,"messageTitle":"Merge pull request #69 from Chick3nBoy/master","messageBody":"Update architecture diagram","fileTypesAndContributionMap":{}},{"hash":"00fcf43639548a6575ce26e34bc3eb5c1564e671","isMergeCommit":true,"messageTitle":"Merge branch \u0027master\u0027 of https://github.com/AY2223S2-CS2113-T14-3/tp","messageBody":"","fileTypesAndContributionMap":{}},{"hash":"a5ffa0861189cd7a031cba8933e9cfa574f838c0","isMergeCommit":false,"messageTitle":"Add SortCommand.java to test the sorting command","messageBody":"","fileTypesAndContributionMap":{"test-code":{"insertions":136,"deletions":0}}}]},{"date":"2023-03-30","commitResults":[{"hash":"c606d6bc28c5efb96472555bd89700dffbf1fd72","isMergeCommit":true,"messageTitle":"Merge pull request #72 from TzeLoong/ImproveUI","messageBody":"ImplementErrorMessages","fileTypesAndContributionMap":{}},{"hash":"51d98c210d039447c4c250fb51cee77186595f60","isMergeCommit":false,"messageTitle":"Update help message","messageBody":"","fileTypesAndContributionMap":{"functional-code":{"insertions":31,"deletions":2}}},{"hash":"4893da4bbd7bc7e9ffedad85a67a23c8e84fe862","isMergeCommit":false,"messageTitle":"Fix code style and build jar file for v2.0","messageBody":"","fileTypesAndContributionMap":{"functional-code":{"insertions":31,"deletions":35}}},{"hash":"12c169b4ab991a2d549761120feb1c63c7c3ae72","isMergeCommit":true,"messageTitle":"Merge pull request #73 from dsicol/master","messageBody":"Improve code style and build jar file for v2.0","tags":["v2.0"],"fileTypesAndContributionMap":{}}]},{"date":"2023-03-31","commitResults":[{"hash":"fec3179fd9be71b0bcbc31590d8a52b21a7a9545","isMergeCommit":false,"messageTitle":"Update userguide with latest command features","messageBody":"","fileTypesAndContributionMap":{"docs":{"insertions":200,"deletions":15}}},{"hash":"aaa6ae80ba8b3ae5bb5ed62f4bb486b67afe92f2","isMergeCommit":true,"messageTitle":"Merge pull request #78 from dsicol/userguide","messageBody":"Update userguide with latest command features","fileTypesAndContributionMap":{}}]},{"date":"2023-04-02","commitResults":[{"hash":"bf50c51dee053a93356fff62b1915c054388da4e","isMergeCommit":true,"messageTitle":"Merge pull request #111 from Chick3nBoy/master","messageBody":"Update UG","fileTypesAndContributionMap":{}}]}]},"authorFileTypeContributionMap":{"itszhixuan":{"docs":427,"functional-code":627,"test-code":258,"other":1},"Chick3nBoy":{"docs":44,"functional-code":276,"test-code":121},"TzeLoong":{"docs":245,"functional-code":396,"test-code":240},"dsicol":{"docs":361,"functional-code":1241,"test-code":739}},"authorContributionVariance":{"itszhixuan":14786.372,"Chick3nBoy":2733.3765,"TzeLoong":29312.887,"dsicol":34490.598},"authorDisplayNameMap":{"itszhixuan":"CS2113-T14-3 LEE ..XUAN","Chick3nBoy":"CS2113-T14-3 LEON..CHAO","TzeLoong":"CS2113-T14-3 TAN ..OONG","dsicol":"CS2113-T14-3 LEO ..RREN"}}
