{"authorDailyContributionsMap":{"calebcjl":[{"date":"2023-03-12","commitResults":[{"hash":"b1a756bc23b9b6c7a6a84558160242e50a091f12","isMergeCommit":false,"messageTitle":"Add basic features and create new classes for exercise and workout","messageBody":"Features added:\n1. Start a new workout\n2. Add exercises to current workout\n3. End current workout\n4. Exit program command\n","fileTypesAndContributionMap":{"functional-code":{"insertions":118,"deletions":9}}}]},{"date":"2023-03-14","commitResults":[{"hash":"21c0a294df5abdf21f1840b7a4571d83d39fef16","isMergeCommit":true,"messageTitle":"Merge branch \u0027master\u0027 of https://github.com/AY2223S2-CS2113-T14-1/tp","messageBody":"# Conflicts:\n#\tsrc/main/java/seedu/duke/Duke.java\n","fileTypesAndContributionMap":{}},{"hash":"d0dc3500be11e2a0dd4394c91a91cde0e65ce8d6","isMergeCommit":true,"messageTitle":"Merge pull request #3 from calebcjl/master","messageBody":"Add basic features and create new classes for exercise and workout","fileTypesAndContributionMap":{}}]},{"date":"2023-03-15","commitResults":[{"hash":"c3142a939164fa862335ec0416d2e356666edcaa","isMergeCommit":false,"messageTitle":"Fix gradle errors","messageBody":"","fileTypesAndContributionMap":{"functional-code":{"insertions":5,"deletions":8}}},{"hash":"c646578c4fd24ce323695dab2209150ef2ca82cc","isMergeCommit":false,"messageTitle":"Fix text-ui-test","messageBody":"","fileTypesAndContributionMap":{"functional-code":{"insertions":4,"deletions":2}}},{"hash":"48aab90a766a7c4aebe556eb7c1795c6461553e1","isMergeCommit":true,"messageTitle":"Merge pull request #5 from calebcjl/master","messageBody":"Fix gradle errors","fileTypesAndContributionMap":{}}]},{"date":"2023-03-16","commitResults":[{"hash":"c9bc716b3ac4313c77d8abeb0781b22050df820c","isMergeCommit":false,"messageTitle":"Refactor code for more OOP","messageBody":"","fileTypesAndContributionMap":{"functional-code":{"insertions":275,"deletions":118},"test-code":{"insertions":1,"deletions":6}}},{"hash":"11821abaf769fcc65f37ffcb5dabb69e63727274","isMergeCommit":true,"messageTitle":"Merge pull request #7 from calebcjl/master","messageBody":"Refactor code for more OOP","fileTypesAndContributionMap":{}},{"hash":"7dd3c1b3491dcdfa07926ccd1d29fa47cbf78206","isMergeCommit":true,"messageTitle":"Merge branch \u0027master\u0027 of https://github.com/AY2223S2-CS2113-T14-1/tp","messageBody":"","fileTypesAndContributionMap":{}},{"hash":"6d41b2f0f129f99c583a04c41894510ff55bfd4d","isMergeCommit":false,"messageTitle":"Fix checkstyle errors","messageBody":"","fileTypesAndContributionMap":{"functional-code":{"insertions":9,"deletions":11}}}]},{"date":"2023-03-19","commitResults":[{"hash":"8baaccfd5e5ed5160657c171a5311610dc9d41d7","isMergeCommit":false,"messageTitle":"Add AddCommandTest","messageBody":"","fileTypesAndContributionMap":{"functional-code":{"insertions":3,"deletions":0},"test-code":{"insertions":35,"deletions":0}}},{"hash":"92e4ccbc19f9aa177db38ee2b70d2e7c52a4717e","isMergeCommit":true,"messageTitle":"Merge branch \u0027master\u0027 of https://github.com/calebcjl/tp","messageBody":"# Conflicts:\n#\tsrc/main/java/seedu/commands/ListCommand.java\n#\tsrc/main/java/seedu/parser/Parser.java\n","fileTypesAndContributionMap":{}}]},{"date":"2023-03-20","commitResults":[{"hash":"f48c1871c72eb3fa21a890663f0d18ada84ce216","isMergeCommit":true,"messageTitle":"Merge branch \u0027master\u0027 of https://github.com/AY2223S2-CS2113-T14-1/tp","messageBody":"","fileTypesAndContributionMap":{}},{"hash":"5300eb9d481711f7cc115365c1cda11ac48186ca","isMergeCommit":false,"messageTitle":"Add user guide","messageBody":"","fileTypesAndContributionMap":{"docs":{"insertions":85,"deletions":24}}},{"hash":"c8d547e6aef29cf54e12d49950259eec20a7ca53","isMergeCommit":true,"messageTitle":"Merge pull request #18 from calebcjl/branch-UserGuide","messageBody":"Add user guide","tags":["v1.0"],"fileTypesAndContributionMap":{}}]},{"date":"2023-03-23","commitResults":[{"hash":"ac89531035a2835a90c0eb1cd6a1d67289062289","isMergeCommit":true,"messageTitle":"Merge branch \u0027master\u0027 of https://github.com/AY2223S2-CS2113-T14-1/tp","messageBody":"","fileTypesAndContributionMap":{}},{"hash":"e4df581894fbf70d7d906bc511e2c22d3be7f3f5","isMergeCommit":false,"messageTitle":"Add add component to developer guide","messageBody":"Created AddExercise UML\n","fileTypesAndContributionMap":{"docs":{"insertions":47,"deletions":10}}},{"hash":"9ab8dc22fe68c64510bd7af448f96851fd32ef54","isMergeCommit":true,"messageTitle":"Merge branch \u0027master\u0027 of https://github.com/AY2223S2-CS2113-T14-1/tp into branch-DevGuide-Add","messageBody":"# Conflicts:\n#\tdocs/AboutUs.md\n","fileTypesAndContributionMap":{}},{"hash":"631e226882a33c045e435b2a97b91976291c904f","isMergeCommit":true,"messageTitle":"Merge pull request #22 from calebcjl/branch-DevGuide-Add","messageBody":"Add developer guide for add feature","fileTypesAndContributionMap":{}}]},{"date":"2023-03-27","commitResults":[{"hash":"5357ed11ca1c4a2f4c508b3ba94888cd5c8a0b50","isMergeCommit":true,"messageTitle":"Merge branch \u0027master\u0027 of https://github.com/AY2223S2-CS2113-T14-1/tp","messageBody":"","fileTypesAndContributionMap":{}},{"hash":"e5b4149da72229c887969e869483d11347c5a5df","isMergeCommit":false,"messageTitle":"Add add calorie feature and refactor commands into packages","messageBody":"Classes added:\n1. CalorieTracker\n2. FoodList\n3. AddCalorieCommaand\n","fileTypesAndContributionMap":{"functional-code":{"insertions":198,"deletions":52},"other":{"insertions":75,"deletions":68},"test-code":{"insertions":6,"deletions":0}}},{"hash":"baf33db0a1b3acc443fbacdf2d9b3326cf14ca9f","isMergeCommit":true,"messageTitle":"Merge pull request #26 from calebcjl/branch-CalorieTracker-Add","messageBody":"Add add calories feature","fileTypesAndContributionMap":{}}]},{"date":"2023-03-28","commitResults":[{"hash":"bad280a32bf2ce0c2762a779609558bed8223a52","isMergeCommit":true,"messageTitle":"Merge pull request #29 from ZIZI-czh/new-brach-after-conflict","messageBody":"Solve merge conflict and refactor, add more checking for input","fileTypesAndContributionMap":{}},{"hash":"529ea2231a59c212e77f1067999061699a03b96b","isMergeCommit":true,"messageTitle":"Merge branch \u0027master\u0027 of https://github.com/AY2223S2-CS2113-T14-1/tp into branch-CalorieTracker-View","messageBody":"","fileTypesAndContributionMap":{}},{"hash":"16eb23da8a69f45e1398ad38f82356dc11d0eed4","isMergeCommit":false,"messageTitle":"Add view calorie feature","messageBody":"","fileTypesAndContributionMap":{"functional-code":{"insertions":69,"deletions":58},"other":{"insertions":4,"deletions":6},"test-code":{"insertions":7,"deletions":7}}},{"hash":"1dfba7444f716d02bca0b88cad670c543620ad11","isMergeCommit":false,"messageTitle":"Add exceptions and classes for invalid user input","messageBody":"","fileTypesAndContributionMap":{"functional-code":{"insertions":1,"deletions":18},"other":{"insertions":53,"deletions":49}}},{"hash":"0dc3377a98b0dbfa47d23a13ce30adabf5851ad1","isMergeCommit":false,"messageTitle":"Add exceptions and classes for invalid user input","messageBody":"","fileTypesAndContributionMap":{"functional-code":{"insertions":235,"deletions":179},"test-code":{"insertions":37,"deletions":49}}},{"hash":"35012a088683345e1dd4283cce192aeaf2c08b16","isMergeCommit":true,"messageTitle":"Merge branch \u0027master\u0027 of https://github.com/AY2223S2-CS2113-T14-1/tp into branch-CalorieTracker-View","messageBody":"# Conflicts:\n#\tsrc/main/java/seedu/Exercise.java\n#\tsrc/main/java/seedu/Workout.java\n#\tsrc/main/java/seedu/WorkoutList.java\n#\tsrc/main/java/seedu/commands/Command.java\n#\tsrc/main/java/seedu/commands/workoutcommands/AddWorkoutCommand.java\n#\tsrc/main/java/seedu/commands/workoutcommands/DeleteWorkoutCommand.java\n#\tsrc/main/java/seedu/commands/workoutcommands/EndWorkoutCommand.java\n#\tsrc/main/java/seedu/commands/workoutcommands/ListWorkoutCommand.java\n#\tsrc/main/java/seedu/commands/workoutcommands/StartWorkoutCommand.java\n#\tsrc/main/java/seedu/commands/workoutcommands/ViewWorkoutCommand.java\n#\tsrc/main/java/seedu/duke/Duke.java\n#\tsrc/main/java/seedu/parser/CheckInputs.java\n#\tsrc/main/java/seedu/parser/Parser.java\n#\tsrc/main/java/seedu/ui/Ui.java\n#\tsrc/main/java/seedu/workout/Workout.java\n#\tsrc/main/java/seedu/workout/WorkoutList.java\n#\tsrc/test/java/seedu/commands/workoutcommands/AddWorkoutCommandTest.java\n#\tsrc/test/java/seedu/commands/workoutcommands/DeleteCommandTest.java\n#\tsrc/test/java/seedu/commands/workoutcommands/ListWorkoutCommandTest.java\n#\tsrc/test/java/seedu/workout/WorkoutTest.java\n#\tsrc/test/java/seedu/workouttracker/ExerciseTest.java\n#\tsrc/test/java/seedu/workouttracker/WorkoutListTest.java\n","fileTypesAndContributionMap":{}},{"hash":"9363c0320d051852059af92994e47151e39eb3ff","isMergeCommit":false,"messageTitle":"Refactor to correct package","messageBody":"","fileTypesAndContributionMap":{"test-code":{"insertions":0,"deletions":25}}}]},{"date":"2023-03-29","commitResults":[{"hash":"5ba626f5b64f67ac09ca2326cd817b3808459401","isMergeCommit":false,"messageTitle":"Fix WorkoutListTest bugs","messageBody":"","fileTypesAndContributionMap":{"functional-code":{"insertions":26,"deletions":19},"test-code":{"insertions":5,"deletions":5}}},{"hash":"6a279ed8f81879eefd4f83da6a4ba1d5a131c4e2","isMergeCommit":true,"messageTitle":"Merge pull request #31 from calebcjl/branch-CalorieTracker-View","messageBody":"Add view calorie feature \u0026 add exceptions","fileTypesAndContributionMap":{}},{"hash":"58944780e89bf8411fcce35209595c2b4e8068d8","isMergeCommit":true,"messageTitle":"Merge branch \u0027master\u0027 of https://github.com/AY2223S2-CS2113-T14-1/tp into branch-jUnit","messageBody":"","fileTypesAndContributionMap":{}},{"hash":"16f04498341777d7afd13da861ece75669f6cd7e","isMergeCommit":false,"messageTitle":"Update user guide for v2.0","messageBody":"","fileTypesAndContributionMap":{"docs":{"insertions":82,"deletions":30}}},{"hash":"5df3942ba3b1fa975e868812466f60f6a087a38f","isMergeCommit":true,"messageTitle":"Merge branch \u0027master\u0027 of https://github.com/AY2223S2-CS2113-T14-1/tp into branch-UserGuide-v2.0","messageBody":"# Conflicts:\n#\tdocs/UserGuide.md\n","fileTypesAndContributionMap":{}},{"hash":"ac7d265a7c36f4c72950c752585c70067ba4e51d","isMergeCommit":true,"messageTitle":"Merge pull request #35 from calebcjl/branch-UserGuide-v2.0","messageBody":"Update user guide for v2.0","tags":["v2.0"],"fileTypesAndContributionMap":{}}]}],"Richardtok":[{"date":"2023-03-02","commitResults":[{"hash":"73a46ab54d3d197f6dfc88885ff8c860ac82e064","isMergeCommit":false,"messageTitle":"Update README.md","messageBody":"","fileTypesAndContributionMap":{"docs":{"insertions":1,"deletions":1}}},{"hash":"6ebc0ce8a6366e34f2d87a0be6cd4f134e33cb1b","isMergeCommit":false,"messageTitle":"chang name","messageBody":"","fileTypesAndContributionMap":{"functional-code":{"insertions":2,"deletions":1},"docs":{"insertions":7,"deletions":7}}}]},{"date":"2023-03-07","commitResults":[{"hash":"e47cd8befe97c53cba9d6b78814c22c6fb5b1ff4","isMergeCommit":false,"messageTitle":"update about us","messageBody":"","fileTypesAndContributionMap":{"docs":{"insertions":7,"deletions":7}}}]},{"date":"2023-03-08","commitResults":[{"hash":"5334b662fe7045ef6c423b1acc608e92ecfb6182","isMergeCommit":false,"messageTitle":"Changes User guide a little","messageBody":"","fileTypesAndContributionMap":{"docs":{"insertions":4,"deletions":4}}},{"hash":"25702790a6a0d646da3f655ea142f33fd79c6950","isMergeCommit":false,"messageTitle":"Trying to make a new pull request","messageBody":"","fileTypesAndContributionMap":{"docs":{"insertions":2,"deletions":1}}}]},{"date":"2023-03-14","commitResults":[{"hash":"a2fcad4c0e862fcc9f0656bb310265b171ed1c9e","isMergeCommit":false,"messageTitle":"test","messageBody":"","fileTypesAndContributionMap":{"functional-code":{"insertions":141,"deletions":13}}},{"hash":"0a06ce2485a196d9884b6e3306cc8bfa7dcbabe3","isMergeCommit":true,"messageTitle":"Merge branch \u0027master\u0027 of https://github.com/AY2223S2-CS2113-T14-1/tp","messageBody":"# Conflicts:\n#\tsrc/main/java/seedu/duke/Duke.java\n","fileTypesAndContributionMap":{}}]},{"date":"2023-03-15","commitResults":[{"hash":"95d9bc92c92e985699d96c5b81626ef14dba5803","isMergeCommit":true,"messageTitle":"Merge branch \u0027master\u0027 of https://github.com/AY2223S2-CS2113-T14-1/tp","messageBody":"# Conflicts:\n#\tsrc/main/java/seedu/duke/Duke.java\n","fileTypesAndContributionMap":{}}]},{"date":"2023-03-16","commitResults":[{"hash":"2f9ab5fd6f6ee4bc2049f784601be115f0755d4a","isMergeCommit":true,"messageTitle":"added view function","messageBody":"","fileTypesAndContributionMap":{}},{"hash":"65adeac40ee5d084caffc30e1383cf10f3db2a6e","isMergeCommit":true,"messageTitle":"Merge branch \u0027master\u0027 of https://github.com/AY2223S2-CS2113-T14-1/tp","messageBody":"# Conflicts:\n#\tsrc/main/java/seedu/parser/Parser.java\n#\tsrc/main/java/seedu/workout/WorkoutList.java\n","fileTypesAndContributionMap":{}}]},{"date":"2023-03-21","commitResults":[{"hash":"3bfa376577252aa48e29df05234e766d872477a9","isMergeCommit":true,"messageTitle":"Edited the UserGuide","messageBody":"","fileTypesAndContributionMap":{}}]},{"date":"2023-03-22","commitResults":[{"hash":"ce8cc554b825ab2d26e61847e980dbf559e4e5b3","isMergeCommit":false,"messageTitle":"Upaate UI and view","messageBody":"","fileTypesAndContributionMap":{"functional-code":{"insertions":60,"deletions":4},"docs":{"insertions":6,"deletions":6}}},{"hash":"9f5eb25a08789e8622b43efc53ab835c2a11a878","isMergeCommit":false,"messageTitle":"Update UG,Added View, Update UI, Added Help function","messageBody":"","fileTypesAndContributionMap":{"functional-code":{"insertions":53,"deletions":17},"docs":{"insertions":10,"deletions":0}}},{"hash":"d7440cdd3df2bb717d2289f404f7dbe224ccfb33","isMergeCommit":true,"messageTitle":"Merge branch \u0027master\u0027 of https://github.com/Richardtok/tp","messageBody":"# Conflicts:\n#\tdocs/AboutUs.md\n#\tdocs/UserGuide.md\n#\tsrc/main/java/seedu/commands/ListCommand.java\n#\tsrc/main/java/seedu/parser/Parser.java\n#\tsrc/main/java/seedu/workout/Workout.java\n#\tsrc/main/java/seedu/workout/WorkoutList.java\n","fileTypesAndContributionMap":{}}]},{"date":"2023-03-23","commitResults":[{"hash":"a03290496aab6bb51396d94b33518c36698d025f","isMergeCommit":true,"messageTitle":"Solving conflicts","messageBody":"","fileTypesAndContributionMap":{}},{"hash":"4b34ff8af9b445deffc1f6a0f67892d1ce8617ed","isMergeCommit":false,"messageTitle":"CheckStyle","messageBody":"","fileTypesAndContributionMap":{"functional-code":{"insertions":22,"deletions":22}}},{"hash":"308a1db5094a5b38bf69de239073a5f6c3becbee","isMergeCommit":true,"messageTitle":"Merge pull request #9 from Richardtok/master","messageBody":"Added View Function","fileTypesAndContributionMap":{}}]},{"date":"2023-03-28","commitResults":[{"hash":"0689b0c915608f64f0a81a37eec9e53149c923ec","isMergeCommit":false,"messageTitle":"commit","messageBody":"","fileTypesAndContributionMap":{"docs":{"insertions":1,"deletions":0}}},{"hash":"ce436867b0525f2f3110987eced16b2292a44875","isMergeCommit":true,"messageTitle":"Merge branch \u0027master\u0027 of https://github.com/AY2223S2-CS2113-T14-1/tp","messageBody":"","fileTypesAndContributionMap":{}}]},{"date":"2023-03-29","commitResults":[{"hash":"407a0f48539d38f4b31468858a3801928adbc2ba","isMergeCommit":false,"messageTitle":"temp","messageBody":"","fileTypesAndContributionMap":{"functional-code":{"insertions":1,"deletions":3}}},{"hash":"a9bb5d16eac74551648e7ae5cff313575d3390e7","isMergeCommit":true,"messageTitle":"update userguide and helpcommand","messageBody":"","fileTypesAndContributionMap":{}},{"hash":"606d276c68fc6275f288cc2baebe80e48f2ca6e7","isMergeCommit":true,"messageTitle":"Merge branch \u0027master\u0027 of https://github.com/AY2223S2-CS2113-T14-1/tp","messageBody":"","fileTypesAndContributionMap":{}},{"hash":"f46b143d7e7cc19e04e0b68cb9c1613afed93570","isMergeCommit":false,"messageTitle":"Update VIew DG","messageBody":"","fileTypesAndContributionMap":{"docs":{"insertions":14,"deletions":5}}},{"hash":"53564c9b58e53a15f9692d5e2ef1fc3d14369756","isMergeCommit":true,"messageTitle":"Merge branch \u0027master\u0027 of https://github.com/AY2223S2-CS2113-T14-1/tp","messageBody":"","fileTypesAndContributionMap":{}},{"hash":"99c892e0f709982b52a0877e010d0f1fe3e8f8cc","isMergeCommit":false,"messageTitle":"checkstyle","messageBody":"","fileTypesAndContributionMap":{"test-code":{"insertions":1,"deletions":1}}},{"hash":"724de9807199ead0bf1250f7f075de9ee4d0c4d9","isMergeCommit":true,"messageTitle":"Merge pull request #33 from Richardtok/master","messageBody":"Updated VIew DG and UG","fileTypesAndContributionMap":{}}]},{"date":"2023-04-05","commitResults":[{"hash":"a902eca67f6502fabb14fdaae2181d7fed1b0820","isMergeCommit":true,"messageTitle":"Merge pull request #79 from ZIZI-czh/try-modify-calories-function","messageBody":"Add in the feature in date and add for calories","fileTypesAndContributionMap":{}}]}],"ZIZI-czh":[{"date":"2023-03-16","commitResults":[{"hash":"9a790ce20dbf3b11e05732d516a7f889fcaefe11","isMergeCommit":false,"messageTitle":"Add in the feature \"list\"","messageBody":"","fileTypesAndContributionMap":{"functional-code":{"insertions":46,"deletions":9}}},{"hash":"3b3271f98c7b1caac3c1e18afb1b8cf5c7234e5b","isMergeCommit":false,"messageTitle":"Add in comments for listCommand file","messageBody":"","fileTypesAndContributionMap":{"functional-code":{"insertions":3,"deletions":0}}},{"hash":"908e43cd35858edfd9d42041a988d58a6fb45938","isMergeCommit":false,"messageTitle":"Clean the code","messageBody":"","fileTypesAndContributionMap":{"functional-code":{"insertions":9,"deletions":9}}},{"hash":"8a70b271b1b3c0608925086d9765c560b91d63f5","isMergeCommit":false,"messageTitle":"remove redundant definition","messageBody":"","fileTypesAndContributionMap":{"functional-code":{"insertions":0,"deletions":2}}},{"hash":"722d9aa4f1d570d94baa49c657fdfb8cf89b5e68","isMergeCommit":false,"messageTitle":"Solve pull request issue","messageBody":"","fileTypesAndContributionMap":{"functional-code":{"insertions":4,"deletions":1}}},{"hash":"fdc788793fc945862cf8ef40c93965b677ae1e67","isMergeCommit":false,"messageTitle":"correct minor error","messageBody":"","fileTypesAndContributionMap":{"functional-code":{"insertions":1,"deletions":2}}},{"hash":"8a47385d152162068c3160401aafd694ca9b60cd","isMergeCommit":false,"messageTitle":"add space end of code","messageBody":"","fileTypesAndContributionMap":{"functional-code":{"insertions":3,"deletions":0}}},{"hash":"0f4ba6e27e1bc9caa4d34133673aeab2ea49ce91","isMergeCommit":false,"messageTitle":"Simply the date format","messageBody":"","fileTypesAndContributionMap":{"functional-code":{"insertions":14,"deletions":9},"test-code":{"insertions":1,"deletions":1}}},{"hash":"9b2c4e2261076f647e1ef77ea4d692bb84c5ab22","isMergeCommit":false,"messageTitle":"clean the code","messageBody":"","fileTypesAndContributionMap":{"functional-code":{"insertions":1,"deletions":4}}}]},{"date":"2023-03-18","commitResults":[{"hash":"636d43556c00aa81b854f35992c087bf2ec68046","isMergeCommit":false,"messageTitle":"change back to the original date format","messageBody":"","fileTypesAndContributionMap":{"functional-code":{"insertions":11,"deletions":13},"test-code":{"insertions":1,"deletions":1}}},{"hash":"aa02a41b333b8371abb10bfac5c49a2c15cc0934","isMergeCommit":true,"messageTitle":"solve conflict","messageBody":"","fileTypesAndContributionMap":{}},{"hash":"d30bcb537f83924da3e63a30b4be579c79ceb772","isMergeCommit":true,"messageTitle":"Merge pull request #11 from ZIZI-czh/master","messageBody":"clean code and change gitignore file","fileTypesAndContributionMap":{}},{"hash":"4937d4df63f67d4f81ce0de008bf518ef0c7f710","isMergeCommit":false,"messageTitle":"Add in assertion to test the function of list","messageBody":"","fileTypesAndContributionMap":{"functional-code":{"insertions":8,"deletions":9},"test-code":{"insertions":68,"deletions":0}}},{"hash":"158d29acd42b9b2ce3246a4209823c22b06dcfcd","isMergeCommit":false,"messageTitle":"codeStyle","messageBody":"","fileTypesAndContributionMap":{"functional-code":{"insertions":9,"deletions":1}}},{"hash":"de978fc449403617ba36c70305df2070e8380fbd","isMergeCommit":false,"messageTitle":"codeStyle for test files","messageBody":"","fileTypesAndContributionMap":{"test-code":{"insertions":2,"deletions":7}}},{"hash":"68737dc45adf1d021dbe62f40bea482ad1ab55ac","isMergeCommit":false,"messageTitle":"Change date format","messageBody":"","fileTypesAndContributionMap":{"test-code":{"insertions":1,"deletions":1}}},{"hash":"1245a1841ddfbafb5d2a036386fa42db3fec1496","isMergeCommit":false,"messageTitle":"uodate date format","messageBody":"","fileTypesAndContributionMap":{"test-code":{"insertions":1,"deletions":1}}},{"hash":"bb92abe2720a94743bd6832c84064a2f8279767f","isMergeCommit":false,"messageTitle":"change the input data","messageBody":"","fileTypesAndContributionMap":{"test-code":{"insertions":1,"deletions":1}}},{"hash":"c6e68decfbda715bfa362a15954e15b2791cef2c","isMergeCommit":false,"messageTitle":"time zone","messageBody":"","fileTypesAndContributionMap":{"test-code":{"insertions":1,"deletions":1}}},{"hash":"168e961cd449bce0c613a77a56dde104268414f6","isMergeCommit":false,"messageTitle":"change the format for date to avoid time zone issue","messageBody":"","fileTypesAndContributionMap":{"functional-code":{"insertions":4,"deletions":1},"test-code":{"insertions":1,"deletions":1}}},{"hash":"e6bc56c45078cb6553e88f57c4e962fdc19dab36","isMergeCommit":false,"messageTitle":"solve the bug","messageBody":"","fileTypesAndContributionMap":{"test-code":{"insertions":4,"deletions":4}}},{"hash":"819ab26a8fb04eace1c2a861c7cd66eac84708ca","isMergeCommit":false,"messageTitle":"debug","messageBody":"","fileTypesAndContributionMap":{"test-code":{"insertions":2,"deletions":2}}},{"hash":"c3af244d57020298642435ce8d0384b6e6ffaa46","isMergeCommit":false,"messageTitle":"remove space","messageBody":"","fileTypesAndContributionMap":{"test-code":{"insertions":4,"deletions":3}}}]},{"date":"2023-03-19","commitResults":[{"hash":"8e44e5c36c9e92356d7f603866c98e1cad9a05e8","isMergeCommit":true,"messageTitle":"Merge pull request #14 from guillaume-grn/master","messageBody":"Add RemoveWorkout test","fileTypesAndContributionMap":{}},{"hash":"3e0b96c67f0dda7fe79e8721c439fec7fc5cba86","isMergeCommit":true,"messageTitle":"Merge pull request #15 from calebcjl/master","messageBody":"Add AddCommandTest","fileTypesAndContributionMap":{}},{"hash":"5fec0d0a3f77946ce6fbefc271d0b9a5aeee3c87","isMergeCommit":true,"messageTitle":"Update the test file","messageBody":"","fileTypesAndContributionMap":{}},{"hash":"5751bf6b67fd8dc3ff0d2a44569f6b799621162d","isMergeCommit":false,"messageTitle":"update listCommandTest","messageBody":"","fileTypesAndContributionMap":{"functional-code":{"insertions":1,"deletions":11},"test-code":{"insertions":1,"deletions":1}}},{"hash":"4b01c057075b1af1cec13880901fb63f4a182de6","isMergeCommit":false,"messageTitle":"solve pull request problem","messageBody":"","fileTypesAndContributionMap":{"test-code":{"insertions":3,"deletions":3}}},{"hash":"c2349bb605dfd11a1c99d7f1fd545fa056256313","isMergeCommit":false,"messageTitle":"Add in comments for all the methods","messageBody":"","fileTypesAndContributionMap":{"functional-code":{"insertions":15,"deletions":1},"test-code":{"insertions":5,"deletions":0}}}]},{"date":"2023-03-22","commitResults":[{"hash":"eb0e8e5d41630cadb290276be9936913f8b724d1","isMergeCommit":false,"messageTitle":"Update developerGuide.md","messageBody":"","fileTypesAndContributionMap":{"docs":{"insertions":95,"deletions":10}}},{"hash":"d34a6f28de309ab1782b5b41e6ee163208f08134","isMergeCommit":true,"messageTitle":"Merge pull request #13 from ZIZI-czh/master","messageBody":"Add test case for list command","fileTypesAndContributionMap":{}}]},{"date":"2023-03-28","commitResults":[{"hash":"dc2b576735ac13ec876f4c7272fcfce418551b95","isMergeCommit":false,"messageTitle":"try to solve conflict","messageBody":"","fileTypesAndContributionMap":{"functional-code":{"insertions":112,"deletions":9},"docs":{"insertions":11,"deletions":0},"test-code":{"insertions":125,"deletions":39}}},{"hash":"303f655e97998dbd8d6635eacaa823c5aa233131","isMergeCommit":false,"messageTitle":"solve conflict","messageBody":"","fileTypesAndContributionMap":{"functional-code":{"insertions":71,"deletions":32}}},{"hash":"74311423f19dac5f2f91688e24279d052fdacb4d","isMergeCommit":false,"messageTitle":"Solve the merge conflict","messageBody":"","fileTypesAndContributionMap":{"functional-code":{"insertions":257,"deletions":213},"test-code":{"insertions":25,"deletions":85}}},{"hash":"62a0cb2c64d4f6483b956a7ccc90d214710527a3","isMergeCommit":false,"messageTitle":"solve the compile error","messageBody":"","fileTypesAndContributionMap":{"test-code":{"insertions":10,"deletions":5}}}]},{"date":"2023-03-30","commitResults":[{"hash":"712adf377a531671b7cf2194cae99af3d3ced78f","isMergeCommit":false,"messageTitle":"solve conflict","messageBody":"","fileTypesAndContributionMap":{"functional-code":{"insertions":206,"deletions":12},"test-code":{"insertions":15,"deletions":8}}},{"hash":"1390bf87fbce1e4012183f436edaad3556fb027c","isMergeCommit":false,"messageTitle":"edit code style","messageBody":"","fileTypesAndContributionMap":{"functional-code":{"insertions":5,"deletions":4}}},{"hash":"7ed51d076328f0b3e5e12873a23b8a420c42aafb","isMergeCommit":false,"messageTitle":"update uml diagram for list feature","messageBody":"","fileTypesAndContributionMap":{"docs":{"insertions":35,"deletions":0}}},{"hash":"05e9051238f02a7fae94b3cec062b65445d358ed","isMergeCommit":false,"messageTitle":"edit the uml diagram","messageBody":"","fileTypesAndContributionMap":{"docs":{"insertions":11,"deletions":0}}},{"hash":"eb969518a46503742ce6cad363122ffac5f7c9d8","isMergeCommit":false,"messageTitle":"debug the test","messageBody":"","fileTypesAndContributionMap":{"functional-code":{"insertions":6,"deletions":5},"test-code":{"insertions":6,"deletions":4}}},{"hash":"2473b8a63391fc7aa03075e22412cb247ec0ee86","isMergeCommit":false,"messageTitle":"change the command and diagram","messageBody":"","fileTypesAndContributionMap":{"functional-code":{"insertions":9,"deletions":9}}}]},{"date":"2023-04-02","commitResults":[{"hash":"180efdecd5e416c95525e7bddd6ff639a641b0cd","isMergeCommit":false,"messageTitle":"add in workout name for the days","messageBody":"","fileTypesAndContributionMap":{"functional-code":{"insertions":473,"deletions":183}}}]},{"date":"2023-04-03","commitResults":[{"hash":"0d26711d875717582cc7bfa6dc450ea943474dc0","isMergeCommit":false,"messageTitle":"Modify the function which allow users to input workout name for the day and the exercises for each output. Update the test as well","messageBody":"","fileTypesAndContributionMap":{"functional-code":{"insertions":173,"deletions":256},"test-code":{"insertions":266,"deletions":131}}},{"hash":"b66b97b8bc827a425a52fbd5bc64c00467c8ea3b","isMergeCommit":false,"messageTitle":"Updated deleteTest","messageBody":"","fileTypesAndContributionMap":{"functional-code":{"insertions":3,"deletions":3}}},{"hash":"196ce7374637b01d81996a666380d22c7238facc","isMergeCommit":true,"messageTitle":"Merge branch \u0027master\u0027 into updated-version-of-workout-merged","messageBody":"","fileTypesAndContributionMap":{}},{"hash":"69d11c10ab98f5ed197b7e69b75a564deaad0267","isMergeCommit":false,"messageTitle":"edit workoutlist","messageBody":"","fileTypesAndContributionMap":{"functional-code":{"insertions":3,"deletions":3}}},{"hash":"e2538a4251cca98af33778bbc0961ab930acc211","isMergeCommit":false,"messageTitle":"change file","messageBody":"","fileTypesAndContributionMap":{"functional-code":{"insertions":3,"deletions":2}}},{"hash":"4c9b16c7b82746245a2242d78402e5dac3ff6013","isMergeCommit":true,"messageTitle":"solve-conflict","messageBody":"","fileTypesAndContributionMap":{}},{"hash":"179da28d56dbb7f8d0599dde7dda37cb0f00ff69","isMergeCommit":false,"messageTitle":"change file","messageBody":"","fileTypesAndContributionMap":{"functional-code":{"insertions":3,"deletions":3},"test-code":{"insertions":14,"deletions":42}}},{"hash":"cb5ed09ba08b17a1cebff6063868502febb33a94","isMergeCommit":false,"messageTitle":"update WorkoutList","messageBody":"","fileTypesAndContributionMap":{"functional-code":{"insertions":13,"deletions":16},"test-code":{"insertions":8,"deletions":12}}},{"hash":"28d434b168da71239721fc121b8ab811448d77b2","isMergeCommit":false,"messageTitle":"Formate workoutList and WorkoutList test","messageBody":"","fileTypesAndContributionMap":{"functional-code":{"insertions":12,"deletions":12},"test-code":{"insertions":1,"deletions":0}}},{"hash":"6c33cbf675528ebb20fcc54982e214828978f72d","isMergeCommit":false,"messageTitle":"Change ListWorkoutTest","messageBody":"","fileTypesAndContributionMap":{"test-code":{"insertions":5,"deletions":3}}},{"hash":"0f45df0121b3be4d7b350c5be92b572b4c8a45e8","isMergeCommit":false,"messageTitle":"update workoutList : show one date in list","messageBody":"","fileTypesAndContributionMap":{"test-code":{"insertions":5,"deletions":5}}},{"hash":"2efe7eac26c15c50c51d92efe99424a3b2bb14e3","isMergeCommit":false,"messageTitle":"change codeStyle for workoutList","messageBody":"","fileTypesAndContributionMap":{"test-code":{"insertions":4,"deletions":4}}}]},{"date":"2023-04-04","commitResults":[{"hash":"d5197d4b1f532672a6f0ffccfa59eec516429764","isMergeCommit":false,"messageTitle":"Update workout storage function","messageBody":"","fileTypesAndContributionMap":{"functional-code":{"insertions":275,"deletions":151},"test-code":{"insertions":14,"deletions":11}}},{"hash":"dcc976e87a3e319ee24922c231eac6179e77f4c8","isMergeCommit":false,"messageTitle":"edit list comand","messageBody":"","fileTypesAndContributionMap":{"test-code":{"insertions":5,"deletions":5}}},{"hash":"b3e4e9477e3eab06f837f89ed5bd7f2039d7eb1b","isMergeCommit":false,"messageTitle":"format the workoulistcommandtest code","messageBody":"","fileTypesAndContributionMap":{"test-code":{"insertions":4,"deletions":4}}},{"hash":"27fa09403a46ce0869649d8e2602f301e34e3c77","isMergeCommit":true,"messageTitle":"Merge pull request #76 from ZIZI-czh/updated-version-of-workout-merged","messageBody":"Updated version of workout and add in workout storage function","fileTypesAndContributionMap":{}},{"hash":"c53a2e750f0b0c76e13365240be1fdb6fecabf4e","isMergeCommit":false,"messageTitle":"Add calories storage function","messageBody":"","fileTypesAndContributionMap":{"functional-code":{"insertions":222,"deletions":32},"other":{"insertions":6,"deletions":11}}},{"hash":"b73aec12e61818361b866291e59e55059796f0d8","isMergeCommit":true,"messageTitle":"Merge pull request #78 from ZIZI-czh/new-workout-storage-branch","messageBody":"Add calories storage function","fileTypesAndContributionMap":{}}]},{"date":"2023-04-05","commitResults":[{"hash":"9b78a9a23dedd4d37459487e1bc2d5eb0450598b","isMergeCommit":false,"messageTitle":"Add in the feature in date and add, which allow the user to enter the date and for each date, add the food calories","messageBody":"","fileTypesAndContributionMap":{"functional-code":{"insertions":406,"deletions":76},"test-code":{"insertions":104,"deletions":0}}},{"hash":"105501d5cfa389cd821603f011ebe90218f7149b","isMergeCommit":false,"messageTitle":"change file in ParserTest","messageBody":"","fileTypesAndContributionMap":{"test-code":{"insertions":1,"deletions":1}}}]},{"date":"2023-04-06","commitResults":[{"hash":"1b2b58e6f34fbd58ce4e9feb46f4a8f9e36613bc","isMergeCommit":false,"messageTitle":"Add more checking for the input","messageBody":"","fileTypesAndContributionMap":{"functional-code":{"insertions":226,"deletions":116},"docs":{"insertions":63,"deletions":55}}},{"hash":"e71a539c23c0a6bd27c70f1f5664d1da26582951","isMergeCommit":false,"messageTitle":"Update the input checking","messageBody":"","fileTypesAndContributionMap":{"functional-code":{"insertions":32,"deletions":63},"docs":{"insertions":4,"deletions":4},"test-code":{"insertions":1,"deletions":1}}}]},{"date":"2023-04-07","commitResults":[{"hash":"b0a1a202baa89a788530527ab3ba923928a6df2b","isMergeCommit":false,"messageTitle":"Update Project Portfolio Page (PPP)","messageBody":"","fileTypesAndContributionMap":{"docs":{"insertions":40,"deletions":3}}},{"hash":"1766676169a0efaa036dd7a7718259d911ce3323","isMergeCommit":false,"messageTitle":"Solve Add calories bugs and delete caloriesCommand file","messageBody":"","fileTypesAndContributionMap":{"functional-code":{"insertions":84,"deletions":29}}},{"hash":"a705c6f22f6fa6fcefb65a48c8373291569c9ced","isMergeCommit":false,"messageTitle":"Solve calories add feature bugs and the coding style","messageBody":"","fileTypesAndContributionMap":{"functional-code":{"insertions":39,"deletions":102}}},{"hash":"112ad6a8ab0277ef12ae5326d7be4328423c035b","isMergeCommit":true,"messageTitle":"Merge pull request #80 from ZIZI-czh/try-modify-calories-function","messageBody":"Update Project Portfolio Page and add in input checking.","fileTypesAndContributionMap":{}}]}],"guillaume-grn":[{"date":"2023-03-09","commitResults":[{"hash":"0d240ec2ce6b52a5572b601c358e9fc639d6d9d7","isMergeCommit":false,"messageTitle":"Duke : Add delete command","messageBody":"","fileTypesAndContributionMap":{"functional-code":{"insertions":74,"deletions":13}}},{"hash":"8a1b0fef3e1c8b4e3494c85d501b925b885edb63","isMergeCommit":false,"messageTitle":"Workout : add JUnitTest","messageBody":"","fileTypesAndContributionMap":{"functional-code":{"insertions":3,"deletions":3},"other":{"insertions":7,"deletions":6},"test-code":{"insertions":28,"deletions":0}}}]},{"date":"2023-03-11","commitResults":[{"hash":"67206e27778100b6392c17050e24008852c95f93","isMergeCommit":true,"messageTitle":"Merge pull request #2 from guillaume-grn/master","messageBody":"Duke : Add delete command","fileTypesAndContributionMap":{}}]},{"date":"2023-03-19","commitResults":[{"hash":"de5c9cb4ffbbf53f551ed5cd796125e3d8cf4ba3","isMergeCommit":false,"messageTitle":"Add RemoveWorkout test","messageBody":"","fileTypesAndContributionMap":{"test-code":{"insertions":40,"deletions":0}}}]},{"date":"2023-03-23","commitResults":[{"hash":"ad27b30e13f6a447fb746ecef72fbf280b3d792e","isMergeCommit":false,"messageTitle":"DG : Add deletion mechanism description","messageBody":"","fileTypesAndContributionMap":{"docs":{"insertions":9,"deletions":1}}},{"hash":"63a64e9706642abfbec0c51520492b8e47a26c62","isMergeCommit":true,"messageTitle":"Merge pull request #21 from guillaume-grn/master","messageBody":"DG : Add deletion mechanism description","fileTypesAndContributionMap":{}}]},{"date":"2023-03-28","commitResults":[{"hash":"74d7b0bf94e8d00f2cc9929ad221c3b4e6585c79","isMergeCommit":false,"messageTitle":"Delete WorkoutList duplicate","messageBody":"","fileTypesAndContributionMap":{"functional-code":{"insertions":0,"deletions":35}}},{"hash":"579a2687b941976eaa4225a784b765edb098cf5f","isMergeCommit":false,"messageTitle":"UG : Add CountSetsReps info","messageBody":"","fileTypesAndContributionMap":{"docs":{"insertions":18,"deletions":0}}},{"hash":"63ca80c97eccdf78f39bfd8974b10301f210918c","isMergeCommit":false,"messageTitle":"Make test packages match main packages","messageBody":"","fileTypesAndContributionMap":{"other":{"insertions":6,"deletions":4},"test-code":{"insertions":0,"deletions":5}}},{"hash":"d4787d582f0428af2f11b22b87aa79bc6b536f65","isMergeCommit":false,"messageTitle":"Rename Workout package","messageBody":"","fileTypesAndContributionMap":{"functional-code":{"insertions":142,"deletions":51},"other":{"insertions":8,"deletions":6},"test-code":{"insertions":30,"deletions":0}}},{"hash":"cb0c961abf9579653a13ad962a2c5990fef01ffc","isMergeCommit":false,"messageTitle":"Command : Fix an error","messageBody":"","fileTypesAndContributionMap":{"functional-code":{"insertions":2,"deletions":2}}},{"hash":"7e0d7d3d07aa080c866b7463f09b31036d4d792a","isMergeCommit":false,"messageTitle":"Rename Workout package","messageBody":"","fileTypesAndContributionMap":{"functional-code":{"insertions":12,"deletions":12}}},{"hash":"a195695cc2886906cb5374c8934499df300ae0aa","isMergeCommit":false,"messageTitle":"Add CountSetsReps feature","messageBody":"","fileTypesAndContributionMap":{"functional-code":{"insertions":59,"deletions":1},"test-code":{"insertions":71,"deletions":9}}},{"hash":"ec0430b304d5b455cacbf9d0e6a83318e26679f1","isMergeCommit":true,"messageTitle":"Merge pull request #23 from guillaume-grn/master","messageBody":"Add CountSetsReps feature","fileTypesAndContributionMap":{}}]},{"date":"2023-03-29","commitResults":[{"hash":"f092986dbc7a8c1aed3ed8d8be445e338286ed46","isMergeCommit":false,"messageTitle":"WorkoutList : Fix delete and count bugs","messageBody":"","fileTypesAndContributionMap":{"functional-code":{"insertions":3,"deletions":3},"test-code":{"insertions":4,"deletions":4}}},{"hash":"1ed3059d29aeb0a2882055d722ac3bc10a242ee9","isMergeCommit":true,"messageTitle":"Merge pull request #32 from guillaume-grn/master","messageBody":"WorkoutList : Fix delete and count bugs","fileTypesAndContributionMap":{}},{"hash":"180a48d60e22c6910a0a8ae792eb2ce9f3acd014","isMergeCommit":false,"messageTitle":"DG : Add Delete sequence diagram","messageBody":"","fileTypesAndContributionMap":{"docs":{"insertions":37,"deletions":0}}},{"hash":"87867827b66f2d24d4a712e568d9d459df03ffe9","isMergeCommit":true,"messageTitle":"Merge pull request #34 from guillaume-grn/master","messageBody":"DG : Add Delete sequence diagram","fileTypesAndContributionMap":{}}]},{"date":"2023-03-30","commitResults":[{"hash":"753a802ed4ed17b3673a029864ddc551c5aacd91","isMergeCommit":false,"messageTitle":"Add ListWorkoutDiagram","messageBody":"","fileTypesAndContributionMap":{"functional-code":{"insertions":2,"deletions":2},"docs":{"insertions":35,"deletions":0}}},{"hash":"550d4bc341a67292fe70aaf0b420c796f00e81cf","isMergeCommit":true,"messageTitle":"Merge pull request #38 from guillaume-grn/master","messageBody":"Add ListWorkoutDiagram","fileTypesAndContributionMap":{}}]}]},"authorFileTypeContributionMap":{"calebcjl":{"docs":155,"functional-code":389,"test-code":59},"Richardtok":{"docs":72,"functional-code":40,"test-code":10,"other":5},"ZIZI-czh":{"docs":286,"functional-code":1616,"test-code":418},"guillaume-grn":{"docs":61,"functional-code":138,"test-code":52}},"authorContributionVariance":{"calebcjl":18815.385,"Richardtok":953.9295,"ZIZI-czh":65318.914,"guillaume-grn":4726.936},"authorDisplayNameMap":{"calebcjl":"CS2113-T14-1 CALE..A LE","Richardtok":"CS2113-T14-1 RICH..AWAN","ZIZI-czh":"CS2113-T14-1 CHEN.. HAN","guillaume-grn":"CS2113-T14-1 GERO..AUME"}}
