{"authorDailyContributionsMap":{"ChubbsBunns":[{"date":"2023-03-07","commitResults":[{"hash":"495cdf12c23343b26e51199ab6b23656342c7a16","isMergeCommit":true,"messageTitle":"Merge pull request #3 from EangJS/master","messageBody":"Create base files","fileTypesAndContributionMap":{}}]},{"date":"2023-03-11","commitResults":[{"hash":"1a4ce3f264755556bf248b5c191524f0a5c27c90","isMergeCommit":false,"messageTitle":"Add generate specific difficulty of exercises command with basic error checking","messageBody":"","fileTypesAndContributionMap":{"functional-code":{"insertions":110,"deletions":15}}},{"hash":"96b0e91f7316fcc3583016604be17d0b7c0f2fe8","isMergeCommit":true,"messageTitle":"Merge pull request #14 from EangJS/exersise-generator","messageBody":"Add a quick start exercise feature","fileTypesAndContributionMap":{}},{"hash":"b31898623951e2cbb03c706d987df9810c11df1f","isMergeCommit":false,"messageTitle":"Added error checks and cleared checkstyle gradle checks for generateSpecificDifficultyCommand","messageBody":"","fileTypesAndContributionMap":{"functional-code":{"insertions":32,"deletions":46},"test-code":{"insertions":74,"deletions":0}}},{"hash":"ef8932c853c2e7692c89fe75b297e9b38cfd3564","isMergeCommit":true,"messageTitle":"Managed merge conflicts:","messageBody":"","fileTypesAndContributionMap":{}},{"hash":"da4c5aa789c8e466027fba4ea3b41015d277db57","isMergeCommit":false,"messageTitle":"checkStyleTest now passes","messageBody":"","fileTypesAndContributionMap":{"test-code":{"insertions":1,"deletions":3}}},{"hash":"9dd678fd76b1d44def5846ca5d34cfa148db303f","isMergeCommit":false,"messageTitle":"checkStyleTest now passes for real","messageBody":"","fileTypesAndContributionMap":{"test-code":{"insertions":2,"deletions":0}}},{"hash":"1e8766fb46717b715f77ef753df8c8c55aae472e","isMergeCommit":true,"messageTitle":"Merge https://github.com/AY2223S2-CS2113-W13-2/tp","messageBody":"","fileTypesAndContributionMap":{}},{"hash":"75ac4656cc2765030b1854dbbb0f2a8bac5d9a14","isMergeCommit":false,"messageTitle":"Solved syntax errors after merge conflict resolution","messageBody":"","fileTypesAndContributionMap":{"functional-code":{"insertions":1,"deletions":2}}}]},{"date":"2023-03-12","commitResults":[{"hash":"e9d39cc4eb610038c42c8b961ec3c9c17190ab10","isMergeCommit":false,"messageTitle":"Add filter for difficulty exercise and tests","messageBody":"","fileTypesAndContributionMap":{"functional-code":{"insertions":130,"deletions":126},"test-code":{"insertions":55,"deletions":44}}},{"hash":"2e27b9b8491d035024fb57877d44c4223605427b","isMergeCommit":false,"messageTitle":"Add help function","messageBody":"","fileTypesAndContributionMap":{"functional-code":{"insertions":2,"deletions":0}}},{"hash":"177b9bd4204525361f57b2c480e224561a9d14d4","isMergeCommit":true,"messageTitle":"Merge pull request #26 from EangJS/fixfilterbugs","messageBody":"Fix Filtering Bugs","fileTypesAndContributionMap":{}}]},{"date":"2023-03-14","commitResults":[{"hash":"57bda7c8cfcea75be6b6d1122fc63398283072b9","isMergeCommit":false,"messageTitle":"Add help function. Prints all current outputs to terminal","messageBody":"","fileTypesAndContributionMap":{"functional-code":{"insertions":24,"deletions":12}}},{"hash":"dac7dad5511d73e094d4fe977b7a8521b9badbf8","isMergeCommit":true,"messageTitle":"Manage Merge Conflicts btw Dylan and Cleon","messageBody":"","fileTypesAndContributionMap":{}},{"hash":"842da28bc6a838c489452decca5c6c2ef51a467e","isMergeCommit":false,"messageTitle":"Update current commands to updated features","messageBody":"","fileTypesAndContributionMap":{"functional-code":{"insertions":6,"deletions":5}}},{"hash":"fab949de5d40e42b58c6d39ec1c0d248cc6f3f78","isMergeCommit":false,"messageTitle":"Fix checkStyle","messageBody":"","fileTypesAndContributionMap":{"functional-code":{"insertions":26,"deletions":26}}},{"hash":"119efb6f011dbd29eaccabda8c1d3045a9a50729","isMergeCommit":true,"messageTitle":"Merge pull request #30 from ChubbsBunns/master","messageBody":"Add help feature","fileTypesAndContributionMap":{}},{"hash":"fc3e5d2d83adb183ae0bb91b2da5eb7f321a8282","isMergeCommit":false,"messageTitle":"Add Dylan Ho Profile to aboutus.md","messageBody":"","fileTypesAndContributionMap":{"docs":{"insertions":1,"deletions":0}}},{"hash":"1830635820f96f350b17dc589ed8218dab2cb028","isMergeCommit":false,"messageTitle":"Update AboutUs.md","messageBody":"","fileTypesAndContributionMap":{"docs":{"insertions":1,"deletions":1}}}]},{"date":"2023-03-15","commitResults":[{"hash":"105019c543ab646df65201235757cc6ca689230e","isMergeCommit":false,"messageTitle":"Fixed help error thing","messageBody":"","fileTypesAndContributionMap":{"functional-code":{"insertions":36,"deletions":2}}},{"hash":"9bc518af664c715eb174829c3524722ec89cf547","isMergeCommit":false,"messageTitle":"Fix help error and update available commands","messageBody":"","fileTypesAndContributionMap":{"functional-code":{"insertions":0,"deletions":2}}},{"hash":"1d17aa805b6bf7b485b0ca75d77ca344c5e4a3e8","isMergeCommit":true,"messageTitle":"Add error message file","messageBody":"","fileTypesAndContributionMap":{}},{"hash":"5b1f6f826d2d5e7c0ee24b187101f7f6c1cdec0d","isMergeCommit":false,"messageTitle":"Fix checkstyle checks","messageBody":"","fileTypesAndContributionMap":{"functional-code":{"insertions":1,"deletions":0}}},{"hash":"f69c78a41fbaeb692fafd554883ea3ce1ff35f0b","isMergeCommit":false,"messageTitle":"Fix checkstyle checks","messageBody":"","fileTypesAndContributionMap":{"functional-code":{"insertions":1,"deletions":1}}}]},{"date":"2023-03-17","commitResults":[{"hash":"e592470db4dbf0cf7ddc6227f56522f87a1e1b4e","isMergeCommit":false,"messageTitle":"Enable Assertions","messageBody":"","fileTypesAndContributionMap":{"functional-code":{"insertions":2,"deletions":1},"other":{"insertions":1,"deletions":0}}},{"hash":"81a68389f5c5245d4e3aa52f0c11f86d57f29013","isMergeCommit":true,"messageTitle":"Merge https://github.com/AY2223S2-CS2113-W13-2/tp","messageBody":"","fileTypesAndContributionMap":{}},{"hash":"7ec9027145b8486383cd66baa12ba6a3d4de645e","isMergeCommit":false,"messageTitle":"Removed assertion","messageBody":"","fileTypesAndContributionMap":{"functional-code":{"insertions":1,"deletions":1}}},{"hash":"97082b79f6977102c7a2e6c6a73da99d9d2922ab","isMergeCommit":false,"messageTitle":"Remove assertion","messageBody":"","fileTypesAndContributionMap":{"functional-code":{"insertions":0,"deletions":2}}}]},{"date":"2023-03-18","commitResults":[{"hash":"82a25fba0faebc6bdd1e039342c511e4d3cd4dcc","isMergeCommit":false,"messageTitle":"Add start workout and stop workout feature:","messageBody":"","fileTypesAndContributionMap":{"functional-code":{"insertions":92,"deletions":10}}},{"hash":"67a00189195757ef50b00d5a13c818a6e4c33e81","isMergeCommit":true,"messageTitle":"Merge pull request #50 from EangJS/UserSessionStorage","messageBody":"Create User Storage Sessions","fileTypesAndContributionMap":{}},{"hash":"ef6d53990ce02dede4df64ce12e9bdc1704a3483","isMergeCommit":true,"messageTitle":"Merge sample feature and start and finish exercise","messageBody":"","fileTypesAndContributionMap":{}},{"hash":"04af7a84d0d4931cc3314d0a882454c29376756d","isMergeCommit":false,"messageTitle":"Add start, finish, cancel, save, load exercise","messageBody":"","fileTypesAndContributionMap":{"functional-code":{"insertions":115,"deletions":13}}},{"hash":"787b935d30c0ae96551362e3ea7dcad711e7354b","isMergeCommit":false,"messageTitle":"Clear Checkstyle checks","messageBody":"","fileTypesAndContributionMap":{"functional-code":{"insertions":29,"deletions":42}}},{"hash":"6c2bda9b38e194d86bcedabb0644c28d4411092b","isMergeCommit":false,"messageTitle":"Add assertions for state handling and add documentation","messageBody":"","fileTypesAndContributionMap":{"functional-code":{"insertions":47,"deletions":8},"test-code":{"insertions":1,"deletions":1}}}]},{"date":"2023-03-19","commitResults":[{"hash":"7230488e7d5ddcb2a25615256c47a801b1a34ca9","isMergeCommit":true,"messageTitle":"Merge pull request #59 from EangJS/Storage","messageBody":"Add Logging and Refactor Code","fileTypesAndContributionMap":{}}]},{"date":"2023-03-21","commitResults":[{"hash":"d58c5d42ab345c9c6db94948393aadd8f1e58af6","isMergeCommit":false,"messageTitle":"Abstracted out error texts, commands and states","messageBody":"","fileTypesAndContributionMap":{"functional-code":{"insertions":351,"deletions":211},"test-code":{"insertions":2,"deletions":2}}},{"hash":"d45da8962fe45f6fa562474611f33e483b7534b7","isMergeCommit":false,"messageTitle":"Added documentation and handled redundant code","messageBody":"","fileTypesAndContributionMap":{"functional-code":{"insertions":31,"deletions":23}}},{"hash":"5e250175ea0e55e991cfcdf72823f59ef25ebf0b","isMergeCommit":false,"messageTitle":"Update runtest.bat file","messageBody":"","fileTypesAndContributionMap":{"functional-code":{"insertions":1,"deletions":1}}},{"hash":"aac2325ed3a919a781c3519d1bced0d460d6af3c","isMergeCommit":false,"messageTitle":"Abstract out exercise difficulty tests","messageBody":"","fileTypesAndContributionMap":{"test-code":{"insertions":6,"deletions":3}}}]},{"date":"2023-03-22","commitResults":[{"hash":"55bb8b8ad85bfeb7a36dbdfb8cf2ba235c8d0b8b","isMergeCommit":true,"messageTitle":"Merge https://github.com/AY2223S2-CS2113-W13-2/tp into enhancement-CommandHandlerStates","messageBody":"","fileTypesAndContributionMap":{}},{"hash":"ca3c792fb7edb330602029df9581ed85f786f04e","isMergeCommit":true,"messageTitle":"Merge https://github.com/AY2223S2-CS2113-W13-2/tp","messageBody":"","fileTypesAndContributionMap":{}},{"hash":"c882393969b91192a3efae21e67f8b0919f955c9","isMergeCommit":false,"messageTitle":"Correct .gitignore errors","messageBody":"","fileTypesAndContributionMap":{"functional-code":{"insertions":7,"deletions":2}}}]},{"date":"2023-03-23","commitResults":[{"hash":"2ec19607adacf7cb1d8d26f2a95dede6740144c4","isMergeCommit":true,"messageTitle":"Merge pull request #81 from L-K-Chng/branch-updateExerciseHistory","messageBody":"Branch update exercise history","fileTypesAndContributionMap":{}},{"hash":"017a1672759fbfce139ed6ed7157961fc2b1f740","isMergeCommit":true,"messageTitle":"Merge https://github.com/AY2223S2-CS2113-W13-2/tp","messageBody":"","fileTypesAndContributionMap":{}}]},{"date":"2023-03-24","commitResults":[{"hash":"aa9dc677eb4dfc44185289e733de62f84808851b","isMergeCommit":false,"messageTitle":"Add achievement, list, and storage classes","messageBody":"","fileTypesAndContributionMap":{"functional-code":{"insertions":163,"deletions":4}}},{"hash":"fe57e953cf501120bdfa4363da2734ecfd3ed096","isMergeCommit":true,"messageTitle":"Add loading Achievement Data on Start Up","messageBody":"","fileTypesAndContributionMap":{}},{"hash":"2d003f86684333ffcf83d2104362b08e567e9500","isMergeCommit":false,"messageTitle":"Add Achievements, update DG with command handler","messageBody":"","fileTypesAndContributionMap":{"functional-code":{"insertions":189,"deletions":156},"docs":{"insertions":36,"deletions":6}}}]},{"date":"2023-03-25","commitResults":[{"hash":"a130b24a631aaccd6f8d44c596a0a74865910652","isMergeCommit":true,"messageTitle":"Merge pull request #94 from EangJS/AddMoreUMLs","messageBody":"Refactor Storage (More OOP)","fileTypesAndContributionMap":{}}]}],"Khulon":[{"date":"2023-03-08","commitResults":[{"hash":"0010be7d13740b7b37851a320c9fa119abe688a2","isMergeCommit":false,"messageTitle":"cleon md","messageBody":"","fileTypesAndContributionMap":{"docs":{"insertions":0,"deletions":0}}}]},{"date":"2023-03-11","commitResults":[{"hash":"0e71eea527e3e003313cf869d3a845858944113b","isMergeCommit":false,"messageTitle":"Updated command handler to handle \"generate\"","messageBody":"Added a new file GenerateFilterCommand to handle the \"generate\" case\n\nAdded new functions for filtering of data in GenerateExerciseData\n","fileTypesAndContributionMap":{"functional-code":{"insertions":105,"deletions":1}}},{"hash":"9fa05674d72d4370a61934996eb2c6871fa642a0","isMergeCommit":false,"messageTitle":"removed empty catch blocks","messageBody":"","fileTypesAndContributionMap":{"functional-code":{"insertions":1,"deletions":0}}}]},{"date":"2023-03-12","commitResults":[{"hash":"284f48b62cac115cd974ed79171770f74f928c9e","isMergeCommit":false,"messageTitle":"Standardized a few Strings","messageBody":"","fileTypesAndContributionMap":{"functional-code":{"insertions":7,"deletions":12}}}]},{"date":"2023-03-15","commitResults":[{"hash":"9407f83f06ab46397fa7eab7a1db4da50ae9f95f","isMergeCommit":false,"messageTitle":"Update Ui","messageBody":"","fileTypesAndContributionMap":{"functional-code":{"insertions":31,"deletions":0}}},{"hash":"db5769f4ce0e60f6d42be3546bad99b123d7e127","isMergeCommit":true,"messageTitle":"merge fix","messageBody":"","fileTypesAndContributionMap":{}},{"hash":"c8a2a320960448408f64e0bba34f6067fb049632","isMergeCommit":false,"messageTitle":"Combined PrintHelpMessage.java and PrintHelp.java edited the intro message edited the unknown command message","messageBody":"","fileTypesAndContributionMap":{"functional-code":{"insertions":31,"deletions":16}}},{"hash":"aa26cc6d8c779a2b0509139022bd67fb85684d05","isMergeCommit":false,"messageTitle":"edit EXPECTED.TXT deleted PrintHelp.java","messageBody":"","fileTypesAndContributionMap":{"functional-code":{"insertions":0,"deletions":18}}}]},{"date":"2023-03-20","commitResults":[{"hash":"4565509477503c7b4ba69ebc8ea0a71c0c488fb7","isMergeCommit":false,"messageTitle":"Added some comments","messageBody":"","fileTypesAndContributionMap":{"functional-code":{"insertions":20,"deletions":8},"other":{"insertions":3,"deletions":3}}}]},{"date":"2023-03-22","commitResults":[{"hash":"a8ffa7b345fccb43cf20041f0900947ec646fe12","isMergeCommit":false,"messageTitle":"Added a workout planner","messageBody":"","fileTypesAndContributionMap":{"functional-code":{"insertions":289,"deletions":12},"test-code":{"insertions":2,"deletions":2}}},{"hash":"30f18a4b9c144924359f8f1aa0b882dbbcca5b2d","isMergeCommit":true,"messageTitle":"Merge branch \u0027master\u0027 into master","messageBody":"","fileTypesAndContributionMap":{}},{"hash":"1ab9365ac2c8ae72675fedd3ebaf788b14783983","isMergeCommit":false,"messageTitle":"compile error bug fix","messageBody":"","fileTypesAndContributionMap":{"functional-code":{"insertions":2,"deletions":1}}},{"hash":"1d08e65279a98183ccfc87ec42a95c3b9f2574d0","isMergeCommit":true,"messageTitle":"Merge remote-tracking branch \u0027origin/master\u0027","messageBody":"","fileTypesAndContributionMap":{}},{"hash":"7028a4a436e5da51a5f7e583f73235cc00466812","isMergeCommit":false,"messageTitle":"Added quick start","messageBody":"","fileTypesAndContributionMap":{"functional-code":{"insertions":120,"deletions":220}}},{"hash":"2bdd7a42dc16fe77505c03df93593a68fddad5ff","isMergeCommit":false,"messageTitle":"fixed checkstyle","messageBody":"","fileTypesAndContributionMap":{"functional-code":{"insertions":11,"deletions":1}}},{"hash":"a50689287268b8f4f3b75d72e0ee952bfba18cb6","isMergeCommit":false,"messageTitle":"fixed EXPECTED.TXT","messageBody":"","fileTypesAndContributionMap":{"other":{"insertions":32,"deletions":0}}},{"hash":"4a1d22d281ece08a6a56a945533b24b947714d88","isMergeCommit":false,"messageTitle":"standardised code in command handler","messageBody":"","fileTypesAndContributionMap":{"functional-code":{"insertions":18,"deletions":12}}},{"hash":"f5f07b8f32b5e95eb8ef00abefb820de280006f8","isMergeCommit":false,"messageTitle":"fixed EXPECTED.TXT","messageBody":"","fileTypesAndContributionMap":{"other":{"insertions":32,"deletions":0}}}]},{"date":"2023-03-23","commitResults":[{"hash":"b08a0ed65abda34b03bb47c2e00dd86bceae0191","isMergeCommit":false,"messageTitle":"minor updates + added comments","messageBody":"","fileTypesAndContributionMap":{"functional-code":{"insertions":79,"deletions":21}}},{"hash":"b7d13c9e8fa450818c6f5dd2ecd83d59f77ad6b4","isMergeCommit":true,"messageTitle":"Merge branch \u0027AY2223S2-CS2113-W13-2:master\u0027 into master","messageBody":"","fileTypesAndContributionMap":{}}]}],"L-K-Chng":[{"date":"2023-03-12","commitResults":[{"hash":"02e330673e954a44e4aacfb257569ac34533c226","isMergeCommit":true,"messageTitle":"Merge pull request #20 from ChubbsBunns/master","messageBody":"Add generate list of exercises of specific difficulties","fileTypesAndContributionMap":{}},{"hash":"0431c879fb9fc7b139dcf9756eb9df2fb63ac41c","isMergeCommit":true,"messageTitle":"Merge branch \u0027master\u0027 into categorise-by-body-part","messageBody":"","fileTypesAndContributionMap":{}},{"hash":"ae23422869df6e0e15cf77accc6a27e86247c00c","isMergeCommit":false,"messageTitle":"Added filter for specific workout - upper body, core and legs. Also made changes to PrintExercises to include workout type.","messageBody":"","fileTypesAndContributionMap":{"functional-code":{"insertions":77,"deletions":10}}},{"hash":"8fdcb33a378df3cf6eddae5af9e044fc94429adc","isMergeCommit":true,"messageTitle":"Merge branch \u0027master\u0027 into categorise-by-body-part","messageBody":"","fileTypesAndContributionMap":{}},{"hash":"9595c8e6b9bb2ce6195c5be956ebc672051ba06e","isMergeCommit":false,"messageTitle":"Added junit test for workout type filter.","messageBody":"","fileTypesAndContributionMap":{"functional-code":{"insertions":1,"deletions":1},"test-code":{"insertions":99,"deletions":0}}},{"hash":"677281b8472cced1263f970e480c3d91a415d230","isMergeCommit":false,"messageTitle":"fixed line length issue for generateFilteredWorkoutTypeFrom","messageBody":"","fileTypesAndContributionMap":{"functional-code":{"insertions":2,"deletions":1}}},{"hash":"c482437992141067e4b6b0c1f6440da7a73cd3bc","isMergeCommit":false,"messageTitle":"added lipkuang.md and fixed runtest.bat issues","messageBody":"","fileTypesAndContributionMap":{"docs":{"insertions":9,"deletions":0}}}]},{"date":"2023-03-13","commitResults":[{"hash":"876e11573a0337394a4a67ec87965ead947fc880","isMergeCommit":true,"messageTitle":"Merge pull request #28 from EangJS/UserDataWriter","messageBody":"Add user data writer and documentation","fileTypesAndContributionMap":{}}]},{"date":"2023-03-14","commitResults":[{"hash":"40b42cf71a36eb3266519f37bcec9e49ba08b764","isMergeCommit":false,"messageTitle":"added lipkuang.md and took out quick command in showAvailableCommands function","messageBody":"","fileTypesAndContributionMap":{"functional-code":{"insertions":0,"deletions":1},"docs":{"insertions":6,"deletions":8}}},{"hash":"8d14772b011ca4469e714cfb94f4fbbd054a376b","isMergeCommit":true,"messageTitle":"Merge pull request #34 from EangJS/CleanUpCode","messageBody":"Refactor and clean up code for v1.0","fileTypesAndContributionMap":{}}]},{"date":"2023-03-15","commitResults":[{"hash":"1f94d798b6831ec0f1c0f5c0d8d3133eca8034f0","isMergeCommit":true,"messageTitle":"Merge pull request #38 from ChubbsBunns/master","messageBody":"Fix help feature and update command list","fileTypesAndContributionMap":{}},{"hash":"39fd6017916cad42de49096680bca9e817de4759","isMergeCommit":true,"messageTitle":"Merge pull request #39 from Khulon/temp","messageBody":"Update (added help message)","fileTypesAndContributionMap":{}}]},{"date":"2023-03-19","commitResults":[{"hash":"33e82c4592b21f5b1299788ba8e0b5831e03ec2e","isMergeCommit":true,"messageTitle":"Merge pull request #51 from ChubbsBunns/feature-SaveExerciseData","messageBody":"Add start and implement exercise sessions and save exercise sessions","fileTypesAndContributionMap":{}},{"hash":"304b09adb6b6bfbba8c067d2123e23f164618730","isMergeCommit":false,"messageTitle":"Added new junit tests, javadoc comments for filter by workout type.","messageBody":"","fileTypesAndContributionMap":{"functional-code":{"insertions":13,"deletions":3},"test-code":{"insertions":74,"deletions":20}}},{"hash":"3784f8338ce3c2a91e91820e244e2dfe5b377199","isMergeCommit":false,"messageTitle":"added assertions and additional javadoc comments.","messageBody":"","fileTypesAndContributionMap":{"functional-code":{"insertions":8,"deletions":0}}},{"hash":"66472d0cf3b8dbacc64807849d6e3109fd542400","isMergeCommit":true,"messageTitle":"Merge branch \u0027master\u0027 into branch-updateExerciseHistory","messageBody":"","fileTypesAndContributionMap":{}},{"hash":"9485ea48b09bb6afa114bcdc9ab3fb5d95f24349","isMergeCommit":false,"messageTitle":"added junit tests for gym and body exercise filters.","messageBody":"","fileTypesAndContributionMap":{"test-code":{"insertions":61,"deletions":0}}},{"hash":"8c4306070b225d51ce6a45f3fd047d988a2d64a1","isMergeCommit":false,"messageTitle":"fix checkstyle","messageBody":"","fileTypesAndContributionMap":{"functional-code":{"insertions":2,"deletions":3}}}]},{"date":"2023-03-21","commitResults":[{"hash":"65b3973d517b86de67e6e70ff4ba07d8e2ad8ef4","isMergeCommit":false,"messageTitle":"new additions","messageBody":"","fileTypesAndContributionMap":{"functional-code":{"insertions":1,"deletions":0}}},{"hash":"a3aaa891a22ac7b568a3cbe77d03446d82e00981","isMergeCommit":true,"messageTitle":"Merge branch \u0027master\u0027 into branch-updateExerciseHistory","messageBody":"","fileTypesAndContributionMap":{}},{"hash":"949e3d9d5a506a05dbf78bd9da76515efd31bf9e","isMergeCommit":false,"messageTitle":"removed typo in UI for filters - changed to upper body instead of arms","messageBody":"","fileTypesAndContributionMap":{"functional-code":{"insertions":3,"deletions":3}}}]},{"date":"2023-03-22","commitResults":[{"hash":"e0c5fe71b2886fb08fe6cf1e92a7f43bfdd20c2e","isMergeCommit":true,"messageTitle":"Merge pull request #74 from ChubbsBunns/enhancement-CommandHandlerStates","messageBody":"Add enhancement command handler states","fileTypesAndContributionMap":{}},{"hash":"30cf81fddfe9cc775340a6ad2e7bf27e59670618","isMergeCommit":false,"messageTitle":"Partially added unit tests for UI.","messageBody":"","fileTypesAndContributionMap":{"functional-code":{"insertions":10,"deletions":1},"test-code":{"insertions":120,"deletions":0}}},{"hash":"99f628d2ba2cc21ea3614c7ecba321bb3b71193f","isMergeCommit":false,"messageTitle":"deleted unnecessary string method","messageBody":"","fileTypesAndContributionMap":{"functional-code":{"insertions":1,"deletions":9}}},{"hash":"d680811133472d19342db88ee3a2abe2a3600952","isMergeCommit":true,"messageTitle":"Merge branch \u0027master\u0027 into branch-updateExerciseHistory","messageBody":"","fileTypesAndContributionMap":{}},{"hash":"a3570a24598329728096d6352aa7b513a4f11f58","isMergeCommit":false,"messageTitle":"Added more junit tests for ui","messageBody":"","fileTypesAndContributionMap":{"functional-code":{"insertions":25,"deletions":23},"test-code":{"insertions":106,"deletions":33}}},{"hash":"b06ef2bcaff12d2088d9adcbd7365878c8dbf339","isMergeCommit":false,"messageTitle":"added more junit tests to ui","messageBody":"","fileTypesAndContributionMap":{"functional-code":{"insertions":1,"deletions":1},"test-code":{"insertions":67,"deletions":0}}},{"hash":"40c50467d21442cca2de3e587197c34488de7f86","isMergeCommit":false,"messageTitle":"Added javadoc comments to ui junit tests","messageBody":"","fileTypesAndContributionMap":{"test-code":{"insertions":17,"deletions":9}}},{"hash":"4aa667538f7f2778fb5d5b7e8bf649d81ea89670","isMergeCommit":true,"messageTitle":"Fixed merge conflicts in PrintHelpMessage","messageBody":"","fileTypesAndContributionMap":{}},{"hash":"db1deefe469fa7c6a8d92113450841e6418b6871","isMergeCommit":false,"messageTitle":"fixed checkstyle","messageBody":"","fileTypesAndContributionMap":{"functional-code":{"insertions":2,"deletions":1}}}]},{"date":"2023-03-23","commitResults":[{"hash":"59dbc3fd906a6c14ee64b41e977158884e3ea611","isMergeCommit":false,"messageTitle":"additional junit test","messageBody":"","fileTypesAndContributionMap":{"test-code":{"insertions":40,"deletions":0}}},{"hash":"82a44280f8a8308259cd5b439f7b70c4222d197b","isMergeCommit":false,"messageTitle":"Added Hashmap to calculate frequency of exercises which user has finished. Added new data command for user to print out the full list of exercises and their frequencies","messageBody":"","fileTypesAndContributionMap":{"functional-code":{"insertions":66,"deletions":1}}},{"hash":"bb34fc02ce92f1629793a21d98c7d1c4aca3138d","isMergeCommit":false,"messageTitle":"Renamed method for user exercise data","messageBody":"","fileTypesAndContributionMap":{"other":{"insertions":2,"deletions":6}}},{"hash":"aa8a841c28e6d971071fb91d8c045ea050c489a5","isMergeCommit":false,"messageTitle":"Renamed method for user exercise data","messageBody":"","fileTypesAndContributionMap":{"functional-code":{"insertions":19,"deletions":8}}},{"hash":"91b155b9aaeaf574db8d4b37f97fd06bef5fe1ff","isMergeCommit":true,"messageTitle":"fixed merge conflicts in ui.","messageBody":"","fileTypesAndContributionMap":{}},{"hash":"e91c295437798e71e38f9e0c88b26bd267678dc9","isMergeCommit":false,"messageTitle":"fixed junit test","messageBody":"","fileTypesAndContributionMap":{"test-code":{"insertions":4,"deletions":0}}},{"hash":"54743a60739d9fe5abcd49717bf2c5b22e9654f2","isMergeCommit":true,"messageTitle":"Merge pull request #84 from L-K-Chng/branch-updateExerciseHistory","messageBody":"Branch update exercise history","fileTypesAndContributionMap":{}}]},{"date":"2023-03-24","commitResults":[{"hash":"7758c5729dfcfe42402fbda4994d247862e21e30","isMergeCommit":false,"messageTitle":"Added assertion to UserExerciseData class","messageBody":"","fileTypesAndContributionMap":{"functional-code":{"insertions":1,"deletions":0}}},{"hash":"d0c03ac97fbe51f855a64b35b8fb99f0fbcd9b68","isMergeCommit":false,"messageTitle":"Added more assertions","messageBody":"","fileTypesAndContributionMap":{"functional-code":{"insertions":1,"deletions":0}}},{"hash":"93815552ffc851b50d28fefd1b7a6d82efc126a5","isMergeCommit":false,"messageTitle":"minor changes","messageBody":"","fileTypesAndContributionMap":{"functional-code":{"insertions":3,"deletions":3}}},{"hash":"b9b0655e98749f38da04a6e83ab3a77c7e2fbb64","isMergeCommit":false,"messageTitle":"Corrected error in printFilters method, changed arms to upper body.","messageBody":"","fileTypesAndContributionMap":{"functional-code":{"insertions":1,"deletions":1},"test-code":{"insertions":2,"deletions":2}}},{"hash":"c60ae9fd44c6276293c99428b9cc5f8b5dda5106","isMergeCommit":false,"messageTitle":"Added javadoc comments to userexercisedata and printuserexercisedata","messageBody":"","fileTypesAndContributionMap":{"functional-code":{"insertions":13,"deletions":0}}},{"hash":"b7a25d6c67aab3743744c31b40294b8b9ac453cf","isMergeCommit":true,"messageTitle":"Merge pull request #89 from EangJS/StorageForPlans","messageBody":"Add Storage for plans","fileTypesAndContributionMap":{}}]},{"date":"2023-03-27","commitResults":[{"hash":"6c060c8325bdd0d9b884b94e0f0eecf884c09b09","isMergeCommit":true,"messageTitle":"Merge pull request #101 from EangJS/UserDocs","messageBody":"Update User docs","fileTypesAndContributionMap":{}}]}],"ghzr0":[{"date":"2023-03-09","commitResults":[{"hash":"a0c228ae55d1df87b9b93e6dfea0cbb3e832bad5","isMergeCommit":false,"messageTitle":"Added glenn.md","messageBody":"","fileTypesAndContributionMap":{"docs":{"insertions":9,"deletions":0}}}]},{"date":"2023-03-10","commitResults":[{"hash":"d2c1410d92177a78fb950e4bd24500ba027714e6","isMergeCommit":false,"messageTitle":"1. Added some UI features and exceptions 2. Included JUnit test for exception","messageBody":"","fileTypesAndContributionMap":{"functional-code":{"insertions":149,"deletions":22},"test-code":{"insertions":27,"deletions":0}}},{"hash":"338e6f8ccfe456586d583823a55e8d0fca56661b","isMergeCommit":false,"messageTitle":"Fixed JUnit test code","messageBody":"","fileTypesAndContributionMap":{"functional-code":{"insertions":0,"deletions":3},"test-code":{"insertions":1,"deletions":3}}},{"hash":"49997eb52df6bc4691ee35e8c44109805c8f2791","isMergeCommit":false,"messageTitle":"Fixed Gradle code problems","messageBody":"","fileTypesAndContributionMap":{"functional-code":{"insertions":17,"deletions":15}}},{"hash":"baf0dd66a98d55607de1b6e810b48564a7fc5b61","isMergeCommit":false,"messageTitle":"Removed unused import statements","messageBody":"","fileTypesAndContributionMap":{"functional-code":{"insertions":1,"deletions":1},"test-code":{"insertions":1,"deletions":6}}},{"hash":"136604ea16e174708700866b0533654880aef89c","isMergeCommit":false,"messageTitle":"Fixed Junit test cases","messageBody":"","fileTypesAndContributionMap":{"test-code":{"insertions":2,"deletions":2}}},{"hash":"9a631d280211e573e89230e6b401b154290b3bc7","isMergeCommit":false,"messageTitle":"Debugging","messageBody":"","fileTypesAndContributionMap":{"functional-code":{"insertions":4,"deletions":7},"test-code":{"insertions":2,"deletions":2}}},{"hash":"f8835fb2396ed2291d5c7b5a4a433cce6d3c1cf0","isMergeCommit":false,"messageTitle":"Fixed UI code","messageBody":"","fileTypesAndContributionMap":{"functional-code":{"insertions":2,"deletions":4},"test-code":{"insertions":18,"deletions":17}}},{"hash":"2d3a353c68b7ee05460a41e61be0df395cbfd586","isMergeCommit":true,"messageTitle":"Merge branch \u0027master\u0027 of https://github.com/AY2223S2-CS2113-W13-2/tp","messageBody":"","fileTypesAndContributionMap":{}}]},{"date":"2023-03-12","commitResults":[{"hash":"05a3d7441e708c006b19e6f8526fb087456bf3b9","isMergeCommit":true,"messageTitle":"Merge remote-tracking branch \u0027origin/master\u0027","messageBody":"# Conflicts:\n#\tsrc/main/java/seedu/duke/commands/CommandHandler.java\n#\tsrc/main/java/seedu/duke/commands/QuickStartCommand.java\n#\tsrc/main/java/seedu/duke/ui/Greet.java\n#\ttext-ui-test/EXPECTED.TXT\n","fileTypesAndContributionMap":{}},{"hash":"9de7f69f05dace974558776f2843ca22f9d1c682","isMergeCommit":false,"messageTitle":"Updated UI features adn removed unnecessary existing codes before merges","messageBody":"","fileTypesAndContributionMap":{"functional-code":{"insertions":14,"deletions":82},"test-code":{"insertions":0,"deletions":21}}}]},{"date":"2023-03-14","commitResults":[{"hash":"50cc81eec447bfba107b196aad6b9519e43da992","isMergeCommit":false,"messageTitle":"Updated glenn.md","messageBody":"","fileTypesAndContributionMap":{"docs":{"insertions":4,"deletions":2}}},{"hash":"4863ec4d776a978348070d735d362c8e5f1af3e8","isMergeCommit":true,"messageTitle":"Merge branch \u0027master\u0027 of https://github.com/AY2223S2-CS2113-W13-2/tp","messageBody":"","fileTypesAndContributionMap":{}}]},{"date":"2023-03-20","commitResults":[{"hash":"57dce06f88dfa6ced9d20741f2ee8297965075e3","isMergeCommit":false,"messageTitle":"Add exceptions for areas that trigger DukeError","messageBody":"","fileTypesAndContributionMap":{"functional-code":{"insertions":97,"deletions":20}}},{"hash":"80a99b8ebd9fdf30b1e30ab943a868b0557cd090","isMergeCommit":false,"messageTitle":"Updated Developer Guide","messageBody":"","fileTypesAndContributionMap":{"docs":{"insertions":35,"deletions":5}}}]},{"date":"2023-03-21","commitResults":[{"hash":"9f112399b7585108e0d7fa872abdb1a1376f6a59","isMergeCommit":true,"messageTitle":"Merge pull request #64 from EangJS/StorageUML","messageBody":"Add Storage UML and DG","fileTypesAndContributionMap":{}},{"hash":"e0151aaa3b1e1ecdb4daba94b30d992f5d6257f6","isMergeCommit":false,"messageTitle":"Added \u0027find\u0027 function to allow user to filter exercises based on a specified keyword","messageBody":"","fileTypesAndContributionMap":{"functional-code":{"insertions":64,"deletions":0}}},{"hash":"591353d7d706285aca31327ff34b4fb3edccae30","isMergeCommit":false,"messageTitle":"no message","messageBody":"","fileTypesAndContributionMap":{"functional-code":{"insertions":1,"deletions":1}}}]},{"date":"2023-03-22","commitResults":[{"hash":"6f5345ce0699e7eebbe0acab54c7ec28a2dd5be2","isMergeCommit":true,"messageTitle":"Merge https://github.com/AY2223S2-CS2113-W13-2/tp","messageBody":"","fileTypesAndContributionMap":{}},{"hash":"15e8dd39c37085686af502aac3a40870c162d9e0","isMergeCommit":false,"messageTitle":"Resolved merge conflict","messageBody":"","fileTypesAndContributionMap":{"functional-code":{"insertions":6,"deletions":0}}},{"hash":"35274e374c0226a1b261e53aee0b6631c16da58c","isMergeCommit":true,"messageTitle":"Merge pull request #69 from ghzr0/master","messageBody":"Added \u0027find\u0027 function ","fileTypesAndContributionMap":{}}]},{"date":"2023-03-24","commitResults":[{"hash":"5ef30bfd9b42ca1945600119ddd13814eb2fffb1","isMergeCommit":false,"messageTitle":"Added exceptions for commands in the Planner feature","messageBody":"","fileTypesAndContributionMap":{"functional-code":{"insertions":71,"deletions":24},"docs":{"insertions":1,"deletions":1}}},{"hash":"aa80fecf7ca2d7cf692f965db5133783df80aa2e","isMergeCommit":false,"messageTitle":"Fixed CheckStyle Errors","messageBody":"","fileTypesAndContributionMap":{"functional-code":{"insertions":4,"deletions":4}}},{"hash":"3c2581b30bf27c67c2eba53605715edb7e5e4baf","isMergeCommit":false,"messageTitle":"Checkstyle Error fix","messageBody":"","fileTypesAndContributionMap":{"functional-code":{"insertions":6,"deletions":1}}}]}],"EangJS":[{"date":"2023-03-03","commitResults":[{"hash":"1697c846cf0b85ceb497ae08fbbf297bf4141d89","isMergeCommit":false,"messageTitle":"Update Introduction","messageBody":"","fileTypesAndContributionMap":{"docs":{"insertions":1,"deletions":1}}}]},{"date":"2023-03-06","commitResults":[{"hash":"83835d3818d172b11b3031b7673b85d19a13e637","isMergeCommit":false,"messageTitle":"Add exercise generator","messageBody":"- Add the json file containing dataset of exercises\n- Add a parser to read the json file of dataset into a class in an ArrayList\n- Refactor code to abstract usercommand for a starting line to the\n  project\n","fileTypesAndContributionMap":{"functional-code":{"insertions":318,"deletions":12},"other":{"insertions":1,"deletions":0}}},{"hash":"287d099b5b8605f47255032a9f26f6be44c8ab73","isMergeCommit":false,"messageTitle":"Add my team docs","messageBody":"","fileTypesAndContributionMap":{"docs":{"insertions":11,"deletions":6}}},{"hash":"f0087162cafae9d9ae326f5f863d13389e4d7d0c","isMergeCommit":true,"messageTitle":"Merge branch \u0027exersise-generator\u0027","messageBody":"","fileTypesAndContributionMap":{}},{"hash":"6ef70a2c4c25d638df45fedfbdefd91364901ecb","isMergeCommit":false,"messageTitle":"Configure build.gradle","messageBody":"","fileTypesAndContributionMap":{"other":{"insertions":1,"deletions":1}}},{"hash":"96fe374d923b0c488cca6912e5042efd43278a6f","isMergeCommit":false,"messageTitle":"Set exercise data as resource","messageBody":"","fileTypesAndContributionMap":{"functional-code":{"insertions":15,"deletions":14}}},{"hash":"a7db7218c4af6c9b4ba17ddfa94532aca3e6b90c","isMergeCommit":false,"messageTitle":"Add JUnit tests for generate exercise","messageBody":"","fileTypesAndContributionMap":{"test-code":{"insertions":36,"deletions":2}}},{"hash":"75933f2b19d6cb14e40cb02c89510078d4c3c91d","isMergeCommit":true,"messageTitle":"Merge branch \u0027JUnit-Tests\u0027","messageBody":"","fileTypesAndContributionMap":{}},{"hash":"dc65bac1e1c8faa4fc58229478b4b1bebc75456b","isMergeCommit":false,"messageTitle":"Add JUnit tests for exercisegenerator","messageBody":"","fileTypesAndContributionMap":{"other":{"insertions":0,"deletions":0}}},{"hash":"15393aee4aebaa4ea752d2ef7f23a1e5401522e0","isMergeCommit":false,"messageTitle":"Remove wildcard imports","messageBody":"","fileTypesAndContributionMap":{"test-code":{"insertions":3,"deletions":3}}}]},{"date":"2023-03-08","commitResults":[{"hash":"d05d52ab37627dca12928b7658a7fdcdf15bac6e","isMergeCommit":true,"messageTitle":"Merge pull request #4 from Khulon/master","messageBody":"Add Cleon.md","fileTypesAndContributionMap":{}},{"hash":"0aa1179d789b1bb7427a1ba9798b2a7011b889a3","isMergeCommit":false,"messageTitle":"Modify command input and update UG","messageBody":"* Change command input for generate to quick\n* Add basic quick start guide\n","fileTypesAndContributionMap":{"functional-code":{"insertions":2,"deletions":6},"other":{"insertions":2,"deletions":2},"docs":{"insertions":7,"deletions":16}}}]},{"date":"2023-03-09","commitResults":[{"hash":"a02628f275aedc9bc8116fc633073822385fbc94","isMergeCommit":false,"messageTitle":"Add theme for github pages","messageBody":"","fileTypesAndContributionMap":{"docs":{"insertions":4,"deletions":2}}},{"hash":"fa464bb9c4d662390d3c9f6a654f690c1695f4df","isMergeCommit":true,"messageTitle":"Merge branch \u0027Github-Pages\u0027","messageBody":"","fileTypesAndContributionMap":{}},{"hash":"4064de4a3ddece4db956b5717c0d98435255a747","isMergeCommit":true,"messageTitle":"Merge pull request #10 from ghzr0/master","messageBody":"","fileTypesAndContributionMap":{}}]},{"date":"2023-03-10","commitResults":[{"hash":"aa893ab0053e67bcc5914d3b4d8b0ff300732f47","isMergeCommit":false,"messageTitle":"Amend UserGuide","messageBody":"","fileTypesAndContributionMap":{"docs":{"insertions":1,"deletions":1}}},{"hash":"507468eff7418053bebed6c4c9822ecd569ade03","isMergeCommit":true,"messageTitle":"Merge branch \u0027AY2223S2-CS2113-W13-2:master\u0027 into master","messageBody":"","fileTypesAndContributionMap":{}},{"hash":"58fe57603a818a589ca8c86f74c5164f5223b148","isMergeCommit":true,"messageTitle":"Merge branch \u0027master\u0027 of github.com:EangJS/tp","messageBody":"","fileTypesAndContributionMap":{}}]},{"date":"2023-03-11","commitResults":[{"hash":"48397385e9d89145532d262d38c8dd24c9f6d395","isMergeCommit":true,"messageTitle":"Merge pull request #18 from Khulon/master","messageBody":"","fileTypesAndContributionMap":{}}]},{"date":"2023-03-12","commitResults":[{"hash":"ef329b98ac6023764aa75a0a51137a5c8872e38c","isMergeCommit":true,"messageTitle":"Merge pull request #23 from ghzr0/master","messageBody":"UI update","fileTypesAndContributionMap":{}},{"hash":"f14f55714f8316697dc79691fdbd9140b7f5bb79","isMergeCommit":true,"messageTitle":"Merge pull request #25 from L-K-Chng/categorise-by-body-part","messageBody":"Categorise by body part and include junit test","fileTypesAndContributionMap":{}},{"hash":"b377486bd95795d99eead57d1015ac360c13100b","isMergeCommit":true,"messageTitle":"Merge branch \u0027master\u0027 into fixfilterbugs","messageBody":"","fileTypesAndContributionMap":{}},{"hash":"7fbf7b6d4e1934f90bf2444c434b2fbf504e9628","isMergeCommit":false,"messageTitle":"Bug Fixes","messageBody":"* Fix bug causing program to crash when filters return a array size less\n  than requested number of exercises\n* Fix bug causing no program response when no number of exercises is\n  input\n* Fix bug causing unhandled response when invalid filter arguments are\n  given\n","fileTypesAndContributionMap":{"functional-code":{"insertions":52,"deletions":57}}},{"hash":"adec5e5a5b44b2483c35bdf50985a279f0489963","isMergeCommit":false,"messageTitle":"Rename error package to Exceptions","messageBody":"","fileTypesAndContributionMap":{"functional-code":{"insertions":5,"deletions":5},"other":{"insertions":2,"deletions":2},"test-code":{"insertions":2,"deletions":2}}},{"hash":"231215ce54d3ae86cef7ccc45d9a76a0564d3826","isMergeCommit":false,"messageTitle":"Update AboutUs.md","messageBody":"","fileTypesAndContributionMap":{"functional-code":{"insertions":5,"deletions":5},"docs":{"insertions":9,"deletions":9},"test-code":{"insertions":2,"deletions":2}}},{"hash":"c54561f0565359f742739019a488af406d50d11c","isMergeCommit":false,"messageTitle":"Add documentation for user and developer guide","messageBody":"","fileTypesAndContributionMap":{"functional-code":{"insertions":11,"deletions":12},"docs":{"insertions":86,"deletions":54}}}]},{"date":"2023-03-13","commitResults":[{"hash":"096c7b603e43c18712f6c35d7713ca9b7387b1d8","isMergeCommit":false,"messageTitle":"Add GSON parser for user data to read/write","messageBody":"* Add the parser to save/read CompletedWorkout.class to/from json file\n* Update GSON to 2.10.1\n","fileTypesAndContributionMap":{"functional-code":{"insertions":183,"deletions":66},"other":{"insertions":3,"deletions":3},"test-code":{"insertions":2,"deletions":2}}},{"hash":"5912a2c98474ca30b5a96fc6abf6fbb1687745d1","isMergeCommit":false,"messageTitle":"Remove modification to GenerateFilterCommand","messageBody":"","fileTypesAndContributionMap":{"functional-code":{"insertions":0,"deletions":5}}},{"hash":"dc159c0c44e9dacc02694c942f32c07e4d2dd9d8","isMergeCommit":true,"messageTitle":"Merge branch \u0027Documentation\u0027 into UserDataWriter","messageBody":"","fileTypesAndContributionMap":{}},{"hash":"4dd12c492aebf67227f13afd2c1b7fa5e16b5c9b","isMergeCommit":false,"messageTitle":"Remove unused imports","messageBody":"","fileTypesAndContributionMap":{"functional-code":{"insertions":0,"deletions":3}}},{"hash":"7c16788fb80df95967ca4d0f4a13e919c8517857","isMergeCommit":false,"messageTitle":"Improve efficiency of preventing duplicate exercises","messageBody":"","fileTypesAndContributionMap":{"functional-code":{"insertions":78,"deletions":88},"test-code":{"insertions":6,"deletions":4}}}]},{"date":"2023-03-14","commitResults":[{"hash":"c5590ee1fa3906c926b237ef2e93fbfa23eb4b3a","isMergeCommit":false,"messageTitle":"Fix markdown table alignment","messageBody":"","fileTypesAndContributionMap":{"functional-code":{"insertions":2,"deletions":2},"docs":{"insertions":7,"deletions":6}}},{"hash":"ca0bcd697743780ce07474719fa711f097578d4d","isMergeCommit":false,"messageTitle":"Add custom datetime de/serializer","messageBody":"illegal access operators will be denied in future java versions. To\nenhance future compatabity, a custom datetime serializer is implemented.\nHence, illegal reflective access operation warnings can be suppressed\n","fileTypesAndContributionMap":{"functional-code":{"insertions":71,"deletions":14},"docs":{"insertions":7,"deletions":10},"test-code":{"insertions":47,"deletions":0}}},{"hash":"1e9c23754950b4c3eb3e2f7c079188d5280faaa1","isMergeCommit":false,"messageTitle":"Format code","messageBody":"","fileTypesAndContributionMap":{"test-code":{"insertions":4,"deletions":0}}},{"hash":"10f4be0ba93306f97050f95a0ef616c6c0af0f89","isMergeCommit":false,"messageTitle":"Format code to follow checkstyle","messageBody":"","fileTypesAndContributionMap":{"functional-code":{"insertions":89,"deletions":40},"test-code":{"insertions":6,"deletions":7}}},{"hash":"0e3a1ad81e71b40481c9c0454b2f3ad7251e1102","isMergeCommit":true,"messageTitle":"Merge branch \u0027master\u0027 of github.com:EangJS/tp into AddJUnitTests","messageBody":"","fileTypesAndContributionMap":{}},{"hash":"fa2dc8e12a10652078d72b3f54303965cfba8ef9","isMergeCommit":true,"messageTitle":"Merge branch \u0027AddJUnitTests\u0027 into CleanUpCode","messageBody":"","fileTypesAndContributionMap":{}},{"hash":"31ed6d499d375b7a6aeea54286c799d98e12e920","isMergeCommit":false,"messageTitle":"Refactor help message into Ui","messageBody":"","fileTypesAndContributionMap":{"functional-code":{"insertions":14,"deletions":11},"other":{"insertions":4,"deletions":3}}},{"hash":"81093212c8a02423848f08881d25e7b724046805","isMergeCommit":true,"messageTitle":"Merge pull request #32 from ghzr0/master","messageBody":"","fileTypesAndContributionMap":{}},{"hash":"68d9969aa7e4d342fe826cc1925ec19b9ddb30e3","isMergeCommit":true,"messageTitle":"Merge pull request #33 from L-K-Chng/branch-updatemd","messageBody":"","tags":["v1.0"],"fileTypesAndContributionMap":{}},{"hash":"b1e05630902f5609707c96a680fde22427e6c3f9","isMergeCommit":true,"messageTitle":"Merge branch \u0027master\u0027 of github.com:EangJS/tp into CleanUpCode","messageBody":"","fileTypesAndContributionMap":{}},{"hash":"b00ec4f2d20f70521852e50d12d649afcf6a0308","isMergeCommit":false,"messageTitle":"Add a filter command test","messageBody":"","fileTypesAndContributionMap":{"functional-code":{"insertions":6,"deletions":6},"test-code":{"insertions":54,"deletions":0}}},{"hash":"a87cefaf2c6d2e6c20975f1eb51377fddad527d3","isMergeCommit":false,"messageTitle":"Improve UserGuide","messageBody":"","fileTypesAndContributionMap":{"functional-code":{"insertions":0,"deletions":1},"docs":{"insertions":8,"deletions":0}}},{"hash":"2b2c40784b67e37a87e4c3013e9cdc0f358f4dd3","isMergeCommit":false,"messageTitle":"Add help message to text-ui-test","messageBody":"","fileTypesAndContributionMap":{"functional-code":{"insertions":2,"deletions":0}}},{"hash":"4170c071b715f44ef2e614a4e0f93968a758d721","isMergeCommit":false,"messageTitle":"Fix TestCommands","messageBody":"","fileTypesAndContributionMap":{"functional-code":{"insertions":11,"deletions":2},"test-code":{"insertions":0,"deletions":2}}}]},{"date":"2023-03-16","commitResults":[{"hash":"498c6152a61868fb77067019525829f64d077169","isMergeCommit":true,"messageTitle":"Merge pull request #40 from Khulon/master","messageBody":"Combined PrintHelpMessage.java and PrintHelp.java","fileTypesAndContributionMap":{}}]},{"date":"2023-03-18","commitResults":[{"hash":"d22258a3c9f1881ae5f33dc7856ff3ecfc029bea","isMergeCommit":false,"messageTitle":"Convert storage to Session Data","messageBody":"* Initially, file storage was save as per individual exercises in a\nsingle arrayList, now, UserCareerData (containing arrayList of\nSessionData) is used where each session data consists of a set of\nexercises and their statuses which is more realistic for actual\nworkouts as it comprises of a set of different workouts\n","fileTypesAndContributionMap":{"functional-code":{"insertions":37,"deletions":13},"other":{"insertions":16,"deletions":14},"test-code":{"insertions":32,"deletions":18}}},{"hash":"0f13eed1e28606e4eb69c51c398c28345785716d","isMergeCommit":false,"messageTitle":"Add sample concept commands of loading and writing data to and from file","messageBody":"New commands readSample and writeSample contains sample code on\nretrieving userCareerData. The storage package automatically converts\nthe json file to and from UserCareerData.class \"Automatically\". Hence no\nneed for manual parsing.\nThe commands are intended for sample use for now.\n","fileTypesAndContributionMap":{"functional-code":{"insertions":124,"deletions":28},"other":{"insertions":6,"deletions":6},"test-code":{"insertions":49,"deletions":33}}},{"hash":"969d0ba343baa45212f0d11cc01ed8c8e1ff6630","isMergeCommit":false,"messageTitle":"Add JavaDoc","messageBody":"","fileTypesAndContributionMap":{"functional-code":{"insertions":27,"deletions":0}}},{"hash":"43932aa3cce90230154468990ff7e173ca4a1941","isMergeCommit":true,"messageTitle":"Merge pull request #42 from ChubbsBunns/master","messageBody":"Remove False Assertion","fileTypesAndContributionMap":{}},{"hash":"c30ae98c7f459a52ae383c32210f1a41da3ff9a3","isMergeCommit":true,"messageTitle":"Fix merge Conflicts","messageBody":"","fileTypesAndContributionMap":{}},{"hash":"5b36e07f168a699500888de367aafec145ed5196","isMergeCommit":false,"messageTitle":"Refactor UserDataStorageTest","messageBody":"Include more tests to check user data at the UserCareer level. Expanded\ntests to now check from the top down from sessions to individual\nsessions\u0027 exercises\n","fileTypesAndContributionMap":{"test-code":{"insertions":92,"deletions":0}}}]},{"date":"2023-03-19","commitResults":[{"hash":"850b7240f9838c2670b0225deac272a331d55579","isMergeCommit":false,"messageTitle":"Refactor Storage","messageBody":"","fileTypesAndContributionMap":{"functional-code":{"insertions":64,"deletions":18},"other":{"insertions":370,"deletions":96},"test-code":{"insertions":44,"deletions":53}}},{"hash":"6074564a3e632670257c0b990794f4d169c0e7bc","isMergeCommit":true,"messageTitle":"Merge branch \u0027MoreJUnitTests\u0027 into Storage","messageBody":"","fileTypesAndContributionMap":{}},{"hash":"fc2531ff2f18a8a6b5cc9cee854270887119ed8e","isMergeCommit":false,"messageTitle":"Refactor Storage","messageBody":"Move UserCareerData into userdata package instead of storage as it is\nmore appropriate\nRefactor remaining parts of code that use old storage handler\n","fileTypesAndContributionMap":{"functional-code":{"insertions":50,"deletions":41},"other":{"insertions":61,"deletions":58},"test-code":{"insertions":7,"deletions":4}}},{"hash":"4d703dc9e9749646f6c93f256825abf1f10a4aeb","isMergeCommit":false,"messageTitle":"Add more JUnitTests for Storage","messageBody":"- Add tests for cases where missing user data file\n- Add tests for localdatetime serializer/deserializer\n- Modify .gitignore to ignore htmlReports for code coverage\n","fileTypesAndContributionMap":{"functional-code":{"insertions":19,"deletions":15},"test-code":{"insertions":69,"deletions":7}}},{"hash":"276c6b7fd885b386588734e20a4fa08b6dc9d6c9","isMergeCommit":false,"messageTitle":"Add logging for StorageHandler class","messageBody":"- Add logging for all storage related events\nLogging was performed with print statements, with logging, the logs will\ndisplay on the console and save into an xml file\n\n- Modify .gitignore to ignore log files\n","fileTypesAndContributionMap":{"functional-code":{"insertions":39,"deletions":12},"other":{"insertions":31,"deletions":0},"test-code":{"insertions":9,"deletions":8}}},{"hash":"cd560ea456f3f0617ddad2704f98f9f16e0c7b02","isMergeCommit":false,"messageTitle":"Remove tracked log files","messageBody":"","fileTypesAndContributionMap":{"other":{"insertions":0,"deletions":287},"test-code":{"insertions":4,"deletions":1}}},{"hash":"3ac04950a9e015fc561122850826ba1086261c62","isMergeCommit":false,"messageTitle":"Remove unused dependencies","messageBody":"","fileTypesAndContributionMap":{"other":{"insertions":1,"deletions":2}}},{"hash":"d32f1297c5346c587e2a5a18368cedbcd0a612e5","isMergeCommit":true,"messageTitle":"Merge pull request #60 from L-K-Chng/branch-updateExerciseHistory","messageBody":"","fileTypesAndContributionMap":{}}]},{"date":"2023-03-20","commitResults":[{"hash":"191e5dd25a005c58443bb246fbe74f7f7ac60875","isMergeCommit":false,"messageTitle":"Add sequence diagram","messageBody":"* Add sequence diagram for storage handler in case of normal operation\n* Add class diagram for storage package\n","fileTypesAndContributionMap":{"functional-code":{"insertions":11,"deletions":9},"docs":{"insertions":47,"deletions":0}}},{"hash":"e1c0f24059334e13a84f7e816e1d9746f96a4398","isMergeCommit":false,"messageTitle":"Improve class diagram","messageBody":"","fileTypesAndContributionMap":{"functional-code":{"insertions":3,"deletions":5},"docs":{"insertions":36,"deletions":6}}},{"hash":"49240e8436c3842a0c7cffa185cdb11ff7b47cb7","isMergeCommit":false,"messageTitle":"Update Storage Class Diagram","messageBody":"","fileTypesAndContributionMap":{"docs":{"insertions":77,"deletions":75}}},{"hash":"66fb39a246a871d995b4bc21d2c2f5df2f770086","isMergeCommit":true,"messageTitle":"Merge pull request #61 from ghzr0/master","messageBody":"Add exceptions for areas that trigger DukeError","fileTypesAndContributionMap":{}},{"hash":"afa2f867cc28fa333304a6ad716626daa3ba9a28","isMergeCommit":false,"messageTitle":"Format developer guide","messageBody":"","fileTypesAndContributionMap":{"docs":{"insertions":2,"deletions":2}}},{"hash":"2aeb116fdd915c4525c3f0c13caa49fe685c8416","isMergeCommit":true,"messageTitle":"Merge branch \u0027master\u0027 into StorageUML","messageBody":"","fileTypesAndContributionMap":{}},{"hash":"85c7d702432b15eb93d4120e9f02c2fc2532fc4e","isMergeCommit":false,"messageTitle":"Update Developer Guide with Storage UML","messageBody":"","fileTypesAndContributionMap":{"docs":{"insertions":49,"deletions":16}}},{"hash":"20e75b5f51cf39098e82166fb1ecdf10e7b0d436","isMergeCommit":false,"messageTitle":"Refactor Storage","messageBody":"Use an interface that is implement my StorageHandler\nUpdate UML to include additions\n","fileTypesAndContributionMap":{"functional-code":{"insertions":15,"deletions":1},"docs":{"insertions":4,"deletions":0}}},{"hash":"b0b7e97eff37d378b242931306d55662510536b8","isMergeCommit":false,"messageTitle":"Remove spacing that prevent kramdown TOC","messageBody":"","fileTypesAndContributionMap":{"docs":{"insertions":1,"deletions":1}}}]},{"date":"2023-03-21","commitResults":[{"hash":"a44ef217de2c35821ee51978695f41b85aeb1bcb","isMergeCommit":false,"messageTitle":"Refactor SampleReadCommand","messageBody":"","fileTypesAndContributionMap":{"functional-code":{"insertions":1,"deletions":1},"docs":{"insertions":4,"deletions":7}}}]},{"date":"2023-03-22","commitResults":[{"hash":"784125e5d81160c62b067637ad3c72c1904c743a","isMergeCommit":true,"messageTitle":"Merge pull request #75 from Khulon/master","messageBody":"Merge: Create workout planner","fileTypesAndContributionMap":{}}]},{"date":"2023-03-23","commitResults":[{"hash":"ba4b5f320e098fb02e3646ba3718bceccea3a530","isMergeCommit":false,"messageTitle":"Add Storage for user plans","messageBody":"* Add overloaded method to UserDataWriter to save to user plans to json\n* Add method to UserDataLoader to read user plans from json\n* Add Methods to storage handler to handle new storage classes\n* Add JUnit tests for the new methods\n* Add getter to Day\u0027s plans in UserPlan\n* Add setter to Add Day\u0027s plans in UserPlan\n","fileTypesAndContributionMap":{"functional-code":{"insertions":173,"deletions":63},"docs":{"insertions":7,"deletions":0},"test-code":{"insertions":86,"deletions":21}}},{"hash":"baa9cbb4cb399385afde3b2e94806b83cf4e8eec","isMergeCommit":false,"messageTitle":"Remove unecessary files","messageBody":"","fileTypesAndContributionMap":{"docs":{"insertions":0,"deletions":7}}},{"hash":"b82c779ec5ec32b74b3e2ffc2511c3bd72cd3bd6","isMergeCommit":true,"messageTitle":"Merge pull request #83 from Khulon/master","messageBody":"","fileTypesAndContributionMap":{}}]},{"date":"2023-03-24","commitResults":[{"hash":"ef2f0ac2b9b2699a9e12cb312b9283e063913ce1","isMergeCommit":false,"messageTitle":"Format text","messageBody":"","fileTypesAndContributionMap":{"functional-code":{"insertions":9,"deletions":11}}},{"hash":"8d7b73706fb42e3798d08c2903943e272b3d1c78","isMergeCommit":true,"messageTitle":"Resolve merge conflicts","messageBody":"","fileTypesAndContributionMap":{}},{"hash":"78c1f3446ec09427ce242864f4d36b1874e6063c","isMergeCommit":true,"messageTitle":"Merge pull request #87 from L-K-Chng/branch-updateExerciseHistory","messageBody":"Branch update exercise history","fileTypesAndContributionMap":{}},{"hash":"9ac8bc9deb632e9dd7a36bd6c0c28ac9c7350d77","isMergeCommit":false,"messageTitle":"Add new JUnit Test for GenerateExCmd","messageBody":"","fileTypesAndContributionMap":{"functional-code":{"insertions":83,"deletions":157},"other":{"insertions":3,"deletions":3},"test-code":{"insertions":38,"deletions":3}}},{"hash":"34b2585a05c45b69e5d623d3b747ed444bdbd341","isMergeCommit":true,"messageTitle":"Resolve merge conflicts","messageBody":"","fileTypesAndContributionMap":{}},{"hash":"6073ad79a5911f842005f175b3670a3e75ca4ae4","isMergeCommit":false,"messageTitle":"Update Storage UMLs","messageBody":"","fileTypesAndContributionMap":{"docs":{"insertions":47,"deletions":13}}},{"hash":"5b3071cd368840fafed4e47633e43cc7b907b518","isMergeCommit":false,"messageTitle":"Update UML png files","messageBody":"","fileTypesAndContributionMap":{"docs":{"insertions":5,"deletions":5}}},{"hash":"3098d0a1a9b5409b82a8a9f1ea3f5dbce8500f7f","isMergeCommit":false,"messageTitle":"Remove unused imports","messageBody":"","fileTypesAndContributionMap":{"test-code":{"insertions":1,"deletions":3}}},{"hash":"5e4b79ebb75ac0a3053880909baab8b1f82d127c","isMergeCommit":true,"messageTitle":"Merge pull request #88 from ghzr0/master","messageBody":"Add exceptions for commands in the Planner feature","fileTypesAndContributionMap":{}},{"hash":"e84efd00498f60c30c5852db5e44bd69aa864638","isMergeCommit":true,"messageTitle":"Merge branch \u0027master\u0027 of github.com:EangJS/tp into StorageForPlans","messageBody":"* Fix merge conflicts\n* Update text-ui-test\n* remove bye command (use exit only)\n","fileTypesAndContributionMap":{}},{"hash":"0dfdc42c7102d727fcc5d5db77b0facc1510a99c","isMergeCommit":false,"messageTitle":"Update text-ui-test scripts","messageBody":"","fileTypesAndContributionMap":{"other":{"insertions":8,"deletions":109}}},{"hash":"7bd653299c34e5e45ee19fcdd1c00f727dfd5277","isMergeCommit":false,"messageTitle":"Revert changes to runtest.bat","messageBody":"","fileTypesAndContributionMap":{"other":{"insertions":0,"deletions":4}}},{"hash":"a7175b7a70b2bfff73587b1285d6662fa3f00918","isMergeCommit":false,"messageTitle":"Move exceptions and util to commons","messageBody":"","fileTypesAndContributionMap":{"other":{"insertions":0,"deletions":0}}},{"hash":"3e9e67fde8514e2b2bffbc6ca12bec4da9c579c4","isMergeCommit":false,"messageTitle":"Move exceptions and util to commons","messageBody":"","fileTypesAndContributionMap":{"functional-code":{"insertions":173,"deletions":146},"test-code":{"insertions":59,"deletions":58}}},{"hash":"41e6b19d16886450233b18ee2017822030db9d4b","isMergeCommit":true,"messageTitle":"Merge branch \u0027RefactorPackages\u0027","messageBody":"","fileTypesAndContributionMap":{}},{"hash":"ea707f4ab41f6ee61e63c5c02acdac3b1a232fb0","isMergeCommit":false,"messageTitle":"Organsise Packages","messageBody":"","fileTypesAndContributionMap":{"other":{"insertions":0,"deletions":0}}},{"hash":"87ab5ece188e46a6412cb9817a7d9ac2d32d460d","isMergeCommit":false,"messageTitle":"Organsise Packages","messageBody":"","fileTypesAndContributionMap":{"functional-code":{"insertions":151,"deletions":130},"test-code":{"insertions":45,"deletions":37}}},{"hash":"5368de03fbfbb2a793f1b7baefc00f35ffacfed0","isMergeCommit":true,"messageTitle":"Merge branch \u0027RefactorPackages\u0027","messageBody":"","fileTypesAndContributionMap":{}},{"hash":"ea6a40af09d30cabf3f8cee4509b1396da808792","isMergeCommit":false,"messageTitle":"Rearrange code","messageBody":"","fileTypesAndContributionMap":{"functional-code":{"insertions":1,"deletions":1}}},{"hash":"ef58af527d7194f3b3d9f72c66b257d6bbefe4be","isMergeCommit":true,"messageTitle":"Merge pull request #91 from EangJS/master","messageBody":"Refactor packages","fileTypesAndContributionMap":{}}]},{"date":"2023-03-25","commitResults":[{"hash":"712814e1bb9629953f3f1336fb0f81a0fa084c28","isMergeCommit":true,"messageTitle":"Merge pull request #92 from ChubbsBunns/master","messageBody":"Add Achievements, update DG with command handler","fileTypesAndContributionMap":{}},{"hash":"fe8d199c9c23ad43b19ad57f2c35763472e8b781","isMergeCommit":false,"messageTitle":"Add more UML","messageBody":"","fileTypesAndContributionMap":{"functional-code":{"insertions":94,"deletions":64},"other":{"insertions":18,"deletions":18},"docs":{"insertions":134,"deletions":14},"test-code":{"insertions":22,"deletions":22}}},{"hash":"f86fec53b6e469f90a647693fab2996de9d95424","isMergeCommit":true,"messageTitle":"Fix merge conflicts","messageBody":"","fileTypesAndContributionMap":{}},{"hash":"84835c406ea03e73e6784c4839a37331469d2f9b","isMergeCommit":false,"messageTitle":"Refactor Storage","messageBody":"","fileTypesAndContributionMap":{"functional-code":{"insertions":418,"deletions":130},"other":{"insertions":5,"deletions":61},"test-code":{"insertions":12,"deletions":10}}}]},{"date":"2023-03-27","commitResults":[{"hash":"855b1d2b999ed8b508eee633708e277c8d3daf54","isMergeCommit":false,"messageTitle":"Update UML for storage","messageBody":"","fileTypesAndContributionMap":{"docs":{"insertions":83,"deletions":0}}},{"hash":"8cdf4b509d7b246af7026ce7ccb615ea9c579c0d","isMergeCommit":false,"messageTitle":"Simplify the UML for storage","messageBody":"","fileTypesAndContributionMap":{"docs":{"insertions":13,"deletions":45}}},{"hash":"d5a33865e56cc9b82aa752d4c525399558aaf9b5","isMergeCommit":false,"messageTitle":"Update storage sequence diagram","messageBody":"","fileTypesAndContributionMap":{"docs":{"insertions":23,"deletions":28}}},{"hash":"c900b4300d0249fa9cb0b92b65617e0638716bfd","isMergeCommit":false,"messageTitle":"Rename tests with better clarity","messageBody":"","fileTypesAndContributionMap":{"test-code":{"insertions":2,"deletions":2}}},{"hash":"66a121acac331442b2439644cf9ae841af3987d8","isMergeCommit":false,"messageTitle":"Fix img src","messageBody":"","fileTypesAndContributionMap":{"functional-code":{"insertions":19,"deletions":23},"docs":{"insertions":162,"deletions":12}}}]}]},"authorFileTypeContributionMap":{"ChubbsBunns":{"docs":38,"functional-code":680,"test-code":88,"other":1},"Khulon":{"docs":1,"functional-code":629,"test-code":2},"L-K-Chng":{"docs":11,"functional-code":129,"test-code":527},"ghzr0":{"docs":35,"functional-code":147,"test-code":0},"EangJS":{"docs":562,"functional-code":1185,"test-code":496,"other":4}},"authorContributionVariance":{"ChubbsBunns":23423.65,"Khulon":14592.453,"L-K-Chng":6455.203,"ghzr0":3422.23,"EangJS":120631.74},"authorDisplayNameMap":{"ChubbsBunns":"CS2113-W13-2 DYLA.. JIE","Khulon":"CS2113-W13-2 CLEO.. WEI","L-K-Chng":"CS2113-W13-2 CHNG..UANG","ghzr0":"CS2113-W13-2 HO Z..LENN","EangJS":"CS2113-W13-2 EUGE..HING"}}
