[{"path":"build.gradle","fileType":"other","lines":[{"lineNumber":1,"author":{"gitId":"-"},"content":"plugins {","lastModifiedDate":"2020-05-25"},{"lineNumber":2,"author":{"gitId":"-"},"content":"    id \u0027java\u0027","lastModifiedDate":"2020-05-25"},{"lineNumber":3,"author":{"gitId":"-"},"content":"    id \u0027application\u0027","lastModifiedDate":"2020-05-25"},{"lineNumber":4,"author":{"gitId":"-"},"content":"    id \u0027checkstyle\u0027","lastModifiedDate":"2020-05-25"},{"lineNumber":5,"author":{"gitId":"-"},"content":"    id \u0027com.github.johnrengelman.shadow\u0027 version \u00277.1.2\u0027","lastModifiedDate":"2022-06-17"},{"lineNumber":6,"author":{"gitId":"-"},"content":"}","lastModifiedDate":"2020-05-25"},{"lineNumber":7,"author":{"gitId":"-"},"content":"","lastModifiedDate":"2020-05-25"},{"lineNumber":8,"author":{"gitId":"-"},"content":"repositories {","lastModifiedDate":"2020-05-25"},{"lineNumber":9,"author":{"gitId":"-"},"content":"    mavenCentral()","lastModifiedDate":"2020-05-25"},{"lineNumber":10,"author":{"gitId":"-"},"content":"}","lastModifiedDate":"2020-05-25"},{"lineNumber":11,"author":{"gitId":"-"},"content":"","lastModifiedDate":"2020-05-25"},{"lineNumber":12,"author":{"gitId":"-"},"content":"dependencies {","lastModifiedDate":"2020-05-25"},{"lineNumber":13,"author":{"gitId":"-"},"content":"    testImplementation group: \u0027org.junit.jupiter\u0027, name: \u0027junit-jupiter-api\u0027, version: \u00275.5.0\u0027","lastModifiedDate":"2020-05-25"},{"lineNumber":14,"author":{"gitId":"-"},"content":"    testRuntimeOnly group: \u0027org.junit.jupiter\u0027, name: \u0027junit-jupiter-engine\u0027, version: \u00275.5.0\u0027","lastModifiedDate":"2020-05-25"},{"lineNumber":15,"author":{"gitId":"-"},"content":"}","lastModifiedDate":"2020-05-25"},{"lineNumber":16,"author":{"gitId":"-"},"content":"","lastModifiedDate":"2020-05-25"},{"lineNumber":17,"author":{"gitId":"-"},"content":"test {","lastModifiedDate":"2020-05-25"},{"lineNumber":18,"author":{"gitId":"-"},"content":"    useJUnitPlatform()","lastModifiedDate":"2020-05-25"},{"lineNumber":19,"author":{"gitId":"-"},"content":"","lastModifiedDate":"2020-05-25"},{"lineNumber":20,"author":{"gitId":"-"},"content":"    testLogging {","lastModifiedDate":"2020-05-25"},{"lineNumber":21,"author":{"gitId":"-"},"content":"        events \"passed\", \"skipped\", \"failed\"","lastModifiedDate":"2020-05-25"},{"lineNumber":22,"author":{"gitId":"-"},"content":"","lastModifiedDate":"2020-05-25"},{"lineNumber":23,"author":{"gitId":"-"},"content":"        showExceptions true","lastModifiedDate":"2020-05-25"},{"lineNumber":24,"author":{"gitId":"-"},"content":"        exceptionFormat \"full\"","lastModifiedDate":"2020-05-25"},{"lineNumber":25,"author":{"gitId":"-"},"content":"        showCauses true","lastModifiedDate":"2020-05-25"},{"lineNumber":26,"author":{"gitId":"-"},"content":"        showStackTraces true","lastModifiedDate":"2020-05-25"},{"lineNumber":27,"author":{"gitId":"-"},"content":"        showStandardStreams \u003d false","lastModifiedDate":"2020-05-25"},{"lineNumber":28,"author":{"gitId":"-"},"content":"    }","lastModifiedDate":"2020-05-25"},{"lineNumber":29,"author":{"gitId":"-"},"content":"}","lastModifiedDate":"2020-05-25"},{"lineNumber":30,"author":{"gitId":"-"},"content":"","lastModifiedDate":"2020-05-25"},{"lineNumber":31,"author":{"gitId":"-"},"content":"application {","lastModifiedDate":"2020-05-25"},{"lineNumber":32,"author":{"gitId":"jaredoong"},"content":"    mainClass \u003d \"seedu.meal360.Meal360\"","lastModifiedDate":"2023-03-06"},{"lineNumber":33,"author":{"gitId":"-"},"content":"}","lastModifiedDate":"2020-05-25"},{"lineNumber":34,"author":{"gitId":"-"},"content":"","lastModifiedDate":"2020-05-25"},{"lineNumber":35,"author":{"gitId":"-"},"content":"shadowJar {","lastModifiedDate":"2020-05-25"},{"lineNumber":36,"author":{"gitId":"jaredoong"},"content":"    archiveBaseName \u003d \"meal360\"","lastModifiedDate":"2023-03-06"},{"lineNumber":37,"author":{"gitId":"-"},"content":"    archiveClassifier \u003d null","lastModifiedDate":"2020-05-25"},{"lineNumber":38,"author":{"gitId":"-"},"content":"}","lastModifiedDate":"2020-05-25"},{"lineNumber":39,"author":{"gitId":"-"},"content":"","lastModifiedDate":"2020-05-25"},{"lineNumber":40,"author":{"gitId":"-"},"content":"checkstyle {","lastModifiedDate":"2020-05-25"},{"lineNumber":41,"author":{"gitId":"-"},"content":"    toolVersion \u003d \u002710.2\u0027","lastModifiedDate":"2022-04-29"},{"lineNumber":42,"author":{"gitId":"-"},"content":"}","lastModifiedDate":"2020-05-25"},{"lineNumber":43,"author":{"gitId":"-"},"content":"","lastModifiedDate":"2020-05-25"},{"lineNumber":44,"author":{"gitId":"-"},"content":"run{","lastModifiedDate":"2020-05-25"},{"lineNumber":45,"author":{"gitId":"-"},"content":"    standardInput \u003d System.in","lastModifiedDate":"2020-05-25"},{"lineNumber":46,"author":{"gitId":"-"},"content":"}","lastModifiedDate":"2020-05-25"}],"authorContributionMap":{"-":44,"jaredoong":2}},{"path":"docs/AboutUs.md","fileType":"docs","lines":[{"lineNumber":1,"author":{"gitId":"-"},"content":"# About us","lastModifiedDate":"2020-05-24"},{"lineNumber":2,"author":{"gitId":"-"},"content":"Display |        Name        | Github Profile | Portfolio ","lastModifiedDate":"2020-05-24"},{"lineNumber":3,"author":{"gitId":"JuneNita"},"content":"--------|:------------------:|:--------------:|:---------:","lastModifiedDate":"2023-03-09"},{"lineNumber":4,"author":{"gitId":"jaredoong"},"content":"![](https://via.placeholder.com/100.png?text\u003dPhoto) | Suresh Abijith Ram | [Github](https://github.com/) | [Portfolio](docs/team/johndoe.md)","lastModifiedDate":"2023-03-09"},{"lineNumber":5,"author":{"gitId":"jaredoong"},"content":"![](https://via.placeholder.com/100.png?text\u003dPhoto) |    Lu Bingyuan     | [Github](https://github.com/) | [Portfolio](docs/team/johndoe.md)","lastModifiedDate":"2023-03-03"},{"lineNumber":6,"author":{"gitId":"gurmankalkat"},"content":"![](https://via.placeholder.com/100.png?text\u003dPhoto) |   Gurman Kalkat    | [Github](https://github.com/) | [Portfolio](docs/team/johndoe.md)","lastModifiedDate":"2023-03-03"},{"lineNumber":7,"author":{"gitId":"JuneNita"},"content":"![](https://via.placeholder.com/100.png?text\u003dPhoto) |  Nita Chenvisuwat  | [Github](https://github.com/) | [Portfolio](docs/team/johndoe.md)","lastModifiedDate":"2023-03-09"},{"lineNumber":8,"author":{"gitId":"jaredoong"},"content":"![](https://via.placeholder.com/100.png?text\u003dPhoto) |     Jared Oong     | [Github](https://github.com/) | [Portfolio](docs/team/johndoe.md)","lastModifiedDate":"2023-03-03"}],"authorContributionMap":{"JuneNita":2,"gurmankalkat":1,"-":2,"jaredoong":3}},{"path":"docs/UserGuide.md","fileType":"docs","lines":[{"lineNumber":1,"author":{"gitId":"-"},"content":"# User Guide","lastModifiedDate":"2020-05-24"},{"lineNumber":2,"author":{"gitId":"-"},"content":"","lastModifiedDate":"2020-05-24"},{"lineNumber":3,"author":{"gitId":"-"},"content":"## Introduction","lastModifiedDate":"2020-05-24"},{"lineNumber":4,"author":{"gitId":"-"},"content":"","lastModifiedDate":"2020-05-24"},{"lineNumber":5,"author":{"gitId":"-"},"content":"{Give a product intro}","lastModifiedDate":"2020-05-24"},{"lineNumber":6,"author":{"gitId":"-"},"content":"","lastModifiedDate":"2020-05-24"},{"lineNumber":7,"author":{"gitId":"-"},"content":"## Quick Start","lastModifiedDate":"2020-05-24"},{"lineNumber":8,"author":{"gitId":"-"},"content":"","lastModifiedDate":"2020-05-24"},{"lineNumber":9,"author":{"gitId":"-"},"content":"{Give steps to get started quickly}","lastModifiedDate":"2020-05-24"},{"lineNumber":10,"author":{"gitId":"-"},"content":"","lastModifiedDate":"2020-05-24"},{"lineNumber":11,"author":{"gitId":"-"},"content":"1. Ensure that you have Java 11 or above installed.","lastModifiedDate":"2020-05-24"},{"lineNumber":12,"author":{"gitId":"-"},"content":"1. Down the latest version of `Duke` from [here](http://link.to/duke).","lastModifiedDate":"2020-05-24"},{"lineNumber":13,"author":{"gitId":"-"},"content":"","lastModifiedDate":"2020-05-24"},{"lineNumber":14,"author":{"gitId":"-"},"content":"## Features ","lastModifiedDate":"2020-05-24"},{"lineNumber":15,"author":{"gitId":"-"},"content":"","lastModifiedDate":"2020-05-24"},{"lineNumber":16,"author":{"gitId":"-"},"content":"{Give detailed description of each feature}","lastModifiedDate":"2020-05-24"},{"lineNumber":17,"author":{"gitId":"JuneNita"},"content":"* Listing relevant recipes","lastModifiedDate":"2023-03-13"},{"lineNumber":18,"author":{"gitId":"-"},"content":"","lastModifiedDate":"2020-05-24"},{"lineNumber":19,"author":{"gitId":"-"},"content":"### Adding a todo: `todo`","lastModifiedDate":"2020-05-24"},{"lineNumber":20,"author":{"gitId":"-"},"content":"Adds a new item to the list of todo items.","lastModifiedDate":"2020-05-24"},{"lineNumber":21,"author":{"gitId":"-"},"content":"","lastModifiedDate":"2020-05-24"},{"lineNumber":22,"author":{"gitId":"-"},"content":"Format: `todo n/TODO_NAME d/DEADLINE`","lastModifiedDate":"2020-05-24"},{"lineNumber":23,"author":{"gitId":"-"},"content":"","lastModifiedDate":"2020-05-24"},{"lineNumber":24,"author":{"gitId":"-"},"content":"* The `DEADLINE` can be in a natural language format.","lastModifiedDate":"2020-05-24"},{"lineNumber":25,"author":{"gitId":"-"},"content":"* The `TODO_NAME` cannot contain punctuation.  ","lastModifiedDate":"2020-05-24"},{"lineNumber":26,"author":{"gitId":"-"},"content":"","lastModifiedDate":"2020-05-24"},{"lineNumber":27,"author":{"gitId":"-"},"content":"Example of usage: ","lastModifiedDate":"2020-05-24"},{"lineNumber":28,"author":{"gitId":"-"},"content":"","lastModifiedDate":"2020-05-24"},{"lineNumber":29,"author":{"gitId":"-"},"content":"`todo n/Write the rest of the User Guide d/next week`","lastModifiedDate":"2020-05-24"},{"lineNumber":30,"author":{"gitId":"-"},"content":"","lastModifiedDate":"2020-05-24"},{"lineNumber":31,"author":{"gitId":"-"},"content":"`todo n/Refactor the User Guide to remove passive voice d/13/04/2020`","lastModifiedDate":"2020-05-24"},{"lineNumber":32,"author":{"gitId":"-"},"content":"","lastModifiedDate":"2020-05-24"},{"lineNumber":33,"author":{"gitId":"JuneNita"},"content":"### Listing recipes: `list`","lastModifiedDate":"2023-03-13"},{"lineNumber":34,"author":{"gitId":"JuneNita"},"content":"List all recipes or filtered list recipes by the name or ingredients.","lastModifiedDate":"2023-03-13"},{"lineNumber":35,"author":{"gitId":"JuneNita"},"content":"","lastModifiedDate":"2023-03-13"},{"lineNumber":36,"author":{"gitId":"JuneNita"},"content":"Format: `list [KEYWORD \u0026 KEYWORD \u0026 ...]`","lastModifiedDate":"2023-03-14"},{"lineNumber":37,"author":{"gitId":"JuneNita"},"content":"","lastModifiedDate":"2023-03-13"},{"lineNumber":38,"author":{"gitId":"JuneNita"},"content":"* The `KEYWORD` is optional. It can be a name of recipe or ingredients.","lastModifiedDate":"2023-03-14"},{"lineNumber":39,"author":{"gitId":"JuneNita"},"content":"* To list all recipes, do not add `KEYWORD`.","lastModifiedDate":"2023-03-14"},{"lineNumber":40,"author":{"gitId":"JuneNita"},"content":"* Use `\u0026` to list all the recipe that contain all specified keywords.","lastModifiedDate":"2023-03-14"},{"lineNumber":41,"author":{"gitId":"JuneNita"},"content":"","lastModifiedDate":"2023-03-13"},{"lineNumber":42,"author":{"gitId":"JuneNita"},"content":"","lastModifiedDate":"2023-03-13"},{"lineNumber":43,"author":{"gitId":"JuneNita"},"content":"Example of usage:","lastModifiedDate":"2023-03-13"},{"lineNumber":44,"author":{"gitId":"JuneNita"},"content":"","lastModifiedDate":"2023-03-13"},{"lineNumber":45,"author":{"gitId":"JuneNita"},"content":"`list`","lastModifiedDate":"2023-03-13"},{"lineNumber":46,"author":{"gitId":"JuneNita"},"content":"`list pizza`","lastModifiedDate":"2023-03-13"},{"lineNumber":47,"author":{"gitId":"JuneNita"},"content":"`list milk \u0026 egg`","lastModifiedDate":"2023-03-14"},{"lineNumber":48,"author":{"gitId":"JuneNita"},"content":"","lastModifiedDate":"2023-03-14"},{"lineNumber":49,"author":{"gitId":"JuneNita"},"content":"","lastModifiedDate":"2023-03-13"},{"lineNumber":50,"author":{"gitId":"-"},"content":"## FAQ","lastModifiedDate":"2020-05-24"},{"lineNumber":51,"author":{"gitId":"-"},"content":"","lastModifiedDate":"2020-05-24"},{"lineNumber":52,"author":{"gitId":"-"},"content":"**Q**: How do I transfer my data to another computer? ","lastModifiedDate":"2020-05-24"},{"lineNumber":53,"author":{"gitId":"-"},"content":"","lastModifiedDate":"2020-05-24"},{"lineNumber":54,"author":{"gitId":"-"},"content":"**A**: {your answer here}","lastModifiedDate":"2020-05-24"},{"lineNumber":55,"author":{"gitId":"-"},"content":"","lastModifiedDate":"2020-05-24"},{"lineNumber":56,"author":{"gitId":"-"},"content":"## Command Summary","lastModifiedDate":"2020-05-24"},{"lineNumber":57,"author":{"gitId":"-"},"content":"","lastModifiedDate":"2020-05-24"},{"lineNumber":58,"author":{"gitId":"-"},"content":"{Give a \u0027cheat sheet\u0027 of commands here}","lastModifiedDate":"2020-05-24"},{"lineNumber":59,"author":{"gitId":"-"},"content":"","lastModifiedDate":"2020-05-24"},{"lineNumber":60,"author":{"gitId":"-"},"content":"* Add todo `todo n/TODO_NAME d/DEADLINE`","lastModifiedDate":"2020-05-24"},{"lineNumber":61,"author":{"gitId":"JuneNita"},"content":"* List recipe `list [KEYWORD]`","lastModifiedDate":"2023-03-13"}],"authorContributionMap":{"JuneNita":19,"-":42}},{"path":"src/main/java/seedu/meal360/Database.java","fileType":"functional-code","lines":[{"lineNumber":1,"author":{"gitId":"jaredoong"},"content":"package seedu.meal360;","lastModifiedDate":"2023-03-09"},{"lineNumber":2,"author":{"gitId":"jaredoong"},"content":"","lastModifiedDate":"2023-03-09"},{"lineNumber":3,"author":{"gitId":"jaredoong"},"content":"public class Database {","lastModifiedDate":"2023-03-09"},{"lineNumber":4,"author":{"gitId":"jaredoong"},"content":"","lastModifiedDate":"2023-03-09"},{"lineNumber":5,"author":{"gitId":"jaredoong"},"content":"    public void createDatabase() {","lastModifiedDate":"2023-03-09"},{"lineNumber":6,"author":{"gitId":"jaredoong"},"content":"        // create database","lastModifiedDate":"2023-03-09"},{"lineNumber":7,"author":{"gitId":"jaredoong"},"content":"    }","lastModifiedDate":"2023-03-09"},{"lineNumber":8,"author":{"gitId":"jaredoong"},"content":"","lastModifiedDate":"2023-03-09"},{"lineNumber":9,"author":{"gitId":"jaredoong"},"content":"    public String loadDatabase() {","lastModifiedDate":"2023-03-09"},{"lineNumber":10,"author":{"gitId":"jaredoong"},"content":"        // load database","lastModifiedDate":"2023-03-09"},{"lineNumber":11,"author":{"gitId":"jaredoong"},"content":"        return \"database loaded\";","lastModifiedDate":"2023-03-09"},{"lineNumber":12,"author":{"gitId":"jaredoong"},"content":"    }","lastModifiedDate":"2023-03-09"},{"lineNumber":13,"author":{"gitId":"jaredoong"},"content":"","lastModifiedDate":"2023-03-09"},{"lineNumber":14,"author":{"gitId":"jaredoong"},"content":"    public void saveDatabase(String recipes) {","lastModifiedDate":"2023-03-09"},{"lineNumber":15,"author":{"gitId":"jaredoong"},"content":"        // save database","lastModifiedDate":"2023-03-09"},{"lineNumber":16,"author":{"gitId":"jaredoong"},"content":"    }","lastModifiedDate":"2023-03-09"},{"lineNumber":17,"author":{"gitId":"jaredoong"},"content":"}","lastModifiedDate":"2023-03-09"}],"authorContributionMap":{"jaredoong":17}},{"path":"src/main/java/seedu/meal360/Meal360.java","fileType":"functional-code","lines":[{"lineNumber":1,"author":{"gitId":"jaredoong"},"content":"package seedu.meal360;","lastModifiedDate":"2023-03-06"},{"lineNumber":2,"author":{"gitId":"jaredoong"},"content":"","lastModifiedDate":"2023-03-06"},{"lineNumber":3,"author":{"gitId":"jaredoong"},"content":"import java.util.HashMap;","lastModifiedDate":"2023-03-09"},{"lineNumber":4,"author":{"gitId":"jaredoong"},"content":"import java.util.Scanner;","lastModifiedDate":"2023-03-06"},{"lineNumber":5,"author":{"gitId":"jaredoong"},"content":"","lastModifiedDate":"2023-03-06"},{"lineNumber":6,"author":{"gitId":"jaredoong"},"content":"public class Meal360 {","lastModifiedDate":"2023-03-06"},{"lineNumber":7,"author":{"gitId":"jaredoong"},"content":"","lastModifiedDate":"2023-03-09"},{"lineNumber":8,"author":{"gitId":"jaredoong"},"content":"    /**","lastModifiedDate":"2023-03-06"},{"lineNumber":9,"author":{"gitId":"jaredoong"},"content":"     * Main entry-point for the java.duke.Meal360 application.","lastModifiedDate":"2023-03-06"},{"lineNumber":10,"author":{"gitId":"jaredoong"},"content":"     */","lastModifiedDate":"2023-03-06"},{"lineNumber":11,"author":{"gitId":"jaredoong"},"content":"","lastModifiedDate":"2023-03-09"},{"lineNumber":12,"author":{"gitId":"jaredoong"},"content":"    private static Boolean canExit \u003d false;","lastModifiedDate":"2023-03-09"},{"lineNumber":13,"author":{"gitId":"jaredoong"},"content":"    private static final Ui ui \u003d new Ui();","lastModifiedDate":"2023-03-09"},{"lineNumber":14,"author":{"gitId":"jaredoong"},"content":"    private static final Parser parser \u003d new Parser();","lastModifiedDate":"2023-03-09"},{"lineNumber":15,"author":{"gitId":"jaredoong"},"content":"    private static final Database database \u003d new Database();","lastModifiedDate":"2023-03-09"},{"lineNumber":16,"author":{"gitId":"jaredoong"},"content":"    private static final RecipeList recipeList \u003d new RecipeList();","lastModifiedDate":"2023-03-09"},{"lineNumber":17,"author":{"gitId":"jaredoong"},"content":"","lastModifiedDate":"2023-03-09"},{"lineNumber":18,"author":{"gitId":"jaredoong"},"content":"    public static void startApp() {","lastModifiedDate":"2023-03-09"},{"lineNumber":19,"author":{"gitId":"jaredoong"},"content":"        ui.printWelcomeMessage();","lastModifiedDate":"2023-03-09"},{"lineNumber":20,"author":{"gitId":"jaredoong"},"content":"        // Dummy recipe for testing purposes","lastModifiedDate":"2023-03-09"},{"lineNumber":21,"author":{"gitId":"jaredoong"},"content":"        HashMap\u003cString, Integer\u003e testIngredients \u003d new HashMap\u003c\u003e();","lastModifiedDate":"2023-03-09"},{"lineNumber":22,"author":{"gitId":"jaredoong"},"content":"        testIngredients.put(\"test ingredient\", 100);","lastModifiedDate":"2023-03-09"},{"lineNumber":23,"author":{"gitId":"jaredoong"},"content":"        Recipe testR \u003d new Recipe(\"test recipe name\", testIngredients);","lastModifiedDate":"2023-03-09"},{"lineNumber":24,"author":{"gitId":"jaredoong"},"content":"        recipeList.addRecipe(testR);","lastModifiedDate":"2023-03-09"},{"lineNumber":25,"author":{"gitId":"jaredoong"},"content":"","lastModifiedDate":"2023-03-09"},{"lineNumber":26,"author":{"gitId":"jaredoong"},"content":"    }","lastModifiedDate":"2023-03-09"},{"lineNumber":27,"author":{"gitId":"jaredoong"},"content":"","lastModifiedDate":"2023-03-09"},{"lineNumber":28,"author":{"gitId":"jaredoong"},"content":"    public static void receiveInput(String input) {","lastModifiedDate":"2023-03-09"},{"lineNumber":29,"author":{"gitId":"JuneNita"},"content":"        String[] command \u003d input.trim().split(\" \");","lastModifiedDate":"2023-03-09"},{"lineNumber":30,"author":{"gitId":"jaredoong"},"content":"        if (input.equalsIgnoreCase(\"bye\")) {","lastModifiedDate":"2023-03-09"},{"lineNumber":31,"author":{"gitId":"jaredoong"},"content":"            canExit \u003d true;","lastModifiedDate":"2023-03-09"},{"lineNumber":32,"author":{"gitId":"TopGun2001"},"content":"            // delete a recipe in list","lastModifiedDate":"2023-03-10"},{"lineNumber":33,"author":{"gitId":"TopGun2001"},"content":"        } else if (command[0].equals(\"delete\")) {","lastModifiedDate":"2023-03-10"},{"lineNumber":34,"author":{"gitId":"TopGun2001"},"content":"            Recipe deletedRecipe \u003d parser.parseDeleteRecipe(command, recipeList);","lastModifiedDate":"2023-03-10"},{"lineNumber":35,"author":{"gitId":"TopGun2001"},"content":"            ui.printMessage(\"Noted. I\u0027ve removed this recipe:\");","lastModifiedDate":"2023-03-10"},{"lineNumber":36,"author":{"gitId":"TopGun2001"},"content":"            ui.printMessage(deletedRecipe.toString());","lastModifiedDate":"2023-03-10"},{"lineNumber":37,"author":{"gitId":"TopGun2001"},"content":"            ui.printMessage(\"Now you have \" + recipeList.size() + \" recipes in the list.\");","lastModifiedDate":"2023-03-10"},{"lineNumber":38,"author":{"gitId":"jaredoong"},"content":"        } else if (command[0].equals(\"view\")) {","lastModifiedDate":"2023-03-09"},{"lineNumber":39,"author":{"gitId":"jaredoong"},"content":"            Recipe recipe \u003d parser.parseViewRecipe(command, recipeList);","lastModifiedDate":"2023-03-09"},{"lineNumber":40,"author":{"gitId":"jaredoong"},"content":"            ui.printRecipe(recipe);","lastModifiedDate":"2023-03-09"},{"lineNumber":41,"author":{"gitId":"JuneNita"},"content":"        } else if (command[0].equals(\"list\")) {","lastModifiedDate":"2023-03-09"},{"lineNumber":42,"author":{"gitId":"JuneNita"},"content":"            RecipeList recipeListToPrint \u003d parser.parseListRecipe(command, recipeList);","lastModifiedDate":"2023-03-13"},{"lineNumber":43,"author":{"gitId":"JuneNita"},"content":"            ui.listRecipe(recipeListToPrint);","lastModifiedDate":"2023-03-13"},{"lineNumber":44,"author":{"gitId":"TopGun2001"},"content":"        } else if (command[0].equals(\"add\")) {","lastModifiedDate":"2023-03-10"},{"lineNumber":45,"author":{"gitId":"TopGun2001"},"content":"            Recipe newRecipe \u003d parser.parseAddRecipe(command, recipeList);","lastModifiedDate":"2023-03-10"},{"lineNumber":46,"author":{"gitId":"TopGun2001"},"content":"            ui.printMessage(\"I\u0027ve added this new recipe:\" + newRecipe.getName());","lastModifiedDate":"2023-03-10"},{"lineNumber":47,"author":{"gitId":"TopGun2001"},"content":"            ui.printMessage(\"Now you have \" + recipeList.size() + \" recipes in the list.\");","lastModifiedDate":"2023-03-10"},{"lineNumber":48,"author":{"gitId":"notbingsu"},"content":"        } else if (command[0].equals(\"edit\")) {","lastModifiedDate":"2023-03-10"},{"lineNumber":49,"author":{"gitId":"notbingsu"},"content":"            Recipe newrecipe \u003d parser.parseEditRecipe(command, recipeList);","lastModifiedDate":"2023-03-10"},{"lineNumber":50,"author":{"gitId":"notbingsu"},"content":"            // ui print message","lastModifiedDate":"2023-03-10"},{"lineNumber":51,"author":{"gitId":"notbingsu"},"content":"            ui.printMessage(\"I\u0027ve edited this recipe:\" + newrecipe.getName());","lastModifiedDate":"2023-03-10"},{"lineNumber":52,"author":{"gitId":"TopGun2001"},"content":"        } else if (command[0].equals(\"help\")){","lastModifiedDate":"2023-03-12"},{"lineNumber":53,"author":{"gitId":"TopGun2001"},"content":"            parser.parseHelpUser();","lastModifiedDate":"2023-03-12"},{"lineNumber":54,"author":{"gitId":"jaredoong"},"content":"        }","lastModifiedDate":"2023-03-09"},{"lineNumber":55,"author":{"gitId":"jaredoong"},"content":"    }","lastModifiedDate":"2023-03-09"},{"lineNumber":56,"author":{"gitId":"jaredoong"},"content":"","lastModifiedDate":"2023-03-09"},{"lineNumber":57,"author":{"gitId":"jaredoong"},"content":"    public static void exitApp() {","lastModifiedDate":"2023-03-09"},{"lineNumber":58,"author":{"gitId":"jaredoong"},"content":"        ui.printGoodbyeMessage();","lastModifiedDate":"2023-03-09"},{"lineNumber":59,"author":{"gitId":"jaredoong"},"content":"    }","lastModifiedDate":"2023-03-09"},{"lineNumber":60,"author":{"gitId":"jaredoong"},"content":"","lastModifiedDate":"2023-03-09"},{"lineNumber":61,"author":{"gitId":"jaredoong"},"content":"    public static void main(String[] args) {","lastModifiedDate":"2023-03-06"},{"lineNumber":62,"author":{"gitId":"jaredoong"},"content":"        startApp();","lastModifiedDate":"2023-03-09"},{"lineNumber":63,"author":{"gitId":"jaredoong"},"content":"        String line;","lastModifiedDate":"2023-03-09"},{"lineNumber":64,"author":{"gitId":"jaredoong"},"content":"        Scanner userInput \u003d new Scanner(System.in);","lastModifiedDate":"2023-03-09"},{"lineNumber":65,"author":{"gitId":"jaredoong"},"content":"","lastModifiedDate":"2023-03-06"},{"lineNumber":66,"author":{"gitId":"jaredoong"},"content":"        do {","lastModifiedDate":"2023-03-09"},{"lineNumber":67,"author":{"gitId":"jaredoong"},"content":"            line \u003d userInput.nextLine();","lastModifiedDate":"2023-03-09"},{"lineNumber":68,"author":{"gitId":"jaredoong"},"content":"            receiveInput(line);","lastModifiedDate":"2023-03-09"},{"lineNumber":69,"author":{"gitId":"jaredoong"},"content":"        } while (!canExit);","lastModifiedDate":"2023-03-09"},{"lineNumber":70,"author":{"gitId":"jaredoong"},"content":"","lastModifiedDate":"2023-03-06"},{"lineNumber":71,"author":{"gitId":"jaredoong"},"content":"        exitApp();","lastModifiedDate":"2023-03-09"},{"lineNumber":72,"author":{"gitId":"jaredoong"},"content":"    }","lastModifiedDate":"2023-03-06"},{"lineNumber":73,"author":{"gitId":"jaredoong"},"content":"}","lastModifiedDate":"2023-03-06"}],"authorContributionMap":{"notbingsu":4,"JuneNita":4,"jaredoong":53,"TopGun2001":12}},{"path":"src/main/java/seedu/meal360/Parser.java","fileType":"functional-code","lines":[{"lineNumber":1,"author":{"gitId":"jaredoong"},"content":"package seedu.meal360;","lastModifiedDate":"2023-03-09"},{"lineNumber":2,"author":{"gitId":"jaredoong"},"content":"","lastModifiedDate":"2023-03-09"},{"lineNumber":3,"author":{"gitId":"TopGun2001"},"content":"import java.util.HashMap;","lastModifiedDate":"2023-03-10"},{"lineNumber":4,"author":{"gitId":"TopGun2001"},"content":"import java.util.Scanner;","lastModifiedDate":"2023-03-10"},{"lineNumber":5,"author":{"gitId":"TopGun2001"},"content":"","lastModifiedDate":"2023-03-10"},{"lineNumber":6,"author":{"gitId":"jaredoong"},"content":"public class Parser {","lastModifiedDate":"2023-03-09"},{"lineNumber":7,"author":{"gitId":"jaredoong"},"content":"","lastModifiedDate":"2023-03-09"},{"lineNumber":8,"author":{"gitId":"TopGun2001"},"content":"    private static final Ui ui \u003d new Ui();","lastModifiedDate":"2023-03-12"},{"lineNumber":9,"author":{"gitId":"TopGun2001"},"content":"","lastModifiedDate":"2023-03-12"},{"lineNumber":10,"author":{"gitId":"jaredoong"},"content":"    public String[] parseCommand(String command) {","lastModifiedDate":"2023-03-09"},{"lineNumber":11,"author":{"gitId":"jaredoong"},"content":"        return command.split(\" \");","lastModifiedDate":"2023-03-09"},{"lineNumber":12,"author":{"gitId":"jaredoong"},"content":"    }","lastModifiedDate":"2023-03-09"},{"lineNumber":13,"author":{"gitId":"jaredoong"},"content":"","lastModifiedDate":"2023-03-09"},{"lineNumber":14,"author":{"gitId":"TopGun2001"},"content":"    public Recipe parseAddRecipe(String[] input, RecipeList recipeList) {","lastModifiedDate":"2023-03-10"},{"lineNumber":15,"author":{"gitId":"TopGun2001"},"content":"","lastModifiedDate":"2023-03-11"},{"lineNumber":16,"author":{"gitId":"TopGun2001"},"content":"        StringBuilder recipeName \u003d new StringBuilder(input[2]);","lastModifiedDate":"2023-03-11"},{"lineNumber":17,"author":{"gitId":"TopGun2001"},"content":"        for(int i \u003d 3; i \u003c input.length; i++){","lastModifiedDate":"2023-03-11"},{"lineNumber":18,"author":{"gitId":"TopGun2001"},"content":"            recipeName.append(\" \").append(input[i]);","lastModifiedDate":"2023-03-11"},{"lineNumber":19,"author":{"gitId":"TopGun2001"},"content":"        }","lastModifiedDate":"2023-03-11"},{"lineNumber":20,"author":{"gitId":"TopGun2001"},"content":"        HashMap\u003cString, Integer\u003e ingredients \u003d new HashMap\u003c\u003e();","lastModifiedDate":"2023-03-10"},{"lineNumber":21,"author":{"gitId":"TopGun2001"},"content":"        Scanner userInput \u003d new Scanner(System.in);","lastModifiedDate":"2023-03-10"},{"lineNumber":22,"author":{"gitId":"TopGun2001"},"content":"        System.out.println(\"Please Enter The Ingredients \u0026 Quantity: \");","lastModifiedDate":"2023-03-11"},{"lineNumber":23,"author":{"gitId":"TopGun2001"},"content":"        while (true) {","lastModifiedDate":"2023-03-10"},{"lineNumber":24,"author":{"gitId":"TopGun2001"},"content":"            String line \u003d userInput.nextLine();","lastModifiedDate":"2023-03-10"},{"lineNumber":25,"author":{"gitId":"TopGun2001"},"content":"            if (line.equals(\"done\")) {","lastModifiedDate":"2023-03-10"},{"lineNumber":26,"author":{"gitId":"TopGun2001"},"content":"                break;","lastModifiedDate":"2023-03-10"},{"lineNumber":27,"author":{"gitId":"TopGun2001"},"content":"            } else {","lastModifiedDate":"2023-03-11"},{"lineNumber":28,"author":{"gitId":"TopGun2001"},"content":"                String[] command \u003d line.trim().split(\" \");","lastModifiedDate":"2023-03-10"},{"lineNumber":29,"author":{"gitId":"TopGun2001"},"content":"                StringBuilder iName \u003d new StringBuilder(command[0]);","lastModifiedDate":"2023-03-11"},{"lineNumber":30,"author":{"gitId":"TopGun2001"},"content":"                for(int i\u003d1; i \u003c command.length-1; i++){","lastModifiedDate":"2023-03-11"},{"lineNumber":31,"author":{"gitId":"TopGun2001"},"content":"                    iName.append(\" \").append(command[i]);","lastModifiedDate":"2023-03-11"},{"lineNumber":32,"author":{"gitId":"TopGun2001"},"content":"                }","lastModifiedDate":"2023-03-11"},{"lineNumber":33,"author":{"gitId":"TopGun2001"},"content":"                ingredients.put(iName.toString(), Integer.parseInt(command[command.length-1]));","lastModifiedDate":"2023-03-11"},{"lineNumber":34,"author":{"gitId":"TopGun2001"},"content":"            }","lastModifiedDate":"2023-03-10"},{"lineNumber":35,"author":{"gitId":"TopGun2001"},"content":"        }","lastModifiedDate":"2023-03-11"},{"lineNumber":36,"author":{"gitId":"TopGun2001"},"content":"        Recipe newRecipe \u003d new Recipe(recipeName.toString(), ingredients);","lastModifiedDate":"2023-03-11"},{"lineNumber":37,"author":{"gitId":"TopGun2001"},"content":"        recipeList.addRecipe(newRecipe);","lastModifiedDate":"2023-03-10"},{"lineNumber":38,"author":{"gitId":"TopGun2001"},"content":"        return newRecipe;","lastModifiedDate":"2023-03-10"},{"lineNumber":39,"author":{"gitId":"TopGun2001"},"content":"    }","lastModifiedDate":"2023-03-10"},{"lineNumber":40,"author":{"gitId":"notbingsu"},"content":"","lastModifiedDate":"2023-03-10"},{"lineNumber":41,"author":{"gitId":"jaredoong"},"content":"    public Recipe parseAddRecipe(String[] input) {","lastModifiedDate":"2023-03-09"},{"lineNumber":42,"author":{"gitId":"jaredoong"},"content":"        return new Recipe(\"test\", null);","lastModifiedDate":"2023-03-09"},{"lineNumber":43,"author":{"gitId":"jaredoong"},"content":"    }","lastModifiedDate":"2023-03-09"},{"lineNumber":44,"author":{"gitId":"jaredoong"},"content":"","lastModifiedDate":"2023-03-09"},{"lineNumber":45,"author":{"gitId":"notbingsu"},"content":"    public Recipe parseEditRecipe(String[] input, RecipeList recipeList) {","lastModifiedDate":"2023-03-10"},{"lineNumber":46,"author":{"gitId":"notbingsu"},"content":"        String recipeName \u003d input[1].substring(2);","lastModifiedDate":"2023-03-10"},{"lineNumber":47,"author":{"gitId":"notbingsu"},"content":"        Recipe recipeToEdit;","lastModifiedDate":"2023-03-10"},{"lineNumber":48,"author":{"gitId":"TopGun2001"},"content":"        HashMap\u003cString, Integer\u003e ingredients \u003d new HashMap\u003c\u003e();","lastModifiedDate":"2023-03-11"},{"lineNumber":49,"author":{"gitId":"TopGun2001"},"content":"        Scanner userInput \u003d new Scanner(System.in);","lastModifiedDate":"2023-03-11"},{"lineNumber":50,"author":{"gitId":"notbingsu"},"content":"        if (recipeList.findByName(recipeName) \u003d\u003d null) {","lastModifiedDate":"2023-03-10"},{"lineNumber":51,"author":{"gitId":"notbingsu"},"content":"            // ui recipe not found","lastModifiedDate":"2023-03-10"},{"lineNumber":52,"author":{"gitId":"notbingsu"},"content":"            return null;","lastModifiedDate":"2023-03-10"},{"lineNumber":53,"author":{"gitId":"notbingsu"},"content":"        } else {","lastModifiedDate":"2023-03-10"},{"lineNumber":54,"author":{"gitId":"notbingsu"},"content":"            recipeToEdit \u003d recipeList.findByName(recipeName);","lastModifiedDate":"2023-03-10"},{"lineNumber":55,"author":{"gitId":"notbingsu"},"content":"        }","lastModifiedDate":"2023-03-10"},{"lineNumber":56,"author":{"gitId":"notbingsu"},"content":"        System.out.println(\"Please Enter New Ingredients \u0026 Quantity: \");","lastModifiedDate":"2023-03-10"},{"lineNumber":57,"author":{"gitId":"notbingsu"},"content":"        while (true) {","lastModifiedDate":"2023-03-10"},{"lineNumber":58,"author":{"gitId":"notbingsu"},"content":"            String line \u003d userInput.nextLine();","lastModifiedDate":"2023-03-10"},{"lineNumber":59,"author":{"gitId":"notbingsu"},"content":"            if (line.equals(\"done\")) {","lastModifiedDate":"2023-03-10"},{"lineNumber":60,"author":{"gitId":"notbingsu"},"content":"                break;","lastModifiedDate":"2023-03-10"},{"lineNumber":61,"author":{"gitId":"notbingsu"},"content":"            }","lastModifiedDate":"2023-03-10"},{"lineNumber":62,"author":{"gitId":"notbingsu"},"content":"            String[] command \u003d line.trim().split(\" \");","lastModifiedDate":"2023-03-10"},{"lineNumber":63,"author":{"gitId":"notbingsu"},"content":"            ingredients.put(command[0], Integer.parseInt(command[1]));","lastModifiedDate":"2023-03-10"},{"lineNumber":64,"author":{"gitId":"notbingsu"},"content":"        }","lastModifiedDate":"2023-03-10"},{"lineNumber":65,"author":{"gitId":"notbingsu"},"content":"        recipeList.editRecipe(recipeToEdit, ingredients);","lastModifiedDate":"2023-03-10"},{"lineNumber":66,"author":{"gitId":"notbingsu"},"content":"        return recipeToEdit;","lastModifiedDate":"2023-03-10"},{"lineNumber":67,"author":{"gitId":"jaredoong"},"content":"    }","lastModifiedDate":"2023-03-09"},{"lineNumber":68,"author":{"gitId":"jaredoong"},"content":"","lastModifiedDate":"2023-03-09"},{"lineNumber":69,"author":{"gitId":"TopGun2001"},"content":"    public Recipe parseDeleteRecipe(String[] input, RecipeList recipeList) {","lastModifiedDate":"2023-03-10"},{"lineNumber":70,"author":{"gitId":"TopGun2001"},"content":"        // user inputted recipe name","lastModifiedDate":"2023-03-10"},{"lineNumber":71,"author":{"gitId":"TopGun2001"},"content":"        if (input[1].contains(\"r/\")) {","lastModifiedDate":"2023-03-10"},{"lineNumber":72,"author":{"gitId":"TopGun2001"},"content":"            // skip over /r in recipe name","lastModifiedDate":"2023-03-10"},{"lineNumber":73,"author":{"gitId":"TopGun2001"},"content":"            String recipeName \u003d input[1].substring(2);","lastModifiedDate":"2023-03-10"},{"lineNumber":74,"author":{"gitId":"TopGun2001"},"content":"            int recipeIndex \u003d 1;","lastModifiedDate":"2023-03-10"},{"lineNumber":75,"author":{"gitId":"TopGun2001"},"content":"            for (Recipe recipe : recipeList) {","lastModifiedDate":"2023-03-10"},{"lineNumber":76,"author":{"gitId":"TopGun2001"},"content":"                // find index of recipe we want to delete","lastModifiedDate":"2023-03-10"},{"lineNumber":77,"author":{"gitId":"TopGun2001"},"content":"                if (recipe.getName().equals(recipeName)) {","lastModifiedDate":"2023-03-10"},{"lineNumber":78,"author":{"gitId":"TopGun2001"},"content":"                    break;","lastModifiedDate":"2023-03-10"},{"lineNumber":79,"author":{"gitId":"TopGun2001"},"content":"                }","lastModifiedDate":"2023-03-10"},{"lineNumber":80,"author":{"gitId":"TopGun2001"},"content":"                recipeIndex++;","lastModifiedDate":"2023-03-10"},{"lineNumber":81,"author":{"gitId":"TopGun2001"},"content":"            }","lastModifiedDate":"2023-03-10"},{"lineNumber":82,"author":{"gitId":"TopGun2001"},"content":"            return recipeList.deleteRecipe(recipeIndex);","lastModifiedDate":"2023-03-10"},{"lineNumber":83,"author":{"gitId":"TopGun2001"},"content":"            // user inputted index of recipe in list","lastModifiedDate":"2023-03-10"},{"lineNumber":84,"author":{"gitId":"TopGun2001"},"content":"        } else {","lastModifiedDate":"2023-03-10"},{"lineNumber":85,"author":{"gitId":"TopGun2001"},"content":"            int recipeIndex \u003d Integer.parseInt(input[1]);","lastModifiedDate":"2023-03-10"},{"lineNumber":86,"author":{"gitId":"TopGun2001"},"content":"            return recipeList.deleteRecipe(recipeIndex);","lastModifiedDate":"2023-03-10"},{"lineNumber":87,"author":{"gitId":"TopGun2001"},"content":"        }","lastModifiedDate":"2023-03-10"},{"lineNumber":88,"author":{"gitId":"TopGun2001"},"content":"    }","lastModifiedDate":"2023-03-10"},{"lineNumber":89,"author":{"gitId":"TopGun2001"},"content":"","lastModifiedDate":"2023-03-10"},{"lineNumber":90,"author":{"gitId":"TopGun2001"},"content":"    public void parseHelpUser(){","lastModifiedDate":"2023-03-12"},{"lineNumber":91,"author":{"gitId":"TopGun2001"},"content":"        ui.printSeparator();","lastModifiedDate":"2023-03-12"},{"lineNumber":92,"author":{"gitId":"TopGun2001"},"content":"        System.out.println(\"These are the operations you can do. Please follow the proper input\" +","lastModifiedDate":"2023-03-12"},{"lineNumber":93,"author":{"gitId":"TopGun2001"},"content":"                            \" formats while typing.\");","lastModifiedDate":"2023-03-12"},{"lineNumber":94,"author":{"gitId":"TopGun2001"},"content":"        ui.printSeparator();","lastModifiedDate":"2023-03-12"},{"lineNumber":95,"author":{"gitId":"TopGun2001"},"content":"        System.out.println(\"1. Add Recipe: add /r {recipe name}\");","lastModifiedDate":"2023-03-12"},{"lineNumber":96,"author":{"gitId":"TopGun2001"},"content":"        System.out.println(\"2. View Recipe: view {index number} or view /r {recipe name}\");","lastModifiedDate":"2023-03-12"},{"lineNumber":97,"author":{"gitId":"TopGun2001"},"content":"        System.out.println(\"3. Edit Recipe: edit {index number} or view /r {recipe name}\");","lastModifiedDate":"2023-03-12"},{"lineNumber":98,"author":{"gitId":"TopGun2001"},"content":"        System.out.println(\"4. Delete Recipe: delete {index number} or view /r {recipe name}\");","lastModifiedDate":"2023-03-12"},{"lineNumber":99,"author":{"gitId":"TopGun2001"},"content":"        System.out.println(\"5. List All Recipes: list\");","lastModifiedDate":"2023-03-12"},{"lineNumber":100,"author":{"gitId":"TopGun2001"},"content":"        System.out.println(\"6. Exit: bye\");","lastModifiedDate":"2023-03-12"},{"lineNumber":101,"author":{"gitId":"TopGun2001"},"content":"        ui.printSeparator();","lastModifiedDate":"2023-03-12"},{"lineNumber":102,"author":{"gitId":"jaredoong"},"content":"    }","lastModifiedDate":"2023-03-09"},{"lineNumber":103,"author":{"gitId":"jaredoong"},"content":"","lastModifiedDate":"2023-03-09"},{"lineNumber":104,"author":{"gitId":"jaredoong"},"content":"    public String parsePrepareRecipe(String[] input) {","lastModifiedDate":"2023-03-09"},{"lineNumber":105,"author":{"gitId":"jaredoong"},"content":"        return \"test\";","lastModifiedDate":"2023-03-09"},{"lineNumber":106,"author":{"gitId":"jaredoong"},"content":"    }","lastModifiedDate":"2023-03-09"},{"lineNumber":107,"author":{"gitId":"jaredoong"},"content":"","lastModifiedDate":"2023-03-09"},{"lineNumber":108,"author":{"gitId":"JuneNita"},"content":"    public RecipeList parseListRecipe(String[] inputs, RecipeList recipeList) {","lastModifiedDate":"2023-03-14"},{"lineNumber":109,"author":{"gitId":"JuneNita"},"content":"        String[] filters;","lastModifiedDate":"2023-03-14"},{"lineNumber":110,"author":{"gitId":"JuneNita"},"content":"        if (inputs.length \u003d\u003d 1) {","lastModifiedDate":"2023-03-14"},{"lineNumber":111,"author":{"gitId":"JuneNita"},"content":"            filters \u003d null;","lastModifiedDate":"2023-03-14"},{"lineNumber":112,"author":{"gitId":"JuneNita"},"content":"        } else {","lastModifiedDate":"2023-03-13"},{"lineNumber":113,"author":{"gitId":"JuneNita"},"content":"            filters \u003d inputs[1].split(\"\u0026\");","lastModifiedDate":"2023-03-14"},{"lineNumber":114,"author":{"gitId":"JuneNita"},"content":"        }","lastModifiedDate":"2023-03-13"},{"lineNumber":115,"author":{"gitId":"JuneNita"},"content":"        return recipeList.listRecipes(filters);","lastModifiedDate":"2023-03-14"},{"lineNumber":116,"author":{"gitId":"jaredoong"},"content":"    }","lastModifiedDate":"2023-03-09"},{"lineNumber":117,"author":{"gitId":"jaredoong"},"content":"","lastModifiedDate":"2023-03-09"},{"lineNumber":118,"author":{"gitId":"jaredoong"},"content":"    public Recipe parseViewRecipe(String[] command, RecipeList recipes) {","lastModifiedDate":"2023-03-09"},{"lineNumber":119,"author":{"gitId":"jaredoong"},"content":"        int recipeIndex \u003d Integer.parseInt(command[1]) - 1;","lastModifiedDate":"2023-03-09"},{"lineNumber":120,"author":{"gitId":"jaredoong"},"content":"        return recipes.get(recipeIndex);","lastModifiedDate":"2023-03-09"},{"lineNumber":121,"author":{"gitId":"jaredoong"},"content":"    }","lastModifiedDate":"2023-03-09"},{"lineNumber":122,"author":{"gitId":"jaredoong"},"content":"","lastModifiedDate":"2023-03-09"},{"lineNumber":123,"author":{"gitId":"jaredoong"},"content":"    public RecipeList parseLoadDatabase(String input) {","lastModifiedDate":"2023-03-09"},{"lineNumber":124,"author":{"gitId":"jaredoong"},"content":"        return new RecipeList();","lastModifiedDate":"2023-03-09"},{"lineNumber":125,"author":{"gitId":"jaredoong"},"content":"    }","lastModifiedDate":"2023-03-09"},{"lineNumber":126,"author":{"gitId":"jaredoong"},"content":"","lastModifiedDate":"2023-03-09"},{"lineNumber":127,"author":{"gitId":"jaredoong"},"content":"    public String parseSaveDatabase(String input) {","lastModifiedDate":"2023-03-09"},{"lineNumber":128,"author":{"gitId":"jaredoong"},"content":"        return \"test\";","lastModifiedDate":"2023-03-09"},{"lineNumber":129,"author":{"gitId":"jaredoong"},"content":"    }","lastModifiedDate":"2023-03-09"},{"lineNumber":130,"author":{"gitId":"jaredoong"},"content":"}","lastModifiedDate":"2023-03-09"}],"authorContributionMap":{"notbingsu":21,"JuneNita":8,"jaredoong":35,"TopGun2001":66}},{"path":"src/main/java/seedu/meal360/Recipe.java","fileType":"functional-code","lines":[{"lineNumber":1,"author":{"gitId":"jaredoong"},"content":"package seedu.meal360;","lastModifiedDate":"2023-03-09"},{"lineNumber":2,"author":{"gitId":"jaredoong"},"content":"","lastModifiedDate":"2023-03-09"},{"lineNumber":3,"author":{"gitId":"jaredoong"},"content":"import java.util.HashMap;","lastModifiedDate":"2023-03-09"},{"lineNumber":4,"author":{"gitId":"jaredoong"},"content":"","lastModifiedDate":"2023-03-09"},{"lineNumber":5,"author":{"gitId":"jaredoong"},"content":"public class Recipe {","lastModifiedDate":"2023-03-09"},{"lineNumber":6,"author":{"gitId":"jaredoong"},"content":"","lastModifiedDate":"2023-03-09"},{"lineNumber":7,"author":{"gitId":"notbingsu"},"content":"    // changed ingredients to public to edit via editRecipe","lastModifiedDate":"2023-03-10"},{"lineNumber":8,"author":{"gitId":"notbingsu"},"content":"    public HashMap\u003cString, Integer\u003e ingredients;","lastModifiedDate":"2023-03-10"},{"lineNumber":9,"author":{"gitId":"notbingsu"},"content":"    private String name;","lastModifiedDate":"2023-03-10"},{"lineNumber":10,"author":{"gitId":"jaredoong"},"content":"","lastModifiedDate":"2023-03-09"},{"lineNumber":11,"author":{"gitId":"jaredoong"},"content":"    public Recipe(String name, HashMap\u003cString, Integer\u003e ingredients) {","lastModifiedDate":"2023-03-09"},{"lineNumber":12,"author":{"gitId":"jaredoong"},"content":"        this.name \u003d name;","lastModifiedDate":"2023-03-09"},{"lineNumber":13,"author":{"gitId":"jaredoong"},"content":"        this.ingredients \u003d ingredients;","lastModifiedDate":"2023-03-09"},{"lineNumber":14,"author":{"gitId":"jaredoong"},"content":"    }","lastModifiedDate":"2023-03-09"},{"lineNumber":15,"author":{"gitId":"jaredoong"},"content":"","lastModifiedDate":"2023-03-09"},{"lineNumber":16,"author":{"gitId":"jaredoong"},"content":"    public String getName() {","lastModifiedDate":"2023-03-09"},{"lineNumber":17,"author":{"gitId":"jaredoong"},"content":"        return name;","lastModifiedDate":"2023-03-09"},{"lineNumber":18,"author":{"gitId":"jaredoong"},"content":"    }","lastModifiedDate":"2023-03-09"},{"lineNumber":19,"author":{"gitId":"jaredoong"},"content":"","lastModifiedDate":"2023-03-09"},{"lineNumber":20,"author":{"gitId":"jaredoong"},"content":"    public HashMap\u003cString, Integer\u003e getIngredients() {","lastModifiedDate":"2023-03-09"},{"lineNumber":21,"author":{"gitId":"jaredoong"},"content":"        return ingredients;","lastModifiedDate":"2023-03-09"},{"lineNumber":22,"author":{"gitId":"jaredoong"},"content":"    }","lastModifiedDate":"2023-03-09"},{"lineNumber":23,"author":{"gitId":"JuneNita"},"content":"","lastModifiedDate":"2023-03-09"},{"lineNumber":24,"author":{"gitId":"JuneNita"},"content":"    public int getNumOfIngredients() {","lastModifiedDate":"2023-03-09"},{"lineNumber":25,"author":{"gitId":"JuneNita"},"content":"        return ingredients.size();","lastModifiedDate":"2023-03-09"},{"lineNumber":26,"author":{"gitId":"JuneNita"},"content":"    }","lastModifiedDate":"2023-03-09"},{"lineNumber":27,"author":{"gitId":"jaredoong"},"content":"}","lastModifiedDate":"2023-03-09"}],"authorContributionMap":{"notbingsu":3,"JuneNita":4,"jaredoong":20}},{"path":"src/main/java/seedu/meal360/RecipeList.java","fileType":"functional-code","lines":[{"lineNumber":1,"author":{"gitId":"jaredoong"},"content":"package seedu.meal360;","lastModifiedDate":"2023-03-09"},{"lineNumber":2,"author":{"gitId":"jaredoong"},"content":"","lastModifiedDate":"2023-03-09"},{"lineNumber":3,"author":{"gitId":"jaredoong"},"content":"import java.util.ArrayList;","lastModifiedDate":"2023-03-09"},{"lineNumber":4,"author":{"gitId":"jaredoong"},"content":"import java.util.HashMap;","lastModifiedDate":"2023-03-09"},{"lineNumber":5,"author":{"gitId":"jaredoong"},"content":"","lastModifiedDate":"2023-03-09"},{"lineNumber":6,"author":{"gitId":"jaredoong"},"content":"public class RecipeList extends ArrayList\u003cRecipe\u003e {","lastModifiedDate":"2023-03-09"},{"lineNumber":7,"author":{"gitId":"jaredoong"},"content":"","lastModifiedDate":"2023-03-09"},{"lineNumber":8,"author":{"gitId":"notbingsu"},"content":"    public Recipe findByName(String name) {","lastModifiedDate":"2023-03-10"},{"lineNumber":9,"author":{"gitId":"notbingsu"},"content":"        for (Recipe recipe : this) {","lastModifiedDate":"2023-03-10"},{"lineNumber":10,"author":{"gitId":"notbingsu"},"content":"            if (recipe.getName().equalsIgnoreCase(name)) {","lastModifiedDate":"2023-03-10"},{"lineNumber":11,"author":{"gitId":"notbingsu"},"content":"                return recipe;","lastModifiedDate":"2023-03-10"},{"lineNumber":12,"author":{"gitId":"notbingsu"},"content":"            }","lastModifiedDate":"2023-03-10"},{"lineNumber":13,"author":{"gitId":"notbingsu"},"content":"        }","lastModifiedDate":"2023-03-10"},{"lineNumber":14,"author":{"gitId":"notbingsu"},"content":"        return null;","lastModifiedDate":"2023-03-10"},{"lineNumber":15,"author":{"gitId":"notbingsu"},"content":"    }","lastModifiedDate":"2023-03-10"},{"lineNumber":16,"author":{"gitId":"notbingsu"},"content":"","lastModifiedDate":"2023-03-10"},{"lineNumber":17,"author":{"gitId":"jaredoong"},"content":"    public void addRecipe(Recipe recipe) {","lastModifiedDate":"2023-03-09"},{"lineNumber":18,"author":{"gitId":"jaredoong"},"content":"        super.add(recipe);","lastModifiedDate":"2023-03-09"},{"lineNumber":19,"author":{"gitId":"jaredoong"},"content":"    }","lastModifiedDate":"2023-03-09"},{"lineNumber":20,"author":{"gitId":"jaredoong"},"content":"","lastModifiedDate":"2023-03-09"},{"lineNumber":21,"author":{"gitId":"notbingsu"},"content":"    public void editRecipe(Recipe recipe, HashMap\u003cString, Integer\u003e ingredients) {","lastModifiedDate":"2023-03-10"},{"lineNumber":22,"author":{"gitId":"notbingsu"},"content":"        recipe.ingredients \u003d ingredients;","lastModifiedDate":"2023-03-10"},{"lineNumber":23,"author":{"gitId":"jaredoong"},"content":"    }","lastModifiedDate":"2023-03-09"},{"lineNumber":24,"author":{"gitId":"jaredoong"},"content":"","lastModifiedDate":"2023-03-09"},{"lineNumber":25,"author":{"gitId":"gurmankalkat"},"content":"    public Recipe deleteRecipe(int recipeNum) {","lastModifiedDate":"2023-03-09"},{"lineNumber":26,"author":{"gitId":"gurmankalkat"},"content":"        Recipe recipeToDelete \u003d super.get(recipeNum);","lastModifiedDate":"2023-03-09"},{"lineNumber":27,"author":{"gitId":"gurmankalkat"},"content":"        super.remove(recipeToDelete);","lastModifiedDate":"2023-03-09"},{"lineNumber":28,"author":{"gitId":"gurmankalkat"},"content":"        return recipeToDelete;","lastModifiedDate":"2023-03-09"},{"lineNumber":29,"author":{"gitId":"jaredoong"},"content":"    }","lastModifiedDate":"2023-03-09"},{"lineNumber":30,"author":{"gitId":"jaredoong"},"content":"","lastModifiedDate":"2023-03-09"},{"lineNumber":31,"author":{"gitId":"JuneNita"},"content":"    public RecipeList listRecipes(String[] filters) {","lastModifiedDate":"2023-03-14"},{"lineNumber":32,"author":{"gitId":"JuneNita"},"content":"        RecipeList filteredRecipeList \u003d new RecipeList();","lastModifiedDate":"2023-03-14"},{"lineNumber":33,"author":{"gitId":"JuneNita"},"content":"        if (filters \u003d\u003d null) {","lastModifiedDate":"2023-03-14"},{"lineNumber":34,"author":{"gitId":"JuneNita"},"content":"            return this;","lastModifiedDate":"2023-03-14"},{"lineNumber":35,"author":{"gitId":"JuneNita"},"content":"        }","lastModifiedDate":"2023-03-14"},{"lineNumber":36,"author":{"gitId":"JuneNita"},"content":"        for (Recipe recipe: this) {","lastModifiedDate":"2023-03-14"},{"lineNumber":37,"author":{"gitId":"JuneNita"},"content":"            filteredRecipeList.add(recipe);","lastModifiedDate":"2023-03-14"},{"lineNumber":38,"author":{"gitId":"JuneNita"},"content":"            for (String filter : filters) {","lastModifiedDate":"2023-03-14"},{"lineNumber":39,"author":{"gitId":"JuneNita"},"content":"                filter \u003d filter.trim();","lastModifiedDate":"2023-03-14"},{"lineNumber":40,"author":{"gitId":"JuneNita"},"content":"                if (!recipe.getName().contains(filter) \u0026\u0026 !recipe.getIngredients().containsKey(filter)) {","lastModifiedDate":"2023-03-14"},{"lineNumber":41,"author":{"gitId":"JuneNita"},"content":"                    filteredRecipeList.remove(recipe);","lastModifiedDate":"2023-03-14"},{"lineNumber":42,"author":{"gitId":"JuneNita"},"content":"                }","lastModifiedDate":"2023-03-14"},{"lineNumber":43,"author":{"gitId":"JuneNita"},"content":"            }","lastModifiedDate":"2023-03-13"},{"lineNumber":44,"author":{"gitId":"JuneNita"},"content":"        }","lastModifiedDate":"2023-03-13"},{"lineNumber":45,"author":{"gitId":"JuneNita"},"content":"        return filteredRecipeList;","lastModifiedDate":"2023-03-13"},{"lineNumber":46,"author":{"gitId":"jaredoong"},"content":"    }","lastModifiedDate":"2023-03-09"},{"lineNumber":47,"author":{"gitId":"jaredoong"},"content":"}","lastModifiedDate":"2023-03-09"}],"authorContributionMap":{"notbingsu":11,"JuneNita":15,"gurmankalkat":4,"jaredoong":17}},{"path":"src/main/java/seedu/meal360/Ui.java","fileType":"functional-code","lines":[{"lineNumber":1,"author":{"gitId":"jaredoong"},"content":"package seedu.meal360;","lastModifiedDate":"2023-03-09"},{"lineNumber":2,"author":{"gitId":"jaredoong"},"content":"","lastModifiedDate":"2023-03-09"},{"lineNumber":3,"author":{"gitId":"jaredoong"},"content":"public class Ui {","lastModifiedDate":"2023-03-09"},{"lineNumber":4,"author":{"gitId":"jaredoong"},"content":"","lastModifiedDate":"2023-03-09"},{"lineNumber":5,"author":{"gitId":"jaredoong"},"content":"    private static final int BOXWIDTH \u003d 100;","lastModifiedDate":"2023-03-09"},{"lineNumber":6,"author":{"gitId":"jaredoong"},"content":"    private static final String SEPARATORCHAR \u003d \"-\";","lastModifiedDate":"2023-03-09"},{"lineNumber":7,"author":{"gitId":"jaredoong"},"content":"","lastModifiedDate":"2023-03-09"},{"lineNumber":8,"author":{"gitId":"jaredoong"},"content":"    public void printSeparator() {","lastModifiedDate":"2023-03-09"},{"lineNumber":9,"author":{"gitId":"jaredoong"},"content":"        String separatorLine \u003d SEPARATORCHAR.repeat(BOXWIDTH);","lastModifiedDate":"2023-03-09"},{"lineNumber":10,"author":{"gitId":"jaredoong"},"content":"        System.out.println(separatorLine);","lastModifiedDate":"2023-03-09"},{"lineNumber":11,"author":{"gitId":"jaredoong"},"content":"    }","lastModifiedDate":"2023-03-09"},{"lineNumber":12,"author":{"gitId":"jaredoong"},"content":"","lastModifiedDate":"2023-03-09"},{"lineNumber":13,"author":{"gitId":"jaredoong"},"content":"    public void printWelcomeMessage() {","lastModifiedDate":"2023-03-09"},{"lineNumber":14,"author":{"gitId":"jaredoong"},"content":"        printSeparator();","lastModifiedDate":"2023-03-09"},{"lineNumber":15,"author":{"gitId":"notbingsu"},"content":"        String logo \u003d \" __  __          _ ____  __  __\\n\" +","lastModifiedDate":"2023-03-10"},{"lineNumber":16,"author":{"gitId":"notbingsu"},"content":"                \"|  \\\\/  |___ __ _| |__ / / / /  \\\\\\n\" +","lastModifiedDate":"2023-03-10"},{"lineNumber":17,"author":{"gitId":"notbingsu"},"content":"                \"| |\\\\/| / -_) _` | ||_ \\\\/ _ \\\\ () |\\n\" +","lastModifiedDate":"2023-03-10"},{"lineNumber":18,"author":{"gitId":"notbingsu"},"content":"                \"|_|  |_\\\\___\\\\__,_|_|___/\\\\___/\\\\__/\\n\";","lastModifiedDate":"2023-03-10"},{"lineNumber":19,"author":{"gitId":"jaredoong"},"content":"","lastModifiedDate":"2023-03-09"},{"lineNumber":20,"author":{"gitId":"jaredoong"},"content":"        System.out.println(\"Hello from\\n\" + logo);","lastModifiedDate":"2023-03-09"},{"lineNumber":21,"author":{"gitId":"jaredoong"},"content":"        System.out.println(\"What is your name?\");","lastModifiedDate":"2023-03-09"},{"lineNumber":22,"author":{"gitId":"jaredoong"},"content":"        printSeparator();","lastModifiedDate":"2023-03-09"},{"lineNumber":23,"author":{"gitId":"jaredoong"},"content":"    }","lastModifiedDate":"2023-03-09"},{"lineNumber":24,"author":{"gitId":"jaredoong"},"content":"","lastModifiedDate":"2023-03-09"},{"lineNumber":25,"author":{"gitId":"jaredoong"},"content":"    public void printGoodbyeMessage() {","lastModifiedDate":"2023-03-09"},{"lineNumber":26,"author":{"gitId":"jaredoong"},"content":"        printSeparator();","lastModifiedDate":"2023-03-09"},{"lineNumber":27,"author":{"gitId":"jaredoong"},"content":"        System.out.println(\"Bye. Hope to see you again soon!\");","lastModifiedDate":"2023-03-09"},{"lineNumber":28,"author":{"gitId":"jaredoong"},"content":"        printSeparator();","lastModifiedDate":"2023-03-09"},{"lineNumber":29,"author":{"gitId":"jaredoong"},"content":"    }","lastModifiedDate":"2023-03-09"},{"lineNumber":30,"author":{"gitId":"jaredoong"},"content":"","lastModifiedDate":"2023-03-09"},{"lineNumber":31,"author":{"gitId":"jaredoong"},"content":"    public String formatMessage(String message) {","lastModifiedDate":"2023-03-09"},{"lineNumber":32,"author":{"gitId":"jaredoong"},"content":"        return String.format(\"| %-97s|\", message);","lastModifiedDate":"2023-03-09"},{"lineNumber":33,"author":{"gitId":"jaredoong"},"content":"    }","lastModifiedDate":"2023-03-09"},{"lineNumber":34,"author":{"gitId":"jaredoong"},"content":"","lastModifiedDate":"2023-03-09"},{"lineNumber":35,"author":{"gitId":"jaredoong"},"content":"    public void printMessage(String message) {","lastModifiedDate":"2023-03-09"},{"lineNumber":36,"author":{"gitId":"jaredoong"},"content":"        String outputMessage \u003d formatMessage(message);","lastModifiedDate":"2023-03-09"},{"lineNumber":37,"author":{"gitId":"jaredoong"},"content":"        System.out.println(outputMessage);","lastModifiedDate":"2023-03-09"},{"lineNumber":38,"author":{"gitId":"jaredoong"},"content":"    }","lastModifiedDate":"2023-03-09"},{"lineNumber":39,"author":{"gitId":"jaredoong"},"content":"","lastModifiedDate":"2023-03-09"},{"lineNumber":40,"author":{"gitId":"jaredoong"},"content":"    public void printRecipe(Recipe recipe) {","lastModifiedDate":"2023-03-09"},{"lineNumber":41,"author":{"gitId":"jaredoong"},"content":"        printSeparator();","lastModifiedDate":"2023-03-09"},{"lineNumber":42,"author":{"gitId":"jaredoong"},"content":"        System.out.println(formatMessage(\"Name of recipe: \" + recipe.getName()));","lastModifiedDate":"2023-03-09"},{"lineNumber":43,"author":{"gitId":"jaredoong"},"content":"        for (String ingredient : recipe.getIngredients().keySet()) {","lastModifiedDate":"2023-03-09"},{"lineNumber":44,"author":{"gitId":"notbingsu"},"content":"            String outputMessage \u003d String.format(\"%s(%d)\", ingredient, recipe.getIngredients().get(ingredient));","lastModifiedDate":"2023-03-10"},{"lineNumber":45,"author":{"gitId":"jaredoong"},"content":"            System.out.println(formatMessage(outputMessage));","lastModifiedDate":"2023-03-09"},{"lineNumber":46,"author":{"gitId":"jaredoong"},"content":"        }","lastModifiedDate":"2023-03-09"},{"lineNumber":47,"author":{"gitId":"jaredoong"},"content":"        printSeparator();","lastModifiedDate":"2023-03-09"},{"lineNumber":48,"author":{"gitId":"jaredoong"},"content":"    }","lastModifiedDate":"2023-03-09"},{"lineNumber":49,"author":{"gitId":"JuneNita"},"content":"","lastModifiedDate":"2023-03-13"},{"lineNumber":50,"author":{"gitId":"JuneNita"},"content":"    public void listRecipe(RecipeList recipeListToPrint) {","lastModifiedDate":"2023-03-13"},{"lineNumber":51,"author":{"gitId":"JuneNita"},"content":"        printSeparator();","lastModifiedDate":"2023-03-13"},{"lineNumber":52,"author":{"gitId":"JuneNita"},"content":"        int numberOfRecipes \u003d recipeListToPrint.size();","lastModifiedDate":"2023-03-13"},{"lineNumber":53,"author":{"gitId":"JuneNita"},"content":"        int order \u003d 0;","lastModifiedDate":"2023-03-13"},{"lineNumber":54,"author":{"gitId":"JuneNita"},"content":"        if (numberOfRecipes \u003d\u003d 0) {","lastModifiedDate":"2023-03-13"},{"lineNumber":55,"author":{"gitId":"JuneNita"},"content":"            printMessage(\"There is nothing to list.\");","lastModifiedDate":"2023-03-13"},{"lineNumber":56,"author":{"gitId":"JuneNita"},"content":"            printSeparator();","lastModifiedDate":"2023-03-13"},{"lineNumber":57,"author":{"gitId":"JuneNita"},"content":"            return;","lastModifiedDate":"2023-03-13"},{"lineNumber":58,"author":{"gitId":"JuneNita"},"content":"        }","lastModifiedDate":"2023-03-13"},{"lineNumber":59,"author":{"gitId":"JuneNita"},"content":"        printMessage(\"These are the recipes you have (\" + numberOfRecipes + \" recipes):\");","lastModifiedDate":"2023-03-13"},{"lineNumber":60,"author":{"gitId":"JuneNita"},"content":"        for (Recipe recipe : recipeListToPrint) {","lastModifiedDate":"2023-03-13"},{"lineNumber":61,"author":{"gitId":"JuneNita"},"content":"            order \u003d order + 1;","lastModifiedDate":"2023-03-13"},{"lineNumber":62,"author":{"gitId":"JuneNita"},"content":"            printMessage(order + \". \" + recipe.getName() + \"   (\" + recipe.getNumOfIngredients() + \" ingredients)\");","lastModifiedDate":"2023-03-13"},{"lineNumber":63,"author":{"gitId":"JuneNita"},"content":"        }","lastModifiedDate":"2023-03-13"},{"lineNumber":64,"author":{"gitId":"JuneNita"},"content":"        printSeparator();","lastModifiedDate":"2023-03-13"},{"lineNumber":65,"author":{"gitId":"JuneNita"},"content":"    }","lastModifiedDate":"2023-03-13"},{"lineNumber":66,"author":{"gitId":"jaredoong"},"content":"}","lastModifiedDate":"2023-03-09"}],"authorContributionMap":{"notbingsu":5,"JuneNita":17,"jaredoong":44}},{"path":"src/test/java/seedu/meal360/Meal360Test.java","fileType":"test-code","lines":[{"lineNumber":1,"author":{"gitId":"jaredoong"},"content":"package seedu.meal360;","lastModifiedDate":"2023-03-06"},{"lineNumber":2,"author":{"gitId":"-"},"content":"","lastModifiedDate":"2020-05-24"},{"lineNumber":3,"author":{"gitId":"JuneNita"},"content":"import static org.junit.jupiter.api.Assertions.assertEquals;","lastModifiedDate":"2023-03-14"},{"lineNumber":4,"author":{"gitId":"-"},"content":"import static org.junit.jupiter.api.Assertions.assertTrue;","lastModifiedDate":"2020-05-24"},{"lineNumber":5,"author":{"gitId":"-"},"content":"","lastModifiedDate":"2020-05-24"},{"lineNumber":6,"author":{"gitId":"jaredoong"},"content":"import java.util.HashMap;","lastModifiedDate":"2023-03-09"},{"lineNumber":7,"author":{"gitId":"-"},"content":"import org.junit.jupiter.api.Test;","lastModifiedDate":"2020-05-24"},{"lineNumber":8,"author":{"gitId":"-"},"content":"","lastModifiedDate":"2020-05-24"},{"lineNumber":9,"author":{"gitId":"gurmankalkat"},"content":"","lastModifiedDate":"2023-03-09"},{"lineNumber":10,"author":{"gitId":"JuneNita"},"content":"","lastModifiedDate":"2023-03-14"},{"lineNumber":11,"author":{"gitId":"jaredoong"},"content":"class Meal360Test {","lastModifiedDate":"2023-03-06"},{"lineNumber":12,"author":{"gitId":"jaredoong"},"content":"","lastModifiedDate":"2023-03-09"},{"lineNumber":13,"author":{"gitId":"-"},"content":"    @Test","lastModifiedDate":"2020-05-24"},{"lineNumber":14,"author":{"gitId":"-"},"content":"    public void sampleTest() {","lastModifiedDate":"2020-05-24"},{"lineNumber":15,"author":{"gitId":"-"},"content":"        assertTrue(true);","lastModifiedDate":"2020-05-24"},{"lineNumber":16,"author":{"gitId":"-"},"content":"    }","lastModifiedDate":"2020-05-24"},{"lineNumber":17,"author":{"gitId":"gurmankalkat"},"content":"","lastModifiedDate":"2023-03-09"},{"lineNumber":18,"author":{"gitId":"gurmankalkat"},"content":"    @Test","lastModifiedDate":"2023-03-10"},{"lineNumber":19,"author":{"gitId":"jaredoong"},"content":"    public void testViewRecipe() {","lastModifiedDate":"2023-03-09"},{"lineNumber":20,"author":{"gitId":"jaredoong"},"content":"        RecipeList recipes \u003d new RecipeList();","lastModifiedDate":"2023-03-09"},{"lineNumber":21,"author":{"gitId":"jaredoong"},"content":"        HashMap\u003cString, Integer\u003e testIngredients \u003d new HashMap\u003c\u003e();","lastModifiedDate":"2023-03-09"},{"lineNumber":22,"author":{"gitId":"jaredoong"},"content":"        testIngredients.put(\"test ingredient\", 100);","lastModifiedDate":"2023-03-09"},{"lineNumber":23,"author":{"gitId":"jaredoong"},"content":"        Recipe testR \u003d new Recipe(\"test recipe name\", testIngredients);","lastModifiedDate":"2023-03-09"},{"lineNumber":24,"author":{"gitId":"jaredoong"},"content":"        recipes.addRecipe(testR);","lastModifiedDate":"2023-03-09"},{"lineNumber":25,"author":{"gitId":"jaredoong"},"content":"","lastModifiedDate":"2023-03-09"},{"lineNumber":26,"author":{"gitId":"jaredoong"},"content":"        Parser parser \u003d new Parser();","lastModifiedDate":"2023-03-09"},{"lineNumber":27,"author":{"gitId":"jaredoong"},"content":"        Recipe recipe \u003d parser.parseViewRecipe(new String[]{\"view\", \"1\"}, recipes);","lastModifiedDate":"2023-03-09"},{"lineNumber":28,"author":{"gitId":"jaredoong"},"content":"        assertTrue(recipe.getName().equals(\"test recipe name\"));","lastModifiedDate":"2023-03-09"},{"lineNumber":29,"author":{"gitId":"jaredoong"},"content":"        assertTrue(recipe.getIngredients().get(\"test ingredient\") \u003d\u003d 100);","lastModifiedDate":"2023-03-09"},{"lineNumber":30,"author":{"gitId":"gurmankalkat"},"content":"","lastModifiedDate":"2023-03-10"},{"lineNumber":31,"author":{"gitId":"gurmankalkat"},"content":"    }","lastModifiedDate":"2023-03-10"},{"lineNumber":32,"author":{"gitId":"gurmankalkat"},"content":"","lastModifiedDate":"2023-03-10"},{"lineNumber":33,"author":{"gitId":"gurmankalkat"},"content":"    @Test","lastModifiedDate":"2023-03-09"},{"lineNumber":34,"author":{"gitId":"gurmankalkat"},"content":"    public void testDeleteRecipe() {","lastModifiedDate":"2023-03-09"},{"lineNumber":35,"author":{"gitId":"gurmankalkat"},"content":"        RecipeList recipes \u003d new RecipeList();","lastModifiedDate":"2023-03-10"},{"lineNumber":36,"author":{"gitId":"gurmankalkat"},"content":"        HashMap\u003cString, Integer\u003e testIngredients \u003d new HashMap\u003c\u003e();","lastModifiedDate":"2023-03-10"},{"lineNumber":37,"author":{"gitId":"gurmankalkat"},"content":"        testIngredients.put(\"test ingredient\", 100);","lastModifiedDate":"2023-03-10"},{"lineNumber":38,"author":{"gitId":"gurmankalkat"},"content":"        // create a fake recipe","lastModifiedDate":"2023-03-10"},{"lineNumber":39,"author":{"gitId":"gurmankalkat"},"content":"        Recipe testR \u003d new Recipe(\"test recipe name\", testIngredients);","lastModifiedDate":"2023-03-10"},{"lineNumber":40,"author":{"gitId":"gurmankalkat"},"content":"        recipes.addRecipe(testR);","lastModifiedDate":"2023-03-10"},{"lineNumber":41,"author":{"gitId":"gurmankalkat"},"content":"","lastModifiedDate":"2023-03-10"},{"lineNumber":42,"author":{"gitId":"gurmankalkat"},"content":"        int oldRecipeListSize \u003d recipes.size();","lastModifiedDate":"2023-03-10"},{"lineNumber":43,"author":{"gitId":"gurmankalkat"},"content":"        // delete recipe","lastModifiedDate":"2023-03-09"},{"lineNumber":44,"author":{"gitId":"gurmankalkat"},"content":"        recipes.deleteRecipe(recipes.indexOf(testR));","lastModifiedDate":"2023-03-10"},{"lineNumber":45,"author":{"gitId":"gurmankalkat"},"content":"        int newRecipeListSize \u003d recipes.size();","lastModifiedDate":"2023-03-10"},{"lineNumber":46,"author":{"gitId":"gurmankalkat"},"content":"        // check if recipe list size is 1 less than before","lastModifiedDate":"2023-03-09"},{"lineNumber":47,"author":{"gitId":"gurmankalkat"},"content":"        assertTrue((oldRecipeListSize - 1) \u003d\u003d newRecipeListSize);","lastModifiedDate":"2023-03-10"},{"lineNumber":48,"author":{"gitId":"gurmankalkat"},"content":"    }","lastModifiedDate":"2023-03-09"},{"lineNumber":49,"author":{"gitId":"JuneNita"},"content":"","lastModifiedDate":"2023-03-13"},{"lineNumber":50,"author":{"gitId":"JuneNita"},"content":"    @Test","lastModifiedDate":"2023-03-13"},{"lineNumber":51,"author":{"gitId":"JuneNita"},"content":"    public void testListRecipe() {","lastModifiedDate":"2023-03-13"},{"lineNumber":52,"author":{"gitId":"JuneNita"},"content":"        RecipeList recipes \u003d new RecipeList();","lastModifiedDate":"2023-03-13"},{"lineNumber":53,"author":{"gitId":"JuneNita"},"content":"        Parser parser \u003d new Parser();","lastModifiedDate":"2023-03-13"},{"lineNumber":54,"author":{"gitId":"JuneNita"},"content":"        String input;","lastModifiedDate":"2023-03-13"},{"lineNumber":55,"author":{"gitId":"JuneNita"},"content":"        String[] command;","lastModifiedDate":"2023-03-13"},{"lineNumber":56,"author":{"gitId":"JuneNita"},"content":"        RecipeList recipeListToPrint;","lastModifiedDate":"2023-03-13"},{"lineNumber":57,"author":{"gitId":"JuneNita"},"content":"","lastModifiedDate":"2023-03-13"},{"lineNumber":58,"author":{"gitId":"JuneNita"},"content":"        HashMap\u003cString, Integer\u003e testIngredients1 \u003d new HashMap\u003c\u003e();","lastModifiedDate":"2023-03-13"},{"lineNumber":59,"author":{"gitId":"JuneNita"},"content":"        testIngredients1.put(\"test ingredient1-1\", 10);","lastModifiedDate":"2023-03-13"},{"lineNumber":60,"author":{"gitId":"JuneNita"},"content":"        testIngredients1.put(\"test ingredient1-2\", 20);","lastModifiedDate":"2023-03-13"},{"lineNumber":61,"author":{"gitId":"JuneNita"},"content":"        testIngredients1.put(\"test ingredient1-3\", 30);","lastModifiedDate":"2023-03-13"},{"lineNumber":62,"author":{"gitId":"JuneNita"},"content":"        Recipe testRecipe1 \u003d new Recipe(\"test recipe1\", testIngredients1);","lastModifiedDate":"2023-03-13"},{"lineNumber":63,"author":{"gitId":"JuneNita"},"content":"        recipes.addRecipe(testRecipe1);","lastModifiedDate":"2023-03-13"},{"lineNumber":64,"author":{"gitId":"JuneNita"},"content":"","lastModifiedDate":"2023-03-13"},{"lineNumber":65,"author":{"gitId":"JuneNita"},"content":"        HashMap\u003cString, Integer\u003e testIngredients2 \u003d new HashMap\u003c\u003e();","lastModifiedDate":"2023-03-13"},{"lineNumber":66,"author":{"gitId":"JuneNita"},"content":"        testIngredients2.put(\"test ingredient2-1\", 10);","lastModifiedDate":"2023-03-13"},{"lineNumber":67,"author":{"gitId":"JuneNita"},"content":"        testIngredients2.put(\"test ingredient2-2\", 20);","lastModifiedDate":"2023-03-13"},{"lineNumber":68,"author":{"gitId":"JuneNita"},"content":"        Recipe testRecipe2 \u003d new Recipe(\"test recipe2\", testIngredients2);","lastModifiedDate":"2023-03-13"},{"lineNumber":69,"author":{"gitId":"JuneNita"},"content":"        recipes.addRecipe(testRecipe2);","lastModifiedDate":"2023-03-13"},{"lineNumber":70,"author":{"gitId":"JuneNita"},"content":"","lastModifiedDate":"2023-03-13"},{"lineNumber":71,"author":{"gitId":"JuneNita"},"content":"        input \u003d \"list\";","lastModifiedDate":"2023-03-13"},{"lineNumber":72,"author":{"gitId":"JuneNita"},"content":"        command \u003d input.split(\" \",2);","lastModifiedDate":"2023-03-13"},{"lineNumber":73,"author":{"gitId":"JuneNita"},"content":"        recipeListToPrint \u003d parser.parseListRecipe(command, recipes);","lastModifiedDate":"2023-03-13"},{"lineNumber":74,"author":{"gitId":"JuneNita"},"content":"        assertEquals(2, recipeListToPrint.size());","lastModifiedDate":"2023-03-13"},{"lineNumber":75,"author":{"gitId":"JuneNita"},"content":"        assertEquals(3, recipeListToPrint.get(0).getNumOfIngredients());","lastModifiedDate":"2023-03-14"},{"lineNumber":76,"author":{"gitId":"JuneNita"},"content":"        assertEquals(2, recipeListToPrint.get(1).getNumOfIngredients());","lastModifiedDate":"2023-03-14"},{"lineNumber":77,"author":{"gitId":"JuneNita"},"content":"","lastModifiedDate":"2023-03-13"},{"lineNumber":78,"author":{"gitId":"JuneNita"},"content":"        input \u003d \"list test ingredient2-1\";","lastModifiedDate":"2023-03-13"},{"lineNumber":79,"author":{"gitId":"JuneNita"},"content":"        command \u003d input.split(\" \",2);","lastModifiedDate":"2023-03-13"},{"lineNumber":80,"author":{"gitId":"JuneNita"},"content":"        recipeListToPrint \u003d parser.parseListRecipe(command, recipes);","lastModifiedDate":"2023-03-13"},{"lineNumber":81,"author":{"gitId":"JuneNita"},"content":"        assertEquals(1, recipeListToPrint.size());","lastModifiedDate":"2023-03-13"},{"lineNumber":82,"author":{"gitId":"JuneNita"},"content":"        assertEquals(2, recipeListToPrint.get(0).getNumOfIngredients());","lastModifiedDate":"2023-03-13"},{"lineNumber":83,"author":{"gitId":"JuneNita"},"content":"        assertEquals(\"test recipe2\", recipeListToPrint.get(0).getName());","lastModifiedDate":"2023-03-14"},{"lineNumber":84,"author":{"gitId":"JuneNita"},"content":"","lastModifiedDate":"2023-03-14"},{"lineNumber":85,"author":{"gitId":"JuneNita"},"content":"        input \u003d \"list test ingredient2-1 \u0026 test recipe1\";","lastModifiedDate":"2023-03-14"},{"lineNumber":86,"author":{"gitId":"JuneNita"},"content":"        command \u003d input.split(\" \",2);","lastModifiedDate":"2023-03-14"},{"lineNumber":87,"author":{"gitId":"JuneNita"},"content":"        recipeListToPrint \u003d parser.parseListRecipe(command, recipes);","lastModifiedDate":"2023-03-14"},{"lineNumber":88,"author":{"gitId":"JuneNita"},"content":"        assertEquals(0, recipeListToPrint.size());","lastModifiedDate":"2023-03-14"},{"lineNumber":89,"author":{"gitId":"JuneNita"},"content":"    }","lastModifiedDate":"2023-03-13"},{"lineNumber":90,"author":{"gitId":"-"},"content":"}","lastModifiedDate":"2020-05-24"}],"authorContributionMap":{"JuneNita":43,"gurmankalkat":22,"-":10,"jaredoong":15}}]
