{"authorDailyContributionsMap":{"notbingsu":[{"date":"2023-03-03","commitResults":[{"hash":"728380a0d4a1b2145670070ad88571a976fd316a","isMergeCommit":false,"messageTitle":"Lu Bingyuan name change","messageBody":"","fileTypesAndContributionMap":{"docs":{"insertions":7,"deletions":7}}}]},{"date":"2023-03-10","commitResults":[{"hash":"77477d4fe69515c2c6eecb3bb4632bd0316ad29b","isMergeCommit":false,"messageTitle":"nothng","messageBody":"","fileTypesAndContributionMap":{"other":{"insertions":4,"deletions":4}}},{"hash":"0d9252ddb3c9f25926aacb82839104d92c77ffd2","isMergeCommit":true,"messageTitle":"Merge https://github.com/AY2223S2-CS2113-F10-3/tp","messageBody":"","fileTypesAndContributionMap":{}},{"hash":"081f3894c6e9ee35f46fa4c108322ce402245c80","isMergeCommit":false,"messageTitle":"edit recipe method","messageBody":"","fileTypesAndContributionMap":{"functional-code":{"insertions":46,"deletions":9}}},{"hash":"96e8cd54c1fa8364a3730df05352021c3b493403","isMergeCommit":false,"messageTitle":"reformat","messageBody":"","fileTypesAndContributionMap":{"functional-code":{"insertions":4,"deletions":8}}},{"hash":"7c7db5bc142f5bac6ce82c21733d5c1f8db2fca9","isMergeCommit":false,"messageTitle":"reformatted","messageBody":"","fileTypesAndContributionMap":{"functional-code":{"insertions":8,"deletions":2}}},{"hash":"5c20fe3b334404eab55d17e29076194ae3ac1c94","isMergeCommit":true,"messageTitle":"Merge pull request #23 from notbingsu/master","messageBody":"edit recipe function (code reformatted)","fileTypesAndContributionMap":{}}]}],"JuneNita":[{"date":"2023-03-03","commitResults":[{"hash":"bef23b92a2491c832ac7bb1af03555874290f03b","isMergeCommit":false,"messageTitle":"edit AboutUs.md","messageBody":"","fileTypesAndContributionMap":{"docs":{"insertions":5,"deletions":5}}},{"hash":"1a69849de4705fecfb7571f80115f6b54eab9c9f","isMergeCommit":true,"messageTitle":"Merge branch \u0027master\u0027 into AboutUs","messageBody":"","fileTypesAndContributionMap":{}},{"hash":"1d9e6a540be12c0dc9f71f558b16934b57f0b703","isMergeCommit":true,"messageTitle":"Merge pull request #5 from jaredoong/AboutUs","messageBody":"Edit names in AboutUs.md","fileTypesAndContributionMap":{}}]},{"date":"2023-03-09","commitResults":[{"hash":"c9b253484fa5029454855591e0c38fcf76aeed6d","isMergeCommit":true,"messageTitle":"Merge branch \u0027master\u0027 of https://github.com/AY2223S2-CS2113-F10-3/tp","messageBody":"","fileTypesAndContributionMap":{}},{"hash":"3bad3ac61629889ba06b0ba7d72d2b698e27b727","isMergeCommit":false,"messageTitle":"edit name in AboutUS.md","messageBody":"","fileTypesAndContributionMap":{"docs":{"insertions":7,"deletions":7}}},{"hash":"10507c4335b7fdabc937f64e572d26c6810c811a","isMergeCommit":false,"messageTitle":"add list recipe \u0026 edit ui printMessage","messageBody":"","fileTypesAndContributionMap":{"functional-code":{"insertions":25,"deletions":5}}},{"hash":"6b430ca31e043ca7ada3b3ead7b48c452865517f","isMergeCommit":false,"messageTitle":"update I/O test","messageBody":"","fileTypesAndContributionMap":{"functional-code":{"insertions":0,"deletions":1}}}]},{"date":"2023-03-10","commitResults":[{"hash":"c74a8dbf078675341e445bde71604126e3c6bad0","isMergeCommit":true,"messageTitle":"Merge branch \u0027master\u0027 into JuneNita-list","messageBody":"","fileTypesAndContributionMap":{}},{"hash":"3276bce259f273ec394f93ceefc0486be18a3d19","isMergeCommit":false,"messageTitle":"change EXPECTED.TXT","messageBody":"","fileTypesAndContributionMap":{"functional-code":{"insertions":1,"deletions":1}}},{"hash":"3260ce3b21d8d9a5f8b59c62e2b20d1a3ab9e200","isMergeCommit":false,"messageTitle":"add the missing \u0027)\u0027","messageBody":"line 31","fileTypesAndContributionMap":{"functional-code":{"insertions":1,"deletions":1}}},{"hash":"ff3a2fb36cb9f7549ad79a2716a97cf2a7d77ebd","isMergeCommit":true,"messageTitle":"Merge branch \u0027JuneNita-list\u0027 of https://github.com/JuneNita/tp into JuneNita-list","messageBody":"# Conflicts:\n#\ttext-ui-test/EXPECTED.TXT\n","fileTypesAndContributionMap":{}},{"hash":"40ca333d9590abc6b84737e268333751d03f8751","isMergeCommit":true,"messageTitle":"Merge pull request #20 from gurmankalkat/master","messageBody":"","fileTypesAndContributionMap":{}}]},{"date":"2023-03-13","commitResults":[{"hash":"a0d8be912b53d1dd2990b9cb6b2eb40a32079b6f","isMergeCommit":false,"messageTitle":"update lvl of abstraction of list command","messageBody":"","fileTypesAndContributionMap":{"functional-code":{"insertions":20,"deletions":18}}},{"hash":"7bc5ea5ce39d1271967b6cb03762947fe329896b","isMergeCommit":true,"messageTitle":"Merge branch \u0027master\u0027 of https://github.com/AY2223S2-CS2113-F10-3/tp into JuneNita-withUpstream","messageBody":"","fileTypesAndContributionMap":{}},{"hash":"0ad279de116a393bc537f0076c635f9584b6931c","isMergeCommit":false,"messageTitle":"add testListRecipe","messageBody":"","fileTypesAndContributionMap":{"test-code":{"insertions":23,"deletions":0}}},{"hash":"69182d4c393b23b88c6c303292bce1cd39827547","isMergeCommit":false,"messageTitle":"\u0027list\u0027 filter by name/ingredients","messageBody":"","fileTypesAndContributionMap":{"functional-code":{"insertions":30,"deletions":13},"test-code":{"insertions":32,"deletions":10}}},{"hash":"326146fd8cc0213bc42db2787cbea6d7e0b1999c","isMergeCommit":false,"messageTitle":"add \u0027list\u0027 to user guide","messageBody":"","fileTypesAndContributionMap":{"docs":{"insertions":17,"deletions":0}}}]},{"date":"2023-03-14","commitResults":[{"hash":"b2bea036244436f1669ce184e90f6e42445277ed","isMergeCommit":false,"messageTitle":"\u0027list\u0027 with multiple filter (\u0026)","messageBody":"","fileTypesAndContributionMap":{"functional-code":{"insertions":15,"deletions":14}}},{"hash":"e11008c0fcf4a77e8e1378ae5a5a32c86c8fb883","isMergeCommit":false,"messageTitle":"update \u0027list\u0027 with \u0026 filter and testListRecipe","messageBody":"","fileTypesAndContributionMap":{"functional-code":{"insertions":6,"deletions":4},"test-code":{"insertions":11,"deletions":14}}},{"hash":"6c761f13f308f8136f83a504f88e186b7b020b88","isMergeCommit":true,"messageTitle":"Merge branch \u0027JuneNita-list\u0027","messageBody":"","fileTypesAndContributionMap":{}},{"hash":"68f231ce929198f22163efceacdc02075de4f5d8","isMergeCommit":true,"messageTitle":"Merge branch \u0027master\u0027 into JuneNita-withUpstream","messageBody":"","fileTypesAndContributionMap":{}},{"hash":"664e47fa8e29ab8684fac07f80ebfd0c8b68c293","isMergeCommit":false,"messageTitle":"update \u0027list\u0027","messageBody":"","fileTypesAndContributionMap":{"docs":{"insertions":6,"deletions":4}}},{"hash":"a5ce503bcd8a7571f9d5f7d37c60e4ee82ed8d2e","isMergeCommit":true,"messageTitle":"Merge branch \u0027master\u0027 into JuneNita-withUpstream","messageBody":"","fileTypesAndContributionMap":{}},{"hash":"02066310fb2d160a07fcc5a2f941786858b737b1","isMergeCommit":true,"messageTitle":"Merge pull request #30 from jaredoong/CreateWeeklyList","messageBody":"Add weekly list","fileTypesAndContributionMap":{}}]}],"gurmankalkat":[{"date":"2023-03-03","commitResults":[{"hash":"682819abe1a1c6e4d73a248e9f58a328f8f755ff","isMergeCommit":false,"messageTitle":"add name to about us","messageBody":"","fileTypesAndContributionMap":{"docs":{"insertions":7,"deletions":7}}}]},{"date":"2023-03-08","commitResults":[{"hash":"f4052b2854d40ba101a3e667b34959dc785eb5e1","isMergeCommit":true,"messageTitle":"Merge branch \u0027master\u0027 into JuneNita-AboutUs","messageBody":"","fileTypesAndContributionMap":{}},{"hash":"f6b6d5edfd500b9ddca5442eed588f23c1e9bfb6","isMergeCommit":true,"messageTitle":"Merge pull request #4 from JuneNita/JuneNita-AboutUs","messageBody":"edit AboutUs.md","fileTypesAndContributionMap":{}}]},{"date":"2023-03-09","commitResults":[{"hash":"773c491c94f261c47a9419285f9e8ca86954bfa9","isMergeCommit":false,"messageTitle":"add delete functionality \u0026 testing for that","messageBody":"","fileTypesAndContributionMap":{"functional-code":{"insertions":30,"deletions":4},"test-code":{"insertions":24,"deletions":0}}},{"hash":"c1f19adba8fd39642c8ca8e1d17fead768381d71","isMergeCommit":true,"messageTitle":"Merge pull request #15 from jaredoong/ViewRecipe","messageBody":"Add function to view recipes","fileTypesAndContributionMap":{}}]},{"date":"2023-03-10","commitResults":[{"hash":"f4f891d91775607ed41bf260f4d46d9a4733c022","isMergeCommit":true,"messageTitle":"fix merge conflicts","messageBody":"","fileTypesAndContributionMap":{}},{"hash":"b0dd47dd4e1249701f23a2b8f0554a6071d14ff8","isMergeCommit":false,"messageTitle":"delete duplicate import","messageBody":"","fileTypesAndContributionMap":{"test-code":{"insertions":0,"deletions":1}}},{"hash":"0ede68e51eaa5a9c50180f17faca64de9de50ba9","isMergeCommit":true,"messageTitle":"fix issues with testing delete","messageBody":"","fileTypesAndContributionMap":{}},{"hash":"443bbd837f036b291cd43f5d22821beb0d2a2ae1","isMergeCommit":false,"messageTitle":"fix style issues","messageBody":"","fileTypesAndContributionMap":{"test-code":{"insertions":0,"deletions":2}}},{"hash":"69782609e20eea5a7c8082b92ca9a2460ea1e36e","isMergeCommit":false,"messageTitle":"fix typos","messageBody":"","fileTypesAndContributionMap":{"functional-code":{"insertions":1,"deletions":1},"test-code":{"insertions":1,"deletions":0}}}]}],"jaredoong":[{"date":"2023-03-03","commitResults":[{"hash":"67ff5b2a0cc0e825e8685d8ce647d7f23c6e07a8","isMergeCommit":false,"messageTitle":"Update name","messageBody":"","fileTypesAndContributionMap":{"docs":{"insertions":7,"deletions":7}}},{"hash":"6f352a9de6ae0caf6a0477888564b318c092fc12","isMergeCommit":false,"messageTitle":"Edit names in AboutUs.md","messageBody":"","fileTypesAndContributionMap":{"docs":{"insertions":7,"deletions":7}}},{"hash":"ae1d05a80e9bea229113005ad0f9242ceb7602d2","isMergeCommit":false,"messageTitle":"Fix merge conflicts in AboutUs.md","messageBody":"","fileTypesAndContributionMap":{"docs":{"insertions":7,"deletions":7}}},{"hash":"3e72a6e9ad77b1174224eed18b75b42f0684d926","isMergeCommit":true,"messageTitle":"Merge branch \u0027notbingsu-master\u0027","messageBody":"","fileTypesAndContributionMap":{}},{"hash":"4d1ff2ab048bdb206ce261ced00525993f17d0e1","isMergeCommit":false,"messageTitle":"Add github profile","messageBody":"","fileTypesAndContributionMap":{"docs":{"insertions":7,"deletions":7}}},{"hash":"2e479a74b8da1b415ca4c27425aae4c31be17683","isMergeCommit":false,"messageTitle":"Add github profile","messageBody":"","fileTypesAndContributionMap":{"docs":{"insertions":7,"deletions":7}}}]},{"date":"2023-03-06","commitResults":[{"hash":"5e4896179a8ce03653db5499d6fc97338ec48d28","isMergeCommit":true,"messageTitle":"Merge branch \u0027master\u0027 of github.com:AY2223S2-CS2113-F10-3/tp into AboutUs","messageBody":"","fileTypesAndContributionMap":{}},{"hash":"13fbbfbfa9a02c39e9f0355fa74cc7062d9bc627","isMergeCommit":false,"messageTitle":"Edit package and class names","messageBody":"Package name: seedu.duke\n\nPackage name should follow name of program instead to prevent confusion\nas the program scales up.\n\nLet\u0027s,\n* change package name to seedu.meal360\n* change class name to Meal360\n* edit application and shadowJar of build.gradle\n","fileTypesAndContributionMap":{"functional-code":{"insertions":21,"deletions":21},"other":{"insertions":4,"deletions":4}}}]},{"date":"2023-03-09","commitResults":[{"hash":"141b9f3f6b4e5b0b857d1575504b1a590b6c028c","isMergeCommit":true,"messageTitle":"Merge branch \u0027master\u0027 into gurmankalkat-AboutUs","messageBody":"","fileTypesAndContributionMap":{}},{"hash":"59ff787a2bc87a59c1f3530694b0e8053cbd56eb","isMergeCommit":true,"messageTitle":"Merge pull request #3 from gurmankalkat/gurmankalkat-AboutUs","messageBody":"add name to about us","fileTypesAndContributionMap":{}},{"hash":"0244658216073e2743b4a8d0ae15378bbb1dda43","isMergeCommit":true,"messageTitle":"Fix merge conflict in AboutUs.md","messageBody":"","fileTypesAndContributionMap":{}},{"hash":"ffa3e1b096947ae5bb09268351617db6de6751a8","isMergeCommit":false,"messageTitle":"Add base template with basic classes","messageBody":"","fileTypesAndContributionMap":{"functional-code":{"insertions":170,"deletions":8}}},{"hash":"79d13b8f537273118d547303f0ed6723d71d037e","isMergeCommit":false,"messageTitle":"Reformat code","messageBody":"","fileTypesAndContributionMap":{"functional-code":{"insertions":4,"deletions":0}}},{"hash":"246f7f64b489970117c6b1db2c6889adc8dcde55","isMergeCommit":false,"messageTitle":"Fix error in reading user input","messageBody":"","fileTypesAndContributionMap":{"functional-code":{"insertions":1,"deletions":3}}},{"hash":"7c4646bd53f4c968ec2e03ade68670d5c8dd5891","isMergeCommit":true,"messageTitle":"Merge pull request #12 from jaredoong/BaseTemplate","messageBody":"Base template for tP","fileTypesAndContributionMap":{}},{"hash":"861e55a92f4de69235e000ee3dce79639ade976d","isMergeCommit":true,"messageTitle":"Fix conflict in AboutUs.md","messageBody":"","fileTypesAndContributionMap":{}},{"hash":"d6046c3087bee4d6e2d9c8d356bf99bff44cf573","isMergeCommit":false,"messageTitle":"Add ability to view recipe","messageBody":"No functionality, only able to echo user input and exit program if user\ninput is \"bye\".\n\nFunction to view recipes added to allow user to see any previously\nentered recipes.\n\nLet\u0027s add the ability to view any previously added recipes.\n","fileTypesAndContributionMap":{"functional-code":{"insertions":27,"deletions":2}}},{"hash":"9e50574d3d0191c1d6fed375bf2ecc96f69ce20e","isMergeCommit":false,"messageTitle":"Add JUnit test for viewing recipe","messageBody":"","fileTypesAndContributionMap":{"test-code":{"insertions":16,"deletions":0}}}]},{"date":"2023-03-10","commitResults":[{"hash":"983fdd60c6846a554f1955c5686b114f863ba632","isMergeCommit":true,"messageTitle":"Merge pull request #14 from JuneNita/JuneNita-list","messageBody":"add list recipes","fileTypesAndContributionMap":{}}]},{"date":"2023-03-12","commitResults":[{"hash":"ccfc469f0901b3a57129cf0d8b17081a2b210f3e","isMergeCommit":false,"messageTitle":"Update Parser.java","messageBody":"Remove assert false statements","fileTypesAndContributionMap":{"functional-code":{"insertions":0,"deletions":3}}},{"hash":"0b3e629065b10f5d9261b59e8ebcb4f1716b6a91","isMergeCommit":true,"messageTitle":"Merge pull request #26 from TopGun2001/branch-level-1","messageBody":"Fix minor bugs in add and edit recipe functions","fileTypesAndContributionMap":{}}]},{"date":"2023-03-13","commitResults":[{"hash":"f16e1ee15b94b3c30b38943e5f461b26e6fd88a2","isMergeCommit":false,"messageTitle":"Add exception handling to view function","messageBody":"View function is unable to take in any command that is entirely\naccurate.\n\nLet\u0027s update view function to handle the following errors:\n* insufficient arguments\n* second argument is not a number\n* second argument is a number that is out of range\n","fileTypesAndContributionMap":{"functional-code":{"insertions":33,"deletions":15},"other":{"insertions":4,"deletions":4},"test-code":{"insertions":25,"deletions":0}}},{"hash":"2fab50a95469758652b66c9dcef808afd8330b16","isMergeCommit":false,"messageTitle":"Update build/gradle","messageBody":"Enable assertions when using gradle\n","fileTypesAndContributionMap":{"other":{"insertions":1,"deletions":0}}},{"hash":"ffb68dde022a27b08d2603989d63195fa75f4275","isMergeCommit":false,"messageTitle":"Update build/gradle","messageBody":"Enable assertions when using gradle\n","fileTypesAndContributionMap":{"other":{"insertions":1,"deletions":0}}}]},{"date":"2023-03-14","commitResults":[{"hash":"53ec20cb5e6dd189296ddabe9186979cc7c13a9d","isMergeCommit":false,"messageTitle":"Add function to create weekly plan","messageBody":"Includes function of adding recipes to weekly plan, deleting recipes from weekly plan, and viewing list of recipes and their respective count\n","fileTypesAndContributionMap":{"functional-code":{"insertions":82,"deletions":4}}},{"hash":"2a105e45399ab275653ec5524a381eb2c326b7ce","isMergeCommit":false,"messageTitle":"Update viewing of weekly plan","messageBody":"Edit output message from program when weekly plan is empty\n","fileTypesAndContributionMap":{"functional-code":{"insertions":11,"deletions":6}}},{"hash":"ccdbf3c37c1e5bc5508f599ec6b810199bc38854","isMergeCommit":false,"messageTitle":"Update JUnit test","messageBody":"Include JUnit test for weekly plan functionality\n","fileTypesAndContributionMap":{"functional-code":{"insertions":10,"deletions":10},"test-code":{"insertions":146,"deletions":13}}},{"hash":"6034f6726a821e16d48691f6376826117a1c7edc","isMergeCommit":true,"messageTitle":"Merge pull request #29 from JuneNita/JuneNita-withUpstream","messageBody":"Update \u0027list\u0027","fileTypesAndContributionMap":{}},{"hash":"542c7936f865c8cbc043c385e22a624657382f90","isMergeCommit":true,"messageTitle":"Merge branch \u0027master\u0027 of github.com:AY2223S2-CS2113-F10-3/tp","messageBody":"","fileTypesAndContributionMap":{}},{"hash":"5f9729658bc888a9c4f71fd434ed5a247b420be8","isMergeCommit":true,"messageTitle":"Merge branch \u0027master\u0027 into CreateWeeklyList","messageBody":"Update CreateWeeklyList to ensure it matches with the team repo.\nFix minor bugs found in functionality of deleting recipes from weekly\nplan.\n","fileTypesAndContributionMap":{}},{"hash":"06564ccb05b92b6573c567083fd8daef6af95d82","isMergeCommit":false,"messageTitle":"Update user guide","messageBody":"Minor edits to variable name too\n","fileTypesAndContributionMap":{"functional-code":{"insertions":3,"deletions":3},"docs":{"insertions":74,"deletions":27}}}]}],"TopGun2001":[{"date":"2023-03-03","commitResults":[{"hash":"6b65ee296317aa69219fed1af7b5b3562c10a2d4","isMergeCommit":false,"messageTitle":"Added my name","messageBody":"","fileTypesAndContributionMap":{"docs":{"insertions":7,"deletions":7}}}]},{"date":"2023-03-10","commitResults":[{"hash":"c29dc134cd8be9e2be3e9b12288edf44ab26ff57","isMergeCommit":false,"messageTitle":"added create fn","messageBody":"","fileTypesAndContributionMap":{"functional-code":{"insertions":275,"deletions":21},"other":{"insertions":2,"deletions":2},"docs":{"insertions":7,"deletions":8},"test-code":{"insertions":47,"deletions":12}}},{"hash":"c21afdb50e1cc9035cce6b8a02e2bdf4a2ac7c93","isMergeCommit":true,"messageTitle":"Merge branch \u0027master\u0027 into branch-level-1","messageBody":"","fileTypesAndContributionMap":{}},{"hash":"499804e4b98b6e769c6b3786b5ffeb653d78f209","isMergeCommit":false,"messageTitle":"done","messageBody":"","fileTypesAndContributionMap":{"functional-code":{"insertions":0,"deletions":1}}},{"hash":"ecf99e2575f67b65cadac22ec96b81fbe35f2daf","isMergeCommit":true,"messageTitle":"Merge branch \u0027branch-level-1\u0027 of https://github.com/TopGun2001/tp into branch-level-1","messageBody":"","fileTypesAndContributionMap":{}},{"hash":"24ec3fdc6af833f668020a2e69d26edc2719dee3","isMergeCommit":false,"messageTitle":"fixed bug","messageBody":"","fileTypesAndContributionMap":{"functional-code":{"insertions":3,"deletions":2}}},{"hash":"0632ba9f308cb97680ba2bcbc2953d6101aab5a5","isMergeCommit":true,"messageTitle":"Merge pull request #21 from TopGun2001/branch-level-1","messageBody":"Branch level 1","fileTypesAndContributionMap":{}}]},{"date":"2023-03-11","commitResults":[{"hash":"ac0c01353751447eefc4e0a575b338adcdf033fd","isMergeCommit":false,"messageTitle":"new changes","messageBody":"","fileTypesAndContributionMap":{"functional-code":{"insertions":0,"deletions":1}}},{"hash":"39d7225e7eaa11263bf81822bc4d882825f06d1a","isMergeCommit":false,"messageTitle":"Updated the parseAddRecipe method","messageBody":"","fileTypesAndContributionMap":{"functional-code":{"insertions":19,"deletions":9}}}]},{"date":"2023-03-12","commitResults":[{"hash":"13863a734c7c7081a58a3fcf6e97347730a6ba9a","isMergeCommit":false,"messageTitle":"Added help tab","messageBody":"","fileTypesAndContributionMap":{"functional-code":{"insertions":26,"deletions":0}}},{"hash":"59ccf2826a1d47bff38632aed14620b15a606156","isMergeCommit":false,"messageTitle":"changed public to private","messageBody":"","fileTypesAndContributionMap":{"functional-code":{"insertions":1,"deletions":3}}},{"hash":"efe79ad8a5ff7a9d5bb8d3bff058333b842516ee","isMergeCommit":false,"messageTitle":".","messageBody":"","fileTypesAndContributionMap":{"functional-code":{"insertions":1,"deletions":0}}},{"hash":"c8aef66832d52275f12a519c7234c3d71a4607b5","isMergeCommit":false,"messageTitle":".","messageBody":"","fileTypesAndContributionMap":{"functional-code":{"insertions":5,"deletions":5}}},{"hash":"34c7c8bc569d3f98c66a62377aa27ebc1cd8c7ee","isMergeCommit":false,"messageTitle":".","messageBody":"","fileTypesAndContributionMap":{"functional-code":{"insertions":0,"deletions":3}}},{"hash":"f626b025c6e02743db2e25611b7bfd5621a30fce","isMergeCommit":false,"messageTitle":"Last change","messageBody":"","fileTypesAndContributionMap":{"functional-code":{"insertions":2,"deletions":2}}},{"hash":"9cdef58c3d779d60306d8e157d34c0e90847fbf3","isMergeCommit":false,"messageTitle":"Added change but fails ./runtest","messageBody":"","fileTypesAndContributionMap":{"functional-code":{"insertions":6,"deletions":4}}}]},{"date":"2023-03-13","commitResults":[{"hash":"8260abe8468a3d79b33152661c15f811e0f8b48a","isMergeCommit":false,"messageTitle":"new changes","messageBody":"","fileTypesAndContributionMap":{"functional-code":{"insertions":0,"deletions":6}}},{"hash":"a6c098f392e9182b6b47396efdf0ab8eccc2a171","isMergeCommit":true,"messageTitle":"Merge pull request #28 from TopGun2001/branch-level-1","messageBody":"Added help tab","fileTypesAndContributionMap":{}}]}]},"authorFileTypeContributionMap":{"notbingsu":{"docs":0,"functional-code":36,"test-code":0},"JuneNita":{"docs":19,"functional-code":44,"test-code":40},"gurmankalkat":{"docs":1,"functional-code":4,"test-code":21},"jaredoong":{"docs":75,"functional-code":231,"test-code":178,"other":3},"TopGun2001":{"docs":0,"functional-code":138,"test-code":0}},"authorContributionVariance":{"notbingsu":270.92456,"JuneNita":1185.2367,"gurmankalkat":129.3077,"jaredoong":7413.024,"TopGun2001":5373.6587},"authorDisplayNameMap":{"notbingsu":"CS2113-F10-3 LU B..YUAN","JuneNita":"CS2113-F10-3 CHEN..NITA","gurmankalkat":"CS2113-F10-3 KALK..KAUR","jaredoong":"CS2113-F10-3 OONG..ARED","TopGun2001":"CS2113-F10-3 SURE.. RAM"}}
