{"authorDailyContributionsMap":{"Zhang-Zhitong":[{"date":"2023-03-06","commitResults":[{"hash":"f1c99b84c5ee3094fafbed8526510e2b29dcac6f","isMergeCommit":false,"messageTitle":"added zhang zhitong profile to aboutus","messageBody":"","fileTypesAndContributionMap":{"docs":{"insertions":1,"deletions":0}}}]},{"date":"2023-03-08","commitResults":[{"hash":"958ae7194c1f9ca6e6d5e000dc02f3b36938c318","isMergeCommit":false,"messageTitle":"modified expense class to use String for date instead of Time class. also changed expenseAmount in constructer to double","messageBody":"","fileTypesAndContributionMap":{"functional-code":{"insertions":2,"deletions":2}}},{"hash":"65a2656bcdc07ee192388c05e41e9d02b19db442","isMergeCommit":false,"messageTitle":"missed some Time that i forgot to convert to String","messageBody":"","fileTypesAndContributionMap":{"functional-code":{"insertions":2,"deletions":2}}},{"hash":"5acd0495bbd613223b6d9547081b138bc2ce75e9","isMergeCommit":false,"messageTitle":"added \"add\" command to Duke class and added \"addExpense\" method to expenselist","messageBody":"","fileTypesAndContributionMap":{"functional-code":{"insertions":26,"deletions":0}}},{"hash":"0520d8c474c892bd0ca9f8952db4e46d92d4e942","isMergeCommit":false,"messageTitle":"removed static  calls in ExpenseList class","messageBody":"","fileTypesAndContributionMap":{"functional-code":{"insertions":2,"deletions":2}}},{"hash":"5173cf7f86f707917e3833e2dfc2788043db944a","isMergeCommit":false,"messageTitle":"removed more static calls in ExpanseList Class","messageBody":"","fileTypesAndContributionMap":{"functional-code":{"insertions":2,"deletions":2}}}]},{"date":"2023-03-15","commitResults":[{"hash":"af37e650d4325cffcbcf92ed0f6db3c6f40c9e9a","isMergeCommit":false,"messageTitle":"Update user guide","messageBody":"","fileTypesAndContributionMap":{"docs":{"insertions":46,"deletions":17}}},{"hash":"24692946040f33de51d089e676dc625ea57065aa","isMergeCommit":false,"messageTitle":"update typo in user guide","messageBody":"","fileTypesAndContributionMap":{"docs":{"insertions":5,"deletions":5}}},{"hash":"a8166eb62aa93beaac43e1b3b1e4fa84f2a9d630","isMergeCommit":false,"messageTitle":"correct typo in user guide","messageBody":"","fileTypesAndContributionMap":{"docs":{"insertions":4,"deletions":4}}},{"hash":"adc31291d713d2b6df35248f0574e57375afea7e","isMergeCommit":false,"messageTitle":"update user guide","messageBody":"","fileTypesAndContributionMap":{"docs":{"insertions":4,"deletions":3}}},{"hash":"032dff35dfe8c138504c558c3e0a754cc49c8251","isMergeCommit":false,"messageTitle":"update user guide","messageBody":"","fileTypesAndContributionMap":{"docs":{"insertions":14,"deletions":4}}},{"hash":"335158486bb777df12b7a091f2a871fe25a74505","isMergeCommit":true,"messageTitle":"Merge pull request #54 from Zhang-Zhitong/master","messageBody":"Update user guide","tags":["v1.0"],"fileTypesAndContributionMap":{}}]},{"date":"2023-03-20","commitResults":[{"hash":"8bbcc81ec5e5a93b7f526bea196beef479174982","isMergeCommit":false,"messageTitle":"add ParsedCommand class","messageBody":"","fileTypesAndContributionMap":{"functional-code":{"insertions":28,"deletions":0}}},{"hash":"bc10fe8a695ee0bb645fc754228991ba16a48596","isMergeCommit":true,"messageTitle":"Merge pull request #60 from Zhang-Zhitong/master","messageBody":"add ParsedCommand class","fileTypesAndContributionMap":{}},{"hash":"c7fa35ab54910160b9b5ab3cc13735fcffb942a3","isMergeCommit":false,"messageTitle":"Revert \"add ParsedCommand class\"","messageBody":"","fileTypesAndContributionMap":{"functional-code":{"insertions":0,"deletions":28}}}]}],"GohJW":[{"date":"2023-03-03","commitResults":[{"hash":"afb755fafc5a3766cf4e521669c143b052fdd996","isMergeCommit":false,"messageTitle":"Update AboutUs.md","messageBody":"","fileTypesAndContributionMap":{"docs":{"insertions":4,"deletions":3}}},{"hash":"c6508c8cac5062a7580635b1a99186f14c1a3fcc","isMergeCommit":true,"messageTitle":"Merge branch \u0027GohJinWeiAaron-AboutUs\u0027","messageBody":"","fileTypesAndContributionMap":{}}]},{"date":"2023-03-08","commitResults":[{"hash":"847e64195fae2b6c4b0b6d842b77fc13e7240ed1","isMergeCommit":true,"messageTitle":"Merge pull request #2 from GohJW/master","messageBody":"GohJinWeiAaron","fileTypesAndContributionMap":{}},{"hash":"bdcd3e170acde7697f10b7eefaa6855d1079db8d","isMergeCommit":true,"messageTitle":"Merge branch \u0027master\u0027 into master","messageBody":"","fileTypesAndContributionMap":{}},{"hash":"c83fa08dfeaa21e3ada3ff69d7b1aba70bca6c7b","isMergeCommit":true,"messageTitle":"Merge pull request #3 from Zhang-Zhitong/master","messageBody":"added zhang zhitong profile to aboutus","fileTypesAndContributionMap":{}},{"hash":"7cdb905d2e2703d8687c1b7825e176b4508634b7","isMergeCommit":true,"messageTitle":"Merge branch \u0027master\u0027 into JuCan-AboutUs","messageBody":"","fileTypesAndContributionMap":{}},{"hash":"36fcd844fd0ea820f5c944fc1fd0bc452a1af1d5","isMergeCommit":true,"messageTitle":"Merge pull request #6 from Ju-Can/JuCan-AboutUs","messageBody":"Update AboutUs.md","fileTypesAndContributionMap":{}},{"hash":"0fcdc2327b343f372072c073ed152946dd3d75cf","isMergeCommit":true,"messageTitle":"Merge branch \u0027master\u0027 of https://github.com/AY2223S2-CS2113-T13-02/tp","messageBody":"","fileTypesAndContributionMap":{}},{"hash":"515c2ac4c0d3d8871414d3f844b27dbec123cc2f","isMergeCommit":true,"messageTitle":"Merge pull request #8 from Ju-Can/Delete-Entry","messageBody":"Delete entry","fileTypesAndContributionMap":{}},{"hash":"772844f05bfb9c02789639f5937c01aae36e6aca","isMergeCommit":true,"messageTitle":"Merge branch \u0027master\u0027 into master","messageBody":"","fileTypesAndContributionMap":{}},{"hash":"fabf60b4b8762157ffe5a83ced59ea055d3f51d4","isMergeCommit":true,"messageTitle":"Merge pull request #9 from AY2223S2-CS2113-T13-2/master","messageBody":"Add list","fileTypesAndContributionMap":{}},{"hash":"1ac6f291d5f2a377bca5ef99aea7a0a010e0b378","isMergeCommit":true,"messageTitle":"Merge branch \u0027master\u0027 of https://github.com/AY2223S2-CS2113-T13-02/tp","messageBody":"","fileTypesAndContributionMap":{}},{"hash":"19d60684ebe6a2826446abde9c45d9058d8d0868","isMergeCommit":false,"messageTitle":"Fix ExpenseList bug from merging","messageBody":"","fileTypesAndContributionMap":{"functional-code":{"insertions":6,"deletions":5}}},{"hash":"4d5f8ca0280b3e839ed4a78b939993334341d3a1","isMergeCommit":true,"messageTitle":"Merge branch \u0027ExpenseListFix\u0027","messageBody":"","fileTypesAndContributionMap":{}},{"hash":"0cbd142c81982210f7a55784d56ec4cd1ccc8ab7","isMergeCommit":false,"messageTitle":"Fix switch case indentation","messageBody":"","fileTypesAndContributionMap":{"functional-code":{"insertions":12,"deletions":13}}},{"hash":"fd27a13923412a32e43213a18d2cd12275459ec5","isMergeCommit":false,"messageTitle":"Fix switch case indentation and add newline to CommandRes","messageBody":"","fileTypesAndContributionMap":{"functional-code":{"insertions":15,"deletions":13}}}]},{"date":"2023-03-09","commitResults":[{"hash":"b384bee67381d545ec5ee4bdf8c7c3288d6d3411","isMergeCommit":true,"messageTitle":"Merge pull request #12 from Zhang-Zhitong/master","messageBody":"added addExpense","fileTypesAndContributionMap":{}},{"hash":"52b1893b713c1da2da0324bf1f4f48ca8eb3b731","isMergeCommit":true,"messageTitle":"Merge branch \u0027master\u0027 into master","messageBody":"","fileTypesAndContributionMap":{}},{"hash":"6ef4a8d5851ff4409a65fc42f615610294062a6f","isMergeCommit":true,"messageTitle":"Merge pull request #13 from arsdorintbp2003/master","messageBody":"Update list()","fileTypesAndContributionMap":{}},{"hash":"f598eac89ac979eccb8b2a429a8782a9bc738402","isMergeCommit":true,"messageTitle":"Merge remote-tracking branch \u0027origin/master\u0027","messageBody":"","fileTypesAndContributionMap":{}},{"hash":"030e7116fb2b9c3f74c4b75ef4cbf67355e124bf","isMergeCommit":false,"messageTitle":"Add basic loop to read multiple commands and fix delete entry bug","messageBody":"Loop is added for testing purposes, calling \"exit\" escapes the\nloop and exits the program. Delete entry had a bug fixed where it read\nthe entire user input rather than extract the index.\n","fileTypesAndContributionMap":{"functional-code":{"insertions":23,"deletions":13}}},{"hash":"d48b267ec500f8d90565fb91faa5bc2e854f0326","isMergeCommit":true,"messageTitle":"Merge pull request #14 from GohJW/master","messageBody":"Update program to read multiple commands","fileTypesAndContributionMap":{}},{"hash":"40c341737eec9deb7505170a8b0fd1836ad48537","isMergeCommit":false,"messageTitle":"Add simple JUnit tests for Parser and ExpenseList","messageBody":"","fileTypesAndContributionMap":{"test-code":{"insertions":44,"deletions":0}}}]},{"date":"2023-03-10","commitResults":[{"hash":"8dff8bdffe7bd768e1a013db7a0703c54cf3fa0a","isMergeCommit":false,"messageTitle":"Update parsing of user input for add","messageBody":"","fileTypesAndContributionMap":{"functional-code":{"insertions":85,"deletions":10},"test-code":{"insertions":2,"deletions":2}}},{"hash":"9fa3a11fa5d228a4cce0f5d302ce6ce8427c2df2","isMergeCommit":true,"messageTitle":"Merge branch \u0027Currency-Exchange\u0027","messageBody":"","fileTypesAndContributionMap":{}},{"hash":"42938ab2df3558f2628deb4faecd13fdeb0dd4a2","isMergeCommit":false,"messageTitle":"Remove addExpense test","messageBody":"","fileTypesAndContributionMap":{"test-code":{"insertions":6,"deletions":6}}},{"hash":"2eb49ed99d742a06f38b20d8944b1e30a876d849","isMergeCommit":true,"messageTitle":"Merge branch \u0027Currency-Exchange\u0027","messageBody":"","fileTypesAndContributionMap":{}},{"hash":"8215fb41e28092ccf53a1749d9ceb5aa3bbacb64","isMergeCommit":false,"messageTitle":"Update code to pass checks","messageBody":"","fileTypesAndContributionMap":{"functional-code":{"insertions":5,"deletions":7}}},{"hash":"459a5d0a055a175100c56fdf856d3ef406516a82","isMergeCommit":false,"messageTitle":"Update code to pass checks","messageBody":"","fileTypesAndContributionMap":{"functional-code":{"insertions":5,"deletions":7},"test-code":{"insertions":7,"deletions":11}}},{"hash":"251e6ae805f36747df2197c98a584f50bae8ee7c","isMergeCommit":true,"messageTitle":"Merge branch \u0027master\u0027 of https://github.com/GohJW/tp","messageBody":"","fileTypesAndContributionMap":{}},{"hash":"1c86bf25b301f1d56da1c1fa21c5ae8336ec47ab","isMergeCommit":true,"messageTitle":"Merge pull request #15 from GohJW/master","messageBody":"Add simple JUnit tests for Parser and ExpenseList","fileTypesAndContributionMap":{}}]},{"date":"2023-03-11","commitResults":[{"hash":"ba7092da944532467decc2f3acb0124913b7dd7e","isMergeCommit":false,"messageTitle":"Refactor \u0027add\u0027 feature and extract Duke from main into object","messageBody":"","fileTypesAndContributionMap":{"functional-code":{"insertions":77,"deletions":30},"test-code":{"insertions":5,"deletions":1}}},{"hash":"7579da1ab88f33ef72b03fef2df2bce5150b3f94","isMergeCommit":false,"messageTitle":"Add getter for currency type in Expense.java","messageBody":"","fileTypesAndContributionMap":{"functional-code":{"insertions":1,"deletions":0}}}]},{"date":"2023-03-12","commitResults":[{"hash":"2b903522e900201f9b99c1c67fd01e8685ece3c6","isMergeCommit":true,"messageTitle":"Merge branch \u0027master\u0027 of https://github.com/AY2223S2-CS2113-T13-02/tp","messageBody":"","fileTypesAndContributionMap":{}}]},{"date":"2023-03-13","commitResults":[{"hash":"e2ca698c38d1d62ca4c16b7b8032d70f0ac4bfb1","isMergeCommit":false,"messageTitle":"Add catching of exceptions for CommandAdd and update Expense time format","messageBody":"","fileTypesAndContributionMap":{"functional-code":{"insertions":25,"deletions":9},"test-code":{"insertions":16,"deletions":11}}},{"hash":"32c614250b20730d5db7b843d518e988ca9a97a9","isMergeCommit":false,"messageTitle":"Update indentation","messageBody":"","fileTypesAndContributionMap":{"test-code":{"insertions":7,"deletions":4}}},{"hash":"0b3d64e78e97280017b035805618c6b3e64d1552","isMergeCommit":true,"messageTitle":"Merge branch \u0027master\u0027 of https://github.com/AY2223S2-CS2113-T13-02/tp","messageBody":"","fileTypesAndContributionMap":{}}]},{"date":"2023-03-14","commitResults":[{"hash":"62a2156307f158df9311037d8df57a39e00e188a","isMergeCommit":true,"messageTitle":"Merge branch \u0027master\u0027 of https://github.com/AY2223S2-CS2113-T13-02/tp","messageBody":"","fileTypesAndContributionMap":{}},{"hash":"4708d9ddf45162689f2e48e364dfe2b4d9b3c34b","isMergeCommit":true,"messageTitle":"Merge pull request #43 from Ju-Can/refactor-delete","messageBody":"Refactor delete","fileTypesAndContributionMap":{}},{"hash":"62e2ec6047114a41602989025f67ecbb6c42aedb","isMergeCommit":true,"messageTitle":"Merge branch \u0027master\u0027 of https://github.com/AY2223S2-CS2113-T13-02/tp","messageBody":"","fileTypesAndContributionMap":{}},{"hash":"8b4e419291dd4446aec4caec56d1dbab955ed70f","isMergeCommit":false,"messageTitle":"Add assertions and output statement to CommandAdd","messageBody":"","fileTypesAndContributionMap":{"functional-code":{"insertions":14,"deletions":10},"test-code":{"insertions":45,"deletions":23}}},{"hash":"00efe9de280af6b7655684b195636636c2fe14d2","isMergeCommit":false,"messageTitle":"Add header to CommandAddTest","messageBody":"","fileTypesAndContributionMap":{"test-code":{"insertions":4,"deletions":0}}},{"hash":"5b39a335f0054ea43d5d982b503ca560cbb484e1","isMergeCommit":true,"messageTitle":"Merge branch \u0027master\u0027 of https://github.com/AY2223S2-CS2113-T13-02/tp into format-output-assert-commandadd","messageBody":"","fileTypesAndContributionMap":{}},{"hash":"aea02cc3feebf4ce17a9c03c02d592a60d14d146","isMergeCommit":false,"messageTitle":"Update ExpenseListTest","messageBody":"","fileTypesAndContributionMap":{"test-code":{"insertions":2,"deletions":2}}},{"hash":"f5106f2483c81218964be8a2105487bc728f737c","isMergeCommit":false,"messageTitle":"Update imports","messageBody":"","fileTypesAndContributionMap":{"test-code":{"insertions":3,"deletions":6}}},{"hash":"4d3d874463aef63b81609bba32fcbf6bfb4ed101","isMergeCommit":false,"messageTitle":"Remove header from CommandAddTest","messageBody":"","fileTypesAndContributionMap":{"test-code":{"insertions":0,"deletions":4}}}]},{"date":"2023-03-15","commitResults":[{"hash":"0a733432a06b80782726e96ad6ab91f95c34b456","isMergeCommit":true,"messageTitle":"Merge pull request #50 from Ju-Can/standardise-printing-method","messageBody":"Remove comment in Expense.java","fileTypesAndContributionMap":{}},{"hash":"ef65a1d6175baf84e54d441ad3f002a61866fe50","isMergeCommit":true,"messageTitle":"Merge pull request #55 from FanZixian/branch-txtnew","messageBody":"Branch txtnew","fileTypesAndContributionMap":{}},{"hash":"968c9ca374345b499c33c5d1edcc7c230e44cf5b","isMergeCommit":true,"messageTitle":"Merge branch \u0027master\u0027 of https://github.com/AY2223S2-CS2113-T13-02/tp","messageBody":"","fileTypesAndContributionMap":{}}]},{"date":"2023-03-19","commitResults":[{"hash":"ad1c0ec5bb8f24bb0faef8e1652778e1b9c076eb","isMergeCommit":false,"messageTitle":"Add developer guide for add feature","messageBody":"","fileTypesAndContributionMap":{"docs":{"insertions":65,"deletions":1}}},{"hash":"4e18a210165872eb293595ab25bec08b74698695","isMergeCommit":false,"messageTitle":"Update image","messageBody":"","fileTypesAndContributionMap":{"docs":{"insertions":1,"deletions":1}}}]},{"date":"2023-03-20","commitResults":[{"hash":"cb1bdfeab97fd06916fced3f050683c85dacf0e0","isMergeCommit":true,"messageTitle":"Merge branch \u0027master\u0027 of https://github.com/AY2223S2-CS2113-T13-02/tp","messageBody":"","fileTypesAndContributionMap":{}},{"hash":"0d1e37693f2857f9583d72dde64cdafce1add141","isMergeCommit":true,"messageTitle":"Merge branch \u0027master\u0027 of https://github.com/AY2223S2-CS2113-T13-02/tp","messageBody":"","fileTypesAndContributionMap":{}},{"hash":"993d2b9131dee652b89011aab1f02c553dd50004","isMergeCommit":false,"messageTitle":"Add checking and warning of new currency when adding a new expense","messageBody":"","fileTypesAndContributionMap":{"functional-code":{"insertions":79,"deletions":43},"test-code":{"insertions":18,"deletions":15}}}]},{"date":"2023-03-22","commitResults":[{"hash":"13e24ffefed594d097fb97f6f6bf2b01296e997e","isMergeCommit":true,"messageTitle":"Merge pull request #67 from Ju-Can/DG-delete","messageBody":"Add delete feature in DG","fileTypesAndContributionMap":{}},{"hash":"f5fe1e9448bd7c7d50ee3f72f96c153033b8cec3","isMergeCommit":false,"messageTitle":"Add exchangerate API integration and inputdate querying of rates","messageBody":"","fileTypesAndContributionMap":{"functional-code":{"insertions":53,"deletions":2},"other":{"insertions":5,"deletions":0},"test-code":{"insertions":32,"deletions":0}}},{"hash":"f3689d9e2d47df35a054e9d27529b375b18eaac6","isMergeCommit":false,"messageTitle":"Update imports and comments","messageBody":"","fileTypesAndContributionMap":{"functional-code":{"insertions":4,"deletions":6}}},{"hash":"176e265a456e2543a9aebf6ffd87b155f77e3f09","isMergeCommit":false,"messageTitle":"Update inputs","messageBody":"","fileTypesAndContributionMap":{"functional-code":{"insertions":1,"deletions":2}}},{"hash":"77957af81f1ad413a3f9a8beb265106060e07b72","isMergeCommit":false,"messageTitle":"Update variable order","messageBody":"","fileTypesAndContributionMap":{"test-code":{"insertions":5,"deletions":4}}},{"hash":"ca5afb5558c8e1348edffd498ab8c950ea1d8445","isMergeCommit":false,"messageTitle":"Fix JUnit tests","messageBody":"","fileTypesAndContributionMap":{"test-code":{"insertions":3,"deletions":3}}},{"hash":"30a9887b9fc7ab92930bf3a07033d64c4a792194","isMergeCommit":false,"messageTitle":"Integrate API and commandTotal to calculate total expense in SGD","messageBody":"","fileTypesAndContributionMap":{"functional-code":{"insertions":156,"deletions":79},"test-code":{"insertions":79,"deletions":19}}},{"hash":"a51f227993d3ed2186aab4f1737b354669e1e8a5","isMergeCommit":false,"messageTitle":"Update coding standards","messageBody":"","fileTypesAndContributionMap":{"functional-code":{"insertions":7,"deletions":7}}},{"hash":"367a083c8fecbcf86e7dbc569536bcc34dd6f457","isMergeCommit":false,"messageTitle":"Update coding standards","messageBody":"","fileTypesAndContributionMap":{"test-code":{"insertions":8,"deletions":5}}},{"hash":"775a1dbf3e230f4873180951a613e16f7d7984b3","isMergeCommit":false,"messageTitle":"Update coding standards","messageBody":"","fileTypesAndContributionMap":{"functional-code":{"insertions":2,"deletions":2}}}]},{"date":"2023-03-23","commitResults":[{"hash":"d7ba1b381f39e3f1ace96aa4803ce7d1d3a1dc85","isMergeCommit":true,"messageTitle":"Merge pull request #76 from Ju-Can/DG-diagram","messageBody":"Create sequence diagram for deleteCommand","fileTypesAndContributionMap":{}},{"hash":"869ad4057999d36de56caa226dbf3713babc1459","isMergeCommit":false,"messageTitle":"Add more JUnit tests for CommandAdd","messageBody":"","fileTypesAndContributionMap":{"functional-code":{"insertions":18,"deletions":13},"docs":{"insertions":18,"deletions":0},"test-code":{"insertions":53,"deletions":0}}},{"hash":"a823496cf28b881922c4a89246dbe9c4d1dd0a12","isMergeCommit":true,"messageTitle":"Merge branch \u0027master\u0027 into storage","messageBody":"","fileTypesAndContributionMap":{}},{"hash":"f9f7a1c60d4d58f7aa10fd03fb3440a80349e010","isMergeCommit":true,"messageTitle":"Merge pull request #71 from Ju-Can/storage","messageBody":"Add storage feature","fileTypesAndContributionMap":{}},{"hash":"fa6d1731e81dd490de0889f6e99d340098b881f0","isMergeCommit":false,"messageTitle":"Revert exit command to \u0027exit\u0027","messageBody":"","fileTypesAndContributionMap":{"functional-code":{"insertions":1,"deletions":1}}},{"hash":"b6eacdeb2d42abac18decde1299d79263d25161a","isMergeCommit":true,"messageTitle":"Merge branch \u0027currency-customcurrencies\u0027 of https://github.com/GohJW/tp into currency-customcurrencies","messageBody":"","fileTypesAndContributionMap":{}},{"hash":"6305452b9cf7c5e5fca677751f5887bd6ff7931a","isMergeCommit":false,"messageTitle":"Fix JUnit tests for CommandSort and Storage","messageBody":"","fileTypesAndContributionMap":{"functional-code":{"insertions":4,"deletions":4},"test-code":{"insertions":10,"deletions":5}}},{"hash":"bdb11cb8adc7f83291eba6ee5e4cf257c966e437","isMergeCommit":false,"messageTitle":"Fix switch case fallthrough","messageBody":"","fileTypesAndContributionMap":{"functional-code":{"insertions":3,"deletions":1}}}]},{"date":"2023-03-24","commitResults":[{"hash":"b5a0c28134f42562c0f6fc04337a1769b949054a","isMergeCommit":true,"messageTitle":"Merge branch \u0027master\u0027 of https://github.com/AY2223S2-CS2113-T13-02/tp","messageBody":"","fileTypesAndContributionMap":{}},{"hash":"feff9115f05e78e4560be380c6105911756e485e","isMergeCommit":true,"messageTitle":"Merge pull request #81 from Ju-Can/storage-bugfix","messageBody":"Fix readObject bug when data file is empty","fileTypesAndContributionMap":{}}]},{"date":"2023-03-26","commitResults":[{"hash":"ffc4ad9669714a087b35188668f9f9fb97794ad6","isMergeCommit":false,"messageTitle":"Fix bug involving API not working without internet and on holiday dates","messageBody":"","fileTypesAndContributionMap":{"functional-code":{"insertions":76,"deletions":48},"test-code":{"insertions":4,"deletions":3}}}]},{"date":"2023-03-27","commitResults":[{"hash":"3d24f0a22fe6d851fbf23bd998f0788d807fbab0","isMergeCommit":false,"messageTitle":"Update DG and UG","messageBody":"","fileTypesAndContributionMap":{"functional-code":{"insertions":4,"deletions":1},"docs":{"insertions":52,"deletions":8}}},{"hash":"5c3b2055de02098a78a4ad168b0a8f63c2110ee1","isMergeCommit":true,"messageTitle":"Merge branch \u0027master\u0027 of https://github.com/GohJW/tp","messageBody":"","fileTypesAndContributionMap":{}}]},{"date":"2023-03-28","commitResults":[{"hash":"025ff20fc11c1a1f4d0f48812c50981100ee9a34","isMergeCommit":false,"messageTitle":"Update UG and DG with more diagrams","messageBody":"","fileTypesAndContributionMap":{"docs":{"insertions":54,"deletions":9}}}]},{"date":"2023-03-29","commitResults":[{"hash":"f70a918e8e7b91639e9c15af12cbd2c49205b05f","isMergeCommit":true,"messageTitle":"Merge branch \u0027master\u0027 into overview-monthly","messageBody":"","fileTypesAndContributionMap":{}},{"hash":"a9b08d4e45f5f636f2a728bbe20faca5aba1607c","isMergeCommit":true,"messageTitle":"Merge pull request #91 from Ju-Can/overview-monthly","messageBody":"Add feature: monthly overview","fileTypesAndContributionMap":{}},{"hash":"f2f69665a93c2f8c3e40cd4dd8c415bd38862b96","isMergeCommit":false,"messageTitle":"Revert \"Add feature: monthly overview\"","messageBody":"","fileTypesAndContributionMap":{"functional-code":{"insertions":21,"deletions":387},"test-code":{"insertions":1,"deletions":1}}},{"hash":"2f4db8aa7843411c995d6b4f6bf391d3f517e5e3","isMergeCommit":true,"messageTitle":"Merge pull request #92 from AY2223S2-CS2113-T13-2/revert-91-overview-monthly","messageBody":"Revert \"Add feature: monthly overview\"","fileTypesAndContributionMap":{}},{"hash":"4d03da633f99c2245e474ebccb7183061db1e341","isMergeCommit":true,"messageTitle":"Merge pull request #93 from AY2223S2-CS2113-T13-2/revert-92-revert-91-overview-monthly","messageBody":"Revert \"Revert \"Add feature: monthly overview\"\"","fileTypesAndContributionMap":{}},{"hash":"011f3ca5fd2b15d50a89e36e36502e327adf187b","isMergeCommit":true,"messageTitle":"Merge branch \u0027master\u0027 of https://github.com/AY2223S2-CS2113-T13-02/tp","messageBody":"","fileTypesAndContributionMap":{}},{"hash":"47b8a81ee60fe773a8efb27a47a30683a1a85897","isMergeCommit":false,"messageTitle":"Update imports","messageBody":"","fileTypesAndContributionMap":{"functional-code":{"insertions":0,"deletions":1}}},{"hash":"8a080f1db6f2f4d011a4a1559ea853c3d7ef0f07","isMergeCommit":true,"messageTitle":"Merge pull request #94 from GohJW/master","messageBody":"Update Imports","fileTypesAndContributionMap":{}},{"hash":"996c3c79809977d704aeab3685ac1e871fd799fd","isMergeCommit":true,"messageTitle":"Merge pull request #90 from arsdorintbp2003/master","messageBody":"password, signup, login ","fileTypesAndContributionMap":{}},{"hash":"263cb707c532839f6958c20ebad392ce75aeaa71","isMergeCommit":true,"messageTitle":"Merge branch \u0027master\u0027 of https://github.com/AY2223S2-CS2113-T13-02/tp","messageBody":"","fileTypesAndContributionMap":{}},{"hash":"c408f47663346968288cd11c30a1e6cefb2a6f32","isMergeCommit":false,"messageTitle":"Revert \"password, signup, login \"","messageBody":"","fileTypesAndContributionMap":{"functional-code":{"insertions":14,"deletions":218},"other":{"insertions":3,"deletions":1}}},{"hash":"623f97cff78030b7c42d89230de69e5240424a40","isMergeCommit":true,"messageTitle":"Merge pull request #95 from AY2223S2-CS2113-T13-2/revert-90-master","messageBody":"Revert \"password, signup, login \"","fileTypesAndContributionMap":{}},{"hash":"5e8c865b31faa1c2c6a3227085fa5229147ced41","isMergeCommit":true,"messageTitle":"Merge branch \u0027master\u0027 of https://github.com/AY2223S2-CS2113-T13-02/tp","messageBody":"","fileTypesAndContributionMap":{}},{"hash":"b21550b7af009cab243b6b6d9343b8ed05efac5a","isMergeCommit":false,"messageTitle":"Add class diagram for CommandTotal","messageBody":"","fileTypesAndContributionMap":{"docs":{"insertions":50,"deletions":0}}},{"hash":"98024270885c3638eec8fec74a85c2ff80ebd073","isMergeCommit":true,"messageTitle":"Merge pull request #96 from GohJW/master","messageBody":"Add class Diagram for CommandTotal","fileTypesAndContributionMap":{}},{"hash":"d08077e0dce10f9bc124060f1acfbf957bef9756","isMergeCommit":true,"messageTitle":"Merge pull request #100 from Ju-Can/overview-DG","messageBody":"Update DG for Monthly Overview","fileTypesAndContributionMap":{}},{"hash":"cc4a0257748af71c33d3ada2dea0419ca689aa27","isMergeCommit":true,"messageTitle":"Merge pull request #103 from FanZixian/master","messageBody":"Add UG for find method, and also provide a new test case for find to …","fileTypesAndContributionMap":{}},{"hash":"46f56395dadf3f4cb3923bd68882baceb53f054b","isMergeCommit":true,"messageTitle":"Merge branch \u0027master\u0027 of https://github.com/AY2223S2-CS2113-T13-02/tp","messageBody":"","fileTypesAndContributionMap":{}},{"hash":"6f93aa0e5c196f2b91cf671e62a813b43229264a","isMergeCommit":true,"messageTitle":"Merge pull request #97 from Ju-Can/overview-monthly","messageBody":"add junit test for monthfilter","tags":["v2.0"],"fileTypesAndContributionMap":{}},{"hash":"df7d498efabac4577712cc2c9d31604ce2755a4a","isMergeCommit":true,"messageTitle":"Merge branch \u0027master\u0027 of https://github.com/AY2223S2-CS2113-T13-02/tp","messageBody":"","fileTypesAndContributionMap":{}}]},{"date":"2023-04-01","commitResults":[{"hash":"e68bba4a400da5d46e252db04c9b6401652f6a6b","isMergeCommit":true,"messageTitle":"Merge pull request #147 from Ju-Can/overview-yearly","messageBody":"Add complete yearly overview","fileTypesAndContributionMap":{}},{"hash":"d8da82c374075bcbb051f117ed360da0a66109be","isMergeCommit":true,"messageTitle":"Merge pull request #105 from Ju-Can/bugfix-force-quit-exception","messageBody":"bug fix for force quit exception","fileTypesAndContributionMap":{}}]},{"date":"2023-04-02","commitResults":[{"hash":"b8772a115e914270208d36bae220ab9868d3bb2f","isMergeCommit":true,"messageTitle":"Merge branch \u0027master\u0027 of https://github.com/AY2223S2-CS2113-T13-02/tp","messageBody":"","fileTypesAndContributionMap":{}},{"hash":"edbb5e5a852122258d2bec444adc88f4ceeca9b5","isMergeCommit":false,"messageTitle":"Add warning to incorrect input types","messageBody":"","fileTypesAndContributionMap":{"functional-code":{"insertions":7,"deletions":6}}},{"hash":"fcf88edbf9db05a5a1e691678e2a5373f0ef34b7","isMergeCommit":false,"messageTitle":"Fix bug involving dates before 1981","messageBody":"","fileTypesAndContributionMap":{"functional-code":{"insertions":1,"deletions":1}}},{"hash":"0693282bb4358304ab0c752a789ee116df026126","isMergeCommit":false,"messageTitle":"Fix bug for negative expenses","messageBody":"","fileTypesAndContributionMap":{"functional-code":{"insertions":3,"deletions":1}}}]}],"FanZixian":[{"date":"2023-03-02","commitResults":[{"hash":"05e0dba345af30d0c4effb6518ec19b510ac6202","isMergeCommit":false,"messageTitle":"Update README.md","messageBody":"","fileTypesAndContributionMap":{"docs":{"insertions":1,"deletions":1}}},{"hash":"60bdda44e9047e3f1f89911ea690e957870f7b1f","isMergeCommit":false,"messageTitle":"Update AboutUs.md","messageBody":"","fileTypesAndContributionMap":{"docs":{"insertions":1,"deletions":5}}},{"hash":"92a21e05ff5fb5791d62246334a59baf5da9af92","isMergeCommit":true,"messageTitle":"Merge pull request #1 from FanZixian/master","messageBody":"Update About us, and create yml file","fileTypesAndContributionMap":{}}]},{"date":"2023-03-07","commitResults":[{"hash":"8637f32d7e22e586f32f660e0f551d168ffd933a","isMergeCommit":false,"messageTitle":"Update basic classes and template","messageBody":"","fileTypesAndContributionMap":{"functional-code":{"insertions":159,"deletions":0}}},{"hash":"4ff63e4b3182451e9e9615008467355a9f09a107","isMergeCommit":true,"messageTitle":"Merge pull request #4 from FanZixian/master","messageBody":"Update basic classes and template","fileTypesAndContributionMap":{}},{"hash":"8d5be90b649b47ac6a713dd498c14c8d08751fbc","isMergeCommit":false,"messageTitle":"Change the final variable position","messageBody":"","fileTypesAndContributionMap":{"functional-code":{"insertions":1,"deletions":1}}},{"hash":"9032440bef81e952ee876196f2e3e6e52b04d753","isMergeCommit":true,"messageTitle":"Merge pull request #5 from FanZixian/master","messageBody":"Change the final variable position","fileTypesAndContributionMap":{}}]},{"date":"2023-03-12","commitResults":[{"hash":"200450d20676fbad29ba89858c0a0ecc68e84a62","isMergeCommit":false,"messageTitle":"Add asserNotEquals to check whether the currency\u0027s are not equal in the test.","messageBody":"","fileTypesAndContributionMap":{"functional-code":{"insertions":3,"deletions":1},"test-code":{"insertions":6,"deletions":0}}},{"hash":"f4aa3a425881be4b182eb235c32c2b8feddf5416","isMergeCommit":false,"messageTitle":"Check the initial list returns false when checking Not Empty","messageBody":"","fileTypesAndContributionMap":{"functional-code":{"insertions":18,"deletions":1},"test-code":{"insertions":5,"deletions":1}}},{"hash":"aff261322d45929e48656f00fcea289428ed0b55","isMergeCommit":false,"messageTitle":"Update all necessary works to list method","messageBody":"","fileTypesAndContributionMap":{"functional-code":{"insertions":36,"deletions":22}}},{"hash":"888fdc66f7ad6cad5c6659c6b3d941b8f34ac405","isMergeCommit":false,"messageTitle":"Deal with all the possible cases for test commandList, and also deal with clear for all test cases","messageBody":"","fileTypesAndContributionMap":{"functional-code":{"insertions":11,"deletions":5},"test-code":{"insertions":40,"deletions":0}}},{"hash":"16e31c2e2c4b32964aee301288a8317f8d548709","isMergeCommit":false,"messageTitle":"Add Command Delete Class","messageBody":"","fileTypesAndContributionMap":{"functional-code":{"insertions":7,"deletions":0}}},{"hash":"6fbec320d7636f1c9e35c6c37d97eaba7f497402","isMergeCommit":true,"messageTitle":"Merge branch \u0027CommandList\u0027","messageBody":"","fileTypesAndContributionMap":{}},{"hash":"2e29d0f12c42edb71c146bfe8af1e50eb6534cb5","isMergeCommit":false,"messageTitle":"Deal with RedundantImport","messageBody":"","fileTypesAndContributionMap":{"functional-code":{"insertions":0,"deletions":1}}},{"hash":"87478207e44874f6477ec977b0b64c09173cf47b","isMergeCommit":false,"messageTitle":"Deal with the new line problem in linux and windows","messageBody":"","fileTypesAndContributionMap":{"test-code":{"insertions":6,"deletions":6}}},{"hash":"c19d83798153a1eb4c897979de0e9d17d97a90f0","isMergeCommit":false,"messageTitle":"Replace all \\r\\n with \\n","messageBody":"","fileTypesAndContributionMap":{"test-code":{"insertions":8,"deletions":8}}},{"hash":"178e53bfb6ccc9e58c881d427ead7f3a828e3d26","isMergeCommit":true,"messageTitle":"Merge pull request #34 from FanZixian/master","messageBody":"Change to CommandList","fileTypesAndContributionMap":{}}]},{"date":"2023-03-14","commitResults":[{"hash":"d216a5dc3fe8f0aa5ee391e5ebf2882ed1ae3c5a","isMergeCommit":false,"messageTitle":"Remove static and parameters in clear function","messageBody":"","fileTypesAndContributionMap":{"functional-code":{"insertions":1,"deletions":1},"test-code":{"insertions":3,"deletions":3}}},{"hash":"d546af952d5878618892c3e0a2944d3ffd7aa0d1","isMergeCommit":false,"messageTitle":"Provide methods to standardize the digits number","messageBody":"","fileTypesAndContributionMap":{"functional-code":{"insertions":34,"deletions":1},"test-code":{"insertions":3,"deletions":0}}},{"hash":"b71a4c64cce2d24da3ee93393cb0c0e74f00365a","isMergeCommit":false,"messageTitle":"Add the test case","messageBody":"","fileTypesAndContributionMap":{"functional-code":{"insertions":10,"deletions":11},"test-code":{"insertions":24,"deletions":3}}},{"hash":"b9efcc953f13f8ae04db2c292e2fe3b0d0772512","isMergeCommit":true,"messageTitle":"Merge branch \u0027master\u0027 into branch-doubleformat","messageBody":"","fileTypesAndContributionMap":{}},{"hash":"aab68c9d1a86c4a7bc196a972fc3a30fd2008efa","isMergeCommit":true,"messageTitle":"Merge pull request #44 from FanZixian/branch-doubleformat","messageBody":"Branch doubleformat","fileTypesAndContributionMap":{}},{"hash":"4cfae0f16915f03184f6a604a215132af7c31a02","isMergeCommit":false,"messageTitle":"Remove non-used import","messageBody":"","fileTypesAndContributionMap":{"functional-code":{"insertions":0,"deletions":1}}},{"hash":"a395e291e737c254ec3cfb6ecb7cd2fa4d24145d","isMergeCommit":false,"messageTitle":"Remove non-used import","messageBody":"","fileTypesAndContributionMap":{"functional-code":{"insertions":0,"deletions":1}}},{"hash":"39dfa3249cbcf37fe6dc86e9d38f3540e79bf86a","isMergeCommit":true,"messageTitle":"Merge pull request #45 from FanZixian/branch-doubleformat","messageBody":"Remove non-used import","fileTypesAndContributionMap":{}},{"hash":"95bad5ba04e771a475e6441467ff9c924f3c28f8","isMergeCommit":true,"messageTitle":"Merge branch \u0027branch-doubleformat\u0027 of https://github.com/FanZixian/tp","messageBody":"","fileTypesAndContributionMap":{}},{"hash":"c0cd95054b45412b5ea402865fa42967c1610ee4","isMergeCommit":false,"messageTitle":"Resolve merge conflict","messageBody":"","fileTypesAndContributionMap":{"test-code":{"insertions":1,"deletions":14}}},{"hash":"25baaca16cf470a8fb82032b43ee02e5301d5f1e","isMergeCommit":false,"messageTitle":"Delete unused import","messageBody":"","fileTypesAndContributionMap":{"test-code":{"insertions":0,"deletions":1}}}]},{"date":"2023-03-15","commitResults":[{"hash":"996388a29ab9fa7482e4c905d8ce0dd3b436efce","isMergeCommit":false,"messageTitle":"Change all double to BigDecimal with 2 digits","messageBody":"","fileTypesAndContributionMap":{"functional-code":{"insertions":20,"deletions":41},"test-code":{"insertions":9,"deletions":4}}},{"hash":"47aa81a8987d2d67e3cff526a00acf9fed761f3f","isMergeCommit":false,"messageTitle":"Change the equal justification in expense, and also deal with all test cases","messageBody":"","fileTypesAndContributionMap":{"functional-code":{"insertions":8,"deletions":2},"test-code":{"insertions":5,"deletions":6}}},{"hash":"87931749776eda44b55b132faff58f0dc447423f","isMergeCommit":true,"messageTitle":"Merge branch \u0027branchbigdecimal\u0027 into branch-txt","messageBody":"","fileTypesAndContributionMap":{}},{"hash":"487d97be98fad995514e966938ba11d820cb71bb","isMergeCommit":false,"messageTitle":"Delete spaces","messageBody":"","fileTypesAndContributionMap":{"functional-code":{"insertions":2,"deletions":2}}},{"hash":"71efe20a386d1b2a67f68859d8869a95e923c38d","isMergeCommit":true,"messageTitle":"Merge branch \u0027master\u0027 of https://github.com/FanZixian/tp into branch-txt","messageBody":"# Conflicts:\n#\tsrc/main/java/data/Expense.java\n","fileTypesAndContributionMap":{}}]},{"date":"2023-03-23","commitResults":[{"hash":"bb1be11abce754430e03ee5ece37e686c458a927","isMergeCommit":false,"messageTitle":"Add sort method, and do adjustment to Time class","messageBody":"","fileTypesAndContributionMap":{"functional-code":{"insertions":153,"deletions":1}}},{"hash":"320ee11a57439d89c922aacb4c738b80b979c36a","isMergeCommit":false,"messageTitle":"Standardize Sort Format","messageBody":"","fileTypesAndContributionMap":{"functional-code":{"insertions":4,"deletions":17}}},{"hash":"69e28596a0f1583ce5d88f97905c7f530d14b8c3","isMergeCommit":false,"messageTitle":"Incomplete Sort test","messageBody":"","fileTypesAndContributionMap":{"functional-code":{"insertions":3,"deletions":2},"test-code":{"insertions":36,"deletions":0}}},{"hash":"e97cd9867e0b064f3a45d9025bf3aa13988237b4","isMergeCommit":true,"messageTitle":"Merge branch \u0027master\u0027 of https://github.com/FanZixian/tp into Branch-Sort","messageBody":"","fileTypesAndContributionMap":{}},{"hash":"f2541b60ff25805713b5a853237b5c081f137f72","isMergeCommit":false,"messageTitle":"Format","messageBody":"","fileTypesAndContributionMap":{"functional-code":{"insertions":0,"deletions":1}}},{"hash":"1b48143e99d7f725647ebebb4461718f1f69c41d","isMergeCommit":false,"messageTitle":"Resolve sort method problem to make it testable","messageBody":"","fileTypesAndContributionMap":{"functional-code":{"insertions":27,"deletions":12},"test-code":{"insertions":2,"deletions":3}}},{"hash":"30b766b3eb5dfa4fc54fabd35d65c33240b0993c","isMergeCommit":false,"messageTitle":"Add Sort Test cases","messageBody":"","fileTypesAndContributionMap":{"functional-code":{"insertions":1,"deletions":1},"test-code":{"insertions":42,"deletions":6}}},{"hash":"68f644b935d49f9edf71f669fbb700e9604c186d","isMergeCommit":true,"messageTitle":"Merge pull request #77 from FanZixian/Branch-Sort","messageBody":"Branch sort","fileTypesAndContributionMap":{}}]},{"date":"2023-03-24","commitResults":[{"hash":"4190318c57e8180c3fdd7711aaedf13e92c1d26e","isMergeCommit":false,"messageTitle":"Update format of Sort Method","messageBody":"","fileTypesAndContributionMap":{"functional-code":{"insertions":22,"deletions":2},"test-code":{"insertions":6,"deletions":6}}},{"hash":"b521635f2a1d46647d700742b8968fdd2d734cb8","isMergeCommit":false,"messageTitle":"Classify method","messageBody":"","fileTypesAndContributionMap":{"functional-code":{"insertions":87,"deletions":0},"test-code":{"insertions":4,"deletions":0}}}]},{"date":"2023-03-25","commitResults":[{"hash":"09cf64ccaeee04805ca0002abb82968c6db11ff9","isMergeCommit":false,"messageTitle":"Add test case to command classify","messageBody":"","fileTypesAndContributionMap":{"functional-code":{"insertions":2,"deletions":1},"test-code":{"insertions":63,"deletions":0}}},{"hash":"5d2c15df6b397fd6ed7c8d678b36c9d8c5c4cc10","isMergeCommit":true,"messageTitle":"Merge pull request #83 from FanZixian/Branch-Classify","messageBody":"Branch classify","fileTypesAndContributionMap":{}},{"hash":"5e6851a069e8299040c3f0f5ff92ca0b7c11889d","isMergeCommit":false,"messageTitle":"Display bug fix","messageBody":"","fileTypesAndContributionMap":{"functional-code":{"insertions":2,"deletions":4},"other":{"insertions":5,"deletions":5}}}]},{"date":"2023-03-26","commitResults":[{"hash":"8c8c73af09b631a9a359f0bc5c587d12c1d42af6","isMergeCommit":false,"messageTitle":"Bug fix: Index increament","messageBody":"","fileTypesAndContributionMap":{"functional-code":{"insertions":1,"deletions":0},"test-code":{"insertions":2,"deletions":2}}}]},{"date":"2023-03-27","commitResults":[{"hash":"9af0f508417b156aba978907ee2db8c2b0b08396","isMergeCommit":false,"messageTitle":"Create method, but don\u0027t have idea how to do so","messageBody":"","fileTypesAndContributionMap":{"functional-code":{"insertions":9,"deletions":0}}},{"hash":"b0552bc5955fc49ab8dac1ae314dd90fd8192ecc","isMergeCommit":false,"messageTitle":"Edit UG","messageBody":"","fileTypesAndContributionMap":{"docs":{"insertions":42,"deletions":7}}}]},{"date":"2023-03-28","commitResults":[{"hash":"d48c79e91441fd950ea0b60127277eb199a3fe98","isMergeCommit":false,"messageTitle":"Update some small naming errors, and create the find method","messageBody":"","fileTypesAndContributionMap":{"functional-code":{"insertions":79,"deletions":3},"test-code":{"insertions":66,"deletions":1}}},{"hash":"bbdd78bbcda78b2043664fe238c160c8b6a972e1","isMergeCommit":false,"messageTitle":"Update the test cases","messageBody":"","fileTypesAndContributionMap":{"test-code":{"insertions":59,"deletions":3}}},{"hash":"f2a71ebc754728d91cbadb2a228a571746560f86","isMergeCommit":false,"messageTitle":"Format error","messageBody":"","fileTypesAndContributionMap":{"functional-code":{"insertions":2,"deletions":3}}}]},{"date":"2023-03-29","commitResults":[{"hash":"1040caaa40f19939ef339ec0dd0a5afe0d599a96","isMergeCommit":false,"messageTitle":"Add UG for find method, and also provide a new test case for find to ensure it can find the spcified currency (match the test requirement in lecture)","messageBody":"","fileTypesAndContributionMap":{"docs":{"insertions":20,"deletions":0},"test-code":{"insertions":13,"deletions":0}}}]}],"Ju-Can":[{"date":"2023-03-07","commitResults":[{"hash":"f0eb2291d4567f062f16f6c3b541dc2d0ecbd1e4","isMergeCommit":false,"messageTitle":"Update AboutUs.md","messageBody":"","fileTypesAndContributionMap":{"docs":{"insertions":4,"deletions":3}}},{"hash":"146fdfe5931c1fe317fcc86ee62343650bad48af","isMergeCommit":false,"messageTitle":"Added delete expense","messageBody":"","fileTypesAndContributionMap":{"functional-code":{"insertions":47,"deletions":0}}},{"hash":"004ae03c1e69fd4586c3233694dd144f6fdeb39b","isMergeCommit":false,"messageTitle":"Bug fix for delete","messageBody":"","fileTypesAndContributionMap":{"functional-code":{"insertions":1,"deletions":2}}}]},{"date":"2023-03-11","commitResults":[{"hash":"4e12607d23548e09830d7e45124d90b5c357054d","isMergeCommit":false,"messageTitle":"Add TODO for junit test improvement","messageBody":"JUnit test for add: checking whole arrayList using assertEquals, test fails\n\nLet\u0027s use getter and compare different components.\n","fileTypesAndContributionMap":{"test-code":{"insertions":18,"deletions":1}}},{"hash":"385c7d00f945931571119b49f8d8c09a0535de99","isMergeCommit":false,"messageTitle":"Update ExpenseListTest.java","messageBody":"","fileTypesAndContributionMap":{"test-code":{"insertions":3,"deletions":4}}},{"hash":"e8a173658b63c5879d3b56d30566837c507b7437","isMergeCommit":false,"messageTitle":"Add Junit test for add command","messageBody":"assertEquals: implemented using the override equals in Expense class\n","fileTypesAndContributionMap":{"functional-code":{"insertions":29,"deletions":0},"test-code":{"insertions":4,"deletions":4}}},{"hash":"1972c27e47742d7baeadde70cec2830a10eefeeb","isMergeCommit":false,"messageTitle":"Update Expense.java","messageBody":"","fileTypesAndContributionMap":{"functional-code":{"insertions":5,"deletions":5}}},{"hash":"04e1ad412ea4cac19baaa17f78fb0471cd04d878","isMergeCommit":false,"messageTitle":"Update ExpenseList.java","messageBody":"","fileTypesAndContributionMap":{"functional-code":{"insertions":1,"deletions":13}}},{"hash":"9869bf036e40d8deacb2df669f29ce17fb893bcf","isMergeCommit":false,"messageTitle":"Update ExpenseList.java","messageBody":"","fileTypesAndContributionMap":{"functional-code":{"insertions":1,"deletions":1}}},{"hash":"75d6d6265fc41c7a3f9714b223f2a93ece0c91dc","isMergeCommit":false,"messageTitle":"Update ExpenseListTest.java","messageBody":"","fileTypesAndContributionMap":{"test-code":{"insertions":1,"deletions":2}}},{"hash":"8b4dcc28e38ed85ca617fb6aa7525554f2200478","isMergeCommit":true,"messageTitle":"Merge pull request #25 from Ju-Can/junit-test-addExpenseList","messageBody":"Junit test add expense list","fileTypesAndContributionMap":{}}]},{"date":"2023-03-12","commitResults":[{"hash":"17bfabb32421aee0e2a52e246acda04a5013f11b","isMergeCommit":true,"messageTitle":"Merge branch \u0027Refactor-CommandAdd\u0027 of https://github.com/GohJW/tp into GohJW-Refactor-CommandAdd","messageBody":"","fileTypesAndContributionMap":{}},{"hash":"78467c65c8f998826648f63b0e4beb3ff35998dc","isMergeCommit":true,"messageTitle":"Merge branch \u0027GohJW-Refactor-CommandAdd\u0027","messageBody":"","fileTypesAndContributionMap":{}},{"hash":"811739b018460cd6d43156740a7efa6aabab9332","isMergeCommit":true,"messageTitle":"Merge branch \u0027master\u0027 into Refactor-CommandAdd","messageBody":"","fileTypesAndContributionMap":{}},{"hash":"bb649a34f5631563ad05c4cc26a0907f87ad63c7","isMergeCommit":true,"messageTitle":"Merge pull request #27 from GohJW/Refactor-CommandAdd","messageBody":"Refactor \u0027add\u0027 feature and extract Duke from main into object","fileTypesAndContributionMap":{}},{"hash":"cb0f762850fbab9c7be4f2fe276adc2184b2a93a","isMergeCommit":true,"messageTitle":"Merge remote-tracking branch \u0027upstream/master\u0027","messageBody":"","fileTypesAndContributionMap":{}},{"hash":"3e4a7ccd4a7d248fdc2eabc03a12713ccefe2bc0","isMergeCommit":false,"messageTitle":"Revert \"Refactor \u0027add\u0027 feature and extract Duke from main into object\"","messageBody":"","fileTypesAndContributionMap":{"functional-code":{"insertions":30,"deletions":78},"test-code":{"insertions":3,"deletions":5}}},{"hash":"b51af7f5df779ed0882865d8d83cc1f9f26606de","isMergeCommit":true,"messageTitle":"Merge pull request #29 from AY2223S2-CS2113-T13-2/revert-27-Refactor-CommandAdd","messageBody":"Revert \"Refactor \u0027add\u0027 feature and extract Duke from main into object\"","fileTypesAndContributionMap":{}},{"hash":"60496f393c73e58e074b5d92cea979432a9742dd","isMergeCommit":false,"messageTitle":"Revert \"Revert \"Refactor \u0027add\u0027 feature and extract Duke from main into object\"\"","messageBody":"","fileTypesAndContributionMap":{"functional-code":{"insertions":78,"deletions":30},"test-code":{"insertions":5,"deletions":3}}},{"hash":"ea810b9617415a575792019e1c6a67401a3993c5","isMergeCommit":false,"messageTitle":"update coding style","messageBody":"","fileTypesAndContributionMap":{"functional-code":{"insertions":2,"deletions":2},"other":{"insertions":23,"deletions":22},"docs":{"insertions":1,"deletions":1},"test-code":{"insertions":4,"deletions":1}}},{"hash":"8351b290745e780dd9ada971314529cba0302d68","isMergeCommit":false,"messageTitle":"update coding style","messageBody":"","fileTypesAndContributionMap":{"functional-code":{"insertions":8,"deletions":5}}},{"hash":"bf959ffb7ff263930386e964073d0d6c305ea1c6","isMergeCommit":false,"messageTitle":"Update ExpenseListTest.java","messageBody":"","fileTypesAndContributionMap":{"other":{"insertions":1,"deletions":1}}},{"hash":"93a7a3548bcb67b9f79fe37c43279bca5dbfbcb6","isMergeCommit":false,"messageTitle":"Update ExpenseListTest.java","messageBody":"","fileTypesAndContributionMap":{"test-code":{"insertions":2,"deletions":1}}},{"hash":"a7f107ba714641d87204c99c03637ba8638c8ecb","isMergeCommit":true,"messageTitle":"Merge pull request #31 from AY2223S2-CS2113-T13-2/revert-29-revert-27-Refactor-CommandAdd","messageBody":"Revert \"Revert \"Refactor \u0027add\u0027 feature and extract Duke from main into object\"\"","fileTypesAndContributionMap":{}},{"hash":"6a22a1890a9110d65090a43c9a6865891a5296c5","isMergeCommit":true,"messageTitle":"Merge remote-tracking branch \u0027upstream/master\u0027","messageBody":"","fileTypesAndContributionMap":{}},{"hash":"6a34ecd3059a3928c04fac6ae4cd73ea1a0b4358","isMergeCommit":false,"messageTitle":"Update parser to non-static","messageBody":"","fileTypesAndContributionMap":{"functional-code":{"insertions":6,"deletions":4},"other":{"insertions":1,"deletions":0},"test-code":{"insertions":4,"deletions":2}}},{"hash":"24fdf9caba6ffcd04b6b7634a430a687aca76f07","isMergeCommit":false,"messageTitle":"Update ExpenseList.java","messageBody":"","fileTypesAndContributionMap":{"functional-code":{"insertions":1,"deletions":1}}},{"hash":"99d0515a26621f24f47d71bbaa2bc5437fa36065","isMergeCommit":false,"messageTitle":"Update ExpenseList.java","messageBody":"","fileTypesAndContributionMap":{"functional-code":{"insertions":3,"deletions":2}}},{"hash":"5f4b3173efe208c6d258c02d0a150a3f0cba6170","isMergeCommit":true,"messageTitle":"Merge pull request #32 from Ju-Can/non-static-parser","messageBody":"Update parser to non-static","fileTypesAndContributionMap":{}}]},{"date":"2023-03-13","commitResults":[{"hash":"39936362ee289a6894f2bda2c7a57fbf82a7de1e","isMergeCommit":true,"messageTitle":"Merge pull request #35 from arsdorintbp2003/master","messageBody":"Add comments + Remove static for ArrayList\u003cExpense\u003e expenseList","fileTypesAndContributionMap":{}},{"hash":"bcb604466719af0d9b7432bfd491cdd1187ad900","isMergeCommit":true,"messageTitle":"Merge remote-tracking branch \u0027upstream/master\u0027","messageBody":"","fileTypesAndContributionMap":{}},{"hash":"ce4bedc555f1230bc92272c72f82a694e083c1ff","isMergeCommit":true,"messageTitle":"Merge pull request #37 from GohJW/add-exceptions-time-format","messageBody":"Add catching of exceptions for CommandAdd and update Expense time format","fileTypesAndContributionMap":{}},{"hash":"a0baa8d22a8efece457d73b3567a1d3d5399cc37","isMergeCommit":true,"messageTitle":"Merge remote-tracking branch \u0027upstream/master\u0027","messageBody":"","fileTypesAndContributionMap":{}}]},{"date":"2023-03-14","commitResults":[{"hash":"020458aa7538529648a11d8fc122c577e1ac68f4","isMergeCommit":false,"messageTitle":"Refactor delete to commandDelete class","messageBody":"","fileTypesAndContributionMap":{"functional-code":{"insertions":52,"deletions":13}}},{"hash":"7d21171233018b789465b2716300e94b12a72af0","isMergeCommit":false,"messageTitle":"Add junit test for CommandDelete class","messageBody":"","fileTypesAndContributionMap":{"functional-code":{"insertions":29,"deletions":15},"test-code":{"insertions":50,"deletions":16}}},{"hash":"24a728db7ac818f4994109d5fc04ed55ba3d4fd2","isMergeCommit":false,"messageTitle":"Add error catching for delete","messageBody":"","fileTypesAndContributionMap":{"functional-code":{"insertions":24,"deletions":15}}},{"hash":"1854170e950b616fc7ccd43a3638072a7268cbdb","isMergeCommit":false,"messageTitle":"update format for gradle check","messageBody":"","fileTypesAndContributionMap":{"functional-code":{"insertions":14,"deletions":13}}},{"hash":"35b7f26808b2f1f5b62f845c2c13ab8e2839e335","isMergeCommit":false,"messageTitle":"update format for gradle check","messageBody":"","fileTypesAndContributionMap":{"functional-code":{"insertions":3,"deletions":2}}},{"hash":"c882cce9681a08805a7d0b428fc07a7a2f550adb","isMergeCommit":false,"messageTitle":"Update CommandDelete.java","messageBody":"","fileTypesAndContributionMap":{"functional-code":{"insertions":2,"deletions":2}}},{"hash":"619d3b85c92b09884bfd8e103fa61cfba3a57850","isMergeCommit":false,"messageTitle":"Update CommandDelete.java","messageBody":"","fileTypesAndContributionMap":{"functional-code":{"insertions":3,"deletions":2}}},{"hash":"12b1736387f1ef58c61883e4c9eda9b0709d71e1","isMergeCommit":false,"messageTitle":"Update CommandDeleteTest.java","messageBody":"","fileTypesAndContributionMap":{"test-code":{"insertions":0,"deletions":1}}},{"hash":"23827514a430224236339bb8f6fc6ba9420c9b75","isMergeCommit":true,"messageTitle":"Merge pull request #47 from FanZixian/master","messageBody":"Resolve merge conflicts and standarized the double format","fileTypesAndContributionMap":{}},{"hash":"e90aafad831921d34536b9c1904e6a9de3c501ca","isMergeCommit":true,"messageTitle":"Merge pull request #46 from GohJW/format-output-assert-commandadd","messageBody":"Format output and add assertions to CommandAdd","fileTypesAndContributionMap":{}},{"hash":"6f1b9d71377a03960679845b6970b9118b91fa2d","isMergeCommit":true,"messageTitle":"Merge pull request #48 from GohJW/format-output-assert-commandadd","messageBody":"Update ExpenseListTest to align with classes in the command package","fileTypesAndContributionMap":{}},{"hash":"407d57614b14e3bb7c94ebf5d5b7d8bfdd203699","isMergeCommit":true,"messageTitle":"Merge remote-tracking branch \u0027upstream/master\u0027","messageBody":"","fileTypesAndContributionMap":{}}]},{"date":"2023-03-15","commitResults":[{"hash":"a6f4566aef65781f69a0fe84ceba81b69f742815","isMergeCommit":false,"messageTitle":"Update Expense.java","messageBody":"","fileTypesAndContributionMap":{"functional-code":{"insertions":0,"deletions":2}}},{"hash":"47eab18c7c3ed87bf8e9619466ad59be491ec9d6","isMergeCommit":true,"messageTitle":"Merge branch \u0027master\u0027 into master","messageBody":"","fileTypesAndContributionMap":{}},{"hash":"a6050f4593ea312fa835dea556b55009343a5acc","isMergeCommit":true,"messageTitle":"Merge remote-tracking branch \u0027upstream/master\u0027","messageBody":"","fileTypesAndContributionMap":{}}]},{"date":"2023-03-20","commitResults":[{"hash":"9e0dc2a79bb6072d804baf7ddbfbf9177f2cc611","isMergeCommit":true,"messageTitle":"Merge pull request #59 from GohJW/developerguide-addfeature","messageBody":"Update DG with \u0027add\u0027 feature and basic design","fileTypesAndContributionMap":{}},{"hash":"9f13bbb47d6357780789dc4add423fc8c9bc24eb","isMergeCommit":true,"messageTitle":"Merge pull request #64 from AY2223S2-CS2113-T13-2/revert-60-master","messageBody":"Revert \"add ParsedCommand class\"","fileTypesAndContributionMap":{}}]},{"date":"2023-03-21","commitResults":[{"hash":"e7014d0914f8cabdbcfba7c999305cac4898504d","isMergeCommit":true,"messageTitle":"Merge remote-tracking branch \u0027upstream/master\u0027","messageBody":"","fileTypesAndContributionMap":{}},{"hash":"3c07593c64b6abd274400a9b9cf942e2f49ab60a","isMergeCommit":false,"messageTitle":"Add delete feature in DG","messageBody":"","fileTypesAndContributionMap":{"docs":{"insertions":33,"deletions":1}}}]},{"date":"2023-03-22","commitResults":[{"hash":"baf910e5491552931786b89880ccbe0e21f9e2f5","isMergeCommit":false,"messageTitle":"Add storage feature","messageBody":"","fileTypesAndContributionMap":{"functional-code":{"insertions":98,"deletions":7},"test-code":{"insertions":34,"deletions":0}}},{"hash":"803252a0863aec5647beff6e415ec8d6a80d9849","isMergeCommit":false,"messageTitle":"resolves gradle failure (codestyle)","messageBody":"","fileTypesAndContributionMap":{"functional-code":{"insertions":6,"deletions":5}}},{"hash":"199b4d7ab5d5ec34df893f06aa8ea5da668ca167","isMergeCommit":false,"messageTitle":"Update StorageTest.java to fix gradle failure","messageBody":"","fileTypesAndContributionMap":{"test-code":{"insertions":1,"deletions":1}}},{"hash":"ee8be26dd30a397a9e848754d51ed949e70d51b4","isMergeCommit":false,"messageTitle":"close scanner","messageBody":"","fileTypesAndContributionMap":{"functional-code":{"insertions":1,"deletions":0}}},{"hash":"6f8804be89ca921a00e87d839e98764a31fca5e2","isMergeCommit":false,"messageTitle":"add checks for if next line exist","messageBody":"","fileTypesAndContributionMap":{"functional-code":{"insertions":4,"deletions":1}}},{"hash":"e0cfab8889c8e1eaf8c7071eb288e22d62752a9d","isMergeCommit":false,"messageTitle":"Update Duke.java","messageBody":"","fileTypesAndContributionMap":{"functional-code":{"insertions":2,"deletions":3}}},{"hash":"3614980bdb083fe237685859e42ffb644aa734f7","isMergeCommit":false,"messageTitle":"add checks for is next line exist","messageBody":"","fileTypesAndContributionMap":{"functional-code":{"insertions":4,"deletions":1}}},{"hash":"837f519c1d255101e82fc986577a810f124c91db","isMergeCommit":false,"messageTitle":"add checks for if next line exists","messageBody":"","fileTypesAndContributionMap":{"functional-code":{"insertions":3,"deletions":1}}},{"hash":"64f65c5d920aa830b4b9e455ad66e77c0c33a935","isMergeCommit":false,"messageTitle":"Fix bug when data file does not exist","messageBody":"","fileTypesAndContributionMap":{"functional-code":{"insertions":27,"deletions":19}}},{"hash":"0a9bbb0aed5c4f8f038634e41187234a2e73b0f8","isMergeCommit":false,"messageTitle":"fix coding style for gradle test","messageBody":"","fileTypesAndContributionMap":{"functional-code":{"insertions":7,"deletions":1}}},{"hash":"6bb9dc15fa738c3fe6b094a32cf1e05fa1e6f417","isMergeCommit":false,"messageTitle":"remove expenselist.dat in text-ui-test","messageBody":"","fileTypesAndContributionMap":{"functional-code":{"insertions":2,"deletions":1}}},{"hash":"894c3cc1e63b45f75db73c37011e3449b2c21702","isMergeCommit":false,"messageTitle":"Update Storage.java","messageBody":"","fileTypesAndContributionMap":{"functional-code":{"insertions":1,"deletions":1}}}]},{"date":"2023-03-23","commitResults":[{"hash":"6841f425b25d196381df1a139cd149412f7ef36f","isMergeCommit":true,"messageTitle":"Merge branch \u0027master\u0027, remote-tracking branch \u0027upstream/master\u0027 into storage","messageBody":"","fileTypesAndContributionMap":{}},{"hash":"e8a0866da786be2f6cc700580247e874f35e7ce3","isMergeCommit":false,"messageTitle":"Revert \"Merge branch \u0027master\u0027, remote-tracking branch \u0027upstream/master\u0027 into storage\"","messageBody":"This reverts commit 6841f425b25d196381df1a139cd149412f7ef36f, reversing\nchanges made to 1a5853e53a0542f99e37e6b2fe5dcd2a575bcc59.\n","fileTypesAndContributionMap":{"docs":{"insertions":1,"deletions":33}}},{"hash":"707ff7267ef0e01edf87cd570296f4a37dd8b303","isMergeCommit":true,"messageTitle":"Merge remote-tracking branch \u0027upstream/master\u0027","messageBody":"","fileTypesAndContributionMap":{}},{"hash":"49fdec17ac1aebe19fed4b9567e296dbe7e49cf1","isMergeCommit":false,"messageTitle":"Create sequence diagram for deleteCommand","messageBody":"","fileTypesAndContributionMap":{"docs":{"insertions":30,"deletions":0}}},{"hash":"1a994d0c1bffe773d55315651a70d09b55ad8ed6","isMergeCommit":true,"messageTitle":"Merge branch \u0027master\u0027 into currency-customcurrencies","messageBody":"","fileTypesAndContributionMap":{}},{"hash":"ca511016546506cc0bb416cf59930c6ddbf9c527","isMergeCommit":true,"messageTitle":"Merge pull request #74 from GohJW/currency-customcurrencies","messageBody":"Add API integration and CommandTotal","fileTypesAndContributionMap":{}},{"hash":"a42f850fbec0d076ce0561548a42b524b8eaec11","isMergeCommit":true,"messageTitle":"Merge remote-tracking branch \u0027upstream/master\u0027","messageBody":"","fileTypesAndContributionMap":{}}]},{"date":"2023-03-24","commitResults":[{"hash":"40a95616418585c6ba054ef18e95ccb506074266","isMergeCommit":false,"messageTitle":"Fix readObject bug when data file is empty","messageBody":"","fileTypesAndContributionMap":{"functional-code":{"insertions":4,"deletions":2}}}]},{"date":"2023-03-25","commitResults":[{"hash":"662bdd30f290a237d47c7196746da00e36ab5bbd","isMergeCommit":true,"messageTitle":"Merge remote-tracking branch \u0027upstream/master\u0027","messageBody":"","fileTypesAndContributionMap":{}},{"hash":"37936dfcecdbfa92cf242d1860c5012505af26d7","isMergeCommit":true,"messageTitle":"Merge pull request #85 from FanZixian/Branch-find","messageBody":"Display bug fix","fileTypesAndContributionMap":{}},{"hash":"d338df137134440396cfee0c8dc5c61bd3fc1d04","isMergeCommit":true,"messageTitle":"Merge remote-tracking branch \u0027upstream/master\u0027","messageBody":"","fileTypesAndContributionMap":{}}]},{"date":"2023-03-26","commitResults":[{"hash":"d33d8ff47137eaeae4f20137e85d6f6c43624dbb","isMergeCommit":false,"messageTitle":"Create initial structure for overview","messageBody":"Filters by month and year are added to help with building overview feature.\n","fileTypesAndContributionMap":{"functional-code":{"insertions":193,"deletions":9}}},{"hash":"acf325675e14b5665ddfa5ecb2401f2e91ad36b3","isMergeCommit":false,"messageTitle":"add printing template for monthly overview","messageBody":"Included sorting template to sort based on category sum\n","fileTypesAndContributionMap":{"functional-code":{"insertions":55,"deletions":8}}}]},{"date":"2023-03-27","commitResults":[{"hash":"a853c350402cb5104ab5f4c047e1a1c1d5d2a31e","isMergeCommit":false,"messageTitle":"add full monthly overview","messageBody":"The current version has a print template for monthly overview but is skipping grouping.\n","fileTypesAndContributionMap":{"functional-code":{"insertions":77,"deletions":24}}},{"hash":"1c612eae001e7e80c758d82ae3ba7a3aa07fadb1","isMergeCommit":false,"messageTitle":"Add monthly overview draft","messageBody":"Monthly overview is printed in ascending order for now and will be changed in the next commit.\n\nWhen no overview for the month is available, a different output will be shown to the user in future updates.\n","fileTypesAndContributionMap":{"functional-code":{"insertions":20,"deletions":12}}}]},{"date":"2023-03-28","commitResults":[{"hash":"4e893d0fc67ff039409e292e1bff8f4692322e6d","isMergeCommit":false,"messageTitle":"Add output for empty overview and bug fix","messageBody":"No month and year specified exception needs to be handled.\n\nSorting category sum in ascending order not done yet.\n","fileTypesAndContributionMap":{"functional-code":{"insertions":87,"deletions":28}}},{"hash":"7d89ec888fbdfe48735f820bb914afe6d0289261","isMergeCommit":false,"messageTitle":"update sorting by category sum to descending order","messageBody":"","fileTypesAndContributionMap":{"functional-code":{"insertions":6,"deletions":7}}},{"hash":"43cab0211004d7874dc49a7950aaa16d69f784e4","isMergeCommit":false,"messageTitle":"Fix bug for overview","messageBody":"Catch exception for no specific month and year for overview.\n","fileTypesAndContributionMap":{"functional-code":{"insertions":20,"deletions":12}}},{"hash":"1cd302c6438f0b9b7d38271ac8383600b759adba","isMergeCommit":false,"messageTitle":"finalise overview","messageBody":"","fileTypesAndContributionMap":{"functional-code":{"insertions":9,"deletions":10}}},{"hash":"8b4b327299af39affb00c7d8bd948df712477c53","isMergeCommit":false,"messageTitle":"Refactor get time methods to Time class","messageBody":"","fileTypesAndContributionMap":{"functional-code":{"insertions":27,"deletions":21}}},{"hash":"108c44a6e8a8d9727902942b462a4cc2f94b5743","isMergeCommit":false,"messageTitle":"Update style for gradle check","messageBody":"","fileTypesAndContributionMap":{"functional-code":{"insertions":19,"deletions":18}}},{"hash":"a8207f36d99868845712728c44a453be03c845e6","isMergeCommit":false,"messageTitle":"Update coding style","messageBody":"","fileTypesAndContributionMap":{"functional-code":{"insertions":6,"deletions":4}}},{"hash":"b40932295684e6f242743bcd29f5213755783740","isMergeCommit":false,"messageTitle":"Fix CommandTotal bug","messageBody":"","fileTypesAndContributionMap":{"functional-code":{"insertions":1,"deletions":0},"test-code":{"insertions":1,"deletions":1}}},{"hash":"c793f3a98707ec5fa26be03da022c88c42f3410d","isMergeCommit":true,"messageTitle":"Merge pull request #88 from FanZixian/Branch-find","messageBody":"Add find functionality ","fileTypesAndContributionMap":{}},{"hash":"9c8ec2c94248f3b2d92a147d0051c0a10c1c6225","isMergeCommit":true,"messageTitle":"Merge branch \u0027master\u0027 into currency-customcurrencies","messageBody":"","fileTypesAndContributionMap":{}},{"hash":"f7e536d788ad8894c3529470b9ed76e03d56b44d","isMergeCommit":true,"messageTitle":"Merge pull request #89 from GohJW/currency-customcurrencies","messageBody":"Fix bug involving API not working without internet and on holiday dates","fileTypesAndContributionMap":{}},{"hash":"4bc5815d2859193d4751bd7f8720ca3b07192bd9","isMergeCommit":true,"messageTitle":"Merge remote-tracking branch \u0027upstream/master\u0027","messageBody":"","fileTypesAndContributionMap":{}}]},{"date":"2023-03-29","commitResults":[{"hash":"28cafc238694563cac61de59db1c3e3111a0243e","isMergeCommit":false,"messageTitle":"Restore DG for delete","messageBody":"","fileTypesAndContributionMap":{"docs":{"insertions":49,"deletions":13}}},{"hash":"9502c046d059c93044115f0726b4bc664afd1084","isMergeCommit":false,"messageTitle":"Revert \"Revert \"Add feature: monthly overview\"\"","messageBody":"","fileTypesAndContributionMap":{"functional-code":{"insertions":387,"deletions":21},"test-code":{"insertions":1,"deletions":1}}},{"hash":"1ef8d2ce38385b3b06428a6821a375de8659f71b","isMergeCommit":false,"messageTitle":"update ug","messageBody":"","fileTypesAndContributionMap":{"docs":{"insertions":25,"deletions":8}}},{"hash":"8a0b3ff7483b3a31aff833c4ab7bf6f95a674f09","isMergeCommit":false,"messageTitle":"update UG/DG","messageBody":"","fileTypesAndContributionMap":{"docs":{"insertions":28,"deletions":15}}},{"hash":"064c63cb6e3265e9b7d2807812cf93a1c7006c09","isMergeCommit":false,"messageTitle":"add junit test for monthfilter","messageBody":"","fileTypesAndContributionMap":{"functional-code":{"insertions":5,"deletions":6},"test-code":{"insertions":64,"deletions":2}}},{"hash":"acffe309c8f9301678fe73eb2e82034473c3303c","isMergeCommit":false,"messageTitle":"update code style","messageBody":"","fileTypesAndContributionMap":{"test-code":{"insertions":1,"deletions":1}}},{"hash":"ca9d6338bc43ab32636a2c07f17e84d381555fd5","isMergeCommit":true,"messageTitle":"Merge branch \u0027master\u0027 into overview-UG/DG","messageBody":"","fileTypesAndContributionMap":{}},{"hash":"0063a2ee774b9f958dc2f69a5b67636225649473","isMergeCommit":true,"messageTitle":"Merge pull request #98 from Ju-Can/overview-UG/DG","messageBody":"Overview ug/dg","fileTypesAndContributionMap":{}},{"hash":"c9228af772a41a2987debcbe467a351141e85c45","isMergeCommit":false,"messageTitle":"Update DG for Monthly Overview","messageBody":"","fileTypesAndContributionMap":{"docs":{"insertions":72,"deletions":6}}}]},{"date":"2023-03-31","commitResults":[{"hash":"cb188f6abd0ae8a7c8eccfc92e3ea6b2a75a6f63","isMergeCommit":false,"messageTitle":"bug fix for force quit exception","messageBody":"","fileTypesAndContributionMap":{"functional-code":{"insertions":3,"deletions":1}}}]},{"date":"2023-04-01","commitResults":[{"hash":"6f88d01904465f0a11ca97e2d52e42efd27fe252","isMergeCommit":false,"messageTitle":"Add complete yearly overview","messageBody":"","fileTypesAndContributionMap":{"functional-code":{"insertions":135,"deletions":27}}}]},{"date":"2023-04-02","commitResults":[{"hash":"96d23f64d26349ddaceba7f38298c9b7c74bb44d","isMergeCommit":true,"messageTitle":"Merge pull request #148 from GohJW/master","messageBody":"Add warning for wrong type","fileTypesAndContributionMap":{}}]}],"arsdorintbp2003":[{"date":"2023-03-08","commitResults":[{"hash":"b95eac231a148b6af89a972efbcb06764390bfaa","isMergeCommit":false,"messageTitle":"Added About Us","messageBody":"","fileTypesAndContributionMap":{"functional-code":{"insertions":204,"deletions":0},"docs":{"insertions":13,"deletions":8}}},{"hash":"e65659c468c4c2165425aa6a3f884da4095d1bac","isMergeCommit":true,"messageTitle":"Added About Us","messageBody":"","fileTypesAndContributionMap":{}},{"hash":"1ccf8c9df8baae7c42934100d5d0fe2f4bcc5303","isMergeCommit":false,"messageTitle":"Add List (May need to check again after other task is done)","messageBody":"","fileTypesAndContributionMap":{"functional-code":{"insertions":61,"deletions":2}}},{"hash":"991fdb81cb45726788b51f83e2c3d920e8ccd139","isMergeCommit":false,"messageTitle":"Update list()","messageBody":"","fileTypesAndContributionMap":{"functional-code":{"insertions":68,"deletions":6},"other":{"insertions":2,"deletions":1}}}]},{"date":"2023-03-12","commitResults":[{"hash":"b4eec0a519f62fa2350b093183c16a046d0634fc","isMergeCommit":false,"messageTitle":"Add some new comments for CommandList \u0026 CommandRes","messageBody":"","fileTypesAndContributionMap":{"functional-code":{"insertions":48,"deletions":4}}},{"hash":"47951e0668124c055564c887eec7a0cdf62d44f8","isMergeCommit":true,"messageTitle":"Merge branch \u0027master\u0027 of https://github.com/arsdorintbp2003/tp","messageBody":"","fileTypesAndContributionMap":{}},{"hash":"0bce0a2d2ab42f346ac95f4694f5519fa6cb4d6c","isMergeCommit":false,"messageTitle":"Remove static for ArrayList\u003cExpense\u003e expenseList + Add some new comments for CommandList \u0026 CommandRes","messageBody":"","fileTypesAndContributionMap":{"functional-code":{"insertions":32,"deletions":7},"test-code":{"insertions":3,"deletions":3}}}]},{"date":"2023-03-15","commitResults":[{"hash":"d15381df22c6aa07a3e208ed316eadcf0c813445","isMergeCommit":false,"messageTitle":"Rearrange Welcome message + Add Instruction","messageBody":"","fileTypesAndContributionMap":{"functional-code":{"insertions":19,"deletions":9}}},{"hash":"48fea67a3a0e080d3ca5eb89cb1a4ab68310f356","isMergeCommit":false,"messageTitle":"Update MessageList.java","messageBody":"","fileTypesAndContributionMap":{"functional-code":{"insertions":2,"deletions":2}}},{"hash":"66855b300248d05c265be8d142b60162bffbaa21","isMergeCommit":false,"messageTitle":"Update Duke.java","messageBody":"","fileTypesAndContributionMap":{"functional-code":{"insertions":4,"deletions":1}}},{"hash":"4c51331bb2b276a139039ddbb417d85347454457","isMergeCommit":false,"messageTitle":"Update Duke.java","messageBody":"","fileTypesAndContributionMap":{"functional-code":{"insertions":1,"deletions":0}}},{"hash":"ea3378dd07c9ae632190daf6bf385d41713d1491","isMergeCommit":true,"messageTitle":"Merge branch \u0027AY2223S2-CS2113-T13-2:master\u0027 into master","messageBody":"","fileTypesAndContributionMap":{}}]},{"date":"2023-03-16","commitResults":[{"hash":"2ad0520f2d06e8776070dc12c2410e8729606644","isMergeCommit":false,"messageTitle":"Rearrange Welcome message + Add Instruction","messageBody":"","fileTypesAndContributionMap":{"functional-code":{"insertions":2,"deletions":4}}}]},{"date":"2023-03-22","commitResults":[{"hash":"aabc61af4cc4e4709bdced7e8a161fb208584aeb","isMergeCommit":false,"messageTitle":"Refactor EXPECTED.TXT","messageBody":"","fileTypesAndContributionMap":{"functional-code":{"insertions":4,"deletions":12},"other":{"insertions":5,"deletions":1}}},{"hash":"54946593da162036bf4bb88fad57b963c80d5867","isMergeCommit":false,"messageTitle":"Refactor EXPECTED.TXT","messageBody":"","fileTypesAndContributionMap":{"functional-code":{"insertions":12,"deletions":4}}},{"hash":"c988165f68cf7adfa0a9b384480c69d8d6adb1ed","isMergeCommit":false,"messageTitle":"Update runtest.sh","messageBody":"","fileTypesAndContributionMap":{"other":{"insertions":1,"deletions":1}}},{"hash":"0333e02071a6c631b2cfd3ecb6cb20d285299abc","isMergeCommit":false,"messageTitle":"Refactor EXPECTED.TXT","messageBody":"","fileTypesAndContributionMap":{"other":{"insertions":2,"deletions":2}}},{"hash":"cbafbef65ce3fc645154d8ddd3577a4802c1573b","isMergeCommit":false,"messageTitle":"Refactor EXPECTED.TXT","messageBody":"","fileTypesAndContributionMap":{"other":{"insertions":1,"deletions":3}}}]},{"date":"2023-03-23","commitResults":[{"hash":"e8c869aff95d94f9635accc2e83f4786f94d3467","isMergeCommit":false,"messageTitle":"Fix on txt file","messageBody":"","fileTypesAndContributionMap":{"other":{"insertions":1,"deletions":7}}},{"hash":"8f2d2237c170e82cac8f63bb1706feb55dc5add1","isMergeCommit":false,"messageTitle":"Tru again","messageBody":"","fileTypesAndContributionMap":{"other":{"insertions":5,"deletions":3}}},{"hash":"e7cfe414effc2395a2c9a79339356d5735398acc","isMergeCommit":true,"messageTitle":"Merge branch \u0027AY2223S2-CS2113-T13-2:master\u0027 into master","messageBody":"","fileTypesAndContributionMap":{}}]},{"date":"2023-03-27","commitResults":[{"hash":"7a73bae8c60a3370593e0388ae8303034fef8420","isMergeCommit":true,"messageTitle":"Merge branch \u0027master\u0027 of https://github.com/arsdorintbp2003/tp","messageBody":"","fileTypesAndContributionMap":{}},{"hash":"888e2b9bdf96599575198d4c32862abfaaf3d6fa","isMergeCommit":false,"messageTitle":"Create Sign Up and Login (TODO: need to be 8 characters, no special character)","messageBody":"","fileTypesAndContributionMap":{"functional-code":{"insertions":107,"deletions":3}}}]},{"date":"2023-03-28","commitResults":[{"hash":"d25af828706f956d51c6c6151ff9f8cdc65ab715","isMergeCommit":false,"messageTitle":"Have done: password \u003e 8 characters, hash password to string,  don\u0027t allow special characters in username, could type usercommand after login, create separate txt file for different users TODO: case sensitive, save expense list to the txt file, roles (admin, restricted)","messageBody":"","fileTypesAndContributionMap":{"functional-code":{"insertions":180,"deletions":49}}},{"hash":"c01717f5fec7ebc13bd877e4b10cb0d145951981","isMergeCommit":false,"messageTitle":"Update checkstyle","messageBody":"","fileTypesAndContributionMap":{"functional-code":{"insertions":19,"deletions":23}}},{"hash":"e4b085e18ce7e7bc7532d340f571fa7e0da21dc1","isMergeCommit":false,"messageTitle":"Update checkstyle","messageBody":"","fileTypesAndContributionMap":{"functional-code":{"insertions":3,"deletions":2}}},{"hash":"30e29c632c16bf045350e4c4c808875a474e7947","isMergeCommit":false,"messageTitle":"Update checkstyle #3","messageBody":"","fileTypesAndContributionMap":{"functional-code":{"insertions":37,"deletions":18}}},{"hash":"faea66f326fe1e3eb984e7b2ae8feda5022a2905","isMergeCommit":false,"messageTitle":"Update checkstyle #4","messageBody":"","fileTypesAndContributionMap":{"functional-code":{"insertions":0,"deletions":60}}}]},{"date":"2023-03-29","commitResults":[{"hash":"258574ba4375e3ffa2d2bb24aa0098d8ffafe91c","isMergeCommit":false,"messageTitle":"Update ExpenseList.java","messageBody":"","fileTypesAndContributionMap":{"functional-code":{"insertions":1,"deletions":2}}},{"hash":"8bb18768b799b821596479f165579eb36b4a5461","isMergeCommit":false,"messageTitle":"Update ExpenseList.java","messageBody":"","fileTypesAndContributionMap":{"functional-code":{"insertions":1,"deletions":1}}}]}]},"authorFileTypeContributionMap":{"Zhang-Zhitong":{"docs":50,"functional-code":16,"test-code":0},"GohJW":{"docs":225,"functional-code":373,"test-code":243,"other":6},"FanZixian":{"docs":53,"functional-code":401,"test-code":331},"Ju-Can":{"docs":171,"functional-code":806,"test-code":152,"other":1},"arsdorintbp2003":{"docs":11,"functional-code":228,"test-code":0,"other":1}},"authorContributionVariance":{"Zhang-Zhitong":337.84683,"GohJW":16150.703,"FanZixian":4664.309,"Ju-Can":17342.678,"arsdorintbp2003":6354.4805},"authorDisplayNameMap":{"Zhang-Zhitong":"CS2113-T13-2 ZHAN..TONG","GohJW":"CS2113-T13-2 GOH ..ARON","FanZixian":"CS2113-T13-2 FAN ..XIAN","Ju-Can":"CS2113-T13-2 JU C.. CAN","arsdorintbp2003":"CS2113-T13-2 BUI .. NAM"}}
