{"authorDailyContributionsMap":{"Zhang-Zhitong":[{"date":"2023-03-06","commitResults":[{"hash":"f1c99b84c5ee3094fafbed8526510e2b29dcac6f","isMergeCommit":false,"messageTitle":"added zhang zhitong profile to aboutus","messageBody":"","fileTypesAndContributionMap":{"docs":{"insertions":1,"deletions":0}}}]},{"date":"2023-03-08","commitResults":[{"hash":"958ae7194c1f9ca6e6d5e000dc02f3b36938c318","isMergeCommit":false,"messageTitle":"modified expense class to use String for date instead of Time class. also changed expenseAmount in constructer to double","messageBody":"","fileTypesAndContributionMap":{"functional-code":{"insertions":2,"deletions":2}}},{"hash":"65a2656bcdc07ee192388c05e41e9d02b19db442","isMergeCommit":false,"messageTitle":"missed some Time that i forgot to convert to String","messageBody":"","fileTypesAndContributionMap":{"functional-code":{"insertions":2,"deletions":2}}},{"hash":"5acd0495bbd613223b6d9547081b138bc2ce75e9","isMergeCommit":false,"messageTitle":"added \"add\" command to Duke class and added \"addExpense\" method to expenselist","messageBody":"","fileTypesAndContributionMap":{"functional-code":{"insertions":26,"deletions":0}}},{"hash":"0520d8c474c892bd0ca9f8952db4e46d92d4e942","isMergeCommit":false,"messageTitle":"removed static  calls in ExpenseList class","messageBody":"","fileTypesAndContributionMap":{"functional-code":{"insertions":2,"deletions":2}}},{"hash":"5173cf7f86f707917e3833e2dfc2788043db944a","isMergeCommit":false,"messageTitle":"removed more static calls in ExpanseList Class","messageBody":"","fileTypesAndContributionMap":{"functional-code":{"insertions":2,"deletions":2}}}]}],"GohJW":[{"date":"2023-03-03","commitResults":[{"hash":"afb755fafc5a3766cf4e521669c143b052fdd996","isMergeCommit":false,"messageTitle":"Update AboutUs.md","messageBody":"","fileTypesAndContributionMap":{"docs":{"insertions":4,"deletions":3}}},{"hash":"c6508c8cac5062a7580635b1a99186f14c1a3fcc","isMergeCommit":true,"messageTitle":"Merge branch \u0027GohJinWeiAaron-AboutUs\u0027","messageBody":"","fileTypesAndContributionMap":{}}]},{"date":"2023-03-08","commitResults":[{"hash":"847e64195fae2b6c4b0b6d842b77fc13e7240ed1","isMergeCommit":true,"messageTitle":"Merge pull request #2 from GohJW/master","messageBody":"GohJinWeiAaron","fileTypesAndContributionMap":{}},{"hash":"bdcd3e170acde7697f10b7eefaa6855d1079db8d","isMergeCommit":true,"messageTitle":"Merge branch \u0027master\u0027 into master","messageBody":"","fileTypesAndContributionMap":{}},{"hash":"c83fa08dfeaa21e3ada3ff69d7b1aba70bca6c7b","isMergeCommit":true,"messageTitle":"Merge pull request #3 from Zhang-Zhitong/master","messageBody":"added zhang zhitong profile to aboutus","fileTypesAndContributionMap":{}},{"hash":"7cdb905d2e2703d8687c1b7825e176b4508634b7","isMergeCommit":true,"messageTitle":"Merge branch \u0027master\u0027 into JuCan-AboutUs","messageBody":"","fileTypesAndContributionMap":{}},{"hash":"36fcd844fd0ea820f5c944fc1fd0bc452a1af1d5","isMergeCommit":true,"messageTitle":"Merge pull request #6 from Ju-Can/JuCan-AboutUs","messageBody":"Update AboutUs.md","fileTypesAndContributionMap":{}},{"hash":"0fcdc2327b343f372072c073ed152946dd3d75cf","isMergeCommit":true,"messageTitle":"Merge branch \u0027master\u0027 of https://github.com/AY2223S2-CS2113-T13-02/tp","messageBody":"","fileTypesAndContributionMap":{}},{"hash":"515c2ac4c0d3d8871414d3f844b27dbec123cc2f","isMergeCommit":true,"messageTitle":"Merge pull request #8 from Ju-Can/Delete-Entry","messageBody":"Delete entry","fileTypesAndContributionMap":{}},{"hash":"772844f05bfb9c02789639f5937c01aae36e6aca","isMergeCommit":true,"messageTitle":"Merge branch \u0027master\u0027 into master","messageBody":"","fileTypesAndContributionMap":{}},{"hash":"fabf60b4b8762157ffe5a83ced59ea055d3f51d4","isMergeCommit":true,"messageTitle":"Merge pull request #9 from AY2223S2-CS2113-T13-2/master","messageBody":"Add list","fileTypesAndContributionMap":{}},{"hash":"1ac6f291d5f2a377bca5ef99aea7a0a010e0b378","isMergeCommit":true,"messageTitle":"Merge branch \u0027master\u0027 of https://github.com/AY2223S2-CS2113-T13-02/tp","messageBody":"","fileTypesAndContributionMap":{}},{"hash":"19d60684ebe6a2826446abde9c45d9058d8d0868","isMergeCommit":false,"messageTitle":"Fix ExpenseList bug from merging","messageBody":"","fileTypesAndContributionMap":{"functional-code":{"insertions":6,"deletions":5}}},{"hash":"4d5f8ca0280b3e839ed4a78b939993334341d3a1","isMergeCommit":true,"messageTitle":"Merge branch \u0027ExpenseListFix\u0027","messageBody":"","fileTypesAndContributionMap":{}},{"hash":"0cbd142c81982210f7a55784d56ec4cd1ccc8ab7","isMergeCommit":false,"messageTitle":"Fix switch case indentation","messageBody":"","fileTypesAndContributionMap":{"functional-code":{"insertions":12,"deletions":13}}},{"hash":"fd27a13923412a32e43213a18d2cd12275459ec5","isMergeCommit":false,"messageTitle":"Fix switch case indentation and add newline to CommandRes","messageBody":"","fileTypesAndContributionMap":{"functional-code":{"insertions":15,"deletions":13}}}]},{"date":"2023-03-09","commitResults":[{"hash":"b384bee67381d545ec5ee4bdf8c7c3288d6d3411","isMergeCommit":true,"messageTitle":"Merge pull request #12 from Zhang-Zhitong/master","messageBody":"added addExpense","fileTypesAndContributionMap":{}},{"hash":"52b1893b713c1da2da0324bf1f4f48ca8eb3b731","isMergeCommit":true,"messageTitle":"Merge branch \u0027master\u0027 into master","messageBody":"","fileTypesAndContributionMap":{}},{"hash":"6ef4a8d5851ff4409a65fc42f615610294062a6f","isMergeCommit":true,"messageTitle":"Merge pull request #13 from arsdorintbp2003/master","messageBody":"Update list()","fileTypesAndContributionMap":{}},{"hash":"f598eac89ac979eccb8b2a429a8782a9bc738402","isMergeCommit":true,"messageTitle":"Merge remote-tracking branch \u0027origin/master\u0027","messageBody":"","fileTypesAndContributionMap":{}},{"hash":"030e7116fb2b9c3f74c4b75ef4cbf67355e124bf","isMergeCommit":false,"messageTitle":"Add basic loop to read multiple commands and fix delete entry bug","messageBody":"Loop is added for testing purposes, calling \"exit\" escapes the\nloop and exits the program. Delete entry had a bug fixed where it read\nthe entire user input rather than extract the index.\n","fileTypesAndContributionMap":{"functional-code":{"insertions":23,"deletions":13}}},{"hash":"d48b267ec500f8d90565fb91faa5bc2e854f0326","isMergeCommit":true,"messageTitle":"Merge pull request #14 from GohJW/master","messageBody":"Update program to read multiple commands","fileTypesAndContributionMap":{}},{"hash":"40c341737eec9deb7505170a8b0fd1836ad48537","isMergeCommit":false,"messageTitle":"Add simple JUnit tests for Parser and ExpenseList","messageBody":"","fileTypesAndContributionMap":{"test-code":{"insertions":44,"deletions":0}}}]},{"date":"2023-03-10","commitResults":[{"hash":"8dff8bdffe7bd768e1a013db7a0703c54cf3fa0a","isMergeCommit":false,"messageTitle":"Update parsing of user input for add","messageBody":"","fileTypesAndContributionMap":{"functional-code":{"insertions":85,"deletions":10},"test-code":{"insertions":2,"deletions":2}}},{"hash":"9fa3a11fa5d228a4cce0f5d302ce6ce8427c2df2","isMergeCommit":true,"messageTitle":"Merge branch \u0027Currency-Exchange\u0027","messageBody":"","fileTypesAndContributionMap":{}},{"hash":"42938ab2df3558f2628deb4faecd13fdeb0dd4a2","isMergeCommit":false,"messageTitle":"Remove addExpense test","messageBody":"","fileTypesAndContributionMap":{"test-code":{"insertions":6,"deletions":6}}},{"hash":"2eb49ed99d742a06f38b20d8944b1e30a876d849","isMergeCommit":true,"messageTitle":"Merge branch \u0027Currency-Exchange\u0027","messageBody":"","fileTypesAndContributionMap":{}},{"hash":"8215fb41e28092ccf53a1749d9ceb5aa3bbacb64","isMergeCommit":false,"messageTitle":"Update code to pass checks","messageBody":"","fileTypesAndContributionMap":{"functional-code":{"insertions":5,"deletions":7}}},{"hash":"459a5d0a055a175100c56fdf856d3ef406516a82","isMergeCommit":false,"messageTitle":"Update code to pass checks","messageBody":"","fileTypesAndContributionMap":{"functional-code":{"insertions":5,"deletions":7},"test-code":{"insertions":7,"deletions":11}}},{"hash":"251e6ae805f36747df2197c98a584f50bae8ee7c","isMergeCommit":true,"messageTitle":"Merge branch \u0027master\u0027 of https://github.com/GohJW/tp","messageBody":"","fileTypesAndContributionMap":{}},{"hash":"1c86bf25b301f1d56da1c1fa21c5ae8336ec47ab","isMergeCommit":true,"messageTitle":"Merge pull request #15 from GohJW/master","messageBody":"Add simple JUnit tests for Parser and ExpenseList","fileTypesAndContributionMap":{}}]},{"date":"2023-03-11","commitResults":[{"hash":"ba7092da944532467decc2f3acb0124913b7dd7e","isMergeCommit":false,"messageTitle":"Refactor \u0027add\u0027 feature and extract Duke from main into object","messageBody":"","fileTypesAndContributionMap":{"functional-code":{"insertions":77,"deletions":30},"test-code":{"insertions":5,"deletions":1}}},{"hash":"7579da1ab88f33ef72b03fef2df2bce5150b3f94","isMergeCommit":false,"messageTitle":"Add getter for currency type in Expense.java","messageBody":"","fileTypesAndContributionMap":{"functional-code":{"insertions":1,"deletions":0}}}]},{"date":"2023-03-12","commitResults":[{"hash":"2b903522e900201f9b99c1c67fd01e8685ece3c6","isMergeCommit":true,"messageTitle":"Merge branch \u0027master\u0027 of https://github.com/AY2223S2-CS2113-T13-02/tp","messageBody":"","fileTypesAndContributionMap":{}}]},{"date":"2023-03-13","commitResults":[{"hash":"e2ca698c38d1d62ca4c16b7b8032d70f0ac4bfb1","isMergeCommit":false,"messageTitle":"Add catching of exceptions for CommandAdd and update Expense time format","messageBody":"","fileTypesAndContributionMap":{"functional-code":{"insertions":25,"deletions":9},"test-code":{"insertions":16,"deletions":11}}},{"hash":"32c614250b20730d5db7b843d518e988ca9a97a9","isMergeCommit":false,"messageTitle":"Update indentation","messageBody":"","fileTypesAndContributionMap":{"test-code":{"insertions":7,"deletions":4}}}]}],"FanZixian":[{"date":"2023-03-02","commitResults":[{"hash":"05e0dba345af30d0c4effb6518ec19b510ac6202","isMergeCommit":false,"messageTitle":"Update README.md","messageBody":"","fileTypesAndContributionMap":{"docs":{"insertions":1,"deletions":1}}},{"hash":"60bdda44e9047e3f1f89911ea690e957870f7b1f","isMergeCommit":false,"messageTitle":"Update AboutUs.md","messageBody":"","fileTypesAndContributionMap":{"docs":{"insertions":1,"deletions":5}}},{"hash":"92a21e05ff5fb5791d62246334a59baf5da9af92","isMergeCommit":true,"messageTitle":"Merge pull request #1 from FanZixian/master","messageBody":"Update About us, and create yml file","fileTypesAndContributionMap":{}}]},{"date":"2023-03-07","commitResults":[{"hash":"8637f32d7e22e586f32f660e0f551d168ffd933a","isMergeCommit":false,"messageTitle":"Update basic classes and template","messageBody":"","fileTypesAndContributionMap":{"functional-code":{"insertions":159,"deletions":0}}},{"hash":"4ff63e4b3182451e9e9615008467355a9f09a107","isMergeCommit":true,"messageTitle":"Merge pull request #4 from FanZixian/master","messageBody":"Update basic classes and template","fileTypesAndContributionMap":{}},{"hash":"8d5be90b649b47ac6a713dd498c14c8d08751fbc","isMergeCommit":false,"messageTitle":"Change the final variable position","messageBody":"","fileTypesAndContributionMap":{"functional-code":{"insertions":1,"deletions":1}}},{"hash":"9032440bef81e952ee876196f2e3e6e52b04d753","isMergeCommit":true,"messageTitle":"Merge pull request #5 from FanZixian/master","messageBody":"Change the final variable position","fileTypesAndContributionMap":{}}]},{"date":"2023-03-12","commitResults":[{"hash":"200450d20676fbad29ba89858c0a0ecc68e84a62","isMergeCommit":false,"messageTitle":"Add asserNotEquals to check whether the currency\u0027s are not equal in the test.","messageBody":"","fileTypesAndContributionMap":{"functional-code":{"insertions":3,"deletions":1},"test-code":{"insertions":6,"deletions":0}}},{"hash":"f4aa3a425881be4b182eb235c32c2b8feddf5416","isMergeCommit":false,"messageTitle":"Check the initial list returns false when checking Not Empty","messageBody":"","fileTypesAndContributionMap":{"functional-code":{"insertions":18,"deletions":1},"test-code":{"insertions":5,"deletions":1}}},{"hash":"aff261322d45929e48656f00fcea289428ed0b55","isMergeCommit":false,"messageTitle":"Update all necessary works to list method","messageBody":"","fileTypesAndContributionMap":{"functional-code":{"insertions":36,"deletions":22}}},{"hash":"888fdc66f7ad6cad5c6659c6b3d941b8f34ac405","isMergeCommit":false,"messageTitle":"Deal with all the possible cases for test commandList, and also deal with clear for all test cases","messageBody":"","fileTypesAndContributionMap":{"functional-code":{"insertions":11,"deletions":5},"test-code":{"insertions":40,"deletions":0}}},{"hash":"16e31c2e2c4b32964aee301288a8317f8d548709","isMergeCommit":false,"messageTitle":"Add Command Delete Class","messageBody":"","fileTypesAndContributionMap":{"functional-code":{"insertions":7,"deletions":0}}},{"hash":"6fbec320d7636f1c9e35c6c37d97eaba7f497402","isMergeCommit":true,"messageTitle":"Merge branch \u0027CommandList\u0027","messageBody":"","fileTypesAndContributionMap":{}},{"hash":"2e29d0f12c42edb71c146bfe8af1e50eb6534cb5","isMergeCommit":false,"messageTitle":"Deal with RedundantImport","messageBody":"","fileTypesAndContributionMap":{"functional-code":{"insertions":0,"deletions":1}}},{"hash":"87478207e44874f6477ec977b0b64c09173cf47b","isMergeCommit":false,"messageTitle":"Deal with the new line problem in linux and windows","messageBody":"","fileTypesAndContributionMap":{"test-code":{"insertions":6,"deletions":6}}},{"hash":"c19d83798153a1eb4c897979de0e9d17d97a90f0","isMergeCommit":false,"messageTitle":"Replace all \\r\\n with \\n","messageBody":"","fileTypesAndContributionMap":{"test-code":{"insertions":8,"deletions":8}}},{"hash":"178e53bfb6ccc9e58c881d427ead7f3a828e3d26","isMergeCommit":true,"messageTitle":"Merge pull request #34 from FanZixian/master","messageBody":"Change to CommandList","fileTypesAndContributionMap":{}}]}],"Ju-Can":[{"date":"2023-03-07","commitResults":[{"hash":"f0eb2291d4567f062f16f6c3b541dc2d0ecbd1e4","isMergeCommit":false,"messageTitle":"Update AboutUs.md","messageBody":"","fileTypesAndContributionMap":{"docs":{"insertions":4,"deletions":3}}},{"hash":"146fdfe5931c1fe317fcc86ee62343650bad48af","isMergeCommit":false,"messageTitle":"Added delete expense","messageBody":"","fileTypesAndContributionMap":{"functional-code":{"insertions":47,"deletions":0}}},{"hash":"004ae03c1e69fd4586c3233694dd144f6fdeb39b","isMergeCommit":false,"messageTitle":"Bug fix for delete","messageBody":"","fileTypesAndContributionMap":{"functional-code":{"insertions":1,"deletions":2}}}]},{"date":"2023-03-11","commitResults":[{"hash":"4e12607d23548e09830d7e45124d90b5c357054d","isMergeCommit":false,"messageTitle":"Add TODO for junit test improvement","messageBody":"JUnit test for add: checking whole arrayList using assertEquals, test fails\n\nLet\u0027s use getter and compare different components.\n","fileTypesAndContributionMap":{"test-code":{"insertions":18,"deletions":1}}},{"hash":"385c7d00f945931571119b49f8d8c09a0535de99","isMergeCommit":false,"messageTitle":"Update ExpenseListTest.java","messageBody":"","fileTypesAndContributionMap":{"test-code":{"insertions":3,"deletions":4}}},{"hash":"e8a173658b63c5879d3b56d30566837c507b7437","isMergeCommit":false,"messageTitle":"Add Junit test for add command","messageBody":"assertEquals: implemented using the override equals in Expense class\n","fileTypesAndContributionMap":{"functional-code":{"insertions":29,"deletions":0},"test-code":{"insertions":4,"deletions":4}}},{"hash":"1972c27e47742d7baeadde70cec2830a10eefeeb","isMergeCommit":false,"messageTitle":"Update Expense.java","messageBody":"","fileTypesAndContributionMap":{"functional-code":{"insertions":5,"deletions":5}}},{"hash":"04e1ad412ea4cac19baaa17f78fb0471cd04d878","isMergeCommit":false,"messageTitle":"Update ExpenseList.java","messageBody":"","fileTypesAndContributionMap":{"functional-code":{"insertions":1,"deletions":13}}},{"hash":"9869bf036e40d8deacb2df669f29ce17fb893bcf","isMergeCommit":false,"messageTitle":"Update ExpenseList.java","messageBody":"","fileTypesAndContributionMap":{"functional-code":{"insertions":1,"deletions":1}}},{"hash":"75d6d6265fc41c7a3f9714b223f2a93ece0c91dc","isMergeCommit":false,"messageTitle":"Update ExpenseListTest.java","messageBody":"","fileTypesAndContributionMap":{"test-code":{"insertions":1,"deletions":2}}},{"hash":"8b4dcc28e38ed85ca617fb6aa7525554f2200478","isMergeCommit":true,"messageTitle":"Merge pull request #25 from Ju-Can/junit-test-addExpenseList","messageBody":"Junit test add expense list","fileTypesAndContributionMap":{}}]},{"date":"2023-03-12","commitResults":[{"hash":"811739b018460cd6d43156740a7efa6aabab9332","isMergeCommit":true,"messageTitle":"Merge branch \u0027master\u0027 into Refactor-CommandAdd","messageBody":"","fileTypesAndContributionMap":{}},{"hash":"bb649a34f5631563ad05c4cc26a0907f87ad63c7","isMergeCommit":true,"messageTitle":"Merge pull request #27 from GohJW/Refactor-CommandAdd","messageBody":"Refactor \u0027add\u0027 feature and extract Duke from main into object","fileTypesAndContributionMap":{}},{"hash":"3e4a7ccd4a7d248fdc2eabc03a12713ccefe2bc0","isMergeCommit":false,"messageTitle":"Revert \"Refactor \u0027add\u0027 feature and extract Duke from main into object\"","messageBody":"","fileTypesAndContributionMap":{"functional-code":{"insertions":30,"deletions":78},"test-code":{"insertions":3,"deletions":5}}},{"hash":"b51af7f5df779ed0882865d8d83cc1f9f26606de","isMergeCommit":true,"messageTitle":"Merge pull request #29 from AY2223S2-CS2113-T13-2/revert-27-Refactor-CommandAdd","messageBody":"Revert \"Refactor \u0027add\u0027 feature and extract Duke from main into object\"","fileTypesAndContributionMap":{}},{"hash":"60496f393c73e58e074b5d92cea979432a9742dd","isMergeCommit":false,"messageTitle":"Revert \"Revert \"Refactor \u0027add\u0027 feature and extract Duke from main into object\"\"","messageBody":"","fileTypesAndContributionMap":{"functional-code":{"insertions":78,"deletions":30},"test-code":{"insertions":5,"deletions":3}}},{"hash":"ea810b9617415a575792019e1c6a67401a3993c5","isMergeCommit":false,"messageTitle":"update coding style","messageBody":"","fileTypesAndContributionMap":{"functional-code":{"insertions":2,"deletions":2},"other":{"insertions":23,"deletions":22},"docs":{"insertions":1,"deletions":1},"test-code":{"insertions":4,"deletions":1}}},{"hash":"8351b290745e780dd9ada971314529cba0302d68","isMergeCommit":false,"messageTitle":"update coding style","messageBody":"","fileTypesAndContributionMap":{"functional-code":{"insertions":8,"deletions":5}}},{"hash":"bf959ffb7ff263930386e964073d0d6c305ea1c6","isMergeCommit":false,"messageTitle":"Update ExpenseListTest.java","messageBody":"","fileTypesAndContributionMap":{"other":{"insertions":1,"deletions":1}}},{"hash":"93a7a3548bcb67b9f79fe37c43279bca5dbfbcb6","isMergeCommit":false,"messageTitle":"Update ExpenseListTest.java","messageBody":"","fileTypesAndContributionMap":{"test-code":{"insertions":2,"deletions":1}}},{"hash":"a7f107ba714641d87204c99c03637ba8638c8ecb","isMergeCommit":true,"messageTitle":"Merge pull request #31 from AY2223S2-CS2113-T13-2/revert-29-revert-27-Refactor-CommandAdd","messageBody":"Revert \"Revert \"Refactor \u0027add\u0027 feature and extract Duke from main into object\"\"","fileTypesAndContributionMap":{}},{"hash":"6a34ecd3059a3928c04fac6ae4cd73ea1a0b4358","isMergeCommit":false,"messageTitle":"Update parser to non-static","messageBody":"","fileTypesAndContributionMap":{"functional-code":{"insertions":6,"deletions":4},"other":{"insertions":1,"deletions":0},"test-code":{"insertions":4,"deletions":2}}},{"hash":"24fdf9caba6ffcd04b6b7634a430a687aca76f07","isMergeCommit":false,"messageTitle":"Update ExpenseList.java","messageBody":"","fileTypesAndContributionMap":{"functional-code":{"insertions":1,"deletions":1}}},{"hash":"99d0515a26621f24f47d71bbaa2bc5437fa36065","isMergeCommit":false,"messageTitle":"Update ExpenseList.java","messageBody":"","fileTypesAndContributionMap":{"functional-code":{"insertions":3,"deletions":2}}},{"hash":"5f4b3173efe208c6d258c02d0a150a3f0cba6170","isMergeCommit":true,"messageTitle":"Merge pull request #32 from Ju-Can/non-static-parser","messageBody":"Update parser to non-static","fileTypesAndContributionMap":{}}]},{"date":"2023-03-13","commitResults":[{"hash":"39936362ee289a6894f2bda2c7a57fbf82a7de1e","isMergeCommit":true,"messageTitle":"Merge pull request #35 from arsdorintbp2003/master","messageBody":"Add comments + Remove static for ArrayList\u003cExpense\u003e expenseList","fileTypesAndContributionMap":{}},{"hash":"ce4bedc555f1230bc92272c72f82a694e083c1ff","isMergeCommit":true,"messageTitle":"Merge pull request #37 from GohJW/add-exceptions-time-format","messageBody":"Add catching of exceptions for CommandAdd and update Expense time format","fileTypesAndContributionMap":{}}]}],"arsdorintbp2003":[{"date":"2023-03-08","commitResults":[{"hash":"b95eac231a148b6af89a972efbcb06764390bfaa","isMergeCommit":false,"messageTitle":"Added About Us","messageBody":"","fileTypesAndContributionMap":{"functional-code":{"insertions":204,"deletions":0},"docs":{"insertions":13,"deletions":8}}},{"hash":"e65659c468c4c2165425aa6a3f884da4095d1bac","isMergeCommit":true,"messageTitle":"Added About Us","messageBody":"","fileTypesAndContributionMap":{}},{"hash":"1ccf8c9df8baae7c42934100d5d0fe2f4bcc5303","isMergeCommit":false,"messageTitle":"Add List (May need to check again after other task is done)","messageBody":"","fileTypesAndContributionMap":{"functional-code":{"insertions":61,"deletions":2}}},{"hash":"991fdb81cb45726788b51f83e2c3d920e8ccd139","isMergeCommit":false,"messageTitle":"Update list()","messageBody":"","fileTypesAndContributionMap":{"functional-code":{"insertions":68,"deletions":6},"other":{"insertions":2,"deletions":1}}}]},{"date":"2023-03-12","commitResults":[{"hash":"b4eec0a519f62fa2350b093183c16a046d0634fc","isMergeCommit":false,"messageTitle":"Add some new comments for CommandList \u0026 CommandRes","messageBody":"","fileTypesAndContributionMap":{"functional-code":{"insertions":48,"deletions":4}}},{"hash":"47951e0668124c055564c887eec7a0cdf62d44f8","isMergeCommit":true,"messageTitle":"Merge branch \u0027master\u0027 of https://github.com/arsdorintbp2003/tp","messageBody":"","fileTypesAndContributionMap":{}},{"hash":"0bce0a2d2ab42f346ac95f4694f5519fa6cb4d6c","isMergeCommit":false,"messageTitle":"Remove static for ArrayList\u003cExpense\u003e expenseList + Add some new comments for CommandList \u0026 CommandRes","messageBody":"","fileTypesAndContributionMap":{"functional-code":{"insertions":32,"deletions":7},"test-code":{"insertions":3,"deletions":3}}}]}]},"authorFileTypeContributionMap":{"Zhang-Zhitong":{"docs":0,"functional-code":16,"test-code":0},"GohJW":{"docs":1,"functional-code":107,"test-code":53},"FanZixian":{"docs":1,"functional-code":75,"test-code":43},"Ju-Can":{"docs":1,"functional-code":129,"test-code":22,"other":1},"arsdorintbp2003":{"docs":13,"functional-code":269,"test-code":3}},"authorContributionVariance":{"Zhang-Zhitong":67.641594,"GohJW":1701.2,"FanZixian":2207.8943,"Ju-Can":4457.4146,"arsdorintbp2003":5363.8496},"authorDisplayNameMap":{"Zhang-Zhitong":"CS2113-T13-2 ZHAN..TONG","GohJW":"CS2113-T13-2 GOH ..ARON","FanZixian":"CS2113-T13-2 FAN ..XIAN","Ju-Can":"CS2113-T13-2 JU C.. CAN","arsdorintbp2003":"CS2113-T13-2 BUI .. NAM"}}
