{"authorDailyContributionsMap":{"sistine-yu":[{"date":"2023-03-03","commitResults":[{"hash":"24ec5254283f7b617a7de453d47b79b904f2345a","isMergeCommit":false,"messageTitle":"change the name in AboutUs","messageBody":"","fileTypesAndContributionMap":{"docs":{"insertions":7,"deletions":7}}},{"hash":"49a5668d1df27cccf15ff45380a8544bf68c86dd","isMergeCommit":true,"messageTitle":"Merge branch \u0027master\u0027 into master","messageBody":"","fileTypesAndContributionMap":{}},{"hash":"087d6ad1008d82cc1772144433c226c4652af4d2","isMergeCommit":true,"messageTitle":"Merge pull request #2 from sistine-yu/master","messageBody":"change the name in AboutUs","fileTypesAndContributionMap":{}}]},{"date":"2023-03-09","commitResults":[{"hash":"375121ed0ae3176ff348e2edf06753431d2db8a9","isMergeCommit":false,"messageTitle":"Add income class and incomeList class","messageBody":"","fileTypesAndContributionMap":{"functional-code":{"insertions":100,"deletions":0}}},{"hash":"03255f3d08e2896cb145e7048c5babad8aa38344","isMergeCommit":false,"messageTitle":"Add JavaDoc","messageBody":"","fileTypesAndContributionMap":{"other":{"insertions":22,"deletions":6}}},{"hash":"10b7baefc82e743d45acb56541bcd54f11ce6b7d","isMergeCommit":false,"messageTitle":"testing github account","messageBody":"","fileTypesAndContributionMap":{"functional-code":{"insertions":1,"deletions":0}}},{"hash":"4e12d7d42e4042c81236e8959b11b9b8fd0e3463","isMergeCommit":false,"messageTitle":"testing github account","messageBody":"","fileTypesAndContributionMap":{"functional-code":{"insertions":1,"deletions":1}}},{"hash":"e37b824d98421515850cddc7b392966449b3cb22","isMergeCommit":false,"messageTitle":"testing github account","messageBody":"","fileTypesAndContributionMap":{"functional-code":{"insertions":1,"deletions":1}}},{"hash":"6a9cd78fb5041eca7d3e2fca322c1f928ae499ff","isMergeCommit":false,"messageTitle":"testing github account","messageBody":"","fileTypesAndContributionMap":{"functional-code":{"insertions":1,"deletions":1}}},{"hash":"6a8032dd08252ae76f3d8af6d7c3e90a392e497a","isMergeCommit":false,"messageTitle":"testing github account","messageBody":"","fileTypesAndContributionMap":{"functional-code":{"insertions":1,"deletions":1}}},{"hash":"bff6cb7e230efba71bc4fc1135e3aa08c3bc23b1","isMergeCommit":false,"messageTitle":"testing github account","messageBody":"","fileTypesAndContributionMap":{"functional-code":{"insertions":1,"deletions":1}}},{"hash":"f30c79097fa1440d221d4d1ed2b9adba4bb9c619","isMergeCommit":false,"messageTitle":"testing github account","messageBody":"","fileTypesAndContributionMap":{"functional-code":{"insertions":1,"deletions":1}}},{"hash":"1d9a6e96089433fab4c836199908a397e6625c85","isMergeCommit":false,"messageTitle":"testing github account","messageBody":"","fileTypesAndContributionMap":{"functional-code":{"insertions":1,"deletions":1}}}]},{"date":"2023-03-10","commitResults":[{"hash":"cc7a570850d7e38bd30e2e100950304a68d7effc","isMergeCommit":true,"messageTitle":"Merge pull request #17 from sistine-yu/Add-Income-Features","messageBody":"Add income features: add, delete, edit, list","fileTypesAndContributionMap":{}}]},{"date":"2023-03-15","commitResults":[{"hash":"e3e38a156bbd1c952b1fab7eb2bf3c735e6bbc22","isMergeCommit":false,"messageTitle":"Add entry class, the super class of expense and income","messageBody":"","fileTypesAndContributionMap":{"functional-code":{"insertions":853,"deletions":174},"other":{"insertions":6,"deletions":6},"docs":{"insertions":7,"deletions":7}}},{"hash":"c73ca388cfc98dc46a9cf51d60927e291cc8be9f","isMergeCommit":false,"messageTitle":"Add total expense and income","messageBody":"","fileTypesAndContributionMap":{"functional-code":{"insertions":26,"deletions":0}}},{"hash":"1e61bc3e0747c2e97b5ef2d077d1465c0fd87a67","isMergeCommit":true,"messageTitle":"Solve merge conflicts","messageBody":"","fileTypesAndContributionMap":{}},{"hash":"f5f863509feef1575c9a89779050a3f72163506c","isMergeCommit":false,"messageTitle":"fix checkstyle problems","messageBody":"","fileTypesAndContributionMap":{"functional-code":{"insertions":8,"deletions":12}}},{"hash":"c6b92cf3c46820693619f2edf7682238e4b031c5","isMergeCommit":false,"messageTitle":"update input.txt and EXPECTED.TXT","messageBody":"","fileTypesAndContributionMap":{"functional-code":{"insertions":1,"deletions":325}}},{"hash":"fabeb6afd4f0d4245327553e6b9587499bca42f3","isMergeCommit":true,"messageTitle":"Merge pull request #30 from sistine-yu/Add-Expense-Income-Superclass","messageBody":"Add expense income superclass, and totalExpense/totalIncome","fileTypesAndContributionMap":{}}]},{"date":"2023-03-16","commitResults":[{"hash":"9bd9a91f7d36b6251e869bdea2e364b54b945313","isMergeCommit":false,"messageTitle":"fix the problem of toString, but still have bugs in Expenses and IncomeList","messageBody":"","fileTypesAndContributionMap":{"functional-code":{"insertions":47,"deletions":17}}},{"hash":"3b723237365aa18ac673a28287318604826d3921","isMergeCommit":true,"messageTitle":"Merge pull request #31 from sistine-yu/Add-Expense-Income-Superclass","messageBody":"fix the problem of toString","fileTypesAndContributionMap":{}},{"hash":"a9d30e9a21890930d416676e716aee962d26a16f","isMergeCommit":false,"messageTitle":"solve the bugs in Expenses and IncomeList","messageBody":"","fileTypesAndContributionMap":{"functional-code":{"insertions":26,"deletions":32}}},{"hash":"4ab31c151b0df3694d22291341793b4e4faa4da3","isMergeCommit":true,"messageTitle":"Merge pull request #32 from sistine-yu/Add-Expense-Income-Superclass","messageBody":"solve the bugs in Expenses and IncomeList","fileTypesAndContributionMap":{}}]},{"date":"2023-03-22","commitResults":[{"hash":"01c0ae328a9179f5f3045d409e6c55cc0a7ec024","isMergeCommit":false,"messageTitle":"Add Junit tests for some methods in entryList class","messageBody":"","fileTypesAndContributionMap":{"test-code":{"insertions":50,"deletions":0}}},{"hash":"e399db1782dbb4b79963a3a1d5ed5bc06355040d","isMergeCommit":false,"messageTitle":"Fix some checkstyle problems","messageBody":"","fileTypesAndContributionMap":{"test-code":{"insertions":7,"deletions":5}}},{"hash":"662c8caa9e12a4cb6e009b23f7c5772ba6995923","isMergeCommit":true,"messageTitle":"Merge pull request #47 from sistine-yu/JUnit","messageBody":"Add Junit tests for some methods in entryList class","fileTypesAndContributionMap":{}}]},{"date":"2023-03-23","commitResults":[{"hash":"c2c5a0bd6fc5ee42dde63dedb6e45e5d682d4825","isMergeCommit":false,"messageTitle":"add category enum class and add category in expense and income classes","messageBody":"","fileTypesAndContributionMap":{"functional-code":{"insertions":87,"deletions":33},"test-code":{"insertions":3,"deletions":2}}},{"hash":"57f91437deaded51e1a9419f02aaad4e90530d69","isMergeCommit":false,"messageTitle":"add category enum class and add category in expense and income classes","messageBody":"","fileTypesAndContributionMap":{"functional-code":{"insertions":42,"deletions":0}}},{"hash":"c047c3bd36b0b599eec5c6c27e65bcad6678379e","isMergeCommit":true,"messageTitle":"solve merge conflicts","messageBody":"","fileTypesAndContributionMap":{}},{"hash":"4e9469a1c89df82bfccdf99918dccc9c49e0ac9d","isMergeCommit":false,"messageTitle":"modify addIncome/Expense and ModifyIncome/Expense to satisfy the category feature","messageBody":"","fileTypesAndContributionMap":{"functional-code":{"insertions":73,"deletions":28}}},{"hash":"b9af78ec9151461190e9d180eedf8210d7224399","isMergeCommit":true,"messageTitle":"Merge branch \u0027sistine-yu-Add-Category-Features\u0027","messageBody":"","fileTypesAndContributionMap":{}},{"hash":"efa8a3786a27cd45ddd1365a0a7e0473292334ab","isMergeCommit":true,"messageTitle":"solve new merge conflicts","messageBody":"","fileTypesAndContributionMap":{}},{"hash":"136914e7ef281a617744a1aca5002e6ca629136e","isMergeCommit":false,"messageTitle":"Update saving","messageBody":"","fileTypesAndContributionMap":{"functional-code":{"insertions":14,"deletions":4}}},{"hash":"2a1551e87115013fa8577f0b79dc79576ce9b25f","isMergeCommit":false,"messageTitle":"fix checkstyle issues","messageBody":"","fileTypesAndContributionMap":{"functional-code":{"insertions":21,"deletions":9}}},{"hash":"32598f8d07f1cc155f6cdcc6ce3ef676241b07c7","isMergeCommit":false,"messageTitle":"fix checkstyle issues","messageBody":"","fileTypesAndContributionMap":{"functional-code":{"insertions":5,"deletions":6}}}]},{"date":"2023-03-24","commitResults":[{"hash":"1f9e6f8a950d988ccfe9127c7d129726a6cada45","isMergeCommit":false,"messageTitle":"fix parser issues","messageBody":"","fileTypesAndContributionMap":{"functional-code":{"insertions":47,"deletions":24},"test-code":{"insertions":7,"deletions":7}}},{"hash":"376ae12bd7567bcf8d299361f1224bc9a623ab54","isMergeCommit":true,"messageTitle":"fix text-ui-test issues","messageBody":"","fileTypesAndContributionMap":{}},{"hash":"01b906eb5ce223b528a8b01ca47c5a0747c9166b","isMergeCommit":false,"messageTitle":"fix text-ui-test issues","messageBody":"","fileTypesAndContributionMap":{"functional-code":{"insertions":1,"deletions":1}}},{"hash":"bc56d2d78e6e27b78299c76b8cc05af1df2fcbf5","isMergeCommit":false,"messageTitle":"fix checkstyle issues","messageBody":"","fileTypesAndContributionMap":{"functional-code":{"insertions":2,"deletions":9}}},{"hash":"f8f688c4a3873d21e6bd5c639fb0a614d03f5355","isMergeCommit":true,"messageTitle":"Merge pull request #54 from sistine-yu/Add-Category-Features","messageBody":"Add category features","fileTypesAndContributionMap":{}},{"hash":"0077e16d5a7dd2bca3b79535c1128aec2f454df1","isMergeCommit":false,"messageTitle":"Update DeveloperGuide.md","messageBody":"","fileTypesAndContributionMap":{"functional-code":{"insertions":6,"deletions":0},"docs":{"insertions":24,"deletions":11}}},{"hash":"fde79c0284d1594ef091baf5d838b749cb0fa092","isMergeCommit":true,"messageTitle":"Merge remote-tracking branch \u0027origin/master\u0027","messageBody":"# Conflicts:\n#\tdocs/DeveloperGuide.md\n","fileTypesAndContributionMap":{}},{"hash":"993016d1e9e03a6e9a745db95a58f1324dca0d10","isMergeCommit":true,"messageTitle":"Merge pull request #61 from sistine-yu/master","messageBody":"Update Developer Guide(Sistine)","fileTypesAndContributionMap":{}}]},{"date":"2023-03-29","commitResults":[{"hash":"a593cbcac56260ca49cb334940b3e0ff66d1862f","isMergeCommit":false,"messageTitle":"Update the command list of User Guide","messageBody":"","fileTypesAndContributionMap":{"docs":{"insertions":123,"deletions":14}}}]},{"date":"2023-03-30","commitResults":[{"hash":"3e52928dae6c04a5d35d5071ef70fcae79a03899","isMergeCommit":false,"messageTitle":"Update the command cheatsheet of User Guide","messageBody":"","fileTypesAndContributionMap":{"docs":{"insertions":29,"deletions":15}}},{"hash":"cb0f1d43e5f847be23f67161766674ceb61db3b1","isMergeCommit":false,"messageTitle":"Update the command cheatsheet of User Guide","messageBody":"","fileTypesAndContributionMap":{"docs":{"insertions":10,"deletions":10}}},{"hash":"329b6327734e2e00aa80704e97ee94f4d35be89d","isMergeCommit":true,"messageTitle":"Merge branch \u0027master\u0027 of https://github.com/sistine-yu/tp Merge an updated upstream","messageBody":"","fileTypesAndContributionMap":{}},{"hash":"0e69216042210adc4b3bcdd502825195f14b112b","isMergeCommit":true,"messageTitle":"Merge pull request #65 from sistine-yu/master","messageBody":"UG update","fileTypesAndContributionMap":{}},{"hash":"95530bf5f7df910f04940ad20c8da58fdda74122","isMergeCommit":false,"messageTitle":"Update DG miscellaneous","messageBody":"","fileTypesAndContributionMap":{"docs":{"insertions":50,"deletions":6}}},{"hash":"82aac8f4e1d40d9595a3c2fa5abc851ff87fa205","isMergeCommit":true,"messageTitle":"merge the updated upstreamMerge branch \u0027master\u0027 of https://github.com/sistine-yu/tp","messageBody":"","fileTypesAndContributionMap":{}}]},{"date":"2023-03-31","commitResults":[{"hash":"27b8534f60477ef055496fb7833002f3d5ed38fa","isMergeCommit":false,"messageTitle":"Update UG hyperlink","messageBody":"","fileTypesAndContributionMap":{"docs":{"insertions":6,"deletions":6}}},{"hash":"ef88079dd6c9ab8d3cd58983d52101246866e07e","isMergeCommit":true,"messageTitle":"Merge branch \u0027AY2223S2-CS2113-F13-2:master\u0027 into master","messageBody":"","fileTypesAndContributionMap":{}},{"hash":"00b6003e73e2b85b11d1748e530a20ad86588968","isMergeCommit":true,"messageTitle":"Merge pull request #73 from sistine-yu/master","messageBody":"Update UG hyperlink","fileTypesAndContributionMap":{}}]}],"namsengi11":[{"date":"2023-03-03","commitResults":[{"hash":"12cb9ab4288a2d7db647527d72bb94c005de78c9","isMergeCommit":false,"messageTitle":"Update README.md","messageBody":"","fileTypesAndContributionMap":{"docs":{"insertions":1,"deletions":1}}},{"hash":"5feec4585874ca207f93a79243104530f370c092","isMergeCommit":false,"messageTitle":"changed name","messageBody":"","fileTypesAndContributionMap":{"docs":{"insertions":7,"deletions":7}}},{"hash":"b7fd4ddf7787fc7a9f73c682f7e91dd1de898363","isMergeCommit":true,"messageTitle":"Merge pull request #1 from namsengi11/master","messageBody":"changed name","fileTypesAndContributionMap":{}}]},{"date":"2023-03-09","commitResults":[{"hash":"45be9e5d5e8e657a67e26872e58bf2b1aebd2593","isMergeCommit":false,"messageTitle":"Add expense class","messageBody":"Added several classes that support few fundamental features of expenses, such as adding, editing, removing, and listing.\n","fileTypesAndContributionMap":{"functional-code":{"insertions":154,"deletions":0}}},{"hash":"fd620c6a24c7c4d031a26fc7990f1ff6d77558c4","isMergeCommit":false,"messageTitle":"Add file to java","messageBody":"Files are moved from packages to java file.\n","fileTypesAndContributionMap":{"other":{"insertions":0,"deletions":6}}},{"hash":"49d7eed10db3c0a754ffa59800e2f139dadf9089","isMergeCommit":false,"messageTitle":"Fix checkstyle issues","messageBody":"Fixed checkstyle issues that caused failure of the CI.\n","fileTypesAndContributionMap":{"functional-code":{"insertions":6,"deletions":2}}},{"hash":"7b91d8eb954ec8528ecd870c693144119f31725b","isMergeCommit":true,"messageTitle":"Merge pull request #3 from namsengi11/expenses","messageBody":"Add expense class to implement basic features of expense logging.","fileTypesAndContributionMap":{}}]},{"date":"2023-03-16","commitResults":[{"hash":"292985a5450997c83327fd9965db9913059787fc","isMergeCommit":false,"messageTitle":"Use LocalDayTime to integrate date information","messageBody":"Used java.util.LocalDayTime to integrate date information to entry class that manages expenses and income.\n","fileTypesAndContributionMap":{"functional-code":{"insertions":48,"deletions":6}}},{"hash":"582d218d536c44f3a2f897f8b585ac81b6b3e9c9","isMergeCommit":false,"messageTitle":"Met checkstyle requirements","messageBody":"","fileTypesAndContributionMap":{"functional-code":{"insertions":2,"deletions":2}}}]},{"date":"2023-03-17","commitResults":[{"hash":"54dd168df3625867c035c766d7805a5f6b57b9dd","isMergeCommit":false,"messageTitle":"Modify edit and add entry commands","messageBody":"Incorporation of time information to entries forces edit/add commands to change.\nHave modified methods inside command classes to adapt to the change.\nException handling is covered.\n","fileTypesAndContributionMap":{"functional-code":{"insertions":126,"deletions":90},"other":{"insertions":1,"deletions":1}}},{"hash":"291b07c15c833d1815bed8803d5c75bd8a77050d","isMergeCommit":false,"messageTitle":"Fix checkstyle issues","messageBody":"","fileTypesAndContributionMap":{"functional-code":{"insertions":4,"deletions":5}}},{"hash":"cb12a6469d2e7a697408818416c3aa648200af37","isMergeCommit":false,"messageTitle":"Fix checkstyle issues","messageBody":"","fileTypesAndContributionMap":{"functional-code":{"insertions":11,"deletions":3}}},{"hash":"601151461715ac5d0fd4ad21c8571f6a7ddac8af","isMergeCommit":false,"messageTitle":"Fix checkstyle issues","messageBody":"","fileTypesAndContributionMap":{"functional-code":{"insertions":22,"deletions":48}}},{"hash":"78355557e2a5490fc2fc9a05eefc086761a22b85","isMergeCommit":false,"messageTitle":"Fix checkstyle issues","messageBody":"","fileTypesAndContributionMap":{"functional-code":{"insertions":6,"deletions":0}}},{"hash":"eae0df2cafb65de7da5893847d22a7051e5221bb","isMergeCommit":false,"messageTitle":"Fix checkstyle issues","messageBody":"","fileTypesAndContributionMap":{"test-code":{"insertions":2,"deletions":2}}},{"hash":"c4eb54165afa68d247721b785875f622373e9f00","isMergeCommit":false,"messageTitle":"Edit test file to represent change in BrokeMan output","messageBody":"","fileTypesAndContributionMap":{"functional-code":{"insertions":43,"deletions":28}}},{"hash":"d170bff796b0899937e8a3f416ec2a32b9cd04f9","isMergeCommit":false,"messageTitle":"Fix checkstyle issues","messageBody":"","fileTypesAndContributionMap":{"functional-code":{"insertions":0,"deletions":1}}},{"hash":"eebbdd6b2c98dfaed0ec87d730771662cc462101","isMergeCommit":false,"messageTitle":"Add logs and assertions for future troubleshooting","messageBody":"","fileTypesAndContributionMap":{"functional-code":{"insertions":9,"deletions":6}}},{"hash":"c8131ad846f08a44597a7fd6c33f3759fc96037f","isMergeCommit":false,"messageTitle":"Add logs and assertions for future troubleshooting","messageBody":"","fileTypesAndContributionMap":{"test-code":{"insertions":4,"deletions":4}}},{"hash":"434170d380d716f41b4b0f65bd0a84e410c09bb4","isMergeCommit":false,"messageTitle":"Add logs and assertions for future troubleshooting","messageBody":"","fileTypesAndContributionMap":{"functional-code":{"insertions":5,"deletions":2}}},{"hash":"cbf8bfef61a11541e04bfe97eee392cf006ba3bf","isMergeCommit":true,"messageTitle":"Merge pull request #36 from namsengi11/expenses","messageBody":"Use LocalDayTime to integrate date information and implement testing","fileTypesAndContributionMap":{}}]},{"date":"2023-03-21","commitResults":[{"hash":"0fe48ca9ade199264868ed65be9fcf743c1fc1dd","isMergeCommit":false,"messageTitle":"Reformat time information","messageBody":"Display time information with a custom toString method instead of default toString method of LocalDateTime class.\n","fileTypesAndContributionMap":{"functional-code":{"insertions":9,"deletions":2}}},{"hash":"0fb3ccde0c3927ba6ee1b0ee0f9dba3c9fce2b02","isMergeCommit":false,"messageTitle":"Add commands for sort entry by date and amount","messageBody":"Added command classes and modified parser to include sort entry features.\n","fileTypesAndContributionMap":{"functional-code":{"insertions":8,"deletions":0},"other":{"insertions":0,"deletions":0}}},{"hash":"78fce3d224b9701dd9d9603fdc0cc6bd895d8bfb","isMergeCommit":true,"messageTitle":"Merge pull request #41 from namsengi11/time","messageBody":"Reformat time information","fileTypesAndContributionMap":{}},{"hash":"95277e8e7d2108aff1a1bd068ce293e1bf0261ed","isMergeCommit":false,"messageTitle":"Add commands for sort entry by date and amount","messageBody":"Added command classes and modified parser to include sort entry features.\n","fileTypesAndContributionMap":{"functional-code":{"insertions":83,"deletions":24}}}]},{"date":"2023-03-22","commitResults":[{"hash":"a5287242a9ef6d184978b0a73c98815ea73fbe32","isMergeCommit":false,"messageTitle":"fix checkstyle issues","messageBody":"","fileTypesAndContributionMap":{"functional-code":{"insertions":12,"deletions":9}}},{"hash":"afdc3bd78c3d0c7e6b5d1c969b626178ddf9f05a","isMergeCommit":true,"messageTitle":"fix merge conflict","messageBody":"","fileTypesAndContributionMap":{}},{"hash":"46d92882b92e48f59bcdc0d83e96a983c218b6f8","isMergeCommit":true,"messageTitle":"Merge pull request #42 from namsengi11/expenses","messageBody":"Add commands for sort entry by date and amount","fileTypesAndContributionMap":{}},{"hash":"b54389499b8859c8c45fa4af102845fb194f758c","isMergeCommit":false,"messageTitle":"Store monthly budget","messageBody":"Budget is now stored month by month.\nThe user can set budget for different months.\n","fileTypesAndContributionMap":{"functional-code":{"insertions":95,"deletions":20}}},{"hash":"5defc9b29e1937f284121a9ee110242728be7f7d","isMergeCommit":false,"messageTitle":"List monthly entry and budget","messageBody":"Added method to list expense and income by month.\nParser has option to take in listExpense and listIncome command with or without time information.\nIf time is not specified, list commands use current time information to call this month\u0027s information.\nBudget set and budget left method correctly considers corresponding month\u0027s expenses.\n","fileTypesAndContributionMap":{"functional-code":{"insertions":178,"deletions":54}}},{"hash":"765f59d64d321c8c696bef34582de0b25033bba4","isMergeCommit":false,"messageTitle":"List expense or income returns all entry","messageBody":"listExpense or listIncome command now returns all expenses and incomes made.\nThe list provides reference to the index of entry that the users need when they want to make edits or deletions.\n","fileTypesAndContributionMap":{"functional-code":{"insertions":24,"deletions":2}}},{"hash":"68993781dd2cdf1de250fed1d1652357285d9877","isMergeCommit":false,"messageTitle":"Made updates to testcases","messageBody":"","fileTypesAndContributionMap":{"functional-code":{"insertions":8,"deletions":6}}},{"hash":"9ebefbd5d4ddf4b4d66f7464596a9ade0b72d5f9","isMergeCommit":false,"messageTitle":"Fix checkstyle issues","messageBody":"","fileTypesAndContributionMap":{"functional-code":{"insertions":0,"deletions":2}}},{"hash":"6605d987544aea816eb62cd499526f8fe81f6ab0","isMergeCommit":true,"messageTitle":"Merge pull request #48 from namsengi11/time","messageBody":"View budget, expense, and income by date","fileTypesAndContributionMap":{}}]},{"date":"2023-03-23","commitResults":[{"hash":"5f850b3fd80dc8d1f8970988a785b24eff145ae1","isMergeCommit":false,"messageTitle":"Update DeveloperGuide.md","messageBody":"Added product scope.","fileTypesAndContributionMap":{"docs":{"insertions":8,"deletions":4}}},{"hash":"8227c251163c10a42834d8f14c9c07517c087bd5","isMergeCommit":false,"messageTitle":"Update DeveloperGuide.md","messageBody":"Added information about class design and implementation.\r\nFocused on classes that are used to represent the EntryLists.","fileTypesAndContributionMap":{"docs":{"insertions":74,"deletions":1}}},{"hash":"e96913a86719eb39a652cd57d4fb11ab4ea51bc8","isMergeCommit":false,"messageTitle":"Handle Exception and update test files","messageBody":"Handled exceptions for setBudget command.\nUpdated testfiles so that they properly test newly added commands and the possible exceptions they might encounter.\n","fileTypesAndContributionMap":{"functional-code":{"insertions":38,"deletions":25},"test-code":{"insertions":2,"deletions":3}}},{"hash":"163eaa42b506c9c601aebce04c700f632247f207","isMergeCommit":true,"messageTitle":"resolved merge conflict","messageBody":"","fileTypesAndContributionMap":{}},{"hash":"875050bbbcb0137df7c51f961fbaad8c9647eb4e","isMergeCommit":false,"messageTitle":"Resolve checkstyle issues","messageBody":"","fileTypesAndContributionMap":{"functional-code":{"insertions":5,"deletions":3}}},{"hash":"81f7138e84a59c7f9c93829a322b833fe6d7a307","isMergeCommit":false,"messageTitle":"Resolve checkstyle issue","messageBody":"","fileTypesAndContributionMap":{"test-code":{"insertions":2,"deletions":1}}},{"hash":"4a226adb320ee67c347e1dd603c505e03276ee31","isMergeCommit":true,"messageTitle":"Merge pull request #56 from namsengi11/time","messageBody":"Handle Exception and update test files","fileTypesAndContributionMap":{}}]},{"date":"2023-03-30","commitResults":[{"hash":"b0ce5cf5637469e0322ca7b866c366a91aee841e","isMergeCommit":false,"messageTitle":"Add Entry Test","messageBody":"Added multiple J Unit test classes to test EntryList, ExpenseList, and IncomeList.\n","fileTypesAndContributionMap":{"test-code":{"insertions":122,"deletions":6}}},{"hash":"8a8ced2e62ca10d3511992f6b994dd49c02e114b","isMergeCommit":false,"messageTitle":"Resolve checkstyle issue","messageBody":"","fileTypesAndContributionMap":{"test-code":{"insertions":22,"deletions":11}}},{"hash":"4f219b7befd23bb052856e722456001fff965e81","isMergeCommit":false,"messageTitle":"Resolve checkstyle issue","messageBody":"","fileTypesAndContributionMap":{"test-code":{"insertions":6,"deletions":3}}},{"hash":"27515d42625870da6f013a5cbf5790fcc99c159b","isMergeCommit":false,"messageTitle":"Resolve checkstyle issue","messageBody":"","fileTypesAndContributionMap":{"test-code":{"insertions":2,"deletions":1}}}]},{"date":"2023-03-31","commitResults":[{"hash":"6be16a86d6d0e2d7559dffb04b7f407f2231ac91","isMergeCommit":true,"messageTitle":"Merge pull request #69 from namsengi11/test","messageBody":"Add Entry Test","fileTypesAndContributionMap":{}},{"hash":"bf7cfdfbe7fcab8d2b07f6ee302f103319acde77","isMergeCommit":false,"messageTitle":"Resolve version conflict issue","messageBody":"","fileTypesAndContributionMap":{"functional-code":{"insertions":1,"deletions":3}}},{"hash":"f74297f9f350626d921174afa4afc8b006ad2b36","isMergeCommit":false,"messageTitle":"Update UserGuide.md","messageBody":"","fileTypesAndContributionMap":{"docs":{"insertions":9,"deletions":2}}}]},{"date":"2023-04-04","commitResults":[{"hash":"ef107497eb0b874c5c42a9577fbcea4f1a59f2bc","isMergeCommit":false,"messageTitle":"Update UserGuide.md","messageBody":"Explained that invalid command will call help command","fileTypesAndContributionMap":{"docs":{"insertions":4,"deletions":0}}},{"hash":"7299b23994d93ebf7521da1f89eedc66d1de9e3c","isMergeCommit":false,"messageTitle":"Update UserGuide.md","messageBody":"Correct instruction for addExpense and addIncome commands.","fileTypesAndContributionMap":{"docs":{"insertions":3,"deletions":3}}},{"hash":"ea023325fb8623b47e9c4e35be8dd85cdb2705f5","isMergeCommit":false,"messageTitle":"Update UserGuide.md","messageBody":"Accounted for one digit months when entering month information for income and expense. \r\nEx. 3 instead of 03 for March.","fileTypesAndContributionMap":{"docs":{"insertions":6,"deletions":6}}},{"hash":"655e92456ec6ba55c7b015208a91640c28aa3d30","isMergeCommit":false,"messageTitle":"Update UserGuide.md","messageBody":"Users can remove preceding zeros if apt.","fileTypesAndContributionMap":{"docs":{"insertions":4,"deletions":4}}},{"hash":"55c2d52e81ef044187efc9151251e5ac5aef217a","isMergeCommit":false,"messageTitle":"correct minor issues for command instruction","messageBody":"","fileTypesAndContributionMap":{"functional-code":{"insertions":4,"deletions":4}}}]},{"date":"2023-04-05","commitResults":[{"hash":"151ac13465be87c95d493eab36581bfc4c9cefcc","isMergeCommit":false,"messageTitle":"Met test expectations","messageBody":"","fileTypesAndContributionMap":{"functional-code":{"insertions":1,"deletions":1}}},{"hash":"d2e31871916f1a6304884e7becbe1c897282176e","isMergeCommit":false,"messageTitle":"resolve issue raised by PE-D","messageBody":"","fileTypesAndContributionMap":{"functional-code":{"insertions":6,"deletions":3}}},{"hash":"7021c33d9bbf3c9feacb3e6e820a315624d0659e","isMergeCommit":false,"messageTitle":"resolve checkstyle issue","messageBody":"","fileTypesAndContributionMap":{"functional-code":{"insertions":2,"deletions":1}}},{"hash":"b0adcac44ba0dea48dfd1709f2017542c488ae25","isMergeCommit":false,"messageTitle":"resolve checkstyle issue","messageBody":"","fileTypesAndContributionMap":{"functional-code":{"insertions":1,"deletions":1}}},{"hash":"f2f1f4f7518982414f707425a650fe585e890f13","isMergeCommit":true,"messageTitle":"Merge pull request #145 from namsengi11/test","messageBody":"Fix issues raised by PE-Dry","fileTypesAndContributionMap":{}}]}],"Samueltansw":[{"date":"2023-03-03","commitResults":[{"hash":"a5fedac01758d5a965b5cc793c6fb34b8c922a03","isMergeCommit":false,"messageTitle":"update AboutUs.md","messageBody":"","fileTypesAndContributionMap":{"docs":{"insertions":7,"deletions":7}}}]},{"date":"2023-03-09","commitResults":[{"hash":"ab3edf6e48bd2f263ba5d17cee218aa283e3c58e","isMergeCommit":false,"messageTitle":"changed Duke.java to BrokeMan.java and added welcome and goodbye messages","messageBody":"","fileTypesAndContributionMap":{"functional-code":{"insertions":104,"deletions":21},"other":{"insertions":4,"deletions":4}}},{"hash":"382a5bc83d779a7f05331ff5baec8e4fbf508234","isMergeCommit":false,"messageTitle":"removed some comments in Ui.java","messageBody":"","fileTypesAndContributionMap":{"functional-code":{"insertions":0,"deletions":8},"docs":{"insertions":7,"deletions":7}}},{"hash":"4b34458010fd3526f5cde6de4d1ff05b6554aaaf","isMergeCommit":true,"messageTitle":"resolved merged conflicts","messageBody":"","fileTypesAndContributionMap":{}}]},{"date":"2023-03-10","commitResults":[{"hash":"c37b24ebeec92b6a2d7fa2998a7bdece5a56ea2d","isMergeCommit":false,"messageTitle":"add Command classes, custom exception classes, parser class, and making sure program is working for expenses commands","messageBody":"","fileTypesAndContributionMap":{"functional-code":{"insertions":322,"deletions":8},"other":{"insertions":33,"deletions":22}}},{"hash":"7a1e348f1dbe7db97500c67218c4f02a3779ef03","isMergeCommit":false,"messageTitle":"formatted the outputs of the program and deleted some commented out codes","messageBody":"","fileTypesAndContributionMap":{"functional-code":{"insertions":57,"deletions":75}}},{"hash":"1ef2db8a9972853d10c52800c82cf0ecb8861920","isMergeCommit":false,"messageTitle":"added deleteExpense feature to the budget planner","messageBody":"","fileTypesAndContributionMap":{"functional-code":{"insertions":37,"deletions":3}}},{"hash":"9804f845e13f91463aee3b5aba755174623c8eca","isMergeCommit":false,"messageTitle":"integrated sortExpense with listExpense instead, and deleted some comments and formatted the code slightly","messageBody":"","fileTypesAndContributionMap":{"functional-code":{"insertions":18,"deletions":66}}},{"hash":"37fe84366c229cace3fabb0071e70fbb8cae5093","isMergeCommit":false,"messageTitle":"deleted more commented out codes and making sure code follows the coding standard","messageBody":"","fileTypesAndContributionMap":{"functional-code":{"insertions":2,"deletions":4}}},{"hash":"955165aaf837199f3e674f74a21a05347dee2908","isMergeCommit":false,"messageTitle":"edited build.gradle file, renamed BrokeMan package to brokeMan, and updated ACTUAL.TXT and EXPECTED.TXT to pass the runtest.bat test","messageBody":"","fileTypesAndContributionMap":{"other":{"insertions":62,"deletions":54}}},{"hash":"c5978638be7b1ddb9324e7237b46369b3f1fd685","isMergeCommit":true,"messageTitle":"Merge pull request #21 from Samueltansw/master","messageBody":"Added Ui class, Parser class, main class, custom exception classes, command classes","fileTypesAndContributionMap":{}}]},{"date":"2023-03-13","commitResults":[{"hash":"378d7c97ee003a9181327cbe3e0be156e44b0303","isMergeCommit":true,"messageTitle":"Merge branch \u0027master\u0027 into master","messageBody":"","fileTypesAndContributionMap":{}},{"hash":"779d99bb2af0d44c90e8f414d816cde6d904f44c","isMergeCommit":true,"messageTitle":"Merge pull request #18 from SpeciLiam/master","messageBody":"Liam Van v1.0 PR","fileTypesAndContributionMap":{}},{"hash":"f2cf2facf52e7b02f2c3a39dad70002c36bc8253","isMergeCommit":false,"messageTitle":"added income, budget, target packages and refactor the code into those packages","messageBody":"","fileTypesAndContributionMap":{"other":{"insertions":6,"deletions":2}}},{"hash":"ce179f5888e3a545600a1ecdc0ea8ca9e0a0619c","isMergeCommit":false,"messageTitle":"added features for income class such as add, edit, and list","messageBody":"","fileTypesAndContributionMap":{"functional-code":{"insertions":197,"deletions":64}}},{"hash":"0e834cca5c75a7256fb17535ec0d713740520484","isMergeCommit":false,"messageTitle":"updated EXPECTED.TXT and input.txt in text-ui-test","messageBody":"","fileTypesAndContributionMap":{"functional-code":{"insertions":1,"deletions":3}}},{"hash":"a17608b32ade51fb5336bfd6200abdffc94333bc","isMergeCommit":false,"messageTitle":"formatted spaces to meet coding standard","messageBody":"","fileTypesAndContributionMap":{"functional-code":{"insertions":4,"deletions":2}}},{"hash":"b625a1d021e83382ede168e4ef9cb8d2baa1d9de","isMergeCommit":true,"messageTitle":"Merge pull request #22 from Samueltansw/featureIncome","messageBody":"add income features such as add, edit and list","fileTypesAndContributionMap":{}}]},{"date":"2023-03-14","commitResults":[{"hash":"545746303e29d3fc5feaeced0e091374e0aea927","isMergeCommit":false,"messageTitle":"added some assert statements","messageBody":"","fileTypesAndContributionMap":{"functional-code":{"insertions":4,"deletions":1}}}]},{"date":"2023-03-15","commitResults":[{"hash":"23961729858c06663ea7fb9242b799e4b728c5bc","isMergeCommit":false,"messageTitle":"added help messages for new users","messageBody":"","fileTypesAndContributionMap":{"functional-code":{"insertions":46,"deletions":1}}},{"hash":"7a92855eb6e35038bb2f0dd03499a8f01570158c","isMergeCommit":false,"messageTitle":"added prints help message when user type in the wrong command","messageBody":"","fileTypesAndContributionMap":{"functional-code":{"insertions":28,"deletions":11}}},{"hash":"cb85033941371a4d907595f4ee1c5bf155ab5469","isMergeCommit":false,"messageTitle":"deleted comments to follow coding standard","messageBody":"","fileTypesAndContributionMap":{"functional-code":{"insertions":0,"deletions":1}}},{"hash":"afa3e303610f1f056f5fc5c11c060dd86462d469","isMergeCommit":false,"messageTitle":"reorder codes","messageBody":"","fileTypesAndContributionMap":{"functional-code":{"insertions":21,"deletions":15}}},{"hash":"65fc59cb74336de6738473d73970163970cffdd0","isMergeCommit":false,"messageTitle":"reorder code","messageBody":"","fileTypesAndContributionMap":{"functional-code":{"insertions":1,"deletions":1}}},{"hash":"a2afbd78302d15f1b356012aacbeafd1c809844f","isMergeCommit":true,"messageTitle":"Merge pull request #28 from Samueltansw/featureHelpCommand","messageBody":"Feature help command","fileTypesAndContributionMap":{}},{"hash":"c49bb2753e0ae2030779a9a211b7126b62bc8e43","isMergeCommit":false,"messageTitle":"added JUnit testing for Parser class and also updated the MESSAGE_USAGE for DeleteExpenseCommand and DeleteIncomeCommand","messageBody":"","fileTypesAndContributionMap":{"functional-code":{"insertions":4,"deletions":4},"test-code":{"insertions":132,"deletions":0}}}]},{"date":"2023-03-16","commitResults":[{"hash":"ad42c9e2fc0617108ec0829017984575e59af65b","isMergeCommit":false,"messageTitle":"modified EntryList, Expenses and IncomeList classes","messageBody":"","fileTypesAndContributionMap":{"functional-code":{"insertions":26,"deletions":26}}},{"hash":"261986c77c0e8b0406bacac19ef7e24c2d87b6c6","isMergeCommit":true,"messageTitle":"Merge branch \u0027branch-AddJUnitTest\u0027","messageBody":"","fileTypesAndContributionMap":{}},{"hash":"a12b6b4df84cefacf3f906246838085c0e3a3350","isMergeCommit":false,"messageTitle":"fixed output for listExpense","messageBody":"","fileTypesAndContributionMap":{"functional-code":{"insertions":1,"deletions":1}}},{"hash":"15d397e730d1571f77fec3950c1f3fc7270a567d","isMergeCommit":false,"messageTitle":"fixed budget class and integrated the features into the program","messageBody":"","fileTypesAndContributionMap":{"functional-code":{"insertions":149,"deletions":18}}},{"hash":"fda30d9d89f11cb71d8f200c6f3e60399a4034f3","isMergeCommit":false,"messageTitle":"removed some commented codes","messageBody":"","fileTypesAndContributionMap":{"functional-code":{"insertions":0,"deletions":19}}},{"hash":"5eafec308e29eba8e7e38638ab8e7321ce7e21c4","isMergeCommit":false,"messageTitle":"reformatted some codes","messageBody":"","fileTypesAndContributionMap":{"functional-code":{"insertions":7,"deletions":5}}},{"hash":"50a006e6353a870c6cf7a08931bdf35a34960a2f","isMergeCommit":false,"messageTitle":"reorder code","messageBody":"","fileTypesAndContributionMap":{"functional-code":{"insertions":1,"deletions":1}}},{"hash":"a4c4ce3259170feaf64d7304db8c426e5c02a3d0","isMergeCommit":false,"messageTitle":"added newline in ParserTest.java file","messageBody":"","fileTypesAndContributionMap":{"test-code":{"insertions":1,"deletions":1}}},{"hash":"56e762740bcd69f1d58c32f8e77922d292d45985","isMergeCommit":true,"messageTitle":"Merge pull request #34 from Samueltansw/featureBudget","messageBody":"Feature budget","tags":["v1.0"],"fileTypesAndContributionMap":{}}]},{"date":"2023-03-17","commitResults":[{"hash":"4a47bb596925a59f21cf2acb6250d4bbe6981c8b","isMergeCommit":false,"messageTitle":"do exception handling and redo parser class","messageBody":"","fileTypesAndContributionMap":{"functional-code":{"insertions":370,"deletions":97}}},{"hash":"c5c71531612d3da454c3ee8ecc8a72e862dd6ccb","isMergeCommit":false,"messageTitle":"fix bugs in exception handling","messageBody":"","fileTypesAndContributionMap":{"functional-code":{"insertions":47,"deletions":37}}},{"hash":"c03005b041bc2273497514688b7fa1460ecd3d41","isMergeCommit":false,"messageTitle":"removed some commented codes","messageBody":"","fileTypesAndContributionMap":{"functional-code":{"insertions":3,"deletions":87}}}]},{"date":"2023-03-20","commitResults":[{"hash":"d3ef93cba56be4276f9a0937fe986486c7010482","isMergeCommit":false,"messageTitle":"added JavaDocs to the Parser claass","messageBody":"","fileTypesAndContributionMap":{"functional-code":{"insertions":102,"deletions":10}}}]},{"date":"2023-03-22","commitResults":[{"hash":"5f691a4de88b257c2499f67b89cc1801018166a6","isMergeCommit":false,"messageTitle":"add new line at the end of file","messageBody":"","fileTypesAndContributionMap":{"functional-code":{"insertions":1,"deletions":1}}},{"hash":"d97ce5df8ecdc3268a4061e6dd4d32a3645f669c","isMergeCommit":false,"messageTitle":"added new line at the end of file","messageBody":"","fileTypesAndContributionMap":{"functional-code":{"insertions":1,"deletions":1}}},{"hash":"88354ada73b207e613664ac06ca001b445bb081f","isMergeCommit":false,"messageTitle":"minor edit to code","messageBody":"","fileTypesAndContributionMap":{"functional-code":{"insertions":2,"deletions":1}}},{"hash":"d44cea73ffb912a5084a0bea7ccfcfec33ec86be","isMergeCommit":false,"messageTitle":"added newline at the end of file","messageBody":"","fileTypesAndContributionMap":{"functional-code":{"insertions":1,"deletions":1}}},{"hash":"f9841a110dc6630457df18cea5476853e9d5516b","isMergeCommit":false,"messageTitle":"removed some commented codes","messageBody":"","fileTypesAndContributionMap":{"functional-code":{"insertions":1,"deletions":25}}},{"hash":"0b8ddb7a2da268771f3146fcf195953fd8150201","isMergeCommit":true,"messageTitle":"resolved merged conflicts","messageBody":"","fileTypesAndContributionMap":{}},{"hash":"4b66e054b119be07610aad90740bbbc8650c56b0","isMergeCommit":false,"messageTitle":"removed some commented codes","messageBody":"","fileTypesAndContributionMap":{"functional-code":{"insertions":17,"deletions":161}}},{"hash":"dde7a9e46e84992f585747d7f2d6ea844172dc3c","isMergeCommit":false,"messageTitle":"updated ParserTest.java","messageBody":"","fileTypesAndContributionMap":{"test-code":{"insertions":77,"deletions":1}}},{"hash":"4b392308d81f818ccfc0d718649952d8c7499002","isMergeCommit":false,"messageTitle":"fixed javaDoc in one of the methods of Parser class","messageBody":"","fileTypesAndContributionMap":{"functional-code":{"insertions":0,"deletions":1}}}]},{"date":"2023-03-23","commitResults":[{"hash":"6d6d62ada7c198b6a499176d3aee1a441aa6f893","isMergeCommit":false,"messageTitle":"added more custom exception","messageBody":"","fileTypesAndContributionMap":{"functional-code":{"insertions":10,"deletions":0}}},{"hash":"be3c87618aeaefb424876ad3033a6553e7bcc8eb","isMergeCommit":true,"messageTitle":"fixed merge conflicts","messageBody":"","fileTypesAndContributionMap":{}},{"hash":"bae768a716a0bfe8132346e573bb1d766baef520","isMergeCommit":false,"messageTitle":"added javaDocs to the Parser class","messageBody":"","fileTypesAndContributionMap":{"functional-code":{"insertions":8,"deletions":32}}},{"hash":"ffa8d71234705d9c809c3f7fed6dac23e30c4269","isMergeCommit":false,"messageTitle":"removed some commented codes and slight re-format of code","messageBody":"","fileTypesAndContributionMap":{"functional-code":{"insertions":3,"deletions":18}}},{"hash":"7296f3d035b80843c41e25a269017841a7c6662c","isMergeCommit":true,"messageTitle":"Merge pull request #51 from Samueltansw/branch-handleException","messageBody":"Branch handle exception","fileTypesAndContributionMap":{}},{"hash":"131e7dcddee5f777ab67cdbd7efcca89c6bf7ae6","isMergeCommit":false,"messageTitle":"updated DeveloperGuide.md","messageBody":"","fileTypesAndContributionMap":{"docs":{"insertions":20,"deletions":12}}},{"hash":"8d0135e2ea5db72bda4496a81b5c0602deef4570","isMergeCommit":true,"messageTitle":"formatted DeveloperGuide.md","messageBody":"","fileTypesAndContributionMap":{}},{"hash":"754c24d0e8a34d99b2c42a4146d7c045b0ad23d2","isMergeCommit":true,"messageTitle":"Merge pull request #55 from Samueltansw/master","messageBody":"formatted DeveloperGuide.md","fileTypesAndContributionMap":{}}]},{"date":"2023-03-24","commitResults":[{"hash":"c25b3fc9622725e7663572b5f598f2494a994627","isMergeCommit":false,"messageTitle":"added architecture diagram and descriptions","messageBody":"","fileTypesAndContributionMap":{"docs":{"insertions":60,"deletions":4}}},{"hash":"93bf618bd96b8262102341c63f7e78b128d27e22","isMergeCommit":true,"messageTitle":"Merge pull request #57 from Samueltansw/master","messageBody":"added architecture diagram and descriptions","fileTypesAndContributionMap":{}},{"hash":"53b16e61ea16b289faa3c9052dc0ebf7748fbc83","isMergeCommit":false,"messageTitle":"updated MESSAGE_USAGE in command classes","messageBody":"","fileTypesAndContributionMap":{"functional-code":{"insertions":16,"deletions":7}}},{"hash":"a382e5e95658a8460ebcf6794694fa3e5b159ab1","isMergeCommit":false,"messageTitle":"fixed checkstyle","messageBody":"","fileTypesAndContributionMap":{"functional-code":{"insertions":2,"deletions":1}}},{"hash":"5dc939edd67140ace74b90490ad52b2cc3f0818d","isMergeCommit":true,"messageTitle":"Merge pull request #62 from Samueltansw/master","messageBody":"updated MESSAGE_USAGE in command classes","fileTypesAndContributionMap":{}}]},{"date":"2023-03-30","commitResults":[{"hash":"e54353113df3d76f885bdbdeb526caafa3d45398","isMergeCommit":false,"messageTitle":"updated UserGuide.md and enabled assertions in build.gradle","messageBody":"","fileTypesAndContributionMap":{"other":{"insertions":47,"deletions":46},"docs":{"insertions":104,"deletions":16}}},{"hash":"fb305b6177d39e21f2cda8f2e8847d7da09f02fa","isMergeCommit":false,"messageTitle":"added table of contents for user guide","messageBody":"","fileTypesAndContributionMap":{"docs":{"insertions":36,"deletions":12}}},{"hash":"9ead250a4780a8331618fb286caf6963c497cf46","isMergeCommit":true,"messageTitle":"Merge pull request #66 from Samueltansw/master","messageBody":"edited user guide","fileTypesAndContributionMap":{}}]},{"date":"2023-03-31","commitResults":[{"hash":"6d22cbc7b9f228c64c1a9d8ff02ac47c3f99b299","isMergeCommit":false,"messageTitle":"added assertions to parser class and some minor changes to UserInput","messageBody":"","fileTypesAndContributionMap":{"functional-code":{"insertions":19,"deletions":13}}},{"hash":"a6e0538f5392a7f6703fc12314727f6d672b00d4","isMergeCommit":true,"messageTitle":"Merge remote-tracking branch \u0027upstream/master\u0027 into branch-AddAssertions","messageBody":"","fileTypesAndContributionMap":{}},{"hash":"d9cdaf0619cd8bbeaf5bd31732f6ac62eaeaf62a","isMergeCommit":false,"messageTitle":"fixed indentation error","messageBody":"","fileTypesAndContributionMap":{"functional-code":{"insertions":11,"deletions":11}}},{"hash":"d9931047f6a522a27c20116e82065c41e630e8d1","isMergeCommit":false,"messageTitle":"fixed indentation error","messageBody":"","fileTypesAndContributionMap":{"functional-code":{"insertions":9,"deletions":9}}},{"hash":"07e8748dc6774081b1e98b2a9be98f9b2dc1ca2f","isMergeCommit":false,"messageTitle":"removed wrong assertion in parser class","messageBody":"","fileTypesAndContributionMap":{"functional-code":{"insertions":1,"deletions":3}}},{"hash":"ef52e747aab33955ebde1dd20c79fb8208eedf22","isMergeCommit":true,"messageTitle":"Merge pull request #70 from Samueltansw/branch-AddAssertions","messageBody":"add assertions","fileTypesAndContributionMap":{}},{"hash":"2178ee5c9e2652a687e8b1707d9d1b7028a04442","isMergeCommit":false,"messageTitle":"updated help message","messageBody":"","fileTypesAndContributionMap":{"functional-code":{"insertions":1,"deletions":1}}},{"hash":"9f29430b4333ea785f8a5e5c4b6b931fc02d758e","isMergeCommit":true,"messageTitle":"Merge pull request #71 from Samueltansw/master","messageBody":"updated help message","tags":["v2.0"],"fileTypesAndContributionMap":{}},{"hash":"1a928a474fa663bd8ef4685ac985134780905575","isMergeCommit":true,"messageTitle":"Merge pull request #68 from sistine-yu/master","messageBody":"Update DG miscellaneous","fileTypesAndContributionMap":{}},{"hash":"ed62329d0ba83bd37367074e0acf067e6b70f4be","isMergeCommit":false,"messageTitle":"added architecture sequence diagram to developer guide","messageBody":"","fileTypesAndContributionMap":{"docs":{"insertions":109,"deletions":0}}},{"hash":"baa05b2c8a52821c8e6c5411b22dab09e0561dad","isMergeCommit":true,"messageTitle":"Merge remote-tracking branch \u0027upstream/master\u0027","messageBody":"","fileTypesAndContributionMap":{}},{"hash":"a1ad8f6a508cc29a2f6638e72894eb5353d5b117","isMergeCommit":true,"messageTitle":"Merge pull request #72 from Samueltansw/master","messageBody":"added architecture sequence diagram to developer guide","fileTypesAndContributionMap":{}},{"hash":"7bf465b5ee9468dfcc226163d9c99feb9eef60cd","isMergeCommit":false,"messageTitle":"updated developerGuide.md","messageBody":"","fileTypesAndContributionMap":{"docs":{"insertions":13,"deletions":2}}},{"hash":"13abc0e699852d73d2c9d195cdda1178de47504f","isMergeCommit":true,"messageTitle":"Merge remote-tracking branch \u0027upstream/master\u0027","messageBody":"","fileTypesAndContributionMap":{}},{"hash":"54d8b8e7659234b33d1b03d34c0246fe7336d0b8","isMergeCommit":false,"messageTitle":"minor edit tod developer guide","messageBody":"","fileTypesAndContributionMap":{"docs":{"insertions":0,"deletions":2}}},{"hash":"bc44722342b6aec3c7b137b6a7eb00fd3819139d","isMergeCommit":true,"messageTitle":"Merge pull request #74 from Samueltansw/master","messageBody":"Edited developer guide","fileTypesAndContributionMap":{}},{"hash":"94255f719d77f637a499ac158bf3a40cb32740e8","isMergeCommit":false,"messageTitle":"added example outputs that the user will see based on the inputs they entered","messageBody":"","fileTypesAndContributionMap":{"docs":{"insertions":353,"deletions":4}}},{"hash":"1d45d2e796dfcc244afc10d89d374542d0b3be8f","isMergeCommit":true,"messageTitle":"Merge pull request #75 from Samueltansw/master","messageBody":"added example outputs that the user will see based on the inputs they entered","fileTypesAndContributionMap":{}},{"hash":"1d96f349f96bda17c7ef3574650df3f0563b45bb","isMergeCommit":false,"messageTitle":"minor edits to user guide","messageBody":"","fileTypesAndContributionMap":{"docs":{"insertions":4,"deletions":4}}},{"hash":"cc7362dce720abb41e4f9fb2e2f2eabef7f18b18","isMergeCommit":true,"messageTitle":"Merge pull request #76 from Samueltansw/master","messageBody":"minor edits to user guide","fileTypesAndContributionMap":{}}]},{"date":"2023-04-01","commitResults":[{"hash":"b2e66bf3323cca2662c4222a5066f81be23e8d7f","isMergeCommit":false,"messageTitle":"testing the hyperlink for TOC in user guide","messageBody":"","fileTypesAndContributionMap":{"docs":{"insertions":22,"deletions":22}}},{"hash":"209244dc2c30543a8b9f1f79d8e21896d42b8942","isMergeCommit":false,"messageTitle":"fixed bugs in table of content links, handled NoSuchElementException input, and some minor view budget, and edit expense commands message usage in consistency","messageBody":"","fileTypesAndContributionMap":{"functional-code":{"insertions":74,"deletions":66},"docs":{"insertions":5,"deletions":5}}},{"hash":"2d2c2ebc1e576b86d63c160d544499764b7b80f8","isMergeCommit":false,"messageTitle":"minor edits to user guide","messageBody":"","fileTypesAndContributionMap":{"docs":{"insertions":1,"deletions":1}}},{"hash":"bdfed62c56d3fcdd67d6ab2db2913036808a5d83","isMergeCommit":true,"messageTitle":"Merge pull request #141 from Samueltansw/master","messageBody":"fixed some issues in PED","fileTypesAndContributionMap":{}},{"hash":"9dbf6e5ac6629970b2640d7f5814b638cc47e953","isMergeCommit":false,"messageTitle":"edited description of edit an income in user guide","messageBody":"","fileTypesAndContributionMap":{"docs":{"insertions":3,"deletions":3}}},{"hash":"52388a0e6540099eb1162e837259e386a484f687","isMergeCommit":true,"messageTitle":"Merge pull request #142 from Samueltansw/master","messageBody":"edited description of edit an income in user guide","fileTypesAndContributionMap":{}},{"hash":"2b0468ba553dde0bb8f7b416f8aea9afa507ebb4","isMergeCommit":false,"messageTitle":"added limit of 2dp for amount in user guide","messageBody":"","fileTypesAndContributionMap":{"docs":{"insertions":5,"deletions":5}}},{"hash":"efbdc7a530a2f068664a90b6d3067c3246a318e1","isMergeCommit":false,"messageTitle":"bolded 2dp in user guide","messageBody":"","fileTypesAndContributionMap":{"docs":{"insertions":1,"deletions":1}}},{"hash":"7d9f6abad6ea4bd8c9ddd8c04c0aa22feef66349","isMergeCommit":true,"messageTitle":"Merge pull request #143 from Samueltansw/master","messageBody":"added a limit of 2dp for amount in the user guide","fileTypesAndContributionMap":{}},{"hash":"e2e2abb5105a3539e13bf6df39a535719d30cbdb","isMergeCommit":false,"messageTitle":"added links to table of content at the end of every section in user guide","messageBody":"","fileTypesAndContributionMap":{"docs":{"insertions":40,"deletions":1}}},{"hash":"1496062e8d974fa877a80aa031fc0ababdfb0b7e","isMergeCommit":true,"messageTitle":"Merge pull request #144 from Samueltansw/master","messageBody":"added links to table of content at the end of every section in user g…","fileTypesAndContributionMap":{}}]}],"SpeciLiam":[{"date":"2023-03-03","commitResults":[{"hash":"b2d6fc1c0caa18810b53ba9bc2d43cc141e5d611","isMergeCommit":false,"messageTitle":"Changed About Us Second Name Line to Liam","messageBody":"","fileTypesAndContributionMap":{"docs":{"insertions":4,"deletions":4}}}]},{"date":"2023-03-08","commitResults":[{"hash":"aa428b7d4851f8198cd320a8b9d1fefdb80db4b2","isMergeCommit":false,"messageTitle":"Added Budget and Target classes","messageBody":"","fileTypesAndContributionMap":{"functional-code":{"insertions":42,"deletions":0}}}]},{"date":"2023-03-10","commitResults":[{"hash":"a69723958ba8d433ba4e01e195af325162d38bb6","isMergeCommit":false,"messageTitle":"Fixed About us","messageBody":"","fileTypesAndContributionMap":{"docs":{"insertions":7,"deletions":7}}}]},{"date":"2023-03-23","commitResults":[{"hash":"095898bd081f324d2663d7f106edb569b9939c94","isMergeCommit":false,"messageTitle":"Added Changes For Saving and Writing and refractored to expense and income packages","messageBody":"","fileTypesAndContributionMap":{"functional-code":{"insertions":180,"deletions":17},"other":{"insertions":26,"deletions":6},"test-code":{"insertions":1,"deletions":0}}},{"hash":"09a572986545e1073b323e79ac12fb103767adf5","isMergeCommit":false,"messageTitle":"Checkstyle","messageBody":"","fileTypesAndContributionMap":{"functional-code":{"insertions":10,"deletions":4}}},{"hash":"5b57bfda111c3abce15b95a557896614c377ee41","isMergeCommit":true,"messageTitle":"Merge branch \u0027master\u0027 of https://github.com/AY2223S2-CS2113-F13-2/tp-1","messageBody":"","fileTypesAndContributionMap":{}},{"hash":"95fca5fee3735e5c110caa5f83a5aadadbc69b41","isMergeCommit":false,"messageTitle":"Added Save for sorting so it retains sorted style","messageBody":"","fileTypesAndContributionMap":{"functional-code":{"insertions":5,"deletions":0}}},{"hash":"a9935741cb189f20eee484bd673da2bb239ab5f2","isMergeCommit":false,"messageTitle":"Checkstyle","messageBody":"","fileTypesAndContributionMap":{"functional-code":{"insertions":19,"deletions":20}}},{"hash":"9cc288a3d38c30ead6f55d3eda1aa7b1164a74f7","isMergeCommit":false,"messageTitle":"Checkstyle","messageBody":"","fileTypesAndContributionMap":{"functional-code":{"insertions":13,"deletions":8}}},{"hash":"c18115ccb90eda91436af2328d7922447638ddf1","isMergeCommit":false,"messageTitle":"Checkstyle","messageBody":"","fileTypesAndContributionMap":{"functional-code":{"insertions":9,"deletions":25}}},{"hash":"d820d101ca6412200785ecc1361cddd2107e7d21","isMergeCommit":true,"messageTitle":"Merge pull request #52 from AY2223S2-CS2113-F13-2/master","messageBody":"Save and Read income and expense reformat package for incomes and expense","fileTypesAndContributionMap":{}}]},{"date":"2023-03-24","commitResults":[{"hash":"fc16db24ad83bcaa009b23fd0f3921128c7017f9","isMergeCommit":false,"messageTitle":"DG liam Van","messageBody":"","fileTypesAndContributionMap":{"docs":{"insertions":12,"deletions":0}}},{"hash":"f2b57b8480655564e5219608805eb822c7bc76d0","isMergeCommit":true,"messageTitle":"Merge pull request #59 from AY2223S2-CS2113-F13-2/master","messageBody":"DG liam Van","fileTypesAndContributionMap":{}},{"hash":"38da03d3ce88fa9564101d3216b303646ec1fef6","isMergeCommit":false,"messageTitle":"Fixed Issue Related to Saving Income and Expense.","messageBody":"","fileTypesAndContributionMap":{"functional-code":{"insertions":22,"deletions":23}}},{"hash":"8f5f283ca97ba969ef2abfc120d1b9c0f5c12f0c","isMergeCommit":true,"messageTitle":"Merge Conflicts","messageBody":"","fileTypesAndContributionMap":{}},{"hash":"56794abd34a3db22be3450bade41d4412d6287c9","isMergeCommit":false,"messageTitle":"Fixed Save/Write","messageBody":"","fileTypesAndContributionMap":{"functional-code":{"insertions":16,"deletions":9}}},{"hash":"a92f6834e0a088143549adcae1913926da665d6d","isMergeCommit":false,"messageTitle":"CheckStyle","messageBody":"","fileTypesAndContributionMap":{"functional-code":{"insertions":0,"deletions":2}}},{"hash":"da3d664eb3eb704f442535f108d44b7a54590886","isMergeCommit":false,"messageTitle":"CheckStyle","messageBody":"","fileTypesAndContributionMap":{"functional-code":{"insertions":0,"deletions":1}}},{"hash":"812bce40c29f4e98a554df0444e5ed9d2f6b46f3","isMergeCommit":true,"messageTitle":"Merge pull request #60 from AY2223S2-CS2113-F13-2/master","messageBody":"Fixed Save and GitIgnore","fileTypesAndContributionMap":{}}]},{"date":"2023-03-28","commitResults":[{"hash":"8799059b5a5b0ea930eae72e58d59efe39433655","isMergeCommit":false,"messageTitle":"Added Save component for Budget and Read Component","messageBody":"","fileTypesAndContributionMap":{"functional-code":{"insertions":6,"deletions":1}}},{"hash":"ef38c4a8da8f24c0dab1990e2989d454f4195195","isMergeCommit":false,"messageTitle":"Added Save component for Budget and Read Component","messageBody":"","fileTypesAndContributionMap":{"functional-code":{"insertions":60,"deletions":0}}},{"hash":"5aec75ace81be4f58f3605966e5a0516c0ef0faa","isMergeCommit":false,"messageTitle":"CheckStyle","messageBody":"","fileTypesAndContributionMap":{"functional-code":{"insertions":6,"deletions":1}}},{"hash":"2e2e9879a9c6d27af00c996ea659d9141a4f8438","isMergeCommit":true,"messageTitle":"Merge pull request #63 from AY2223S2-CS2113-F13-2/master","messageBody":"Added Save component for Budget and Read Component","fileTypesAndContributionMap":{}}]},{"date":"2023-03-30","commitResults":[{"hash":"1939efa570535a389b001a953142e2cda10452e0","isMergeCommit":false,"messageTitle":"Developer Guide for Save  Methods and Classes.","messageBody":"","fileTypesAndContributionMap":{"docs":{"insertions":24,"deletions":4}}},{"hash":"547b447a6c14d2dd298836319efcc3e78d27fa49","isMergeCommit":true,"messageTitle":"Merge pull request #67 from AY2223S2-CS2113-F13-2/master","messageBody":"Developer Guide for Save  Methods and Classes.","fileTypesAndContributionMap":{}}]}]},"authorFileTypeContributionMap":{"sistine-yu":{"docs":165,"functional-code":581,"test-code":51},"namsengi11":{"docs":84,"functional-code":478,"test-code":140},"Samueltansw":{"docs":815,"functional-code":924,"test-code":205,"other":3},"SpeciLiam":{"docs":28,"functional-code":297,"test-code":1}},"authorContributionVariance":{"sistine-yu":43734.355,"namsengi11":8338.0,"Samueltansw":30435.705,"SpeciLiam":2620.9844},"authorDisplayNameMap":{"sistine-yu":"CS2113-F13-2 YU S..CHEN","namsengi11":"CS2113-F13-2 NAM ..GJUN","Samueltansw":"CS2113-F13-2 SAMU.. WEE","SpeciLiam":"CS2113-F13-2 VAN ..SEPH"}}
