{"authorDailyContributionsMap":{"coregano":[{"date":"2023-03-09","commitResults":[{"hash":"4fc0027dce7867afa4e203baeee87f2c40960a4b","isMergeCommit":false,"messageTitle":"Add subclasses of class Commands: AddCommand, DeleteComamnd, PackCommand, ListCommand, HelpCommand Add package bag.packer.commands for class Commands and relevant subclasses Move Commands class from package bagpacker.packingfunc to package pagpacker.commands","messageBody":"Add code for classes Storage, Commands, AddCommand\nAdd new method printToUser in class Ui, prints param\nAdd goodbyeMessage and Storage.save methods in Main\n\nLet\u0027s,\n* apply JavaDocs to more important methods\n* finish runtest file\n","fileTypesAndContributionMap":{"functional-code":{"insertions":219,"deletions":6}}},{"hash":"0a740d3389674ce685b72d77a0ce0cd06d10ba4e","isMergeCommit":true,"messageTitle":"Merge pull request #10 from coregano/master","messageBody":"Add subclasses of class Commands: AddCommand, DeleteComamnd, PackCommand, ListCommand, HelpCommand\r\nAdd package bag.packer.commands for class Commands and relevant subclasses\r\nMove Commands class from package bagpacker.packingfunc to package pagpacker.commands\r\n\r\nAdd code for classes Storage, Commands, AddCommand\r\nAdd new method printToUser in class Ui, prints param\r\nAdd goodbyeMessage and Storage.save methods in Main\r\n\r\nLet\u0027s,\r\n* apply JavaDocs to more important methods\r\n* finish runtest file","fileTypesAndContributionMap":{}},{"hash":"279e0f6106efeda0225b12cafdb8a7a50b5e9dea","isMergeCommit":false,"messageTitle":"Edit code to pass CheckStyle test in classes: AddCommad, Commands, DeleteCommand, HelpCommand, ListCommand, PackCommand, Storage","messageBody":"","fileTypesAndContributionMap":{"functional-code":{"insertions":16,"deletions":16}}}]},{"date":"2023-03-11","commitResults":[{"hash":"522e2ac45c61e6c541980f5efe4e147824f645b5","isMergeCommit":false,"messageTitle":"Update input.txt and EXPECTED.TXT for testing","messageBody":"","fileTypesAndContributionMap":{"functional-code":{"insertions":31,"deletions":31}}},{"hash":"f9e42d25e7a829ee3ef6bbcf01dffe20ab212ba0","isMergeCommit":true,"messageTitle":"Merge branch \u0027master\u0027 of https://github.com/coregano/tp","messageBody":"# Conflicts:\n#\tsrc/main/java/bagpacker/commands/Commands.java\n#\tsrc/main/java/bagpacker/iohandler/Storage.java\n","fileTypesAndContributionMap":{}},{"hash":"61fbb6aef08772f0ac0d0ad2c383e6043de73aa5","isMergeCommit":false,"messageTitle":"Remove unused imports","messageBody":"","fileTypesAndContributionMap":{"functional-code":{"insertions":0,"deletions":5}}},{"hash":"c4384d60e446f8f8a0e357fef28a12c725a89679","isMergeCommit":false,"messageTitle":"Update main class in build.gradle","messageBody":"","fileTypesAndContributionMap":{"other":{"insertions":2,"deletions":2}}},{"hash":"a844759c50748cd7972d41b39e1e3b0ecfd52d82","isMergeCommit":false,"messageTitle":"Edit runtest.sh to fix Cl system bug Ref: https://github.com/nus-cs2113-AY2021S1/forum/issues/48","messageBody":"","fileTypesAndContributionMap":{"other":{"insertions":1,"deletions":2}}},{"hash":"0a61e1dbf84dab445c1979101d62004d4bdd4451","isMergeCommit":false,"messageTitle":"Fix bug - extra whitespace in BagPacker Logo","messageBody":"","fileTypesAndContributionMap":{"functional-code":{"insertions":2,"deletions":2},"other":{"insertions":0,"deletions":1}}},{"hash":"b90dd61550eb3810ca588fe0738e7b696efcd0bf","isMergeCommit":true,"messageTitle":"Merge pull request #20 from coregano/master","messageBody":"Fix bug of extra whitespace in BagPacker logo","fileTypesAndContributionMap":{}}]},{"date":"2023-03-16","commitResults":[{"hash":"2ab6d917f3329de1738cfca7b9fa2bbb92f4c819","isMergeCommit":false,"messageTitle":"features Move switch case from class BagPacker to Parse","messageBody":"edit\nUpdate methods in parse to use itemIndex instead of itemDescription\n","fileTypesAndContributionMap":{"functional-code":{"insertions":4,"deletions":1}}},{"hash":"c5828d9067ed859ece005f75184c699a262bb865","isMergeCommit":true,"messageTitle":"Merge remote-tracking branch \u0027main/master\u0027","messageBody":"# Conflicts:\n#\tsrc/main/java/bagpacker/iohandler/Parser.java\n","fileTypesAndContributionMap":{}},{"hash":"08ef158b15e833eda8197371d426016ed7c4dca8","isMergeCommit":false,"messageTitle":"Edit parse class by adding switch case and updated parse command methods","messageBody":"","fileTypesAndContributionMap":{"functional-code":{"insertions":55,"deletions":100}}},{"hash":"01ed6fa5e061838b41620426b3714dd651604b82","isMergeCommit":true,"messageTitle":"Merge branch \u0027master\u0027 of https://github.com/coregano/tp","messageBody":"# Conflicts:\n#\tsrc/main/java/bagpacker/BagPacker.java\n#\tsrc/main/java/bagpacker/iohandler/Parser.java\n","fileTypesAndContributionMap":{}},{"hash":"ac1c6f66e566c4ffef91c2cf9a57a14224a79b95","isMergeCommit":true,"messageTitle":"Merge pull request #28 from coregano/master","messageBody":"Merge conflict resolved","fileTypesAndContributionMap":{}},{"hash":"a4aa258559524826c091c5a39bbdc93722fbfd0d","isMergeCommit":false,"messageTitle":"Fix bug in Main BagPacker Class - add lines to execute Command subclasses","messageBody":"","fileTypesAndContributionMap":{"functional-code":{"insertions":8,"deletions":4}}},{"hash":"295f7885f613a0bc6b564808c67864f67f7b2d4e","isMergeCommit":true,"messageTitle":"Merge pull request #29 from coregano/master","messageBody":"Fix bug in Main BagPacker Class - add lines to execute Command subclasses","fileTypesAndContributionMap":{}}]}],"linuspuah":[{"date":"2023-03-02","commitResults":[{"hash":"c3e9bfef04b0cd1900b11abdbf11bb825908dab9","isMergeCommit":false,"messageTitle":"Added Linus\u0027 Profile to About Us file","messageBody":"","fileTypesAndContributionMap":{"docs":{"insertions":19,"deletions":9}}}]},{"date":"2023-03-07","commitResults":[{"hash":"f2fb7b154561dce9916fc6fce428eeed9f090f3a","isMergeCommit":true,"messageTitle":"Merge pull request #1 from linuspuah/master","messageBody":"Added Linus\u0027 Profile to About Us file","fileTypesAndContributionMap":{}},{"hash":"f35f2b8b04422564f6e671a6e75a9cf2914e3f35","isMergeCommit":true,"messageTitle":"Merge branch \u0027master\u0027 into master","messageBody":"","fileTypesAndContributionMap":{}},{"hash":"b1960c61033a6113fa47e246e2790579bac758e7","isMergeCommit":true,"messageTitle":"Merge pull request #2 from tangphi/master","messageBody":"Add name to README","fileTypesAndContributionMap":{}}]},{"date":"2023-03-08","commitResults":[{"hash":"95a56a4e307644bfc290a4e5b92a16e6f0c385b5","isMergeCommit":false,"messageTitle":"Add io and parser functions","messageBody":"","fileTypesAndContributionMap":{"functional-code":{"insertions":208,"deletions":21},"other":{"insertions":5,"deletions":3},"test-code":{"insertions":77,"deletions":0}}},{"hash":"5625c513cec56db84103b98329748c3dae91c464","isMergeCommit":false,"messageTitle":"Clean up ioHandler code style","messageBody":"","fileTypesAndContributionMap":{"functional-code":{"insertions":8,"deletions":9},"test-code":{"insertions":0,"deletions":3}}},{"hash":"6febdffbc5fc3cfc820535db9242fb98f5f38421","isMergeCommit":false,"messageTitle":"Refactor code to match code style","messageBody":"","fileTypesAndContributionMap":{"functional-code":{"insertions":4,"deletions":4},"other":{"insertions":32,"deletions":31}}},{"hash":"700abb072be046b3adc59e3571e3552dc3849221","isMergeCommit":true,"messageTitle":"Merge pull request #8 from linuspuah/master","messageBody":"","fileTypesAndContributionMap":{}}]},{"date":"2023-03-13","commitResults":[{"hash":"f31caae0d6e830843852b3587f32ede126404e5a","isMergeCommit":true,"messageTitle":"Merge pull request #22 from tangphi/sophie_priority_tasks_1.0","messageBody":"Add, delete, pack and unpack","fileTypesAndContributionMap":{}}]},{"date":"2023-03-14","commitResults":[{"hash":"a9cc94231b5ef7657cb0bbee21ebb23356769d12","isMergeCommit":false,"messageTitle":"Refactor input String Array to type ArrayList","messageBody":"","fileTypesAndContributionMap":{"functional-code":{"insertions":9,"deletions":7}}},{"hash":"b297a6eb944c4b9dd77a0b395a3cca93ab69a7ba","isMergeCommit":false,"messageTitle":"Change help message item key to i/","messageBody":"","fileTypesAndContributionMap":{"functional-code":{"insertions":2,"deletions":2}}},{"hash":"0a72c6f052f5bed07a0bc8353fc352f7f18ec459","isMergeCommit":true,"messageTitle":"Merge branch \u0027refactorParser\u0027","messageBody":"","fileTypesAndContributionMap":{}},{"hash":"e375cac6d41f0ec4703b928312f81d908f37ad8d","isMergeCommit":true,"messageTitle":"Merge pull request #23 from linuspuah/master","messageBody":"Refactor input string to type ArrayList","fileTypesAndContributionMap":{}}]},{"date":"2023-03-16","commitResults":[{"hash":"12dee081127783744113dd643ba83ade6aaa5002","isMergeCommit":false,"messageTitle":"Refactor Help command","messageBody":"","fileTypesAndContributionMap":{"functional-code":{"insertions":68,"deletions":26}}},{"hash":"701d20107cbecf64966b1ea51d9c7cbf80361927","isMergeCommit":false,"messageTitle":"Fix feedback message bug for pack and unpack command","messageBody":"","fileTypesAndContributionMap":{"functional-code":{"insertions":13,"deletions":5}}},{"hash":"e046e3cf88ab416fecabb0e8455ada375425b6c2","isMergeCommit":true,"messageTitle":"Merge pull request #36 from linuspuah/master","messageBody":"Fixed delete command and message bugs in pack and unpack","fileTypesAndContributionMap":{}}]},{"date":"2023-03-17","commitResults":[{"hash":"ed24adb50654c55001ebe477d860c36cb6a6b9d5","isMergeCommit":false,"messageTitle":"Fixed bug that only read in first space separated word after the command input Add major errors handling and exceptions for command inputs","messageBody":"","fileTypesAndContributionMap":{"functional-code":{"insertions":129,"deletions":24}}},{"hash":"2db534838b72a9e9f504e87358b9505f6c2c4f60","isMergeCommit":false,"messageTitle":"Refactor Parser Class","messageBody":"","fileTypesAndContributionMap":{"functional-code":{"insertions":24,"deletions":12}}},{"hash":"71ff2fcbf4b53c41b408c5717c9924b1316d21b8","isMergeCommit":true,"messageTitle":"Merge pull request #1 from AY2223S2-CS2113-T14-2/master","messageBody":"Add Error handling and exceptions\r\nFixed bug where only first word of item name is read","fileTypesAndContributionMap":{}},{"hash":"1c9914f65b1e1cd2c197245749e759a2b6fdd713","isMergeCommit":true,"messageTitle":"Merge pull request #37 from linuspuah/master","messageBody":"Add error handling for commands and fixed parser bugs","fileTypesAndContributionMap":{}},{"hash":"27a6af87c0a3e28709bf163d86d7744fb0709d32","isMergeCommit":false,"messageTitle":"Add javaDocs","messageBody":"","fileTypesAndContributionMap":{"functional-code":{"insertions":35,"deletions":9}}},{"hash":"f423790722891800c1fffab35ff71fef66ed80a4","isMergeCommit":true,"messageTitle":"Merge branch \u0027master\u0027 of https://github.com/linuspuah/tp","messageBody":"","fileTypesAndContributionMap":{}},{"hash":"e96cf74376e4c217be7102d66141a91d1b92cf76","isMergeCommit":false,"messageTitle":"Refine JavaDocs for Parser","messageBody":"","fileTypesAndContributionMap":{"functional-code":{"insertions":24,"deletions":12}}},{"hash":"66e57f9424524674730260be307a37a15d7494dc","isMergeCommit":false,"messageTitle":"Add assertion to PackCommand","messageBody":"","fileTypesAndContributionMap":{"functional-code":{"insertions":14,"deletions":10}}}]},{"date":"2023-03-18","commitResults":[{"hash":"44b72e8325e69f271b06da396e3598b922a25176","isMergeCommit":true,"messageTitle":"Merge pull request #38 from linuspuah/master","messageBody":"Add Pack Command Assertion","fileTypesAndContributionMap":{}}]},{"date":"2023-03-19","commitResults":[{"hash":"842bda936c917200b519fd4012ed14e7ef9ec2c0","isMergeCommit":false,"messageTitle":"Fix pack class assertion bug","messageBody":"","fileTypesAndContributionMap":{"functional-code":{"insertions":2,"deletions":1}}},{"hash":"242bc4ce5c8b59d0379a9dc0e9b0c5a7d3d41b9f","isMergeCommit":true,"messageTitle":"Merge pull request #39 from linuspuah/master","messageBody":"Fix pack class assertion bug","fileTypesAndContributionMap":{}}]},{"date":"2023-03-22","commitResults":[{"hash":"83cb8261a8b487ad9f23acc0c80f9f3fc454533d","isMergeCommit":false,"messageTitle":"Update user stories until V2b in DG","messageBody":"","fileTypesAndContributionMap":{"docs":{"insertions":16,"deletions":5}}},{"hash":"3339bff0bb3020ca43ec2170438b2ec34e0ba8cb","isMergeCommit":false,"messageTitle":"Update General Command Mechanisms, with details for Bye, Help, DeleteList Command","messageBody":"","fileTypesAndContributionMap":{"docs":{"insertions":43,"deletions":1}}},{"hash":"473ee2b9150e0b98d67bd9e403026cf231de64a1","isMergeCommit":false,"messageTitle":"Add DeleteListCommand function","messageBody":"","fileTypesAndContributionMap":{"functional-code":{"insertions":34,"deletions":20}}},{"hash":"b87db85fb8af50f4b4584b8053351250b6178293","isMergeCommit":false,"messageTitle":"Refactor naming in CommandsTest class","messageBody":"","fileTypesAndContributionMap":{"test-code":{"insertions":2,"deletions":2}}},{"hash":"d332f33ea2bc33f13324b43652655f6413bfd751","isMergeCommit":true,"messageTitle":"Merge pull request #44 from linuspuah/master","messageBody":"Update DG and add DeleteList function","fileTypesAndContributionMap":{}}]}],"tangphi":[{"date":"2023-03-02","commitResults":[{"hash":"eea988251421cc44ceba42a164f68089c5dd5441","isMergeCommit":false,"messageTitle":"Add name","messageBody":"","fileTypesAndContributionMap":{"docs":{"insertions":7,"deletions":7}}}]},{"date":"2023-03-12","commitResults":[{"hash":"6be124431d55083e89548f346a8b80b6cca9f89f","isMergeCommit":false,"messageTitle":"Add functionality to add item to packing list","messageBody":"","fileTypesAndContributionMap":{"functional-code":{"insertions":49,"deletions":12},"other":{"insertions":3,"deletions":3}}},{"hash":"4117842f9cca5a0462495bc37ffa81cd3ef57c6e","isMergeCommit":false,"messageTitle":"Add remove item from packing list functionality","messageBody":"","fileTypesAndContributionMap":{"functional-code":{"insertions":58,"deletions":1}}},{"hash":"5c1a8eeb45fa967081ed42abd2b74400749e380c","isMergeCommit":false,"messageTitle":"Add functionality to mark an item as packed in the packing list","messageBody":"","fileTypesAndContributionMap":{"functional-code":{"insertions":44,"deletions":3}}},{"hash":"d45f8827132edb4fd3122d31eb2fed8e2a7570a5","isMergeCommit":false,"messageTitle":"Add functionality to mark an item as unpacked in the packing list","messageBody":"","fileTypesAndContributionMap":{"functional-code":{"insertions":54,"deletions":2}}},{"hash":"1c5a5d57dbb64547c4abed7f5b3966ae1c5573bb","isMergeCommit":false,"messageTitle":"Remove unused imports","messageBody":"","fileTypesAndContributionMap":{"functional-code":{"insertions":0,"deletions":5}}}]},{"date":"2023-03-19","commitResults":[{"hash":"b388e3c4e9694cc319fdbebcebdc3b24b5059db7","isMergeCommit":false,"messageTitle":"Add JUnit tests for addCommand","messageBody":"","fileTypesAndContributionMap":{"test-code":{"insertions":32,"deletions":0}}},{"hash":"6575c86eb7e3f2c979b4cef1c9d60b0e015c70ca","isMergeCommit":false,"messageTitle":"Remove unused imports","messageBody":"","fileTypesAndContributionMap":{"test-code":{"insertions":0,"deletions":5}}},{"hash":"d12f77d85433864013e66f81a3391d6d953a8372","isMergeCommit":true,"messageTitle":"Merge pull request #40 from tangphi/sophie_add_jUnit_tests","messageBody":"Add JUnit tests for addCommand","fileTypesAndContributionMap":{}}]},{"date":"2023-03-22","commitResults":[{"hash":"7e83f4e9ef78edd3b33d6a358e1e1640e42db4fc","isMergeCommit":false,"messageTitle":"Add assertion for unpack command","messageBody":"","fileTypesAndContributionMap":{"functional-code":{"insertions":1,"deletions":0}}},{"hash":"6ca03c9e460405f710581d51834beac66f82ee6c","isMergeCommit":false,"messageTitle":"Refactor code format","messageBody":"","fileTypesAndContributionMap":{"functional-code":{"insertions":1,"deletions":2}}},{"hash":"f36400ae24eb8ab17397a7de2e140b9740cbd050","isMergeCommit":false,"messageTitle":"Refactor unpack command code format","messageBody":"","fileTypesAndContributionMap":{"functional-code":{"insertions":2,"deletions":1}}},{"hash":"534519493155e5857486750460ce95d1b1d0f259","isMergeCommit":true,"messageTitle":"Merge pull request #42 from tangphi/sophie_assertions_branch","messageBody":"Add assertion for unpack command","fileTypesAndContributionMap":{}},{"hash":"cecb427ef0824400b674a37b54d93948fd172599","isMergeCommit":false,"messageTitle":"Update developer guide with add, delete command, target user profile and value proposition","messageBody":"","fileTypesAndContributionMap":{"docs":{"insertions":19,"deletions":4}}},{"hash":"d226597a5cdb1ea94982a552cf270d111bd6679d","isMergeCommit":true,"messageTitle":"Merge pull request #45 from tangphi/master","messageBody":"Update developer guide with add, delete command, target user profile …","fileTypesAndContributionMap":{}},{"hash":"dae2205d9145c93ede3f7bee7b93d6da7a0f92be","isMergeCommit":false,"messageTitle":"Edit add command UG description","messageBody":"","fileTypesAndContributionMap":{"docs":{"insertions":1,"deletions":1}}},{"hash":"a61132c3b272d1ef9c23a05672cda860a1fdeb77","isMergeCommit":true,"messageTitle":"Merge pull request #46 from tangphi/master","messageBody":"Edit add command UG description","fileTypesAndContributionMap":{}}]}],"shannentan":[{"date":"2023-03-02","commitResults":[{"hash":"687807062c5bec501f432398113694f9a1fd7951","isMergeCommit":false,"messageTitle":"Update README.md","messageBody":"","fileTypesAndContributionMap":{"docs":{"insertions":1,"deletions":1}}}]},{"date":"2023-03-15","commitResults":[{"hash":"42596552b9c3c95f8f98bc57551e9889ba729eb0","isMergeCommit":false,"messageTitle":"Add list and deleteall commands","messageBody":"","fileTypesAndContributionMap":{"functional-code":{"insertions":49,"deletions":0}}},{"hash":"e6e99b5edd9619b59c91fe6190e81511d7f0071a","isMergeCommit":true,"messageTitle":"Merge branch \u0027feature-list-deleteall-commands\u0027","messageBody":"","fileTypesAndContributionMap":{}},{"hash":"c26e2c9f1e8d8baa0b8ac11d470f08fa9396007e","isMergeCommit":true,"messageTitle":"Merge pull request #24 from shannentan/master","messageBody":"Add list and deleteall commands","fileTypesAndContributionMap":{}}]}]},"authorFileTypeContributionMap":{"coregano":{"docs":0,"functional-code":247,"test-code":0,"other":2},"linuspuah":{"docs":71,"functional-code":450,"test-code":43},"tangphi":{"docs":20,"functional-code":119,"test-code":26},"shannentan":{"docs":1,"functional-code":29,"test-code":0}},"authorContributionVariance":{"coregano":2773.0566,"linuspuah":7360.644,"tangphi":1599.6898,"shannentan":68.48529},"authorDisplayNameMap":{"coregano":"CS2113-T14-2 KIM .. WON","linuspuah":"CS2113-T14-2 LINU..A HE","tangphi":"CS2113-T14-2 TANG..XUAN","shannentan":"CS2113-T14-2 SHAN.. TAN"}}
