[{"path":"README.md","fileType":"docs","lines":[{"lineNumber":1,"author":{"gitId":"cleoncheng2000"},"content":"# Sniff project template","lastModifiedDate":"2023-03-01"},{"lineNumber":2,"author":{"gitId":"-"},"content":"","lastModifiedDate":"2020-05-25"},{"lineNumber":3,"author":{"gitId":"-"},"content":"This is a project template for a greenfield Java project. It\u0027s named after the Java mascot _Duke_. Given below are instructions on how to use it.","lastModifiedDate":"2020-05-25"},{"lineNumber":4,"author":{"gitId":"-"},"content":"","lastModifiedDate":"2020-05-25"},{"lineNumber":5,"author":{"gitId":"-"},"content":"## Setting up in Intellij","lastModifiedDate":"2020-05-25"},{"lineNumber":6,"author":{"gitId":"-"},"content":"","lastModifiedDate":"2020-05-25"},{"lineNumber":7,"author":{"gitId":"-"},"content":"Prerequisites: JDK 11 (use the exact version), update Intellij to the most recent version.","lastModifiedDate":"2020-05-24"},{"lineNumber":8,"author":{"gitId":"-"},"content":"","lastModifiedDate":"2020-05-24"},{"lineNumber":9,"author":{"gitId":"-"},"content":"1. **Ensure Intellij JDK 11 is defined as an SDK**, as described [here](https://www.jetbrains.com/help/idea/sdk.html#set-up-jdk) -- this step is not needed if you have used JDK 11 in a previous Intellij project.","lastModifiedDate":"2020-05-24"},{"lineNumber":10,"author":{"gitId":"-"},"content":"1. **Import the project _as a Gradle project_**, as described [here](https://se-education.org/guides/tutorials/intellijImportGradleProject.html).","lastModifiedDate":"2020-05-24"},{"lineNumber":11,"author":{"gitId":"-"},"content":"1. **Verify the set up**: After the importing is complete, locate the `src/main/java/seedu/duke/Duke.java` file, right-click it, and choose `Run Duke.main()`. If the setup is correct, you should see something like the below:","lastModifiedDate":"2020-05-24"},{"lineNumber":12,"author":{"gitId":"-"},"content":"   ```","lastModifiedDate":"2020-05-25"},{"lineNumber":13,"author":{"gitId":"-"},"content":"   \u003e Task :compileJava","lastModifiedDate":"2020-05-24"},{"lineNumber":14,"author":{"gitId":"-"},"content":"   \u003e Task :processResources NO-SOURCE","lastModifiedDate":"2020-05-24"},{"lineNumber":15,"author":{"gitId":"-"},"content":"   \u003e Task :classes","lastModifiedDate":"2020-05-24"},{"lineNumber":16,"author":{"gitId":"-"},"content":"   ","lastModifiedDate":"2020-05-24"},{"lineNumber":17,"author":{"gitId":"-"},"content":"   \u003e Task :Duke.main()","lastModifiedDate":"2020-05-24"},{"lineNumber":18,"author":{"gitId":"-"},"content":"   Hello from","lastModifiedDate":"2020-05-25"},{"lineNumber":19,"author":{"gitId":"-"},"content":"    ____        _        ","lastModifiedDate":"2020-05-25"},{"lineNumber":20,"author":{"gitId":"-"},"content":"   |  _ \\ _   _| | _____ ","lastModifiedDate":"2020-05-25"},{"lineNumber":21,"author":{"gitId":"-"},"content":"   | | | | | | | |/ / _ \\","lastModifiedDate":"2020-05-25"},{"lineNumber":22,"author":{"gitId":"-"},"content":"   | |_| | |_| |   \u003c  __/","lastModifiedDate":"2020-05-25"},{"lineNumber":23,"author":{"gitId":"-"},"content":"   |____/ \\__,_|_|\\_\\___|","lastModifiedDate":"2020-05-25"},{"lineNumber":24,"author":{"gitId":"-"},"content":"   ","lastModifiedDate":"2020-05-24"},{"lineNumber":25,"author":{"gitId":"-"},"content":"   What is your name?","lastModifiedDate":"2020-05-24"},{"lineNumber":26,"author":{"gitId":"-"},"content":"   ```","lastModifiedDate":"2020-05-25"},{"lineNumber":27,"author":{"gitId":"-"},"content":"   Type some word and press enter to let the execution proceed to the end.","lastModifiedDate":"2020-05-24"},{"lineNumber":28,"author":{"gitId":"-"},"content":"","lastModifiedDate":"2020-05-24"},{"lineNumber":29,"author":{"gitId":"cleoncheng2000"},"content":"## Build automation using Gradle.","lastModifiedDate":"2023-03-01"},{"lineNumber":30,"author":{"gitId":"-"},"content":"","lastModifiedDate":"2020-05-24"},{"lineNumber":31,"author":{"gitId":"-"},"content":"* This project uses Gradle for build automation and dependency management. It includes a basic build script as well (i.e. the `build.gradle` file).","lastModifiedDate":"2020-05-24"},{"lineNumber":32,"author":{"gitId":"-"},"content":"* If you are new to Gradle, refer to the [Gradle Tutorial at se-education.org/guides](https://se-education.org/guides/tutorials/gradle.html).","lastModifiedDate":"2020-05-24"},{"lineNumber":33,"author":{"gitId":"-"},"content":"","lastModifiedDate":"2020-05-24"},{"lineNumber":34,"author":{"gitId":"-"},"content":"## Testing","lastModifiedDate":"2020-05-24"},{"lineNumber":35,"author":{"gitId":"-"},"content":"","lastModifiedDate":"2020-05-24"},{"lineNumber":36,"author":{"gitId":"-"},"content":"### I/O redirection tests","lastModifiedDate":"2020-05-24"},{"lineNumber":37,"author":{"gitId":"-"},"content":"","lastModifiedDate":"2020-05-24"},{"lineNumber":38,"author":{"gitId":"-"},"content":"* To run _I/O redirection_ tests (aka _Text UI tests_), navigate to the `text-ui-test` and run the `runtest(.bat/.sh)` script.","lastModifiedDate":"2020-05-24"},{"lineNumber":39,"author":{"gitId":"-"},"content":"","lastModifiedDate":"2020-05-24"},{"lineNumber":40,"author":{"gitId":"-"},"content":"### JUnit tests","lastModifiedDate":"2020-05-24"},{"lineNumber":41,"author":{"gitId":"-"},"content":"","lastModifiedDate":"2020-05-24"},{"lineNumber":42,"author":{"gitId":"-"},"content":"* A skeleton JUnit test (`src/test/java/seedu/duke/DukeTest.java`) is provided with this project template. ","lastModifiedDate":"2020-05-24"},{"lineNumber":43,"author":{"gitId":"-"},"content":"* If you are new to JUnit, refer to the [JUnit Tutorial at se-education.org/guides](https://se-education.org/guides/tutorials/junit.html).","lastModifiedDate":"2020-05-24"},{"lineNumber":44,"author":{"gitId":"-"},"content":"","lastModifiedDate":"2020-05-24"},{"lineNumber":45,"author":{"gitId":"-"},"content":"## Checkstyle","lastModifiedDate":"2020-05-24"},{"lineNumber":46,"author":{"gitId":"-"},"content":"","lastModifiedDate":"2020-05-24"},{"lineNumber":47,"author":{"gitId":"-"},"content":"* A sample CheckStyle rule configuration is provided in this project.","lastModifiedDate":"2020-05-24"},{"lineNumber":48,"author":{"gitId":"-"},"content":"* If you are new to Checkstyle, refer to the [Checkstyle Tutorial at se-education.org/guides](https://se-education.org/guides/tutorials/checkstyle.html).","lastModifiedDate":"2020-05-24"},{"lineNumber":49,"author":{"gitId":"-"},"content":"","lastModifiedDate":"2020-05-24"},{"lineNumber":50,"author":{"gitId":"-"},"content":"## CI using GitHub Actions","lastModifiedDate":"2020-05-24"},{"lineNumber":51,"author":{"gitId":"-"},"content":"","lastModifiedDate":"2020-05-24"},{"lineNumber":52,"author":{"gitId":"-"},"content":"The project uses [GitHub actions](https://github.com/features/actions) for CI. When you push a commit to this repo or PR against it, GitHub actions will run automatically to build and verify the code as updated by the commit/PR.","lastModifiedDate":"2020-05-24"},{"lineNumber":53,"author":{"gitId":"-"},"content":"","lastModifiedDate":"2020-05-24"},{"lineNumber":54,"author":{"gitId":"-"},"content":"## Documentation","lastModifiedDate":"2020-05-24"},{"lineNumber":55,"author":{"gitId":"-"},"content":"","lastModifiedDate":"2020-05-24"},{"lineNumber":56,"author":{"gitId":"-"},"content":"`/docs` folder contains a skeleton version of the project documentation.","lastModifiedDate":"2020-05-24"},{"lineNumber":57,"author":{"gitId":"-"},"content":"","lastModifiedDate":"2020-05-24"},{"lineNumber":58,"author":{"gitId":"-"},"content":"Steps for publishing documentation to the public: ","lastModifiedDate":"2020-05-24"},{"lineNumber":59,"author":{"gitId":"-"},"content":"1. If you are using this project template for an individual project, go your fork on GitHub.\u003cbr\u003e","lastModifiedDate":"2020-05-24"},{"lineNumber":60,"author":{"gitId":"-"},"content":"   If you are using this project template for a team project, go to the team fork on GitHub.","lastModifiedDate":"2020-05-24"},{"lineNumber":61,"author":{"gitId":"-"},"content":"1. Click on the `settings` tab.","lastModifiedDate":"2020-05-24"},{"lineNumber":62,"author":{"gitId":"-"},"content":"1. Scroll down to the `GitHub Pages` section.","lastModifiedDate":"2020-05-24"},{"lineNumber":63,"author":{"gitId":"-"},"content":"1. Set the `source` as `master branch /docs folder`.","lastModifiedDate":"2020-05-24"},{"lineNumber":64,"author":{"gitId":"-"},"content":"1. Optionally, use the `choose a theme` button to choose a theme for your documentation.","lastModifiedDate":"2020-05-24"}],"authorContributionMap":{"cleoncheng2000":2,"-":62}},{"path":"docs/AboutUs.md","fileType":"docs","lines":[{"lineNumber":1,"author":{"gitId":"-"},"content":"# About us","lastModifiedDate":"2020-05-24"},{"lineNumber":2,"author":{"gitId":"-"},"content":"","lastModifiedDate":"2020-05-24"},{"lineNumber":3,"author":{"gitId":"-"},"content":"Display |        Name         |            Github Profile             | Portfolio ","lastModifiedDate":"2020-05-24"},{"lineNumber":4,"author":{"gitId":"11-Navya"},"content":"--------|:-------------------:|:-------------------------------------:|:---------:","lastModifiedDate":"2023-03-01"},{"lineNumber":5,"author":{"gitId":"11-Navya"},"content":"![](https://via.placeholder.com/100.png?text\u003dPhoto) | Navya Muthukrishnan | [Github](https://github.com/11-Navya) | [Portfolio](docs/team/Navya.md)","lastModifiedDate":"2023-03-01"},{"lineNumber":6,"author":{"gitId":"Vignesh-30"},"content":"![](https://via.placeholder.com/100.png?text\u003dPhoto) | Varatharaju Vignesh | [Github](https://github.com/Vignesh-30) | [Portfolio](docs/team/vignesh.md)","lastModifiedDate":"2023-03-11"},{"lineNumber":7,"author":{"gitId":"NivethaUdayakumar"},"content":"![](https://via.placeholder.com/100.png?text\u003dPhoto) | Udayakumar Nivetha | [Github](https://github.com/NivethaUdayakumar) | [Portfolio](docs/team/johndoe.md)","lastModifiedDate":"2023-03-01"},{"lineNumber":8,"author":{"gitId":"cleoncheng2000"},"content":"![](https://via.placeholder.com/100.png?text\u003dPhoto) | Cleon Cheng | [Github](https://github.com/cleoncheng2000) | [Portfolio](docs/team/johndoe.md)","lastModifiedDate":"2023-03-01"},{"lineNumber":9,"author":{"gitId":"dendendenden04"},"content":"![](https://via.placeholder.com/100.png?text\u003dPhoto) | Dennis Ong Qinkang | [Github](https://github.com/dendendenden04) | [Portfolio](docs/team/dennisoqk.md)","lastModifiedDate":"2023-03-01"},{"lineNumber":10,"author":{"gitId":"NivethaUdayakumar"},"content":"","lastModifiedDate":"2023-03-01"},{"lineNumber":11,"author":{"gitId":"Vignesh-30"},"content":"","lastModifiedDate":"2023-03-01"}],"authorContributionMap":{"cleoncheng2000":1,"dendendenden04":1,"Vignesh-30":2,"NivethaUdayakumar":2,"-":3,"11-Navya":2}},{"path":"docs/team/dennisoqk.md","fileType":"docs","lines":[{"lineNumber":1,"author":{"gitId":"dendendenden04"},"content":"# Dennis Ong Qinkang - Project Portfolio Page","lastModifiedDate":"2023-03-01"},{"lineNumber":2,"author":{"gitId":"dendendenden04"},"content":"","lastModifiedDate":"2023-03-01"},{"lineNumber":3,"author":{"gitId":"dendendenden04"},"content":"## Overview","lastModifiedDate":"2023-03-01"},{"lineNumber":4,"author":{"gitId":"dendendenden04"},"content":"","lastModifiedDate":"2023-03-01"},{"lineNumber":5,"author":{"gitId":"dendendenden04"},"content":"","lastModifiedDate":"2023-03-01"},{"lineNumber":6,"author":{"gitId":"dendendenden04"},"content":"### Summary of Contributions","lastModifiedDate":"2023-03-01"}],"authorContributionMap":{"dendendenden04":6}},{"path":"src/main/java/exception/SniffException.java","fileType":"functional-code","lines":[{"lineNumber":1,"author":{"gitId":"NivethaUdayakumar"},"content":"package exception;","lastModifiedDate":"2023-03-11"},{"lineNumber":2,"author":{"gitId":"NivethaUdayakumar"},"content":"","lastModifiedDate":"2023-03-11"},{"lineNumber":3,"author":{"gitId":"NivethaUdayakumar"},"content":"public class SniffException extends Exception {","lastModifiedDate":"2023-03-11"},{"lineNumber":4,"author":{"gitId":"NivethaUdayakumar"},"content":"    protected static String errorMessage;","lastModifiedDate":"2023-03-11"},{"lineNumber":5,"author":{"gitId":"NivethaUdayakumar"},"content":"    public SniffException(String e) {","lastModifiedDate":"2023-03-11"},{"lineNumber":6,"author":{"gitId":"NivethaUdayakumar"},"content":"        errorMessage \u003d e;","lastModifiedDate":"2023-03-11"},{"lineNumber":7,"author":{"gitId":"NivethaUdayakumar"},"content":"    }","lastModifiedDate":"2023-03-11"},{"lineNumber":8,"author":{"gitId":"NivethaUdayakumar"},"content":"    public static void showError() {","lastModifiedDate":"2023-03-11"},{"lineNumber":9,"author":{"gitId":"NivethaUdayakumar"},"content":"        System.out.println(errorMessage);","lastModifiedDate":"2023-03-11"},{"lineNumber":10,"author":{"gitId":"NivethaUdayakumar"},"content":"    }","lastModifiedDate":"2023-03-11"},{"lineNumber":11,"author":{"gitId":"NivethaUdayakumar"},"content":"}","lastModifiedDate":"2023-03-11"}],"authorContributionMap":{"NivethaUdayakumar":11}},{"path":"src/main/java/functionalities/Command.java","fileType":"functional-code","lines":[{"lineNumber":1,"author":{"gitId":"NivethaUdayakumar"},"content":"package functionalities;","lastModifiedDate":"2023-03-11"},{"lineNumber":2,"author":{"gitId":"NivethaUdayakumar"},"content":"import exception.SniffException;","lastModifiedDate":"2023-03-11"},{"lineNumber":3,"author":{"gitId":"NivethaUdayakumar"},"content":"","lastModifiedDate":"2023-03-11"},{"lineNumber":4,"author":{"gitId":"NivethaUdayakumar"},"content":"public class Command {","lastModifiedDate":"2023-03-11"},{"lineNumber":5,"author":{"gitId":"NivethaUdayakumar"},"content":"    private final String command;","lastModifiedDate":"2023-03-11"},{"lineNumber":6,"author":{"gitId":"NivethaUdayakumar"},"content":"    public Command(String userCommand) {","lastModifiedDate":"2023-03-11"},{"lineNumber":7,"author":{"gitId":"NivethaUdayakumar"},"content":"        this.command \u003d userCommand;","lastModifiedDate":"2023-03-11"},{"lineNumber":8,"author":{"gitId":"NivethaUdayakumar"},"content":"        //add variables that are read from parser class and used for adding, removing, and viewing appointments.","lastModifiedDate":"2023-03-11"},{"lineNumber":9,"author":{"gitId":"NivethaUdayakumar"},"content":"    }","lastModifiedDate":"2023-03-11"},{"lineNumber":10,"author":{"gitId":"NivethaUdayakumar"},"content":"","lastModifiedDate":"2023-03-11"},{"lineNumber":11,"author":{"gitId":"NivethaUdayakumar"},"content":"    //Implement the features","lastModifiedDate":"2023-03-11"},{"lineNumber":12,"author":{"gitId":"NivethaUdayakumar"},"content":"    public void executeSniffCommands(SniffTasks tasks, Ui ui) throws SniffException {","lastModifiedDate":"2023-03-11"},{"lineNumber":13,"author":{"gitId":"NivethaUdayakumar"},"content":"        if (command.equalsIgnoreCase(\"add\")) {","lastModifiedDate":"2023-03-11"},{"lineNumber":14,"author":{"gitId":"NivethaUdayakumar"},"content":"            tasks.addAppointment();","lastModifiedDate":"2023-03-11"},{"lineNumber":15,"author":{"gitId":"NivethaUdayakumar"},"content":"        } else if (command.equalsIgnoreCase(\"remove\")) {","lastModifiedDate":"2023-03-11"},{"lineNumber":16,"author":{"gitId":"NivethaUdayakumar"},"content":"            tasks.removeAppointment();","lastModifiedDate":"2023-03-11"},{"lineNumber":17,"author":{"gitId":"NivethaUdayakumar"},"content":"        } else if (command.equalsIgnoreCase(\"list\")) {","lastModifiedDate":"2023-03-11"},{"lineNumber":18,"author":{"gitId":"NivethaUdayakumar"},"content":"            tasks.listAppointments();","lastModifiedDate":"2023-03-11"},{"lineNumber":19,"author":{"gitId":"NivethaUdayakumar"},"content":"        } else if (command.equalsIgnoreCase(\"view\")) {","lastModifiedDate":"2023-03-11"},{"lineNumber":20,"author":{"gitId":"NivethaUdayakumar"},"content":"            tasks.viewAppointment();","lastModifiedDate":"2023-03-11"},{"lineNumber":21,"author":{"gitId":"NivethaUdayakumar"},"content":"        } else if (command.equalsIgnoreCase(\"bye\")) {","lastModifiedDate":"2023-03-11"},{"lineNumber":22,"author":{"gitId":"NivethaUdayakumar"},"content":"            ui.showUserMessage(\" Bye. Hope to see you again soon!\");","lastModifiedDate":"2023-03-11"},{"lineNumber":23,"author":{"gitId":"NivethaUdayakumar"},"content":"        } else {","lastModifiedDate":"2023-03-11"},{"lineNumber":24,"author":{"gitId":"NivethaUdayakumar"},"content":"            throw new SniffException(\" Not a recognized Sniff Command!\");","lastModifiedDate":"2023-03-11"},{"lineNumber":25,"author":{"gitId":"NivethaUdayakumar"},"content":"        }","lastModifiedDate":"2023-03-11"},{"lineNumber":26,"author":{"gitId":"NivethaUdayakumar"},"content":"    }","lastModifiedDate":"2023-03-11"},{"lineNumber":27,"author":{"gitId":"NivethaUdayakumar"},"content":"","lastModifiedDate":"2023-03-11"},{"lineNumber":28,"author":{"gitId":"NivethaUdayakumar"},"content":"    public boolean isExit() {","lastModifiedDate":"2023-03-11"},{"lineNumber":29,"author":{"gitId":"NivethaUdayakumar"},"content":"        if (command \u003d\u003d \"bye\") {","lastModifiedDate":"2023-03-11"},{"lineNumber":30,"author":{"gitId":"NivethaUdayakumar"},"content":"            return true;","lastModifiedDate":"2023-03-11"},{"lineNumber":31,"author":{"gitId":"NivethaUdayakumar"},"content":"        }","lastModifiedDate":"2023-03-11"},{"lineNumber":32,"author":{"gitId":"NivethaUdayakumar"},"content":"        return false;","lastModifiedDate":"2023-03-11"},{"lineNumber":33,"author":{"gitId":"NivethaUdayakumar"},"content":"    }","lastModifiedDate":"2023-03-11"},{"lineNumber":34,"author":{"gitId":"NivethaUdayakumar"},"content":"}","lastModifiedDate":"2023-03-11"}],"authorContributionMap":{"NivethaUdayakumar":34}},{"path":"src/main/java/functionalities/Parser.java","fileType":"functional-code","lines":[{"lineNumber":1,"author":{"gitId":"NivethaUdayakumar"},"content":"package functionalities;","lastModifiedDate":"2023-03-11"},{"lineNumber":2,"author":{"gitId":"NivethaUdayakumar"},"content":"import exception.SniffException;","lastModifiedDate":"2023-03-11"},{"lineNumber":3,"author":{"gitId":"NivethaUdayakumar"},"content":"","lastModifiedDate":"2023-03-11"},{"lineNumber":4,"author":{"gitId":"NivethaUdayakumar"},"content":"public class Parser {","lastModifiedDate":"2023-03-11"},{"lineNumber":5,"author":{"gitId":"NivethaUdayakumar"},"content":"    protected static Command command;","lastModifiedDate":"2023-03-11"},{"lineNumber":6,"author":{"gitId":"NivethaUdayakumar"},"content":"","lastModifiedDate":"2023-03-11"},{"lineNumber":7,"author":{"gitId":"NivethaUdayakumar"},"content":"    public static Command parse(String userCommand) throws SniffException {","lastModifiedDate":"2023-03-11"},{"lineNumber":8,"author":{"gitId":"NivethaUdayakumar"},"content":"        String task \u003d userCommand.trim();","lastModifiedDate":"2023-03-11"},{"lineNumber":9,"author":{"gitId":"NivethaUdayakumar"},"content":"        if (task.equalsIgnoreCase(\"add\")) {","lastModifiedDate":"2023-03-11"},{"lineNumber":10,"author":{"gitId":"NivethaUdayakumar"},"content":"            //parseAddCommand();","lastModifiedDate":"2023-03-11"},{"lineNumber":11,"author":{"gitId":"NivethaUdayakumar"},"content":"        } else if (task.toLowerCase().startsWith(\"remove\")) {","lastModifiedDate":"2023-03-11"},{"lineNumber":12,"author":{"gitId":"NivethaUdayakumar"},"content":"            //parseRemoveCommand();","lastModifiedDate":"2023-03-11"},{"lineNumber":13,"author":{"gitId":"NivethaUdayakumar"},"content":"        } else if (task.toLowerCase().startsWith(\"list\")) {","lastModifiedDate":"2023-03-11"},{"lineNumber":14,"author":{"gitId":"NivethaUdayakumar"},"content":"            //parseListCommand();","lastModifiedDate":"2023-03-11"},{"lineNumber":15,"author":{"gitId":"NivethaUdayakumar"},"content":"        } else if (task.toLowerCase().startsWith(\"view\")) {","lastModifiedDate":"2023-03-11"},{"lineNumber":16,"author":{"gitId":"NivethaUdayakumar"},"content":"            //parseViewCommand();","lastModifiedDate":"2023-03-11"},{"lineNumber":17,"author":{"gitId":"NivethaUdayakumar"},"content":"        } else if (task.equalsIgnoreCase(\"bye\")) {","lastModifiedDate":"2023-03-11"},{"lineNumber":18,"author":{"gitId":"NivethaUdayakumar"},"content":"            parseByeCommand();","lastModifiedDate":"2023-03-11"},{"lineNumber":19,"author":{"gitId":"NivethaUdayakumar"},"content":"        } else {","lastModifiedDate":"2023-03-11"},{"lineNumber":20,"author":{"gitId":"NivethaUdayakumar"},"content":"            throw new SniffException(\" Not a recognized Sniff command!\");","lastModifiedDate":"2023-03-11"},{"lineNumber":21,"author":{"gitId":"NivethaUdayakumar"},"content":"        }","lastModifiedDate":"2023-03-11"},{"lineNumber":22,"author":{"gitId":"NivethaUdayakumar"},"content":"        return command;","lastModifiedDate":"2023-03-11"},{"lineNumber":23,"author":{"gitId":"NivethaUdayakumar"},"content":"    }","lastModifiedDate":"2023-03-11"},{"lineNumber":24,"author":{"gitId":"NivethaUdayakumar"},"content":"    private static void parseByeCommand() {","lastModifiedDate":"2023-03-11"},{"lineNumber":25,"author":{"gitId":"NivethaUdayakumar"},"content":"        String userCommand \u003d \"bye\";","lastModifiedDate":"2023-03-11"},{"lineNumber":26,"author":{"gitId":"NivethaUdayakumar"},"content":"        command \u003d new Command(userCommand);","lastModifiedDate":"2023-03-11"},{"lineNumber":27,"author":{"gitId":"NivethaUdayakumar"},"content":"    }","lastModifiedDate":"2023-03-11"},{"lineNumber":28,"author":{"gitId":"NivethaUdayakumar"},"content":"}","lastModifiedDate":"2023-03-11"}],"authorContributionMap":{"NivethaUdayakumar":28}},{"path":"src/main/java/functionalities/SniffTasks.java","fileType":"functional-code","lines":[{"lineNumber":1,"author":{"gitId":"NivethaUdayakumar"},"content":"package functionalities;","lastModifiedDate":"2023-03-11"},{"lineNumber":2,"author":{"gitId":"NivethaUdayakumar"},"content":"","lastModifiedDate":"2023-03-11"},{"lineNumber":3,"author":{"gitId":"NivethaUdayakumar"},"content":"public class SniffTasks {","lastModifiedDate":"2023-03-11"},{"lineNumber":4,"author":{"gitId":"NivethaUdayakumar"},"content":"    public void addAppointment() {","lastModifiedDate":"2023-03-11"},{"lineNumber":5,"author":{"gitId":"NivethaUdayakumar"},"content":"    }","lastModifiedDate":"2023-03-11"},{"lineNumber":6,"author":{"gitId":"NivethaUdayakumar"},"content":"","lastModifiedDate":"2023-03-11"},{"lineNumber":7,"author":{"gitId":"NivethaUdayakumar"},"content":"    public void removeAppointment() {","lastModifiedDate":"2023-03-11"},{"lineNumber":8,"author":{"gitId":"NivethaUdayakumar"},"content":"    }","lastModifiedDate":"2023-03-11"},{"lineNumber":9,"author":{"gitId":"NivethaUdayakumar"},"content":"","lastModifiedDate":"2023-03-11"},{"lineNumber":10,"author":{"gitId":"NivethaUdayakumar"},"content":"    public void listAppointments() {","lastModifiedDate":"2023-03-11"},{"lineNumber":11,"author":{"gitId":"NivethaUdayakumar"},"content":"    }","lastModifiedDate":"2023-03-11"},{"lineNumber":12,"author":{"gitId":"NivethaUdayakumar"},"content":"","lastModifiedDate":"2023-03-11"},{"lineNumber":13,"author":{"gitId":"NivethaUdayakumar"},"content":"    public void viewAppointment() {","lastModifiedDate":"2023-03-11"},{"lineNumber":14,"author":{"gitId":"NivethaUdayakumar"},"content":"    }","lastModifiedDate":"2023-03-11"},{"lineNumber":15,"author":{"gitId":"NivethaUdayakumar"},"content":"}","lastModifiedDate":"2023-03-11"}],"authorContributionMap":{"NivethaUdayakumar":15}},{"path":"src/main/java/functionalities/Storage.java","fileType":"functional-code","lines":[{"lineNumber":1,"author":{"gitId":"NivethaUdayakumar"},"content":"package functionalities;","lastModifiedDate":"2023-03-11"},{"lineNumber":2,"author":{"gitId":"NivethaUdayakumar"},"content":"public class Storage {","lastModifiedDate":"2023-03-11"},{"lineNumber":3,"author":{"gitId":"NivethaUdayakumar"},"content":"}","lastModifiedDate":"2023-03-11"}],"authorContributionMap":{"NivethaUdayakumar":3}},{"path":"src/main/java/functionalities/Ui.java","fileType":"functional-code","lines":[{"lineNumber":1,"author":{"gitId":"NivethaUdayakumar"},"content":"package functionalities;","lastModifiedDate":"2023-03-11"},{"lineNumber":2,"author":{"gitId":"NivethaUdayakumar"},"content":"import exception.SniffException;","lastModifiedDate":"2023-03-11"},{"lineNumber":3,"author":{"gitId":"NivethaUdayakumar"},"content":"import java.util.Scanner;","lastModifiedDate":"2023-03-11"},{"lineNumber":4,"author":{"gitId":"NivethaUdayakumar"},"content":"","lastModifiedDate":"2023-03-11"},{"lineNumber":5,"author":{"gitId":"NivethaUdayakumar"},"content":"public class Ui {","lastModifiedDate":"2023-03-11"},{"lineNumber":6,"author":{"gitId":"NivethaUdayakumar"},"content":"","lastModifiedDate":"2023-03-11"},{"lineNumber":7,"author":{"gitId":"NivethaUdayakumar"},"content":"    public void showUserMessage(String s) {","lastModifiedDate":"2023-03-11"},{"lineNumber":8,"author":{"gitId":"NivethaUdayakumar"},"content":"        System.out.println(s);","lastModifiedDate":"2023-03-11"},{"lineNumber":9,"author":{"gitId":"NivethaUdayakumar"},"content":"    }","lastModifiedDate":"2023-03-11"},{"lineNumber":10,"author":{"gitId":"NivethaUdayakumar"},"content":"","lastModifiedDate":"2023-03-11"},{"lineNumber":11,"author":{"gitId":"NivethaUdayakumar"},"content":"    public String readUserCommand() {","lastModifiedDate":"2023-03-11"},{"lineNumber":12,"author":{"gitId":"NivethaUdayakumar"},"content":"        Scanner in \u003d new Scanner(System.in);","lastModifiedDate":"2023-03-11"},{"lineNumber":13,"author":{"gitId":"NivethaUdayakumar"},"content":"        return in.nextLine();","lastModifiedDate":"2023-03-11"},{"lineNumber":14,"author":{"gitId":"NivethaUdayakumar"},"content":"    }","lastModifiedDate":"2023-03-11"},{"lineNumber":15,"author":{"gitId":"NivethaUdayakumar"},"content":"","lastModifiedDate":"2023-03-11"},{"lineNumber":16,"author":{"gitId":"NivethaUdayakumar"},"content":"    public void showErrorMessage() {","lastModifiedDate":"2023-03-11"},{"lineNumber":17,"author":{"gitId":"NivethaUdayakumar"},"content":"        System.out.println(\" Sorry, an error was encountered! Here is the error description:\");","lastModifiedDate":"2023-03-11"},{"lineNumber":18,"author":{"gitId":"NivethaUdayakumar"},"content":"        SniffException.showError();","lastModifiedDate":"2023-03-11"},{"lineNumber":19,"author":{"gitId":"NivethaUdayakumar"},"content":"    }","lastModifiedDate":"2023-03-11"},{"lineNumber":20,"author":{"gitId":"NivethaUdayakumar"},"content":"","lastModifiedDate":"2023-03-11"},{"lineNumber":21,"author":{"gitId":"NivethaUdayakumar"},"content":"    public void showWelcomeMessage() {","lastModifiedDate":"2023-03-11"},{"lineNumber":22,"author":{"gitId":"NivethaUdayakumar"},"content":"        /*Need to change logo to sniff","lastModifiedDate":"2023-03-11"},{"lineNumber":23,"author":{"gitId":"NivethaUdayakumar"},"content":"        String logo \u003d \" ____        _        \\n\"","lastModifiedDate":"2023-03-11"},{"lineNumber":24,"author":{"gitId":"NivethaUdayakumar"},"content":"                + \"|  _ \\\\ _   _| | _____ \\n\"","lastModifiedDate":"2023-03-11"},{"lineNumber":25,"author":{"gitId":"NivethaUdayakumar"},"content":"                + \"| | | | | | | |/ / _ \\\\\\n\"","lastModifiedDate":"2023-03-11"},{"lineNumber":26,"author":{"gitId":"NivethaUdayakumar"},"content":"                + \"| |_| | |_| |   \u003c  __/\\n\"","lastModifiedDate":"2023-03-11"},{"lineNumber":27,"author":{"gitId":"NivethaUdayakumar"},"content":"                + \"|____/ \\\\__,_|_|\\\\_\\\\___|\\n\";","lastModifiedDate":"2023-03-11"},{"lineNumber":28,"author":{"gitId":"NivethaUdayakumar"},"content":"        System.out.print(\" Hello from\\n\" + logo);*/","lastModifiedDate":"2023-03-11"},{"lineNumber":29,"author":{"gitId":"NivethaUdayakumar"},"content":"        showLine();","lastModifiedDate":"2023-03-11"},{"lineNumber":30,"author":{"gitId":"NivethaUdayakumar"},"content":"        System.out.println(\" Hello! I\u0027m Sniff, your personal appointment manager.\");","lastModifiedDate":"2023-03-11"},{"lineNumber":31,"author":{"gitId":"NivethaUdayakumar"},"content":"        System.out.println(\" What can I do for you?\");","lastModifiedDate":"2023-03-11"},{"lineNumber":32,"author":{"gitId":"NivethaUdayakumar"},"content":"        showLine();","lastModifiedDate":"2023-03-11"},{"lineNumber":33,"author":{"gitId":"NivethaUdayakumar"},"content":"    }","lastModifiedDate":"2023-03-11"},{"lineNumber":34,"author":{"gitId":"NivethaUdayakumar"},"content":"","lastModifiedDate":"2023-03-11"},{"lineNumber":35,"author":{"gitId":"NivethaUdayakumar"},"content":"    public void showLine() {","lastModifiedDate":"2023-03-11"},{"lineNumber":36,"author":{"gitId":"NivethaUdayakumar"},"content":"        String dividerLine \u003d \"______________________________________________________________________\";","lastModifiedDate":"2023-03-11"},{"lineNumber":37,"author":{"gitId":"NivethaUdayakumar"},"content":"        System.out.println(dividerLine);","lastModifiedDate":"2023-03-11"},{"lineNumber":38,"author":{"gitId":"NivethaUdayakumar"},"content":"    }","lastModifiedDate":"2023-03-11"},{"lineNumber":39,"author":{"gitId":"NivethaUdayakumar"},"content":"}","lastModifiedDate":"2023-03-11"}],"authorContributionMap":{"NivethaUdayakumar":39}},{"path":"src/main/java/seedu/duke/Duke.java","fileType":"functional-code","lines":[{"lineNumber":1,"author":{"gitId":"NivethaUdayakumar"},"content":"package seedu.duke;","lastModifiedDate":"2023-03-11"},{"lineNumber":2,"author":{"gitId":"NivethaUdayakumar"},"content":"","lastModifiedDate":"2023-03-11"},{"lineNumber":3,"author":{"gitId":"NivethaUdayakumar"},"content":"import exception.SniffException;","lastModifiedDate":"2023-03-11"},{"lineNumber":4,"author":{"gitId":"NivethaUdayakumar"},"content":"import functionalities.Command;","lastModifiedDate":"2023-03-11"},{"lineNumber":5,"author":{"gitId":"NivethaUdayakumar"},"content":"import functionalities.Ui;","lastModifiedDate":"2023-03-11"},{"lineNumber":6,"author":{"gitId":"NivethaUdayakumar"},"content":"import functionalities.Parser;","lastModifiedDate":"2023-03-11"},{"lineNumber":7,"author":{"gitId":"NivethaUdayakumar"},"content":"import functionalities.SniffTasks;","lastModifiedDate":"2023-03-11"},{"lineNumber":8,"author":{"gitId":"NivethaUdayakumar"},"content":"","lastModifiedDate":"2023-03-11"},{"lineNumber":9,"author":{"gitId":"NivethaUdayakumar"},"content":"public class Duke {","lastModifiedDate":"2023-03-11"},{"lineNumber":10,"author":{"gitId":"NivethaUdayakumar"},"content":"    private static SniffTasks tasks;","lastModifiedDate":"2023-03-11"},{"lineNumber":11,"author":{"gitId":"NivethaUdayakumar"},"content":"    private static Ui UI;","lastModifiedDate":"2023-03-11"},{"lineNumber":12,"author":{"gitId":"NivethaUdayakumar"},"content":"","lastModifiedDate":"2023-03-11"},{"lineNumber":13,"author":{"gitId":"NivethaUdayakumar"},"content":"    public Duke() {","lastModifiedDate":"2023-03-11"},{"lineNumber":14,"author":{"gitId":"NivethaUdayakumar"},"content":"        UI \u003d new Ui();","lastModifiedDate":"2023-03-11"},{"lineNumber":15,"author":{"gitId":"NivethaUdayakumar"},"content":"        tasks \u003d new SniffTasks();","lastModifiedDate":"2023-03-11"},{"lineNumber":16,"author":{"gitId":"NivethaUdayakumar"},"content":"        //Implement Storage later","lastModifiedDate":"2023-03-11"},{"lineNumber":17,"author":{"gitId":"NivethaUdayakumar"},"content":"    }","lastModifiedDate":"2023-03-11"},{"lineNumber":18,"author":{"gitId":"NivethaUdayakumar"},"content":"","lastModifiedDate":"2023-03-11"},{"lineNumber":19,"author":{"gitId":"NivethaUdayakumar"},"content":"    public void run() {","lastModifiedDate":"2023-03-11"},{"lineNumber":20,"author":{"gitId":"NivethaUdayakumar"},"content":"        UI.showWelcomeMessage();","lastModifiedDate":"2023-03-11"},{"lineNumber":21,"author":{"gitId":"NivethaUdayakumar"},"content":"        boolean isExit \u003d false;","lastModifiedDate":"2023-03-11"},{"lineNumber":22,"author":{"gitId":"NivethaUdayakumar"},"content":"        while (!isExit) {","lastModifiedDate":"2023-03-11"},{"lineNumber":23,"author":{"gitId":"NivethaUdayakumar"},"content":"            try {","lastModifiedDate":"2023-03-11"},{"lineNumber":24,"author":{"gitId":"NivethaUdayakumar"},"content":"                String fullCommand \u003d UI.readUserCommand();","lastModifiedDate":"2023-03-11"},{"lineNumber":25,"author":{"gitId":"NivethaUdayakumar"},"content":"                UI.showLine();","lastModifiedDate":"2023-03-11"},{"lineNumber":26,"author":{"gitId":"NivethaUdayakumar"},"content":"                Command c \u003d Parser.parse(fullCommand);","lastModifiedDate":"2023-03-11"},{"lineNumber":27,"author":{"gitId":"NivethaUdayakumar"},"content":"                c.executeSniffCommands(tasks, UI);","lastModifiedDate":"2023-03-11"},{"lineNumber":28,"author":{"gitId":"NivethaUdayakumar"},"content":"                isExit \u003d c.isExit();","lastModifiedDate":"2023-03-11"},{"lineNumber":29,"author":{"gitId":"NivethaUdayakumar"},"content":"            } catch (SniffException e) {","lastModifiedDate":"2023-03-11"},{"lineNumber":30,"author":{"gitId":"NivethaUdayakumar"},"content":"                UI.showErrorMessage();","lastModifiedDate":"2023-03-11"},{"lineNumber":31,"author":{"gitId":"NivethaUdayakumar"},"content":"            } finally {","lastModifiedDate":"2023-03-11"},{"lineNumber":32,"author":{"gitId":"NivethaUdayakumar"},"content":"                UI.showLine();","lastModifiedDate":"2023-03-11"},{"lineNumber":33,"author":{"gitId":"NivethaUdayakumar"},"content":"            }","lastModifiedDate":"2023-03-11"},{"lineNumber":34,"author":{"gitId":"NivethaUdayakumar"},"content":"        }","lastModifiedDate":"2023-03-11"},{"lineNumber":35,"author":{"gitId":"NivethaUdayakumar"},"content":"    }","lastModifiedDate":"2023-03-11"},{"lineNumber":36,"author":{"gitId":"NivethaUdayakumar"},"content":"","lastModifiedDate":"2023-03-11"},{"lineNumber":37,"author":{"gitId":"NivethaUdayakumar"},"content":"    /**","lastModifiedDate":"2023-03-11"},{"lineNumber":38,"author":{"gitId":"NivethaUdayakumar"},"content":"     * Main entry-point for the java.sniff.Sniff application.","lastModifiedDate":"2023-03-11"},{"lineNumber":39,"author":{"gitId":"NivethaUdayakumar"},"content":"     */","lastModifiedDate":"2023-03-11"},{"lineNumber":40,"author":{"gitId":"NivethaUdayakumar"},"content":"    public static void main(String[] args) {","lastModifiedDate":"2023-03-11"},{"lineNumber":41,"author":{"gitId":"NivethaUdayakumar"},"content":"        new Duke().run();","lastModifiedDate":"2023-03-11"},{"lineNumber":42,"author":{"gitId":"NivethaUdayakumar"},"content":"    }","lastModifiedDate":"2023-03-11"},{"lineNumber":43,"author":{"gitId":"NivethaUdayakumar"},"content":"","lastModifiedDate":"2023-03-11"},{"lineNumber":44,"author":{"gitId":"NivethaUdayakumar"},"content":"}","lastModifiedDate":"2023-03-11"}],"authorContributionMap":{"NivethaUdayakumar":44}},{"path":"src/test/java/seedu/duke/DukeTest.java","fileType":"test-code","lines":[{"lineNumber":1,"author":{"gitId":"NivethaUdayakumar"},"content":"package seedu.duke;","lastModifiedDate":"2023-03-11"},{"lineNumber":2,"author":{"gitId":"-"},"content":"","lastModifiedDate":"2020-05-24"},{"lineNumber":3,"author":{"gitId":"-"},"content":"import static org.junit.jupiter.api.Assertions.assertTrue;","lastModifiedDate":"2020-05-24"},{"lineNumber":4,"author":{"gitId":"-"},"content":"","lastModifiedDate":"2020-05-24"},{"lineNumber":5,"author":{"gitId":"-"},"content":"import org.junit.jupiter.api.Test;","lastModifiedDate":"2020-05-24"},{"lineNumber":6,"author":{"gitId":"-"},"content":"","lastModifiedDate":"2020-05-24"},{"lineNumber":7,"author":{"gitId":"NivethaUdayakumar"},"content":"class DukeTest {","lastModifiedDate":"2023-03-11"},{"lineNumber":8,"author":{"gitId":"-"},"content":"    @Test","lastModifiedDate":"2020-05-24"},{"lineNumber":9,"author":{"gitId":"-"},"content":"    public void sampleTest() {","lastModifiedDate":"2020-05-24"},{"lineNumber":10,"author":{"gitId":"-"},"content":"        assertTrue(true);","lastModifiedDate":"2020-05-24"},{"lineNumber":11,"author":{"gitId":"-"},"content":"    }","lastModifiedDate":"2020-05-24"},{"lineNumber":12,"author":{"gitId":"-"},"content":"}","lastModifiedDate":"2020-05-24"}],"authorContributionMap":{"NivethaUdayakumar":2,"-":10}}]
