{"authorDailyContributionsMap":{"0nandon":[{"date":"2023-03-09","commitResults":[{"hash":"7e15f590bb154b832d0258c63bd67cc84f38ec14","isMergeCommit":false,"messageTitle":"Add \u0027Seungjun Lee\u0027 to docs/AboutUs.md","messageBody":"","fileTypesAndContributionMap":{"docs":{"insertions":6,"deletions":6}}}]},{"date":"2023-03-10","commitResults":[{"hash":"69eb9106bf9fcc31181483effd407fe47083bb8c","isMergeCommit":false,"messageTitle":"Define class for \u0027matrix calculation\u0027","messageBody":"","fileTypesAndContributionMap":{"functional-code":{"insertions":18,"deletions":0}}},{"hash":"ccf32bfd55e28a6e628f42814f2c9d142d1fd9bf","isMergeCommit":false,"messageTitle":"Specified each classes related to \u0027matrix\u0027","messageBody":"","fileTypesAndContributionMap":{"functional-code":{"insertions":80,"deletions":14}}},{"hash":"3305a11e25215fff8ac1b82516e5ec493daba838","isMergeCommit":false,"messageTitle":"Implement various calculation related to matrix","messageBody":"","fileTypesAndContributionMap":{"functional-code":{"insertions":56,"deletions":0}}},{"hash":"8ff86d32d168b46fae818f9f4f86aa06e80a992f","isMergeCommit":false,"messageTitle":"Remove unused import","messageBody":"","fileTypesAndContributionMap":{"functional-code":{"insertions":0,"deletions":3}}},{"hash":"0acbcb9e0203ad608cd7095c1c0f709bb9d835ea","isMergeCommit":false,"messageTitle":"Add JUnit test codes and fix some errors in calculate class","messageBody":"","fileTypesAndContributionMap":{"functional-code":{"insertions":20,"deletions":4},"test-code":{"insertions":96,"deletions":0}}},{"hash":"bfbff42d937607a2c309ee9fe6a54c721662630b","isMergeCommit":false,"messageTitle":"Remove unused import","messageBody":"","fileTypesAndContributionMap":{"test-code":{"insertions":0,"deletions":1}}}]},{"date":"2023-03-16","commitResults":[{"hash":"80a48b264785bae19371e37d9f630ccc89417b9c","isMergeCommit":true,"messageTitle":"Merge pull request #53 from YC-Michael/Branch-Junit-trigoGraphAnalyser","messageBody":"Create new Junit Tests for new code in TrigoGraphAnalyser.","fileTypesAndContributionMap":{}}]},{"date":"2023-03-17","commitResults":[{"hash":"ddcfa526f7c46a36a7963a4af2ea899d7b4eae6d","isMergeCommit":false,"messageTitle":"implement matrix calculator","messageBody":"","fileTypesAndContributionMap":{"functional-code":{"insertions":143,"deletions":5}}},{"hash":"50cc41078c107933840ecc3fe28808764358f1c6","isMergeCommit":false,"messageTitle":"add assertions and logging","messageBody":"","fileTypesAndContributionMap":{"functional-code":{"insertions":22,"deletions":3}}},{"hash":"c85edface6b7076d07e3e696e420b9a290279cd8","isMergeCommit":false,"messageTitle":"Add \u0027{}\u0027 to if statement","messageBody":"","fileTypesAndContributionMap":{"functional-code":{"insertions":6,"deletions":1}}},{"hash":"b4a4f20bf9389d1a92fca347dde9334e7221e23c","isMergeCommit":false,"messageTitle":"Fix declaration issue","messageBody":"","fileTypesAndContributionMap":{"functional-code":{"insertions":12,"deletions":2}}},{"hash":"a65f4a72f740221be1b09ab939acf16ccaf77bb7","isMergeCommit":false,"messageTitle":"Add exception","messageBody":"","fileTypesAndContributionMap":{"functional-code":{"insertions":37,"deletions":6}}},{"hash":"2bd2c721d235c6fe418d47cc0dea11e392435504","isMergeCommit":true,"messageTitle":"Merge pull request #48 from ZiqiuZeng/branch-help-assertions","messageBody":"Branch help assertions","fileTypesAndContributionMap":{}},{"hash":"94960e4f60bc283d56c10d6d2c89b7007c1e5151","isMergeCommit":false,"messageTitle":"Remove unused import","messageBody":"","fileTypesAndContributionMap":{"functional-code":{"insertions":0,"deletions":4}}}]},{"date":"2023-03-23","commitResults":[{"hash":"8a75e8920edac66f4fc173d5db31245246a2cc11","isMergeCommit":false,"messageTitle":"Make matrix part more defensive","messageBody":"","fileTypesAndContributionMap":{"functional-code":{"insertions":271,"deletions":125}}},{"hash":"2a72e8b0c5c122d049db91a264698d21975731b0","isMergeCommit":false,"messageTitle":"Fix merge conflict","messageBody":"","fileTypesAndContributionMap":{"functional-code":{"insertions":2,"deletions":1}}},{"hash":"94010c1c824e019db527b3decb550b0abf38c3ad","isMergeCommit":false,"messageTitle":"Fix merge conflict","messageBody":"","fileTypesAndContributionMap":{"functional-code":{"insertions":2,"deletions":2}}},{"hash":"991df64497fbacf48323b79d00ba54a576a319bd","isMergeCommit":true,"messageTitle":"Merge pull request #74 from ZiqiuZeng/branch-DGupdate","messageBody":"DG for HelpManual class","fileTypesAndContributionMap":{}},{"hash":"8cc0276cbe9c4d34e1ac54705ca43bc6bf87864d","isMergeCommit":false,"messageTitle":"Refine the code","messageBody":"","fileTypesAndContributionMap":{"functional-code":{"insertions":6,"deletions":21}}},{"hash":"05a2ac037fc659192a9b3b36b2886fc05cbbd067","isMergeCommit":false,"messageTitle":"Fix the merge conflict","messageBody":"","fileTypesAndContributionMap":{"functional-code":{"insertions":0,"deletions":2}}},{"hash":"9b881c325fe70df843239c0e2e7bde3392d33493","isMergeCommit":true,"messageTitle":"Merge pull request #77 from khooyourun/DG_Edits","messageBody":"Updated DG with QuadraticSolver details. Added JUnit tests for Parser…","fileTypesAndContributionMap":{}}]},{"date":"2023-03-24","commitResults":[{"hash":"f71226ca3fcc854db7e90d9e77bfbf1ae030eeb0","isMergeCommit":false,"messageTitle":"Add DG for the matrix part","messageBody":"","fileTypesAndContributionMap":{"docs":{"insertions":53,"deletions":0}}}]},{"date":"2023-03-29","commitResults":[{"hash":"dfa276958adacfb837e575919d34ede06ed5ab6b","isMergeCommit":false,"messageTitle":"change file structure of JUnit of the matrix part","messageBody":"","fileTypesAndContributionMap":{"other":{"insertions":1,"deletions":1}}},{"hash":"8e4d48256e27ff7f64a15bce1e1cb7badf7167ef","isMergeCommit":false,"messageTitle":"Add UG for the matrix part","messageBody":"","fileTypesAndContributionMap":{"docs":{"insertions":29,"deletions":0}}},{"hash":"bbec481c2d7e0e54e787770381a03859b849ed35","isMergeCommit":false,"messageTitle":"solve merge error","messageBody":"","fileTypesAndContributionMap":{"test-code":{"insertions":0,"deletions":2}}},{"hash":"4fc7edde3956e7c8288730b50be63aad2e06d8f8","isMergeCommit":false,"messageTitle":"Update UserGuide.md","messageBody":"","fileTypesAndContributionMap":{"docs":{"insertions":42,"deletions":13}}},{"hash":"2f33246e582201610f7a6d053af1ddce5c535dea","isMergeCommit":false,"messageTitle":"Update UserGuide.md","messageBody":"","fileTypesAndContributionMap":{"docs":{"insertions":3,"deletions":3}}},{"hash":"505febd8ea7a52461e6060b929c26e79f0dbbbff","isMergeCommit":true,"messageTitle":"Merge pull request #116 from ZiqiuZeng/branch-update-ug","messageBody":"Update UG","fileTypesAndContributionMap":{}}]},{"date":"2023-03-30","commitResults":[{"hash":"4f7d816758501d5b438281dbc9d2cd45a04c48e0","isMergeCommit":false,"messageTitle":"Add sequence diagram to DG","messageBody":"","fileTypesAndContributionMap":{"docs":{"insertions":121,"deletions":0}}},{"hash":"66cbbf93a84c39a897e106de6b4acb2547103a5c","isMergeCommit":false,"messageTitle":"Add JUnit test for Execute, Parser class","messageBody":"","fileTypesAndContributionMap":{"test-code":{"insertions":204,"deletions":0}}}]},{"date":"2023-04-04","commitResults":[{"hash":"7b838ba20692bf8e53028b7b62435ef454097f07","isMergeCommit":true,"messageTitle":"Merge pull request #220 from WilsonLee2000/refactor","messageBody":"Refactor help see error but don\u0027t merge","fileTypesAndContributionMap":{}}]}],"khooyourun":[{"date":"2023-03-03","commitResults":[{"hash":"25e3b76549cbe06a5190108b5b99ccea2c9d72c5","isMergeCommit":false,"messageTitle":"added khoo you run to aboutus","messageBody":"","fileTypesAndContributionMap":{"docs":{"insertions":7,"deletions":7}}},{"hash":"cee1c8f3c9aef51e90b8fa0e73b316eaf144c20a","isMergeCommit":true,"messageTitle":"Merge pull request #2 from WilsonLee2000/about_us_branch","messageBody":"Edit Name on GitHub Profile","fileTypesAndContributionMap":{}},{"hash":"a052e762f3b754b0be8cb08981651b8c787ce83b","isMergeCommit":true,"messageTitle":"Merge branch \u0027master\u0027 into aboutMe_Branch","messageBody":"","fileTypesAndContributionMap":{}}]},{"date":"2023-03-08","commitResults":[{"hash":"cf03ed5cee3d42d89905a441124e2280af1eb329","isMergeCommit":false,"messageTitle":"Added Parser class and changed duke to BadMaths","messageBody":"","fileTypesAndContributionMap":{"functional-code":{"insertions":50,"deletions":21},"other":{"insertions":3,"deletions":3}}},{"hash":"2f79ccbb0b5bf9da994a7bffe71c1049471e48c8","isMergeCommit":false,"messageTitle":"edited tests and updated Parser","messageBody":"","fileTypesAndContributionMap":{"functional-code":{"insertions":13,"deletions":10}}},{"hash":"11a0aa7dcfd05b1290948cc1a3b27e514e1e0f46","isMergeCommit":false,"messageTitle":"edited tests","messageBody":"","fileTypesAndContributionMap":{"functional-code":{"insertions":3,"deletions":0}}},{"hash":"ed8c99eda7ff88de309e0c8422bbca62c7aea06e","isMergeCommit":true,"messageTitle":"Merge pull request #15 from YC-Michael/v1.0-TrigoGraph","messageBody":"Add Class to find properties of Trigo Graph","fileTypesAndContributionMap":{}},{"hash":"27693660f93fc3f52576e2db5fe90ed79cdfc64a","isMergeCommit":true,"messageTitle":"Merge pull request #16 from YC-Michael/J_unit_test-v1.0-trigo","messageBody":"J unit test v1.0 trigo","fileTypesAndContributionMap":{}},{"hash":"d61ce3d97727d3d75d0454f2271c95de3d8b442a","isMergeCommit":false,"messageTitle":"Added command class and remaining JUnit tests for TrigoGraphs","messageBody":"","fileTypesAndContributionMap":{"functional-code":{"insertions":40,"deletions":9},"test-code":{"insertions":23,"deletions":1}}},{"hash":"c44ca01fa84dca31709871611387abd732b04e90","isMergeCommit":false,"messageTitle":"fixed JUnit test","messageBody":"","fileTypesAndContributionMap":{"test-code":{"insertions":2,"deletions":2}}},{"hash":"6c643329f267ca74be35481016c9923ab74ed115","isMergeCommit":false,"messageTitle":"reformated code","messageBody":"","fileTypesAndContributionMap":{"functional-code":{"insertions":12,"deletions":12}}},{"hash":"c91ddc889e07176a91a80f5b934da48c072d0261","isMergeCommit":false,"messageTitle":"edited command class and parser","messageBody":"","fileTypesAndContributionMap":{"functional-code":{"insertions":48,"deletions":37}}},{"hash":"1e73cc0a915c861534b95779ddee5542c14ee13f","isMergeCommit":false,"messageTitle":"fixed instant variable in wrong order in command class","messageBody":"","fileTypesAndContributionMap":{"functional-code":{"insertions":1,"deletions":2}}},{"hash":"b1aa4368e067065ca73acbd69d5542d7a554fa5c","isMergeCommit":false,"messageTitle":"fixed while loop in main and edited TrigoGraph in command class","messageBody":"","fileTypesAndContributionMap":{"functional-code":{"insertions":27,"deletions":21}}}]},{"date":"2023-03-10","commitResults":[{"hash":"91b7f7f24093a3d4f0ca09d9fdde1c44475f8d09","isMergeCommit":true,"messageTitle":"Merge pull request #26 from ZiqiuZeng/branch-help","messageBody":"Update Help command","fileTypesAndContributionMap":{}}]},{"date":"2023-03-12","commitResults":[{"hash":"49bf8c6543ab9a1a52d5e9a7d47489d300ca1ef9","isMergeCommit":true,"messageTitle":"Merge pull request #27 from WilsonLee2000/master","messageBody":"Add ability to store notes","fileTypesAndContributionMap":{}},{"hash":"482d5f22f23e381098af83d63842be981f66b3c1","isMergeCommit":false,"messageTitle":"Intergrated Notes function","messageBody":"","fileTypesAndContributionMap":{"functional-code":{"insertions":38,"deletions":8}}},{"hash":"7404840d507de173fd6146524e2e4911b5fe75ef","isMergeCommit":false,"messageTitle":"fixed errors","messageBody":"","fileTypesAndContributionMap":{"functional-code":{"insertions":3,"deletions":2}}}]},{"date":"2023-03-13","commitResults":[{"hash":"970b19c8e7faa5c6600259abef508002a92e7d26","isMergeCommit":true,"messageTitle":"Merge pull request #29 from ZiqiuZeng/master","messageBody":"Add JUnit test codes","fileTypesAndContributionMap":{}}]},{"date":"2023-03-14","commitResults":[{"hash":"5d4cf62222dff554f627b6201a7de78f140f7dd4","isMergeCommit":true,"messageTitle":"Merge pull request #32 from YC-Michael/Catch-Exceptions-TrigoGraph","messageBody":"Catch exceptions trigo graph","fileTypesAndContributionMap":{}}]},{"date":"2023-03-15","commitResults":[{"hash":"871d97d8e94125dcf832178927fafe6e98efb1bd","isMergeCommit":false,"messageTitle":"Added assertion and handle exception for userInput","messageBody":"","fileTypesAndContributionMap":{"functional-code":{"insertions":33,"deletions":8}}},{"hash":"5436630586877dd2f37742e2a09bb23973ab8ddd","isMergeCommit":false,"messageTitle":"removed unused import in Parser","messageBody":"","fileTypesAndContributionMap":{"functional-code":{"insertions":0,"deletions":2}}},{"hash":"7366dfdb92f0baebde1aa12796c1be1ca99fdfbb","isMergeCommit":false,"messageTitle":"reformated code","messageBody":"","fileTypesAndContributionMap":{"functional-code":{"insertions":5,"deletions":3}}},{"hash":"1200265caef649076b6132410364d5f5734c2a92","isMergeCommit":false,"messageTitle":"fixed formatting","messageBody":"","fileTypesAndContributionMap":{"functional-code":{"insertions":1,"deletions":3}}}]},{"date":"2023-03-16","commitResults":[{"hash":"ebe01fda0f4d4ce10ac08b5d99105c9ec16f94f1","isMergeCommit":true,"messageTitle":"Merge pull request #45 from YC-Michael/rename-package","messageBody":"Rename packages to correct names","fileTypesAndContributionMap":{}},{"hash":"6dc6c2de028d629ec74b72946dc17c6e91e31b38","isMergeCommit":false,"messageTitle":"Added more exceptions and refactored methods in Trigo class","messageBody":"","fileTypesAndContributionMap":{"functional-code":{"insertions":37,"deletions":33},"other":{"insertions":4,"deletions":0}}},{"hash":"42a6fe6497fc68c316b432f5a4dbe9019c479933","isMergeCommit":false,"messageTitle":"fixed errors","messageBody":"","fileTypesAndContributionMap":{"functional-code":{"insertions":0,"deletions":1}}},{"hash":"0e91e043858f900a25a38c9a2b0722f35624f4ce","isMergeCommit":true,"messageTitle":"Merge pull request #51 from WilsonLee2000/Assertion","messageBody":"Add Assertion to Notes.java","fileTypesAndContributionMap":{}}]},{"date":"2023-03-22","commitResults":[{"hash":"b95e1c0578a6921394c8cb3651bef0025776c44d","isMergeCommit":true,"messageTitle":"Merge pull request #66 from WilsonLee2000/DGDraft","messageBody":"Implement Table of Contents for Developer Guide","fileTypesAndContributionMap":{}}]},{"date":"2023-03-23","commitResults":[{"hash":"43f312177bf386f0fb6b6926ab805374937420f2","isMergeCommit":true,"messageTitle":"Merge pull request #70 from YC-Michael/branch-graph-v2.0","messageBody":"Branch graph v2.0","fileTypesAndContributionMap":{}},{"hash":"6d21e728db4424e1e507da7753de8650d33019e6","isMergeCommit":true,"messageTitle":"Merge pull request #73 from 0nandon/master","messageBody":"Make matrix part more defensive","fileTypesAndContributionMap":{}},{"hash":"02c1b259651bebe77e8b9ab6ee93b357b7d55625","isMergeCommit":false,"messageTitle":"Updated DG with QuadraticSolver details. Added JUnit tests for Parser Class","messageBody":"","fileTypesAndContributionMap":{"docs":{"insertions":16,"deletions":0},"test-code":{"insertions":33,"deletions":0}}},{"hash":"830183b6671d25594d04de9e3379a14074e83781","isMergeCommit":false,"messageTitle":"addeed newline in ParserTest","messageBody":"","fileTypesAndContributionMap":{"test-code":{"insertions":1,"deletions":2}}}]},{"date":"2023-03-24","commitResults":[{"hash":"56c7d7140020fa15e051320efb539405b38b590e","isMergeCommit":false,"messageTitle":"Fixed JUnit Test for Parser","messageBody":"","fileTypesAndContributionMap":{"test-code":{"insertions":6,"deletions":14}}}]},{"date":"2023-03-28","commitResults":[{"hash":"e60f6123d9b3b0b08a72b5eb9ec87317ddc18ad5","isMergeCommit":false,"messageTitle":"Added Quadratic Solver and JUnit tests","messageBody":"","fileTypesAndContributionMap":{"functional-code":{"insertions":73,"deletions":1},"docs":{"insertions":8,"deletions":8},"test-code":{"insertions":42,"deletions":0}}},{"hash":"361b6976f80efdd0b3400810b3bbb30973568ba8","isMergeCommit":false,"messageTitle":"added newline","messageBody":"","fileTypesAndContributionMap":{"functional-code":{"insertions":1,"deletions":1}}}]},{"date":"2023-03-29","commitResults":[{"hash":"9ef82c8b48f28f9fddba9c8ed4c94d10d4e7c037","isMergeCommit":true,"messageTitle":"Merge pull request #106 from 0nandon/master","messageBody":"Add UG for the matrix part","fileTypesAndContributionMap":{}},{"hash":"fbabeca23e32af2819870e8fefad3afe1230469c","isMergeCommit":true,"messageTitle":"Merge pull request #112 from YC-Michael/branch-uml-graph","messageBody":"Add uml diagram for TrigoGraph","fileTypesAndContributionMap":{}},{"hash":"4c79ced361a14909c1a43c5ca746847fd3bd79dc","isMergeCommit":true,"messageTitle":"Merge pull request #113 from YC-Michael/update-graph-visualiser","messageBody":"Add more JUnit tests for TrigoGraph","fileTypesAndContributionMap":{}},{"hash":"5d6fb01faf0f4f3d52369ca14f6c3be487619045","isMergeCommit":false,"messageTitle":"added Quadratic Solver to UG and Quick Start","messageBody":"","fileTypesAndContributionMap":{"docs":{"insertions":16,"deletions":3}}}]},{"date":"2023-03-30","commitResults":[{"hash":"5099289813876948387fe44869740334d417cf4d","isMergeCommit":true,"messageTitle":"Merge branch \u0027master\u0027 into UG_Quadratic","messageBody":"","fileTypesAndContributionMap":{}},{"hash":"93d83b37ded1ffdd473036e924224d281f7bd46a","isMergeCommit":true,"messageTitle":"Merge pull request #118 from khooyourun/UG_Quadratic","messageBody":"added Quadratic Solver to UG and Quick Start","fileTypesAndContributionMap":{}},{"hash":"86330929574f06babfb2213e8523a777f9bd96cd","isMergeCommit":false,"messageTitle":"updated Quadratic solver and added sequence diagram to DG","messageBody":"","fileTypesAndContributionMap":{"functional-code":{"insertions":16,"deletions":7},"docs":{"insertions":44,"deletions":2}}}]},{"date":"2023-04-01","commitResults":[{"hash":"f169cc51b2de58c76ffd13927a12fb2431bce7f7","isMergeCommit":false,"messageTitle":"fixed Quadratic bugs and updated UG. Added table of contents to UG and deleted repeated \"Bye\" feature","messageBody":"","fileTypesAndContributionMap":{"functional-code":{"insertions":28,"deletions":13},"docs":{"insertions":52,"deletions":28},"test-code":{"insertions":26,"deletions":9}}},{"hash":"9a9adc2074f055cb04e73e2a440cb2430969d3b0","isMergeCommit":false,"messageTitle":"edits to DG","messageBody":"","fileTypesAndContributionMap":{"docs":{"insertions":31,"deletions":12}}},{"hash":"60131e5e754cf097ed105014095bbef91a7d3241","isMergeCommit":false,"messageTitle":"Edited Parser to be based off \" \" instead of \".\". Made it more secure to throw exceptions","messageBody":"","fileTypesAndContributionMap":{"functional-code":{"insertions":24,"deletions":9},"docs":{"insertions":1,"deletions":2},"test-code":{"insertions":18,"deletions":3}}},{"hash":"67eb808909f159fb43a7b8ddcd38c92257d65b84","isMergeCommit":false,"messageTitle":"fixed formatting error","messageBody":"","fileTypesAndContributionMap":{"functional-code":{"insertions":2,"deletions":2}}},{"hash":"25a0d20ea0b098773a33508487ae19a61c40f30f","isMergeCommit":false,"messageTitle":"fixed more formatting errors","messageBody":"","fileTypesAndContributionMap":{"functional-code":{"insertions":1,"deletions":1}}},{"hash":"19a3fa6815ba9c73569c80a94aa866585e7366aa","isMergeCommit":false,"messageTitle":"fixed even more formatting","messageBody":"","fileTypesAndContributionMap":{"functional-code":{"insertions":1,"deletions":1}}}]},{"date":"2023-04-02","commitResults":[{"hash":"6bf3a880dc64a386db0eaa347e728cf3fcc28a6c","isMergeCommit":true,"messageTitle":"Merge pull request #198 from khooyourun/Parser_edits","messageBody":"Edited Parser to be based off \" \" instead of \".\". Made it more secure…","fileTypesAndContributionMap":{}}]}],"ZiqiuZeng":[{"date":"2023-03-03","commitResults":[{"hash":"869fe2ad3a9a544c028d573707b51acf66e13025","isMergeCommit":false,"messageTitle":"Update AboutUs.md","messageBody":"","fileTypesAndContributionMap":{"docs":{"insertions":7,"deletions":7}}},{"hash":"56f8e31b6bf1edcfb373232a11de3d2490e87fb7","isMergeCommit":true,"messageTitle":"Merge pull request #1 from khooyourun/aboutMe_Branch","messageBody":"added khoo you run to aboutus","fileTypesAndContributionMap":{}}]},{"date":"2023-03-10","commitResults":[{"hash":"df95f63d15179595d15d7aee5eb3f935017cb3a4","isMergeCommit":false,"messageTitle":"Update Help command","messageBody":"","fileTypesAndContributionMap":{"functional-code":{"insertions":34,"deletions":0}}},{"hash":"f064c24c8d05ecbb448f9fb167775743d49ed19a","isMergeCommit":false,"messageTitle":"delete unused import","messageBody":"","fileTypesAndContributionMap":{"functional-code":{"insertions":0,"deletions":1}}}]},{"date":"2023-03-13","commitResults":[{"hash":"73a4165e0e77ec890d61002ba6b376047be7edf6","isMergeCommit":false,"messageTitle":"Add HelpManualTest.java","messageBody":"","fileTypesAndContributionMap":{"test-code":{"insertions":31,"deletions":0}}},{"hash":"9b48d00ba7dcfa40d6b4ee15e45c5b600e7fea4f","isMergeCommit":false,"messageTitle":"Add header comment to readHelpManual()","messageBody":"","fileTypesAndContributionMap":{"functional-code":{"insertions":5,"deletions":2}}},{"hash":"2e9c232f2780c0fe7e0bbbcddf1efe86d41665a9","isMergeCommit":false,"messageTitle":"Add a prompt message","messageBody":"","fileTypesAndContributionMap":{"functional-code":{"insertions":1,"deletions":0}}},{"hash":"a005095f3215495395629632a60335504dfd999e","isMergeCommit":false,"messageTitle":"fix import error  and add newline at the end of file","messageBody":"","fileTypesAndContributionMap":{"test-code":{"insertions":2,"deletions":2}}}]},{"date":"2023-03-14","commitResults":[{"hash":"3c0de6c036f811269435a64aa18778fd4b279731","isMergeCommit":false,"messageTitle":"Add assertions for HelpManual()","messageBody":"","fileTypesAndContributionMap":{"functional-code":{"insertions":8,"deletions":0}}},{"hash":"64f2c3c223b0a35ec41f8150fd586e49f6570bc8","isMergeCommit":false,"messageTitle":"Add loggings to HelpManual()","messageBody":"","fileTypesAndContributionMap":{"functional-code":{"insertions":7,"deletions":0}}},{"hash":"e70a686f3e3103609805812131b112cbf3b8b27c","isMergeCommit":false,"messageTitle":"Modify imports regarding to coding standard","messageBody":"","fileTypesAndContributionMap":{"functional-code":{"insertions":2,"deletions":1}}},{"hash":"0b4ed94adac446202c47ed0fecca6d2c7f1104e7","isMergeCommit":false,"messageTitle":"Modify HelpManual() for JUnit test","messageBody":"","fileTypesAndContributionMap":{"functional-code":{"insertions":9,"deletions":2}}},{"hash":"203dbed32b505ceadf90915c015706f8c0913812","isMergeCommit":false,"messageTitle":"Modify the testReadHelpManual() method","messageBody":"","fileTypesAndContributionMap":{"test-code":{"insertions":1,"deletions":8}}},{"hash":"269e00f9f4e88d87a51f7577e145538b7e2d0e3d","isMergeCommit":false,"messageTitle":"Improve JUnit test","messageBody":"","fileTypesAndContributionMap":{"functional-code":{"insertions":1,"deletions":0},"test-code":{"insertions":4,"deletions":2}}}]},{"date":"2023-03-16","commitResults":[{"hash":"d27fa27c55ffd3c4e876a7ad0c853bdf94879c87","isMergeCommit":false,"messageTitle":"Solve logging-related issues","messageBody":"","fileTypesAndContributionMap":{"functional-code":{"insertions":16,"deletions":5},"test-code":{"insertions":2,"deletions":1}}},{"hash":"7c4572d8ae197365f4cc152bcd6778cf61db2732","isMergeCommit":false,"messageTitle":"Address indentation problem","messageBody":"","fileTypesAndContributionMap":{"functional-code":{"insertions":12,"deletions":6}}},{"hash":"b9b5ae8365d34f31a005d60874a9b204bd371432","isMergeCommit":false,"messageTitle":"address import issue","messageBody":"","fileTypesAndContributionMap":{"test-code":{"insertions":0,"deletions":2}}},{"hash":"685081ffa5dee807faccd3416c7deb19b1902c62","isMergeCommit":false,"messageTitle":"address HelpManualTest issue","messageBody":"","fileTypesAndContributionMap":{"functional-code":{"insertions":22,"deletions":7},"test-code":{"insertions":21,"deletions":2}}},{"hash":"32c8fde98a547335926d277255e9a35db1f31c83","isMergeCommit":false,"messageTitle":"improve coding standard","messageBody":"","fileTypesAndContributionMap":{"functional-code":{"insertions":0,"deletions":2}}},{"hash":"0140b1365b33ce84e9db7962588f9c3ef6b05ebe","isMergeCommit":false,"messageTitle":"address encoding discrepancy","messageBody":"","fileTypesAndContributionMap":{"functional-code":{"insertions":1,"deletions":8}}},{"hash":"43cbe150b128e5a866c5c12365abfad3d3d58193","isMergeCommit":false,"messageTitle":"comment out lines related to encoding issue","messageBody":"","fileTypesAndContributionMap":{"functional-code":{"insertions":4,"deletions":5}}},{"hash":"d4c1a96c48ee56407f8b9d8f97ee0b6e8ed1f725","isMergeCommit":false,"messageTitle":"comment out related imports for testing","messageBody":"","fileTypesAndContributionMap":{"functional-code":{"insertions":2,"deletions":2}}},{"hash":"ad828950ff285d2ebc0f7e5448fae355d257469b","isMergeCommit":false,"messageTitle":"delete unnecessary codes","messageBody":"","fileTypesAndContributionMap":{"functional-code":{"insertions":1,"deletions":6}}}]},{"date":"2023-03-17","commitResults":[{"hash":"0206a4e8a9bf60546cb9ab0828d27fb3a97e424b","isMergeCommit":false,"messageTitle":"modify filePath","messageBody":"","fileTypesAndContributionMap":{"functional-code":{"insertions":1,"deletions":1}}}]},{"date":"2023-03-21","commitResults":[{"hash":"53e47f3a6c78f7feab7fcf9a35c0e1b5f55adc82","isMergeCommit":false,"messageTitle":"Modify readHelpManual()","messageBody":"","fileTypesAndContributionMap":{"functional-code":{"insertions":19,"deletions":24},"test-code":{"insertions":1,"deletions":1}}},{"hash":"29b834c25668101d77ae0806cfbef625f16014da","isMergeCommit":false,"messageTitle":"comment out unused import","messageBody":"","fileTypesAndContributionMap":{"functional-code":{"insertions":1,"deletions":1}}}]},{"date":"2023-03-23","commitResults":[{"hash":"97c1d6006a4851a072c55210472ccec3b8747269","isMergeCommit":false,"messageTitle":"DG for HelpManual class","messageBody":"","fileTypesAndContributionMap":{"docs":{"insertions":30,"deletions":0}}},{"hash":"e2ca9c995398b5f33635ecbf7aed4915702210fb","isMergeCommit":false,"messageTitle":"update build.gradle","messageBody":"","fileTypesAndContributionMap":{"other":{"insertions":11,"deletions":1}}},{"hash":"bf2b75cac0281c74ed07a483e102e53e1db473a1","isMergeCommit":false,"messageTitle":"update Notes.java to store the notes at data/notes.txt","messageBody":"","fileTypesAndContributionMap":{"functional-code":{"insertions":6,"deletions":7}}},{"hash":"397fbd50f3bd13e46824319e2cd9bb5ab2d89c74","isMergeCommit":false,"messageTitle":"add printNotes() method","messageBody":"","fileTypesAndContributionMap":{"functional-code":{"insertions":15,"deletions":0}}},{"hash":"36eff572cc27a225ef38797a3946eec4cbf6140e","isMergeCommit":false,"messageTitle":"add Storage.java to load and save file","messageBody":"","fileTypesAndContributionMap":{"functional-code":{"insertions":58,"deletions":0}}},{"hash":"224496a2f78c8449af62c3d156dfd9c2d67d86fc","isMergeCommit":false,"messageTitle":"refactor static declaration","messageBody":"","fileTypesAndContributionMap":{"functional-code":{"insertions":1,"deletions":1}}}]},{"date":"2023-03-24","commitResults":[{"hash":"91a94a6c975425f8d6b389d3051509014133a985","isMergeCommit":false,"messageTitle":"instantiate cache inside handleCache()","messageBody":"","fileTypesAndContributionMap":{"functional-code":{"insertions":2,"deletions":1}}},{"hash":"acf7300472d8f304017aa80c57ab56f4d2c2ad8a","isMergeCommit":true,"messageTitle":"Merge pull request #80 from WilsonLee2000/Logger","messageBody":"Implement Logger in Notes.java","fileTypesAndContributionMap":{}},{"hash":"386c4dfdb0b51c0676e06ee473d9b3de6a0db668","isMergeCommit":false,"messageTitle":"add duplicateStrategy in build.gradle","messageBody":"","fileTypesAndContributionMap":{"other":{"insertions":1,"deletions":0}}}]},{"date":"2023-03-27","commitResults":[{"hash":"69cac21a5f811314b63d9fc5e950c4e254aeedd4","isMergeCommit":true,"messageTitle":"Merge pull request #88 from WilsonLee2000/StoreNotesV2","messageBody":"Add Delete Operations and List Specific items in StoreNotes.java v2.0","fileTypesAndContributionMap":{}},{"hash":"49430acae19712608964f057cae6ffb88efd4fea","isMergeCommit":false,"messageTitle":"make note more OOP","messageBody":"","fileTypesAndContributionMap":{"functional-code":{"insertions":472,"deletions":134}}},{"hash":"f07a80b4acf46a0e3488288dd87c556a8b38d496","isMergeCommit":false,"messageTitle":"Add newline to NotePriority.java","messageBody":"","fileTypesAndContributionMap":{"functional-code":{"insertions":1,"deletions":1}}},{"hash":"b2b4a35fc541d97fe13c1e9a545fd9457da24be8","isMergeCommit":false,"messageTitle":"Add newline to BadMaths.java","messageBody":"","fileTypesAndContributionMap":{"functional-code":{"insertions":1,"deletions":1}}},{"hash":"cb5a16b08e595b4450adb99a34d9aed0c6cabf3f","isMergeCommit":false,"messageTitle":"Improve code quality","messageBody":"","fileTypesAndContributionMap":{"functional-code":{"insertions":1,"deletions":0}}},{"hash":"27569297507dd9351bbcea6c92f7f05e2e717bc6","isMergeCommit":true,"messageTitle":"Merge pull request #93 from ZiqiuZeng/Notes-OOP","messageBody":"","fileTypesAndContributionMap":{}}]},{"date":"2023-03-29","commitResults":[{"hash":"9ecc4e2f08ba68454b5da0ad9c8bbf7a603f8e25","isMergeCommit":false,"messageTitle":"authorship","messageBody":"","fileTypesAndContributionMap":{"functional-code":{"insertions":68,"deletions":20}}},{"hash":"e2643dba8b2367d1ffa6a6eb55ddf546190e9326","isMergeCommit":false,"messageTitle":"Fix bugs related to commands","messageBody":"","fileTypesAndContributionMap":{"functional-code":{"insertions":160,"deletions":103}}},{"hash":"967fea42c18c1eae62dbab77f945970d0de76c22","isMergeCommit":true,"messageTitle":"Merge pull request #109 from ZiqiuZeng/command-fix","messageBody":"Fix bugs related to commands","fileTypesAndContributionMap":{}},{"hash":"c183d91c2c26374a067ac443c743bb909282944e","isMergeCommit":false,"messageTitle":"Update UG","messageBody":"","fileTypesAndContributionMap":{"docs":{"insertions":201,"deletions":3}}}]},{"date":"2023-03-30","commitResults":[{"hash":"937a771725c512f74fa3b95a9603ffafe13db39b","isMergeCommit":true,"messageTitle":"Merge pull request #119 from WilsonLee2000/DeveloperGuide2","messageBody":"Implement Sequence Diagram for Notes Functionalities on DeveloperGuide.md","fileTypesAndContributionMap":{}}]},{"date":"2023-04-03","commitResults":[{"hash":"cb44b79ec4f9c0ef82ae92dacdd2e530f6d490ec","isMergeCommit":false,"messageTitle":"handle errors in command class","messageBody":"","fileTypesAndContributionMap":{"functional-code":{"insertions":30,"deletions":15}}},{"hash":"7e608309396b2f96ebd71befeb8b07957b52e7ac","isMergeCommit":false,"messageTitle":"handle invalid notes file","messageBody":"","fileTypesAndContributionMap":{"functional-code":{"insertions":72,"deletions":4}}},{"hash":"efc6382b022f2e75b7b18a4768dc597377c6d105","isMergeCommit":false,"messageTitle":"add InvalidFormatException","messageBody":"","fileTypesAndContributionMap":{"functional-code":{"insertions":4,"deletions":0}}},{"hash":"0b49f108d4527fe75cca662aaf773936b8ff7ec7","isMergeCommit":true,"messageTitle":"Merge branch \u0027master\u0027 into branch-bug-fix","messageBody":"","fileTypesAndContributionMap":{}},{"hash":"fd38e7ab32df9d2e2a4c3ff71fceacf4fecd3b51","isMergeCommit":false,"messageTitle":"refactor comment","messageBody":"","fileTypesAndContributionMap":{"functional-code":{"insertions":4,"deletions":6}}},{"hash":"0c7026c139d84a75ea1f2a5ff9eab3dd179a3d59","isMergeCommit":false,"messageTitle":"Revert \"refactor comment\"","messageBody":"This reverts commit fd38e7ab32df9d2e2a4c3ff71fceacf4fecd3b51.\n","fileTypesAndContributionMap":{"functional-code":{"insertions":6,"deletions":4}}},{"hash":"d222fe83276c3eb3a49b87de917db46d853af463","isMergeCommit":true,"messageTitle":"Merge remote-tracking branch \u0027origin/branch-bug-fix\u0027 into branch-bug-fix","messageBody":"* origin/branch-bug-fix:\n  Resolve bugs where ToDo contains other characters instead of numbers.\n  Fix issue #150 and #156 by changing the condition for the isInvalidIndex method\n  Rectify issue #184 FindPrior command has inaccurate command examples in user guide. #184\n  Format User Guides by adding Bullet Points\n","fileTypesAndContributionMap":{}},{"hash":"6967673d88b2928175451bd2fbe2eb7091b1088f","isMergeCommit":false,"messageTitle":"handle documentation issue","messageBody":"","fileTypesAndContributionMap":{"functional-code":{"insertions":5,"deletions":4}}},{"hash":"9a8c2fd858c50978d2a6e0bcd1a3554b8e561a52","isMergeCommit":true,"messageTitle":"Merge pull request #211 from ZiqiuZeng/branch-bug-fix","messageBody":"Branch bug fix","fileTypesAndContributionMap":{}},{"hash":"4d76d91e6d282eb37f7f30a0b57883c3df2f5f16","isMergeCommit":false,"messageTitle":"reformat storage","messageBody":"","fileTypesAndContributionMap":{"functional-code":{"insertions":17,"deletions":13}}},{"hash":"2b3f10948eec45b6daca1ab8d3d4d5747d460f59","isMergeCommit":false,"messageTitle":"add new line","messageBody":"","fileTypesAndContributionMap":{"functional-code":{"insertions":4,"deletions":1}}},{"hash":"b3e23ee6fff3bb29cced2a00f5cb1356564c5222","isMergeCommit":true,"messageTitle":"Merge pull request #215 from ZiqiuZeng/branch-storage-format-update","messageBody":"reformat storage","fileTypesAndContributionMap":{}},{"hash":"127c4c353986660e03ada39a402f74c302dab879","isMergeCommit":false,"messageTitle":"create classes for storage purpose","messageBody":"","fileTypesAndContributionMap":{"functional-code":{"insertions":198,"deletions":0}}},{"hash":"ee03232da35a5a76f358ee3409999fac2316cfcc","isMergeCommit":false,"messageTitle":"handle end with new line error","messageBody":"","fileTypesAndContributionMap":{"functional-code":{"insertions":7,"deletions":1}}},{"hash":"d71da24dd5aeb7a4b521259539a4620dfed5ec4b","isMergeCommit":true,"messageTitle":"Merge pull request #218 from ZiqiuZeng/master","messageBody":"","fileTypesAndContributionMap":{}}]},{"date":"2023-04-04","commitResults":[{"hash":"6a7a020921f25f4f2efbffb0a98a86dfcbfe45b6","isMergeCommit":false,"messageTitle":"Add JUnit Test for NotesFileCleaner","messageBody":"","fileTypesAndContributionMap":{"test-code":{"insertions":55,"deletions":0}}},{"hash":"ec216154a6106a491f567b9ea87c6fa0d31ff8ab","isMergeCommit":false,"messageTitle":"Add JUnit Test for NotesFileContentManager","messageBody":"","fileTypesAndContributionMap":{"test-code":{"insertions":39,"deletions":0}}},{"hash":"44da39fd03f9fdcd8a68af94b3e9b14200ac4d15","isMergeCommit":false,"messageTitle":"Add JUnit Test for NotesFileParserTest","messageBody":"","fileTypesAndContributionMap":{"test-code":{"insertions":38,"deletions":0}}},{"hash":"7d79d931523c3239287ecd5b8cea63e94a88ed9c","isMergeCommit":false,"messageTitle":"Update gradle","messageBody":"","fileTypesAndContributionMap":{"other":{"insertions":2,"deletions":0}}},{"hash":"c795a9f5aa16fb956436b5892b2a1757b60956f6","isMergeCommit":false,"messageTitle":"refactor test file path","messageBody":"","fileTypesAndContributionMap":{"test-code":{"insertions":1,"deletions":1}}},{"hash":"b6d6a7e54d17a37ce6d9a915e793acdd2d12ee01","isMergeCommit":false,"messageTitle":"replace the hard-coded line separator with the platform-specific line separator","messageBody":"","fileTypesAndContributionMap":{"functional-code":{"insertions":1,"deletions":1}}},{"hash":"da1ba64058a47422e638288e12e632dabf9ddef9","isMergeCommit":false,"messageTitle":"normalise line separator","messageBody":"","fileTypesAndContributionMap":{"test-code":{"insertions":4,"deletions":0}}},{"hash":"7a362990b05fd3352877301cd68aae4d03ffbeea","isMergeCommit":true,"messageTitle":"Merge pull request #221 from ZiqiuZeng/branch-JUnit-Test-v2","messageBody":"Add JUnit Test for Storage-related classes","fileTypesAndContributionMap":{}}]}],"YC-Michael":[{"date":"2023-03-03","commitResults":[{"hash":"1259041f54628b83d88258d6578334719442836e","isMergeCommit":false,"messageTitle":"Update README.md","messageBody":"","fileTypesAndContributionMap":{"docs":{"insertions":1,"deletions":1}}},{"hash":"94be5eb6e954459b7c2c210b7e1a9fcdb15091db","isMergeCommit":true,"messageTitle":"Merge pull request #3 from ZiqiuZeng/branch-about-us","messageBody":"Update AboutUs.md","fileTypesAndContributionMap":{}}]},{"date":"2023-03-05","commitResults":[{"hash":"0e04106274bae3d4f4d8122d29d291a795f1450e","isMergeCommit":false,"messageTitle":"Update AboutUs.md","messageBody":"","fileTypesAndContributionMap":{"docs":{"insertions":7,"deletions":7}}},{"hash":"9583681ae58e47d1f6b97b03431d1458c9bf71e5","isMergeCommit":true,"messageTitle":"Merge remote-tracking branch \u0027upstream1/master\u0027 into updateAboutUs","messageBody":"# Conflicts:\n#\tdocs/AboutUs.md\n","fileTypesAndContributionMap":{}},{"hash":"721b162bd39b0b49862dd0c796ea466c13724ef1","isMergeCommit":true,"messageTitle":"Merge pull request #4 from YC-Michael/updateAboutUs","messageBody":"Update AboutUs.md","fileTypesAndContributionMap":{}}]},{"date":"2023-03-08","commitResults":[{"hash":"613f2139899eb13fcb731e2293352f356dec89fa","isMergeCommit":true,"messageTitle":"Merge pull request #14 from khooyourun/main_and_parser","messageBody":"Main and parser","fileTypesAndContributionMap":{}},{"hash":"09c0c18d79c7810f6da51d33298f8b5e5065e310","isMergeCommit":false,"messageTitle":"Add Class to find properties of Trigo Graph","messageBody":"","fileTypesAndContributionMap":{"functional-code":{"insertions":53,"deletions":1}}},{"hash":"485a863c228fd27852cae93099dd772b3b6a5a26","isMergeCommit":true,"messageTitle":"Merge remote-tracking branch \u0027upstream1/master\u0027 into v1.0-TrigoGraph","messageBody":"# Conflicts:\n#\tsrc/main/java/seedu/duke/Duke.java\n","fileTypesAndContributionMap":{}},{"hash":"f5da88b828444e66498e9a5afe3b001026f4a27a","isMergeCommit":true,"messageTitle":"Merge branch \u0027v1.0-TrigoGraph\u0027","messageBody":"","fileTypesAndContributionMap":{}},{"hash":"deb8f8994bf43a8f400f4dbf0816046dd929b05d","isMergeCommit":false,"messageTitle":"Add JUnit test for v1.0 - TrigoGraphTest.java Add exceptions for incorrect input of Trigo equation.","messageBody":"","fileTypesAndContributionMap":{"functional-code":{"insertions":21,"deletions":12},"test-code":{"insertions":35,"deletions":0}}},{"hash":"7e09e745ed1a28f5cdb82044b462a6341ce4ebe9","isMergeCommit":false,"messageTitle":"Comply to checkstyleTest","messageBody":"","fileTypesAndContributionMap":{"test-code":{"insertions":4,"deletions":3}}}]},{"date":"2023-03-09","commitResults":[{"hash":"caa81c07f47ad1c8393acfcf08ed309c63d5af22","isMergeCommit":true,"messageTitle":"Merge pull request #19 from khooyourun/command_Class_and_JUnit_Tests","messageBody":"Command class and j unit tests","fileTypesAndContributionMap":{}}]},{"date":"2023-03-10","commitResults":[{"hash":"d4cac495c365dbd9b054c76103cd50ebbc593763","isMergeCommit":true,"messageTitle":"Merge pull request #22 from 0nandon/master","messageBody":"Add \u0027Seungjun Lee\u0027 to docs/AboutUs.md","fileTypesAndContributionMap":{}},{"hash":"d3f6bd0845897b9e5ac2745e7118982f18193c0e","isMergeCommit":true,"messageTitle":"Merge pull request #25 from 0nandon/master","messageBody":"PR for matrix multiplication","fileTypesAndContributionMap":{}}]},{"date":"2023-03-13","commitResults":[{"hash":"0e4ff16a0eecfd362de2641c18997183e8a6f61d","isMergeCommit":true,"messageTitle":"Merge pull request #28 from khooyourun/command_Class_and_JUnit_Tests","messageBody":"Intergrated Notes function","fileTypesAndContributionMap":{}}]},{"date":"2023-03-14","commitResults":[{"hash":"0656493c268655c5defd208727e5548991930296","isMergeCommit":false,"messageTitle":"Add more exceptions to catch invalid commands that are send to TrigoGraph.","messageBody":"","fileTypesAndContributionMap":{"functional-code":{"insertions":66,"deletions":17}}},{"hash":"6fb96659421c86d399f2ccb6bd797707e07c9f22","isMergeCommit":true,"messageTitle":"Merge branch \u0027master\u0027 of https://github.com/AY2223S2-CS2113-F10-2/tp into Catch-Exceptions-TrigoGraph","messageBody":"","fileTypesAndContributionMap":{}},{"hash":"18b07ce92927fdc0d41d5c9535af182442f21957","isMergeCommit":false,"messageTitle":"Add more exceptions to catch invalid commands that are send to TrigoGraph and rectify Line to be shorter than 120 characters.","messageBody":"","fileTypesAndContributionMap":{"functional-code":{"insertions":24,"deletions":18}}},{"hash":"ed97c9c9a746da9401d0a2549be060c8bc68feb9","isMergeCommit":false,"messageTitle":"Comply to checkstyleTest","messageBody":"","fileTypesAndContributionMap":{"functional-code":{"insertions":2,"deletions":0},"other":{"insertions":1,"deletions":1}}},{"hash":"c67c10449950865b762353a9208331f248cff4bf","isMergeCommit":true,"messageTitle":"Merge branch \u0027master\u0027 of https://github.com/AY2223S2-CS2113-F10-2/tp into Edit-TestFiles","messageBody":"","fileTypesAndContributionMap":{}},{"hash":"44c7c36b6c04a70482e0830eca659bf110787579","isMergeCommit":false,"messageTitle":"Make trigoGraph more OOP and add Ui class to print statements to user","messageBody":"","fileTypesAndContributionMap":{"functional-code":{"insertions":234,"deletions":107}}},{"hash":"30528ca8396f216686e497a79552bedfaafd7f48","isMergeCommit":false,"messageTitle":"Make trigoGraph more OOP and add Ui class to print statements to user","messageBody":"","fileTypesAndContributionMap":{"functional-code":{"insertions":35,"deletions":32}}},{"hash":"a0fc0e23c5f5f8d2ba296e8726cb2315f9c56e7a","isMergeCommit":false,"messageTitle":"Rectify spelling error","messageBody":"","fileTypesAndContributionMap":{"functional-code":{"insertions":2,"deletions":2}}},{"hash":"4a349bc8c4514b8c08736828594d005b6ada9346","isMergeCommit":true,"messageTitle":"Merge pull request #34 from YC-Michael/OOP-TrigoGraph","messageBody":"OOP trigo graph","fileTypesAndContributionMap":{}},{"hash":"e7e9268009f6eb3965fc5804f017d2e2981e8f49","isMergeCommit":false,"messageTitle":"Add assertions","messageBody":"","fileTypesAndContributionMap":{"functional-code":{"insertions":3,"deletions":0}}},{"hash":"b04cc7eaf3d5ddec9731219416eff487d584c95e","isMergeCommit":false,"messageTitle":"Rename package files and add logger to TrigoGraphAnalyser","messageBody":"","fileTypesAndContributionMap":{"functional-code":{"insertions":50,"deletions":8}}},{"hash":"c643d4c47054489a95b1877b98dd14ca2184a4bd","isMergeCommit":true,"messageTitle":"Merge pull request #37 from WilsonLee2000/JUnit","messageBody":"Add NotesTest.java (J-Unit)","fileTypesAndContributionMap":{}},{"hash":"388da5fad5a01837e84e666279edbf7e8e50a65d","isMergeCommit":true,"messageTitle":"Merge pull request #36 from YC-Michael/assertions-trigoGraph","messageBody":"Add assertions","fileTypesAndContributionMap":{}},{"hash":"c18e886bcd4426170bc7a06038be681f24a5d480","isMergeCommit":true,"messageTitle":"Merge branch \u0027master\u0027 of https://github.com/AY2223S2-CS2113-F10-2/tp into logger-trigoGraph","messageBody":"","fileTypesAndContributionMap":{}},{"hash":"2d05a27797d4cf6328c16b4f05b578e78b1777d1","isMergeCommit":false,"messageTitle":"Rename package files and add logger to TrigoGraphAnalyser","messageBody":"","fileTypesAndContributionMap":{"functional-code":{"insertions":1,"deletions":3}}},{"hash":"c9e01a174759772bbc97d75a59bf57a07de800f6","isMergeCommit":true,"messageTitle":"Merge pull request #40 from YC-Michael/logger-trigoGraph","messageBody":"Rename package files and add logger to TrigoGraphAnalyser","fileTypesAndContributionMap":{}}]},{"date":"2023-03-16","commitResults":[{"hash":"4cbffa86f87f3e1bb65f197303c0cfecc0861e4a","isMergeCommit":false,"messageTitle":"Rename packages","messageBody":"","fileTypesAndContributionMap":{"other":{"insertions":0,"deletions":0}}},{"hash":"36e6085cd688e61d44648d04629cba4485bb5f6e","isMergeCommit":true,"messageTitle":"Merge pull request #42 from khooyourun/Assertions","messageBody":"Added assertion and handle exception for userInput","fileTypesAndContributionMap":{}},{"hash":"769a8e449169f4b5e2d80a6b1c019742122acde5","isMergeCommit":true,"messageTitle":"Merge branch \u0027master\u0027 of https://github.com/AY2223S2-CS2113-F10-2/tp into rename-package","messageBody":"","fileTypesAndContributionMap":{}},{"hash":"14ea517bf6e0c85ce73901d1cc3914652f3dba4a","isMergeCommit":false,"messageTitle":"Rename packages","messageBody":"","fileTypesAndContributionMap":{"functional-code":{"insertions":2,"deletions":2},"other":{"insertions":5,"deletions":5}}},{"hash":"dfd568e4a1b63e63d37e2b1704806f281e190d9c","isMergeCommit":false,"messageTitle":"Rename packages","messageBody":"","fileTypesAndContributionMap":{"functional-code":{"insertions":1,"deletions":1}}},{"hash":"c5197181ececea33b0e969268e340b61e5874ad9","isMergeCommit":true,"messageTitle":"Merge pull request #44 from YC-Michael/rename-package","messageBody":"Rename packages","fileTypesAndContributionMap":{}},{"hash":"52b150f7995808690bca7f0c09b2a55636d05fb6","isMergeCommit":false,"messageTitle":"Rename packages to correct names","messageBody":"","fileTypesAndContributionMap":{"functional-code":{"insertions":3,"deletions":3},"other":{"insertions":5,"deletions":5}}},{"hash":"e95c3c6bae758908c21a2bb925d67bc76a17be40","isMergeCommit":false,"messageTitle":"Create new Junit Tests for new code in TrigoGraphAnalyser.","messageBody":"","fileTypesAndContributionMap":{"functional-code":{"insertions":2,"deletions":2},"test-code":{"insertions":24,"deletions":0}}},{"hash":"cc5f5f08046c9804ab0cc85c390a595f97f9ddff","isMergeCommit":false,"messageTitle":"Change star imports","messageBody":"","fileTypesAndContributionMap":{"test-code":{"insertions":2,"deletions":2}}}]},{"date":"2023-03-21","commitResults":[{"hash":"a7be1dde087509498f786ca4da3094eed9324768","isMergeCommit":true,"messageTitle":"Merge pull request #60 from ZiqiuZeng/master","messageBody":"Refactor HelpManual.txt","fileTypesAndContributionMap":{}}]},{"date":"2023-03-22","commitResults":[{"hash":"3966936ae60b5060d09fb3ce97223ccdffe45a5b","isMergeCommit":false,"messageTitle":"Update DG for graph","messageBody":"","fileTypesAndContributionMap":{"docs":{"insertions":26,"deletions":1}}},{"hash":"5dd8cbad44e14571c0902f524815689fb29d4421","isMergeCommit":true,"messageTitle":"Merge branch \u0027master\u0027 of https://github.com/AY2223S2-CS2113-F10-2/tp into branch-updateDG-graph","messageBody":"# Conflicts:\n#\tdocs/DeveloperGuide.md\n","fileTypesAndContributionMap":{}},{"hash":"c9b52bb4526690bd93848ecedae938cf67b3a4d5","isMergeCommit":false,"messageTitle":"Update DG for graph","messageBody":"","fileTypesAndContributionMap":{"docs":{"insertions":45,"deletions":4}}},{"hash":"9451ac7561f056c1f90ae77b14b725fc219b1df1","isMergeCommit":false,"messageTitle":"Create TrigoGraphVisualiser for v2.0-graph-feature of BadMaths","messageBody":"","fileTypesAndContributionMap":{"functional-code":{"insertions":146,"deletions":6}}},{"hash":"76080fef2e2c6a56ba12118e90f01e6108150540","isMergeCommit":false,"messageTitle":"Fix indentation and add try-catch for exceptions.","messageBody":"","fileTypesAndContributionMap":{"functional-code":{"insertions":32,"deletions":19}}},{"hash":"64de19718d488cba50716c99b53c4f4bf3a14921","isMergeCommit":false,"messageTitle":"Remove \u0027.*\u0027 form of import","messageBody":"","fileTypesAndContributionMap":{"functional-code":{"insertions":4,"deletions":1}}}]},{"date":"2023-03-23","commitResults":[{"hash":"d6a9fee4624c45cf0fb8ea972f62e981fd974029","isMergeCommit":false,"messageTitle":"Update DG for graph","messageBody":"","fileTypesAndContributionMap":{"docs":{"insertions":19,"deletions":3}}},{"hash":"f80d96d8e0875957c8dec7ef1ee76ceddc707f2d","isMergeCommit":true,"messageTitle":"Merge pull request #71 from YC-Michael/branch-updateDG-graph","messageBody":"Branch update dg graph","fileTypesAndContributionMap":{}},{"hash":"c55b7aa67a8a6c644ea7ab348decc41413d8a31f","isMergeCommit":true,"messageTitle":"Merge pull request #72 from WilsonLee2000/DG-Draft2","messageBody":"Add Developer Guide for Display and Store Notes","fileTypesAndContributionMap":{}}]},{"date":"2023-03-24","commitResults":[{"hash":"b1ef0c02f7df598c8a55923403ef8b5dc06ddbd0","isMergeCommit":true,"messageTitle":"Merge pull request #82 from 0nandon/master","messageBody":"Add DG for the matrix part","fileTypesAndContributionMap":{}},{"hash":"f406e6e49fa5f42c29b16f62c3f3869af84e3b52","isMergeCommit":true,"messageTitle":"Merge pull request #83 from ZiqiuZeng/master","messageBody":"add duplicateStrategy in build.gradle","fileTypesAndContributionMap":{}},{"hash":"095a9cee02ddaea881b7fa87075918375fc6339f","isMergeCommit":false,"messageTitle":"Fix bugs for visualising trigo graph","messageBody":"","fileTypesAndContributionMap":{"functional-code":{"insertions":16,"deletions":7}}},{"hash":"1d4657ea2a487ad2cd938db3283af117d30c0ab1","isMergeCommit":true,"messageTitle":"Merge pull request #85 from YC-Michael/branch-fix-bugs","messageBody":"Fix bugs for visualising trigo graph","fileTypesAndContributionMap":{}},{"hash":"7ed9f6d7bf0b73f4b587f4dde7211cceb226abe4","isMergeCommit":false,"messageTitle":"Reformat code in TrigoGraphVisualiser.java","messageBody":"","fileTypesAndContributionMap":{"functional-code":{"insertions":4,"deletions":2}}},{"hash":"f567af9ae394dc08af032bcbe7d172b2812727ae","isMergeCommit":false,"messageTitle":"Reformat code in TrigoGraphVisualiser.java","messageBody":"","fileTypesAndContributionMap":{"functional-code":{"insertions":4,"deletions":2}}},{"hash":"99c12a7bd04b67d6dc63cf481024138d2bd49bd4","isMergeCommit":false,"messageTitle":"Reformat code in TrigoGraphVisualiser.java","messageBody":"","fileTypesAndContributionMap":{"functional-code":{"insertions":1,"deletions":1},"test-code":{"insertions":1,"deletions":1}}},{"hash":"37e7655fc8d7a3ca5a859c1b0cb1d374ba687276","isMergeCommit":false,"messageTitle":"Reformat code in TrigoGraphVisualiser.java","messageBody":"","fileTypesAndContributionMap":{"test-code":{"insertions":1,"deletions":1}}},{"hash":"cae88e6348007f2d832d3ad750a691d484c51ba6","isMergeCommit":true,"messageTitle":"Merge pull request #86 from YC-Michael/branch-graph-v2.0","messageBody":"Reformat code in TrigoGraphVisualiser.java","fileTypesAndContributionMap":{}},{"hash":"910b2d60f924a21121679c06553b429d22e4e56a","isMergeCommit":true,"messageTitle":"Merge branch \u0027master\u0027 of https://github.com/AY2223S2-CS2113-F10-2/tp","messageBody":"","fileTypesAndContributionMap":{}}]},{"date":"2023-03-27","commitResults":[{"hash":"177d45923c54310175d33c6a6365f9a05a1a13df","isMergeCommit":true,"messageTitle":"Merge pull request #87 from khooyourun/ParserTest2","messageBody":"Fixed JUnit Test for Parser","fileTypesAndContributionMap":{}}]},{"date":"2023-03-28","commitResults":[{"hash":"7f8ea40d82f3fad246b72b6af142431d8f6df20c","isMergeCommit":true,"messageTitle":"Merge pull request #94 from khooyourun/Quadratic","messageBody":"Added Quadratic Solver and JUnit tests","fileTypesAndContributionMap":{}},{"hash":"ab16961301d510b069320ff34275062c9fd63839","isMergeCommit":false,"messageTitle":"Add JUnit tests for TrigoGraphAnalyser and TrigoGraphVisualiserStub","messageBody":"","fileTypesAndContributionMap":{"functional-code":{"insertions":75,"deletions":12},"test-code":{"insertions":71,"deletions":0}}},{"hash":"53f0f44130c46f5bd1de8ae2655c73322460b4b1","isMergeCommit":false,"messageTitle":"Add JUnit tests for TrigoGraphAnalyser and TrigoGraphVisualiserStub","messageBody":"","fileTypesAndContributionMap":{"functional-code":{"insertions":6,"deletions":3}}},{"hash":"9e6662f847676894827bc01ff614eebe1c51a8e8","isMergeCommit":false,"messageTitle":"Add JUnit tests for TrigoGraphAnalyser and TrigoGraphVisualiserStub","messageBody":"","fileTypesAndContributionMap":{"functional-code":{"insertions":4,"deletions":5}}},{"hash":"71e875c81940c89b45188a06e562db5f744f6b85","isMergeCommit":false,"messageTitle":"Add JUnit tests for TrigoGraphAnalyser and TrigoGraphVisualiserStub","messageBody":"","fileTypesAndContributionMap":{"functional-code":{"insertions":7,"deletions":5}}},{"hash":"4e5357d0d5c629418d520e9e62970e73a4e03f75","isMergeCommit":false,"messageTitle":"Add JUnit tests for TrigoGraphAnalyser and TrigoGraphVisualiserStub","messageBody":"","fileTypesAndContributionMap":{"test-code":{"insertions":7,"deletions":11}}},{"hash":"0a39eabbb49f7accb7685c702fd119370aeb609b","isMergeCommit":false,"messageTitle":"Add JUnit tests for TrigoGraphAnalyser and TrigoGraphVisualiserStub","messageBody":"","fileTypesAndContributionMap":{"docs":{"insertions":1,"deletions":14},"test-code":{"insertions":1,"deletions":1}}},{"hash":"cf49b8b00f31d3bbc127dabdfc2298b380106101","isMergeCommit":false,"messageTitle":"Add JUnit tests for TrigoGraphAnalyser and TrigoGraphVisualiserStub","messageBody":"","fileTypesAndContributionMap":{"docs":{"insertions":2,"deletions":1},"test-code":{"insertions":1,"deletions":1}}},{"hash":"ded59cea33a508c291fe314ce3a1fbc2f1811427","isMergeCommit":false,"messageTitle":"Add JUnit tests for TrigoGraphAnalyser and TrigoGraphVisualiserStub","messageBody":"","fileTypesAndContributionMap":{"docs":{"insertions":2,"deletions":1}}},{"hash":"726e83d032d97fe94706a013b2769a1fe064dcbc","isMergeCommit":false,"messageTitle":"Add JUnit tests for TrigoGraphAnalyser and TrigoGraphVisualiserStub","messageBody":"","fileTypesAndContributionMap":{"functional-code":{"insertions":0,"deletions":1},"docs":{"insertions":2,"deletions":0},"test-code":{"insertions":4,"deletions":4}}},{"hash":"ece2ce746caca081da76016e064a4caca14b297d","isMergeCommit":false,"messageTitle":"Add graphs features in UG","messageBody":"","fileTypesAndContributionMap":{"docs":{"insertions":11,"deletions":1}}},{"hash":"c99e27187cb14dd81dd2cef2548b77f013110fe0","isMergeCommit":false,"messageTitle":"Resolve checkStyle error","messageBody":"","fileTypesAndContributionMap":{"functional-code":{"insertions":0,"deletions":1}}},{"hash":"368d7f3489f74c24eb3e8079fa73c6d345b6facd","isMergeCommit":true,"messageTitle":"Merge branch \u0027master\u0027 into branch-UG","messageBody":"","fileTypesAndContributionMap":{}},{"hash":"9f051f4c57b009dd79eadfa601bf5cd01764dd52","isMergeCommit":false,"messageTitle":"Resolve checkStyle error","messageBody":"","fileTypesAndContributionMap":{"functional-code":{"insertions":0,"deletions":2}}},{"hash":"303546dee8ea2dd0d1e14e91c45396f8a2c279d8","isMergeCommit":true,"messageTitle":"Merge remote-tracking branch \u0027origin/branch-UG\u0027 into branch-UG","messageBody":"","fileTypesAndContributionMap":{}},{"hash":"1eb261fb81615fce840bf0f833cf2347c2f27381","isMergeCommit":true,"messageTitle":"Merge pull request #97 from YC-Michael/branch-UG","messageBody":"Branch ug","fileTypesAndContributionMap":{}}]},{"date":"2023-03-29","commitResults":[{"hash":"845e45b78b6c47f483d111582aa0399add843739","isMergeCommit":false,"messageTitle":"Add uml diagram for TrigoGraph","messageBody":"","fileTypesAndContributionMap":{"functional-code":{"insertions":1,"deletions":1},"docs":{"insertions":74,"deletions":6}}},{"hash":"22079818e9489aa276de16ed5f8430778ef33302","isMergeCommit":false,"messageTitle":"Add more JUnit tests for TrigoGraph","messageBody":"","fileTypesAndContributionMap":{"functional-code":{"insertions":7,"deletions":25},"test-code":{"insertions":21,"deletions":2}}},{"hash":"563134cfb87b7a64c808f40ca5b1ee29237b223f","isMergeCommit":false,"messageTitle":"Add more JUnit tests for TrigoGraph","messageBody":"","fileTypesAndContributionMap":{"test-code":{"insertions":4,"deletions":1}}},{"hash":"240f6c39667f3bb56558ae48f8df469fb9dc7b18","isMergeCommit":false,"messageTitle":"Add logo","messageBody":"","fileTypesAndContributionMap":{"functional-code":{"insertions":15,"deletions":2}}},{"hash":"86bc9e24c93bd9c7459da72395b0e39adf95af88","isMergeCommit":true,"messageTitle":"Merge branch \u0027master\u0027 of https://github.com/AY2223S2-CS2113-F10-2/tp into Branch-Ui-TouchUp","messageBody":"","fileTypesAndContributionMap":{}},{"hash":"8daea935829a9ef187631a82683cc3404fbf4553","isMergeCommit":false,"messageTitle":"Add logo","messageBody":"","fileTypesAndContributionMap":{"functional-code":{"insertions":12,"deletions":6}}}]},{"date":"2023-03-30","commitResults":[{"hash":"1d9445270867d7a773694b62ffaf1a7a564d4d0e","isMergeCommit":false,"messageTitle":"Update text-ui-test","messageBody":"","fileTypesAndContributionMap":{"functional-code":{"insertions":13,"deletions":16},"other":{"insertions":1,"deletions":1}}},{"hash":"33e66587b1f4825af106705c4cef6dd2130a454a","isMergeCommit":false,"messageTitle":"Update text-ui-test","messageBody":"","fileTypesAndContributionMap":{"functional-code":{"insertions":4,"deletions":5},"other":{"insertions":1,"deletions":1}}},{"hash":"717e54b62cfce2dc1464e78b37d85a1b80e60fa3","isMergeCommit":true,"messageTitle":"Merge pull request #122 from khooyourun/DG_Quadratic","messageBody":"updated Quadratic solver and added sequence diagram to DG","fileTypesAndContributionMap":{}},{"hash":"04ef498f87cc01df049460311b28cfedcb1e8775","isMergeCommit":true,"messageTitle":"Merge pull request #117 from YC-Michael/Branch-Ui-TouchUp","messageBody":"Branch UI touch up","fileTypesAndContributionMap":{}},{"hash":"f183a390fd68d5f94ea058f133cd80bb373d9e24","isMergeCommit":false,"messageTitle":"Update DeveloperGuide.md, add more JUnit tests for TrigoGraphAnalyser and update TrigoGraphVisualiser.","messageBody":"","fileTypesAndContributionMap":{"functional-code":{"insertions":13,"deletions":4},"docs":{"insertions":23,"deletions":6},"test-code":{"insertions":7,"deletions":5}}},{"hash":"41e2492f5ec473922ccd8222c400cf578696bf69","isMergeCommit":true,"messageTitle":"Merge branch \u0027master\u0027 of https://github.com/AY2223S2-CS2113-F10-2/tp","messageBody":"","fileTypesAndContributionMap":{}},{"hash":"ce7397dd243931d515dc0911f3ecbfee2a3d506c","isMergeCommit":false,"messageTitle":"Update DeveloperGuide.md, add more JUnit tests for TrigoGraphAnalyser and update TrigoGraphVisualiser.","messageBody":"","fileTypesAndContributionMap":{"docs":{"insertions":2,"deletions":0},"test-code":{"insertions":3,"deletions":2}}},{"hash":"d5b9b7460ee4743bd8f3ce6d4f08ec1c4ddf4312","isMergeCommit":false,"messageTitle":"Fix Constructor definition in wrong order.","messageBody":"","fileTypesAndContributionMap":{"functional-code":{"insertions":5,"deletions":3}}}]},{"date":"2023-03-31","commitResults":[{"hash":"652586e664fc83cda3781171560d5548bbcbec51","isMergeCommit":true,"messageTitle":"Merge pull request #130 from YC-Michael/master","messageBody":" update TrigoGraphVisualiser and DG","tags":["v2.0"],"fileTypesAndContributionMap":{}}]},{"date":"2023-04-01","commitResults":[{"hash":"9b55e5b9a0a5e51941f624afe9c9e00a20654b99","isMergeCommit":false,"messageTitle":"Fix bugs for trigoGraph","messageBody":"","fileTypesAndContributionMap":{"functional-code":{"insertions":9,"deletions":4}}},{"hash":"85d02124b49dbd78d9e60725640e83f0abb23a15","isMergeCommit":true,"messageTitle":"Merge branch \u0027master\u0027 of https://github.com/AY2223S2-CS2113-F10-2/tp","messageBody":"","fileTypesAndContributionMap":{}},{"hash":"64827a13f4ab2df0ef920f793233a18a51d1aa48","isMergeCommit":false,"messageTitle":"Fix bugs for trigoGraph","messageBody":"","fileTypesAndContributionMap":{"functional-code":{"insertions":53,"deletions":22},"docs":{"insertions":13,"deletions":7},"test-code":{"insertions":4,"deletions":4}}},{"hash":"9dea96a926181c12c399c2999112aff28f82b531","isMergeCommit":false,"messageTitle":"Rename package to badmaths to follow checkStyle convention","messageBody":"","fileTypesAndContributionMap":{"other":{"insertions":107,"deletions":101},"docs":{"insertions":4,"deletions":2}}}]},{"date":"2023-04-03","commitResults":[{"hash":"c5ba8aa17a6134e0d36574a3d321f7600bc21f55","isMergeCommit":true,"messageTitle":"Merge branch \u0027master\u0027 of https://github.com/AY2223S2-CS2113-F10-2/tp into Fix_bugs_TrigoGraph_v2.1","messageBody":"# Conflicts:\n#\tdocs/UserGuide.md\n#\tsrc/main/java/seedu/badmaths/InvalidFormatException.java\n","fileTypesAndContributionMap":{}},{"hash":"95ad1faab11649b16a6c62b793edfdfd9acae9a6","isMergeCommit":false,"messageTitle":"Rename package to badmaths to follow checkStyle convention","messageBody":"","fileTypesAndContributionMap":{"functional-code":{"insertions":2,"deletions":2}}},{"hash":"4a994ca4c58d1a5f0cc543a464d22fe0515e5b0a","isMergeCommit":false,"messageTitle":"Rename package to badmaths to follow checkStyle convention","messageBody":"","fileTypesAndContributionMap":{"docs":{"insertions":0,"deletions":5}}},{"hash":"22bddb0e7cc17daedbd866f2f2d16612960d3f55","isMergeCommit":true,"messageTitle":"Merge pull request #199 from YC-Michael/Fix_bugs_TrigoGraph_v2.1","messageBody":"Fix bugs trigo graph v2.1 and update UG for TrigoGraph","fileTypesAndContributionMap":{}},{"hash":"1cdcefe9b0cdf88b0300ca55b0e2734209f1469c","isMergeCommit":false,"messageTitle":"Update trigoGraph in UG, add JavaDoc comments and refactoring magic literals.","messageBody":"close #206\n","fileTypesAndContributionMap":{"functional-code":{"insertions":95,"deletions":48},"docs":{"insertions":42,"deletions":7},"test-code":{"insertions":26,"deletions":24}}},{"hash":"93baf633814da59868868492c7bb2a8dacf386e5","isMergeCommit":false,"messageTitle":"Update trigoGraph in UG, add JavaDoc comments and refactoring magic literals.","messageBody":"close #206\n","fileTypesAndContributionMap":{"functional-code":{"insertions":3,"deletions":3}}}]},{"date":"2023-04-04","commitResults":[{"hash":"c273e3fe5d34e86007bdab5f01b10d3e19300aa2","isMergeCommit":true,"messageTitle":"Merge pull request #219 from YC-Michael/update_UG_trigoGraph","messageBody":"Update ug trigo graph","fileTypesAndContributionMap":{}}]}],"WilsonLee2000":[{"date":"2023-03-03","commitResults":[{"hash":"15d471ce1fff82ffb385218ea2208eaf25bcb7c0","isMergeCommit":false,"messageTitle":"Edit Name on GitHub Profile","messageBody":"","fileTypesAndContributionMap":{"docs":{"insertions":7,"deletions":7}}},{"hash":"a2bb5ec36c041d6fa08e54a26022c3a391f81014","isMergeCommit":true,"messageTitle":"Resolve merge conflicts","messageBody":"","fileTypesAndContributionMap":{}}]},{"date":"2023-03-10","commitResults":[{"hash":"3b7b228d3be9f59b1dc7cc8aa2a77233ab60d273","isMergeCommit":false,"messageTitle":"Add ability to store notes","messageBody":"","fileTypesAndContributionMap":{"functional-code":{"insertions":19,"deletions":3}}},{"hash":"8fbbcbbc0f0da2b219380f6c81a974c71ea34dd4","isMergeCommit":false,"messageTitle":"Edit comment line 29 in BadMaths.java","messageBody":"","fileTypesAndContributionMap":{"functional-code":{"insertions":2,"deletions":0}}},{"hash":"4cb3abbdca737fd4c9810f52fd08a10c5021e44b","isMergeCommit":false,"messageTitle":"Debug comment line 29 in BadMaths.java","messageBody":"","fileTypesAndContributionMap":{"functional-code":{"insertions":4,"deletions":2}}},{"hash":"55062cc67f59dc10a7663995101915901e5e5a98","isMergeCommit":false,"messageTitle":"Push Notes Class","messageBody":"","fileTypesAndContributionMap":{"functional-code":{"insertions":25,"deletions":0}}},{"hash":"6c6bd2a174ae9a4fb3d9635fab000e8909363fe4","isMergeCommit":false,"messageTitle":"Implement ability to store notes","messageBody":"","fileTypesAndContributionMap":{"functional-code":{"insertions":3,"deletions":19}}},{"hash":"cc8a25613a9f3060a3f3ebf0d635093e0361baad","isMergeCommit":false,"messageTitle":"Add default for switch case in Notes.java","messageBody":"","fileTypesAndContributionMap":{"functional-code":{"insertions":1,"deletions":1}}},{"hash":"02be6cc6955358009cb914f31765ac941ee02551","isMergeCommit":false,"messageTitle":"Remove unused import -java.util.ArrayList","messageBody":"","fileTypesAndContributionMap":{"functional-code":{"insertions":0,"deletions":1}}},{"hash":"15f4b5b432e2cc2ec00ba65e275c2c3d5546983e","isMergeCommit":true,"messageTitle":"Merge branch \u0027master\u0027 into master","messageBody":"","fileTypesAndContributionMap":{}}]},{"date":"2023-03-14","commitResults":[{"hash":"a442a1c0878bb82fe5c95cd253c437b93d28f564","isMergeCommit":false,"messageTitle":"Add NotesTest.java (J-Unit)","messageBody":"","fileTypesAndContributionMap":{"test-code":{"insertions":31,"deletions":0}}},{"hash":"86901654ab8c567442e13b22b58ce4c8ea8bcb71","isMergeCommit":false,"messageTitle":"Debug NotesTest.java","messageBody":"","fileTypesAndContributionMap":{"test-code":{"insertions":2,"deletions":3}}}]},{"date":"2023-03-16","commitResults":[{"hash":"e6f488cc981f4a20472d3ee8f5ed7acd920b6cef","isMergeCommit":false,"messageTitle":"Add comment for NotesTest","messageBody":"","fileTypesAndContributionMap":{"test-code":{"insertions":1,"deletions":1}}},{"hash":"a3704f534c006a46cae0f70c9b441771f5809660","isMergeCommit":true,"messageTitle":"Merge branch \u0027JUnit\u0027","messageBody":"","fileTypesAndContributionMap":{}},{"hash":"2584f06024ba85fc14abc6664247c873fbb3983e","isMergeCommit":true,"messageTitle":"Merge branch \u0027master\u0027 of https://github.com/WilsonLee2000/tp","messageBody":"","fileTypesAndContributionMap":{}},{"hash":"28c2dccd59908721865c6453b1e9d0b56dac94d7","isMergeCommit":true,"messageTitle":"Merge pull request #47 from khooyourun/More_Exception_Catching","messageBody":"Added more exceptions and refactored methods in Trigo class","fileTypesAndContributionMap":{}},{"hash":"a829eaeb3a6f1d8be3c2288e1ded994d009fa99c","isMergeCommit":true,"messageTitle":"Merge branch \u0027master\u0027 of https://github.com/AY2223S2-CS2113-F10-2/tp","messageBody":"","fileTypesAndContributionMap":{}},{"hash":"7a64ddd1e10c31866be6dcabeca2ca33fb21e88a","isMergeCommit":false,"messageTitle":"Add Assertions to Notes.java","messageBody":"","fileTypesAndContributionMap":{"functional-code":{"insertions":1,"deletions":1}}}]},{"date":"2023-03-17","commitResults":[{"hash":"a8a0d828e206f101e2215dfae933edd63b0dcfca","isMergeCommit":true,"messageTitle":"Merge pull request #55 from 0nandon/tP-ver1","messageBody":"Implementing matrix calculator, and add assertions, logging.","tags":["v1.0"],"fileTypesAndContributionMap":{}}]},{"date":"2023-03-22","commitResults":[{"hash":"e9807ddfd4a330337085cfd55add7697a1695cfe","isMergeCommit":false,"messageTitle":"Add Table of Contents in Developer Guide","messageBody":"","fileTypesAndContributionMap":{"docs":{"insertions":16,"deletions":3}}},{"hash":"3169300ece95d7c9cdeea1bf5ea912bdb7a3bdbb","isMergeCommit":false,"messageTitle":"Add Table of Contents for Developer Guide","messageBody":"","fileTypesAndContributionMap":{"docs":{"insertions":8,"deletions":2}}},{"hash":"e6ca1bd75506face117e95e0cbb00499bc8655d8","isMergeCommit":true,"messageTitle":"Merge branch \u0027DGDraft\u0027","messageBody":"","fileTypesAndContributionMap":{}}]},{"date":"2023-03-23","commitResults":[{"hash":"97337e2b24a2f031d0ce612707beb88281d8118a","isMergeCommit":false,"messageTitle":"Add Developer Guide for Store and Display Notes Section","messageBody":"","fileTypesAndContributionMap":{"docs":{"insertions":18,"deletions":4}}},{"hash":"9e25529a3906044f1a3e39c23946596f166b2fdf","isMergeCommit":true,"messageTitle":"Merge branch \u0027DG-Draft2\u0027","messageBody":"","fileTypesAndContributionMap":{}},{"hash":"07434d53c2f38de5c56c0be12649ed8c40598a73","isMergeCommit":true,"messageTitle":"Merge branch \u0027master\u0027 into DG-Draft2","messageBody":"","fileTypesAndContributionMap":{}}]},{"date":"2023-03-24","commitResults":[{"hash":"7f5b28623dab48420bca439dc2145b426f55c61d","isMergeCommit":true,"messageTitle":"Merge pull request #79 from ZiqiuZeng/master","messageBody":"enhance note function","fileTypesAndContributionMap":{}},{"hash":"427218494443ac2131c9133aad771e6956aba84c","isMergeCommit":true,"messageTitle":"Merge branch \u0027AY2223S2-CS2113-F10-2:master\u0027 into master","messageBody":"","fileTypesAndContributionMap":{}},{"hash":"d0871f593867ddaaf0e38143c04726ae37283284","isMergeCommit":false,"messageTitle":"Implement Logger in Notes.java","messageBody":"","fileTypesAndContributionMap":{"functional-code":{"insertions":40,"deletions":13}}},{"hash":"a0ba276ccd9dbd4edd235aacb11dbb1c13d84db2","isMergeCommit":false,"messageTitle":"Change variable positioning in Notes.java","messageBody":"","fileTypesAndContributionMap":{"functional-code":{"insertions":1,"deletions":1}}},{"hash":"417ba338f99af3ad4bb58e7be3019288a5c754f5","isMergeCommit":false,"messageTitle":"Debug gradle issue in Notes.java","messageBody":"","fileTypesAndContributionMap":{"functional-code":{"insertions":1,"deletions":1}}},{"hash":"6616cbf27fce428682db22ef1f9cbc1754fa6de9","isMergeCommit":false,"messageTitle":"Debug Gradle Failed Test","messageBody":"","fileTypesAndContributionMap":{"functional-code":{"insertions":4,"deletions":3}}},{"hash":"9ef08ea30a71be6bb67bd851860271b250344581","isMergeCommit":true,"messageTitle":"Merge branch \u0027Logger\u0027","messageBody":"","fileTypesAndContributionMap":{}}]},{"date":"2023-03-26","commitResults":[{"hash":"d313c67a797bf0119342f91ae8ea073912a23f96","isMergeCommit":true,"messageTitle":"Merge branch \u0027AY2223S2-CS2113-F10-2:master\u0027 into master","messageBody":"","fileTypesAndContributionMap":{}},{"hash":"d3a7ec4c18ba9cdfda0a324c81eb321045707bdf","isMergeCommit":false,"messageTitle":"Add Delete Operations in Notes.java","messageBody":"","fileTypesAndContributionMap":{"functional-code":{"insertions":28,"deletions":12}}},{"hash":"d807243646f899534dc6f63fdff27ec18a1d89b0","isMergeCommit":false,"messageTitle":"Implement List Specific Item Operations for Store Notes functionality","messageBody":"","fileTypesAndContributionMap":{"functional-code":{"insertions":25,"deletions":12}}},{"hash":"0b998ae86289e0d76e1ebd73417264c794c4f4ea","isMergeCommit":true,"messageTitle":"Merge branch \u0027StoreNotesV2\u0027","messageBody":"","fileTypesAndContributionMap":{}}]},{"date":"2023-03-28","commitResults":[{"hash":"47a18cb3057726ded288c88c54686c7a8fd5d80f","isMergeCommit":false,"messageTitle":"Add UserGuide for Notes.java","messageBody":"","fileTypesAndContributionMap":{"docs":{"insertions":18,"deletions":8}}},{"hash":"5cf06816b8677acff7a6ab3d31f83bc9859cb12e","isMergeCommit":true,"messageTitle":"Merge pull request #96 from WilsonLee2000/UserGuide","messageBody":"Add User guide description for Notes.java functionalities","fileTypesAndContributionMap":{}},{"hash":"ddb985ba3d9ea633467ad7a3513ae48377c81264","isMergeCommit":true,"messageTitle":"Merge branch \u0027UserGuide\u0027","messageBody":"","fileTypesAndContributionMap":{}}]},{"date":"2023-03-29","commitResults":[{"hash":"5a1cbebce23e2306496a2abaa77f37d4cb7cd049","isMergeCommit":false,"messageTitle":"Implement Sequence Diagram in Developer Guide","messageBody":"","fileTypesAndContributionMap":{"docs":{"insertions":17,"deletions":0}}},{"hash":"7d61d0295ed9b04a83e7bd4d8b5a76fa65585502","isMergeCommit":false,"messageTitle":"Add Sequence Diagram to Developer Guide for Notes.java","messageBody":"","fileTypesAndContributionMap":{"docs":{"insertions":2,"deletions":0}}},{"hash":"0102b84b652c576fcc8dd8c669951247e05c7328","isMergeCommit":true,"messageTitle":"Merge branch \u0027DeveloperGuide\u0027","messageBody":"","fileTypesAndContributionMap":{}},{"hash":"8fd968bc3b1e66638e89fd201548c3ea335a8cbc","isMergeCommit":true,"messageTitle":"Merge branch \u0027AY2223S2-CS2113-F10-2:master\u0027 into master","messageBody":"","fileTypesAndContributionMap":{}},{"hash":"e7ebd68af5a66b63b51ecff3f262869f791641ac","isMergeCommit":true,"messageTitle":"Merge remote-tracking branch \u0027origin/master\u0027","messageBody":"","fileTypesAndContributionMap":{}},{"hash":"78a1f7603a248acec40d43571086b81d18c20fac","isMergeCommit":true,"messageTitle":"Merge pull request #98 from WilsonLee2000/DeveloperGuide","messageBody":"Add Sequence Diagram for Developer Guide for Notes.java","fileTypesAndContributionMap":{}},{"hash":"d7ae1d7cb26a7e08b0e411c0cf1b7759ab7bf081","isMergeCommit":false,"messageTitle":"Declare my contribution for assertions","messageBody":"","fileTypesAndContributionMap":{"test-code":{"insertions":1,"deletions":0}}},{"hash":"241257135918823ae9f6e0c52065b05bb94f9169","isMergeCommit":true,"messageTitle":"Merge pull request #101 from WilsonLee2000/Contributions-Wilson","messageBody":"Contributions Wilson for NotesTest","fileTypesAndContributionMap":{}},{"hash":"7347f7ebb40d5d28653ae981ef629a230f9edace","isMergeCommit":true,"messageTitle":"Merge branch \u0027Contributions-Wilson\u0027","messageBody":"","fileTypesAndContributionMap":{}},{"hash":"3201907453f40c8dbc089c03882bffb3480d1f17","isMergeCommit":false,"messageTitle":"Edit title for sequence diagrams","messageBody":"","fileTypesAndContributionMap":{"docs":{"insertions":1,"deletions":1}}},{"hash":"343c10cee3058eb4ec6a0900ed903522e7be4f55","isMergeCommit":true,"messageTitle":"Merge branch \u0027DeveloperGuide\u0027","messageBody":"","fileTypesAndContributionMap":{}},{"hash":"98ea2bb69c4029bb68afa850803791793640e9fa","isMergeCommit":true,"messageTitle":"Merge pull request #102 from WilsonLee2000/master","messageBody":"Add complements and declare contribution for NotesTest.java","fileTypesAndContributionMap":{}},{"hash":"431c387e01ce64e2e5ecca34a20dd6294e376ab5","isMergeCommit":true,"messageTitle":"Merge pull request #100 from ZiqiuZeng/branch-author","messageBody":"authorship","fileTypesAndContributionMap":{}},{"hash":"235fe509d4a6868b813ca245516db68a45ca4741","isMergeCommit":false,"messageTitle":"Declare Wilson Contributions","messageBody":"","fileTypesAndContributionMap":{"functional-code":{"insertions":1,"deletions":0}}},{"hash":"ffe0ef9db800c12ae8e27c5760fb63cd5e884fd1","isMergeCommit":true,"messageTitle":"Merge branch \u0027Contributions-Wilson\u0027","messageBody":"","fileTypesAndContributionMap":{}},{"hash":"68f191715d424334b7ed24507882eb62fea548a0","isMergeCommit":true,"messageTitle":"Merge pull request #103 from WilsonLee2000/Contributions-Wilson","messageBody":"Declare Wilson Contributions","fileTypesAndContributionMap":{}},{"hash":"c7cf267bb0b67422ae4b2e99e65d824536be5af9","isMergeCommit":false,"messageTitle":"Edit Contribution","messageBody":"","fileTypesAndContributionMap":{"functional-code":{"insertions":0,"deletions":1}}},{"hash":"a32ced997291e5caacce004800f97d8a6e054205","isMergeCommit":true,"messageTitle":"Merge pull request #104 from WilsonLee2000/Contributions-Wilson","messageBody":"Edit Contribution","fileTypesAndContributionMap":{}},{"hash":"ff6a5c4abda1e337695a6739b1a5abff5c655712","isMergeCommit":false,"messageTitle":"Add Introduction for User Guide","messageBody":"","fileTypesAndContributionMap":{"docs":{"insertions":18,"deletions":10}}},{"hash":"c3bfed8728bbe7b7095cac8b8e385a00ee5ec2e6","isMergeCommit":false,"messageTitle":"Update UserGuide with functionalities of Notes","messageBody":"","fileTypesAndContributionMap":{"docs":{"insertions":59,"deletions":4}}},{"hash":"153645b58b9eecd27b4b604c0617e7d15c721d50","isMergeCommit":true,"messageTitle":"Merge branch \u0027master\u0027 into UserGuide2","messageBody":"","fileTypesAndContributionMap":{}},{"hash":"5005e3e3f0edc239643869c812c3f8d62329347a","isMergeCommit":true,"messageTitle":"Merge pull request #108 from WilsonLee2000/UserGuide2","messageBody":"Update User Guide on Introduction and Notes Functionalities","fileTypesAndContributionMap":{}},{"hash":"485349681459d824f5524289053cbcacb762e32d","isMergeCommit":false,"messageTitle":"Changed name of product to BadMaths on User Guide","messageBody":"","fileTypesAndContributionMap":{"docs":{"insertions":2,"deletions":2}}},{"hash":"3a87519c2027bf9c34d23aa0d77f39faa9f26a3c","isMergeCommit":true,"messageTitle":"Merge branch \u0027UserGuide2\u0027 of https://github.com/WilsonLee2000/tp into UserGuide2","messageBody":"","fileTypesAndContributionMap":{}},{"hash":"8f45e3fc734a7ddc080346fcc9ad94dd2f981196","isMergeCommit":true,"messageTitle":"Merge pull request #114 from WilsonLee2000/UserGuide2","messageBody":"Update name of Product on User Guide to BadMaths.","fileTypesAndContributionMap":{}},{"hash":"a1fcb10f0c63a0ca78e8c87f280d5f8396a81766","isMergeCommit":false,"messageTitle":"Update UG to reflect BadMaths as product name","messageBody":"","fileTypesAndContributionMap":{"docs":{"insertions":1,"deletions":1}}},{"hash":"00afe284a591b70f9cdfc58160e3b0fb29b4fcef","isMergeCommit":true,"messageTitle":"Merge pull request #115 from WilsonLee2000/UserGuide2","messageBody":"Update UG to reflect BadMaths as product name","fileTypesAndContributionMap":{}}]},{"date":"2023-03-30","commitResults":[{"hash":"e989b87c38002df964921e4d7a13662c58125195","isMergeCommit":false,"messageTitle":"Implement Sequence Diagram for Notes Functionalities on DeveloperGuide.md","messageBody":"","fileTypesAndContributionMap":{"docs":{"insertions":154,"deletions":9}}},{"hash":"3e9448746f0eb0e170759a77a558f637d929f380","isMergeCommit":false,"messageTitle":"Update User Guide and rename product to BadMaths","messageBody":"","fileTypesAndContributionMap":{"docs":{"insertions":26,"deletions":24}}},{"hash":"823daa94ab77ebc57bfaead1513e214c8a7a754e","isMergeCommit":true,"messageTitle":"Merge branch \u0027master\u0027 into UserGuide2","messageBody":"","fileTypesAndContributionMap":{}},{"hash":"22b3d108addbbb2d54909a74c3c9eb594d3ff24e","isMergeCommit":false,"messageTitle":"Add Sequence Diagrams for Storage Class","messageBody":"","fileTypesAndContributionMap":{"docs":{"insertions":9,"deletions":0}}},{"hash":"760f67befe8da5aa4310614f9eba603f2070ea9e","isMergeCommit":true,"messageTitle":"Merge pull request #120 from WilsonLee2000/UserGuide2","messageBody":"Updated User Guide and rename product to BadMaths","fileTypesAndContributionMap":{}},{"hash":"e518283ccb0098d980fa83bdbfe4f549a3460058","isMergeCommit":true,"messageTitle":"Merge pull request #121 from WilsonLee2000/DeveloperGuide2","messageBody":"Add Sequence Diagrams for Storage Class","fileTypesAndContributionMap":{}},{"hash":"6b99675665032eefc29cd2eafb21db0a2693e212","isMergeCommit":true,"messageTitle":"Merge pull request #125 from 0nandon/master","messageBody":"Add Sequence Diagram to DG","fileTypesAndContributionMap":{}},{"hash":"d875adb8a414186a825fa44bc80902fa338c8b95","isMergeCommit":false,"messageTitle":"Finished up Developer\u0027s Guide for Notes Section","messageBody":"","fileTypesAndContributionMap":{"functional-code":{"insertions":1,"deletions":2},"docs":{"insertions":80,"deletions":17}}},{"hash":"24287d1b1bb43148e6da8997247026dd9ae8b805","isMergeCommit":false,"messageTitle":"Rectify typo to the developer guide","messageBody":"","fileTypesAndContributionMap":{"docs":{"insertions":2,"deletions":2}}},{"hash":"4c4362ff1f3220cd4e614de4bdd96a2cd0be13e2","isMergeCommit":false,"messageTitle":"Implement Assertions to Command.java","messageBody":"","fileTypesAndContributionMap":{"functional-code":{"insertions":8,"deletions":0}}},{"hash":"053f336846f1dcd8557856da0b7a6f91e7ca3edb","isMergeCommit":true,"messageTitle":"Merge pull request #126 from WilsonLee2000/DeveloperGuide3","messageBody":"Finished up Developer\u0027s Guide for Notes Section","fileTypesAndContributionMap":{}},{"hash":"02ef93800c0c1cba4ec709b7751cdf4ce5b2fe0b","isMergeCommit":true,"messageTitle":"Merge pull request #128 from WilsonLee2000/Assertion2","messageBody":"Implement Assertions to Command.java","fileTypesAndContributionMap":{}},{"hash":"c5bd985f86fd00509019e3f2db70a7841d3e5895","isMergeCommit":true,"messageTitle":"Merge pull request #127 from 0nandon/master","messageBody":"Add JUnit test for Execute, Parser class","fileTypesAndContributionMap":{}}]},{"date":"2023-04-01","commitResults":[{"hash":"992c9c101cd1ef7f1b29e9d57d68bd0d3239ce5e","isMergeCommit":true,"messageTitle":"Merge pull request #196 from khooyourun/Post_PED_edits","messageBody":"fixed Quadratic bugs and updated UG. Added table of contents to UG an…","fileTypesAndContributionMap":{}}]},{"date":"2023-04-02","commitResults":[{"hash":"6986878f96ad06201e04ebb542dfb1f7c7ac47be","isMergeCommit":false,"messageTitle":"Rearrange the sequencing of features in the User Guide","messageBody":"","fileTypesAndContributionMap":{"docs":{"insertions":34,"deletions":34}}},{"hash":"a4b3b5d0069f366ee774b1f1de822f21add026dc","isMergeCommit":false,"messageTitle":"Edited the Table of Contents to accurately reflect the sequence of user guide that was previously changed","messageBody":"","fileTypesAndContributionMap":{"docs":{"insertions":25,"deletions":23}}},{"hash":"a3e182c8f756ccf459dfa093fa8b1169b8341df8","isMergeCommit":false,"messageTitle":"Add in example input and expected output for: 1) Store 2) List 3) List specific index 4) Delete specific index 5) Clear all notes 6) Mark Notes 7) Unmark Notes 8) FindMark 9) FindUnmark 10) FindInfo 11) Help 12) Bye","messageBody":"","fileTypesAndContributionMap":{"docs":{"insertions":161,"deletions":37}}},{"hash":"fabe3ecbd641e1f9bc2caf8e96adbc85db0a8c1e","isMergeCommit":false,"messageTitle":"Changed from tasks to notes after receiving feedback from dry-PE","messageBody":"","fileTypesAndContributionMap":{"functional-code":{"insertions":4,"deletions":4},"docs":{"insertions":6,"deletions":5}}},{"hash":"5dc45da0147d5e87191f813f5bfd48c69d6eecb3","isMergeCommit":false,"messageTitle":"Resolve inaccurate numbering on UG","messageBody":"","fileTypesAndContributionMap":{"docs":{"insertions":3,"deletions":3}}},{"hash":"8d275b9994fe936f31a86c6efd5439c496d514b0","isMergeCommit":false,"messageTitle":"Ensure consistent heading in Headers after receiving dry-pe run feedback","messageBody":"","fileTypesAndContributionMap":{"docs":{"insertions":11,"deletions":11}}},{"hash":"b26ba6c3ae3bc5b97d4524d3d61f9674503950d7","isMergeCommit":false,"messageTitle":"Added trigo graph for more visuals","messageBody":"","fileTypesAndContributionMap":{"docs":{"insertions":8,"deletions":0}}},{"hash":"9ca66c5caca96ea74158a9f116390f225f53e7da","isMergeCommit":true,"messageTitle":"Merge pull request #200 from WilsonLee2000/FixUG","messageBody":"Update User Guide based on all the User Guide issues listed during dry run-PE","fileTypesAndContributionMap":{}},{"hash":"41bf72ea6c4eae49b68cb35cc8d10de1409e7aac","isMergeCommit":true,"messageTitle":"Merge branch \u0027FixUG\u0027","messageBody":"","fileTypesAndContributionMap":{}},{"hash":"4d8d0f21305d1c7b8d6991afbca5f642200e77eb","isMergeCommit":true,"messageTitle":"Merge branch \u0027AY2223S2-CS2113-F10-2:master\u0027 into master","messageBody":"","fileTypesAndContributionMap":{}},{"hash":"4e40bdd4456e855378b57ad1e86d671e093e3f0b","isMergeCommit":false,"messageTitle":"Fixed Program does not exit or return an error message if \"Bye.\" command has additional inputs afterwards. Issue #136","messageBody":"","fileTypesAndContributionMap":{"functional-code":{"insertions":8,"deletions":4}}},{"hash":"cbdba7f35465c0b8086437660c0dfd5f08ef5239","isMergeCommit":true,"messageTitle":"Merge branch \u0027ByeBug\u0027","messageBody":"","fileTypesAndContributionMap":{}},{"hash":"024f8278d5d9ca83308f722a2a6fa00ae74eb41d","isMergeCommit":true,"messageTitle":"Merge branch \u0027master\u0027 of https://github.com/AY2223S2-CS2113-F10-2/tp","messageBody":"# Conflicts:\n#\tsrc/main/java/seedu/badMaths/Parser.java\n","fileTypesAndContributionMap":{}},{"hash":"876bf0855d5aec3c4ecd277a7b47fb89cbf16a31","isMergeCommit":true,"messageTitle":"Merge branch \u0027master\u0027 of https://github.com/WilsonLee2000/tp","messageBody":"","fileTypesAndContributionMap":{}},{"hash":"a00bb6aed463eca342b227a4d4b2d5c8a9cc48aa","isMergeCommit":false,"messageTitle":"Resolve merge conflicts","messageBody":"","fileTypesAndContributionMap":{"functional-code":{"insertions":2,"deletions":16}}},{"hash":"6af3c3756e56aa1ba4b244ab15b903ccd43e07e4","isMergeCommit":false,"messageTitle":"Fix Bye Bug","messageBody":"","fileTypesAndContributionMap":{"functional-code":{"insertions":1,"deletions":0}}},{"hash":"3c33d6695b55e3675fb52fe08430a36cb3e6bb37","isMergeCommit":false,"messageTitle":"Fixed Bye bug to reflect on the omission of . from Bye","messageBody":"","fileTypesAndContributionMap":{"functional-code":{"insertions":1,"deletions":1}}},{"hash":"f10bda36d0452566caa985b48dc6456bb8d11d9a","isMergeCommit":false,"messageTitle":"Resolve error does not end with new line gradle","messageBody":"","fileTypesAndContributionMap":{"functional-code":{"insertions":4,"deletions":1}}},{"hash":"2a306f5746f887f120fe32594f7365485d65e19c","isMergeCommit":true,"messageTitle":"Merge pull request #202 from WilsonLee2000/ByeBugFix","messageBody":"Bye bug fix and accurately reflect Bye commands to fix the omission of \".\" implemented by You Run","fileTypesAndContributionMap":{}},{"hash":"caf751fccd929e61ddad820bbd9b1a34f8f470f8","isMergeCommit":true,"messageTitle":"Merge branch \u0027ByeBugFix\u0027","messageBody":"","fileTypesAndContributionMap":{}},{"hash":"a4c6348b89527710bc19a581da23738dc5501c64","isMergeCommit":false,"messageTitle":"Resolve issue #163 from Dry Run PE, Clear command clears even with additional inputs at the back. #163","messageBody":"","fileTypesAndContributionMap":{"functional-code":{"insertions":3,"deletions":0}}},{"hash":"09a661c5c081697044f5bc56448328d5b7c788a5","isMergeCommit":false,"messageTitle":"Accurately reflect credit","messageBody":"","fileTypesAndContributionMap":{"functional-code":{"insertions":2,"deletions":0}}},{"hash":"59f9a965d5689086bb1f10da4229c00b9b2dd394","isMergeCommit":false,"messageTitle":"Resolve bugs","messageBody":"","fileTypesAndContributionMap":{"functional-code":{"insertions":4,"deletions":4}}},{"hash":"ab6e97a72110771fe38c98f4abdc457726bdfaac","isMergeCommit":false,"messageTitle":"resolve comment identation issues","messageBody":"","fileTypesAndContributionMap":{"functional-code":{"insertions":0,"deletions":1}}},{"hash":"03634c428ef60566a6a40f720677ceb34439aa41","isMergeCommit":false,"messageTitle":"Resolve comment issues","messageBody":"","fileTypesAndContributionMap":{"functional-code":{"insertions":6,"deletions":6}}},{"hash":"5b6276df93b75ba6c0aa6d6d79ea74d9b2809966","isMergeCommit":true,"messageTitle":"Merge pull request #203 from WilsonLee2000/ClearBugFix","messageBody":"Resolve issue #163 from Dry Run PE, Clear command clears even with additional inputs at the back.  Also rectify comments issue which were flagged by gradle.","fileTypesAndContributionMap":{}},{"hash":"8db48ecbbb56272e6f9d87fde9cb6141c2ec18ad","isMergeCommit":true,"messageTitle":"Merge branch \u0027ClearBugFix\u0027","messageBody":"","fileTypesAndContributionMap":{}},{"hash":"d024239158eaeae72d3b8139ac6521ca9a05d1d5","isMergeCommit":false,"messageTitle":"Rectify Issue #149 Store. command stores empty strings as a task","messageBody":"","fileTypesAndContributionMap":{"functional-code":{"insertions":3,"deletions":0}}},{"hash":"7fcf59d7c7c26d5d1c766267a5b84b4de7cf383c","isMergeCommit":true,"messageTitle":"Merge pull request #204 from WilsonLee2000/DryPEBug","messageBody":"Rectify Store command stores empty strings as a task #149 from Dry PE","fileTypesAndContributionMap":{}},{"hash":"2013dbf00a78ff0f76d3da9e89429ae0cafa8d4a","isMergeCommit":false,"messageTitle":"Format User Guides by adding Bullet Points","messageBody":"","fileTypesAndContributionMap":{"functional-code":{"insertions":1,"deletions":0},"docs":{"insertions":34,"deletions":45}}},{"hash":"48c0f7b39b93c77ae06cebfb0ea80cd174c19938","isMergeCommit":false,"messageTitle":"Rectify issue #184 FindPrior command has inaccurate command examples in user guide. #184","messageBody":"","fileTypesAndContributionMap":{"docs":{"insertions":16,"deletions":4}}},{"hash":"34f76e369b389cca5dc53b025d85b1e030073af5","isMergeCommit":false,"messageTitle":"Fix issue #150 and #156 by changing the condition for the isInvalidIndex method","messageBody":"","fileTypesAndContributionMap":{"functional-code":{"insertions":3,"deletions":3}}},{"hash":"b2391b61171b130b08f50abdec5946de44258c31","isMergeCommit":false,"messageTitle":"Resolve bugs where ToDo contains other characters instead of numbers.","messageBody":"","fileTypesAndContributionMap":{"functional-code":{"insertions":26,"deletions":0}}},{"hash":"4330e89b33063b4864bb2cc1f26d09ca97668334","isMergeCommit":true,"messageTitle":"Merge pull request #205 from WilsonLee2000/DryPEBug","messageBody":"Fix Dry PE Bugs and Issues highlighted","fileTypesAndContributionMap":{}}]},{"date":"2023-04-03","commitResults":[{"hash":"73adc3cfcba51aae9a993d29fce3c35b6de3d383","isMergeCommit":true,"messageTitle":"Merge branch \u0027DryPEBug\u0027","messageBody":"","fileTypesAndContributionMap":{}},{"hash":"21ff015a99e38d7d96f4d6769c0b99df3a78cd87","isMergeCommit":true,"messageTitle":"Merge remote-tracking branch \u0027origin/master\u0027","messageBody":"","fileTypesAndContributionMap":{}},{"hash":"afd05e4f785742bdbd796d5bdd2b52ff4ca30bee","isMergeCommit":false,"messageTitle":"Fix List Bug flagged out by Michael","messageBody":"","fileTypesAndContributionMap":{"functional-code":{"insertions":13,"deletions":11}}},{"hash":"59f84027a2354e2f869e21a5d9d07280139364c1","isMergeCommit":false,"messageTitle":"Solve indentaton issues","messageBody":"","fileTypesAndContributionMap":{"functional-code":{"insertions":2,"deletions":3}}},{"hash":"6029f0890eb22bb72b859a10686d622088e5a057","isMergeCommit":false,"messageTitle":"Indentation issues","messageBody":"","fileTypesAndContributionMap":{"functional-code":{"insertions":3,"deletions":2}}},{"hash":"24b0e35394d4f7e73e3ffe1abe0c99b7164970c2","isMergeCommit":true,"messageTitle":"Merge pull request #216 from WilsonLee2000/FixListBug","messageBody":"Fix list bug flagged out by michael","fileTypesAndContributionMap":{}},{"hash":"10627f5f1ada511ea84d15f09593d553a2d43ced","isMergeCommit":true,"messageTitle":"Merge branch \u0027FixListBug\u0027","messageBody":"","fileTypesAndContributionMap":{}},{"hash":"a2a4c12b23e7c18afdc39fd8bee68fb9ccc369f4","isMergeCommit":true,"messageTitle":"Merge branch \u0027AY2223S2-CS2113-F10-2:master\u0027 into master","messageBody":"","fileTypesAndContributionMap":{}},{"hash":"edec78224bbc60c3ecb9711960674dd0731ed4fc","isMergeCommit":true,"messageTitle":"Merge branch \u0027master\u0027 of https://github.com/AY2223S2-CS2113-F10-2/tp","messageBody":"","fileTypesAndContributionMap":{}}]},{"date":"2023-04-04","commitResults":[{"hash":"5e5f41198b8da66eaa7ee19f3311d69a4ce0e0d5","isMergeCommit":false,"messageTitle":"Refactor for Store, List and Delete","messageBody":"","fileTypesAndContributionMap":{"functional-code":{"insertions":121,"deletions":35}}},{"hash":"6ca365e82abef349a06d38a9c197682e0910dfe9","isMergeCommit":false,"messageTitle":"refactor","messageBody":"","fileTypesAndContributionMap":{"functional-code":{"insertions":6,"deletions":2}}},{"hash":"0d07b7c092888294e954627d9576a23a8acd2a62","isMergeCommit":false,"messageTitle":"Resolve List and Store Crash bug issue","messageBody":"","fileTypesAndContributionMap":{"functional-code":{"insertions":21,"deletions":14}}},{"hash":"5dc6e7cbbd6ef859f3c6dc54d2a5ee27b73fbc5f","isMergeCommit":false,"messageTitle":"fix gradle issues","messageBody":"","fileTypesAndContributionMap":{"functional-code":{"insertions":4,"deletions":3}}},{"hash":"e857b05b1c1a0cbc28eca9dced5270a79db45d3d","isMergeCommit":false,"messageTitle":"fix gradle issues","messageBody":"","fileTypesAndContributionMap":{"functional-code":{"insertions":2,"deletions":1}}},{"hash":"e25a0fac4e7acd65730726bfcc57015c6bab11b0","isMergeCommit":false,"messageTitle":"fix gradle issue","messageBody":"","fileTypesAndContributionMap":{"functional-code":{"insertions":4,"deletions":3}}},{"hash":"a42ab2de03f41693ca075ce4de8ab1b482a5aa0c","isMergeCommit":false,"messageTitle":"Fix Delete issue provided by Michael","messageBody":"","fileTypesAndContributionMap":{"functional-code":{"insertions":9,"deletions":2}}},{"hash":"8736e0ac4ff1bb45505dd4c84e516b6d4714ed0c","isMergeCommit":false,"messageTitle":"fix gradle","messageBody":"","fileTypesAndContributionMap":{"functional-code":{"insertions":1,"deletions":1}}},{"hash":"e92979179fe7c3f3ba7275272b26bbcf755c7d6e","isMergeCommit":false,"messageTitle":"Add filepath","messageBody":"","fileTypesAndContributionMap":{"functional-code":{"insertions":2,"deletions":0}}},{"hash":"2eb2d1a3651503cfe99cdfb348d4c6ad48fca9e6","isMergeCommit":false,"messageTitle":"fix position error","messageBody":"","fileTypesAndContributionMap":{"functional-code":{"insertions":1,"deletions":1}}},{"hash":"f74a0ebaaef77b40ce466548481ab4e01c295a7f","isMergeCommit":false,"messageTitle":"reposition issues","messageBody":"","fileTypesAndContributionMap":{"functional-code":{"insertions":3,"deletions":3}}},{"hash":"a8d26d47129fdc9122ab7f30d7793bd28fe77c8a","isMergeCommit":false,"messageTitle":"position issues fix","messageBody":"","fileTypesAndContributionMap":{"functional-code":{"insertions":3,"deletions":2}}},{"hash":"8239e6ad915e1228c5ad0aaf66041551835d580b","isMergeCommit":false,"messageTitle":"Fix Position Issues","messageBody":"","fileTypesAndContributionMap":{"functional-code":{"insertions":3,"deletions":4}}},{"hash":"ed98f03bc57a89ad5bd0dab48d29270617c73785","isMergeCommit":false,"messageTitle":"Simplify boolean condition expression","messageBody":"","fileTypesAndContributionMap":{"functional-code":{"insertions":4,"deletions":4}}}]}]},"authorFileTypeContributionMap":{"0nandon":{"docs":203,"functional-code":463,"test-code":294},"khooyourun":{"docs":111,"functional-code":233,"test-code":119,"other":4},"ZiqiuZeng":{"docs":70,"functional-code":934,"test-code":179,"other":12},"YC-Michael":{"docs":241,"functional-code":651,"test-code":160,"other":3},"WilsonLee2000":{"docs":506,"functional-code":220,"test-code":31}},"authorContributionVariance":{"0nandon":8568.311,"khooyourun":4202.2764,"ZiqiuZeng":17015.678,"YC-Michael":13706.139,"WilsonLee2000":10165.866},"authorDisplayNameMap":{"0nandon":"CS2113-F10-2 LEE ..GJUN","khooyourun":"CS2113-F10-2 KHOO.. RUN","ZiqiuZeng":"CS2113-F10-2 ZENG..IQIU","YC-Michael":"CS2113-F10-2 HUI ..CONG","WilsonLee2000":"CS2113-F10-2 WILS.. WEI"}}
