{"authorDailyContributionsMap":{"0nandon":[{"date":"2023-03-09","commitResults":[{"hash":"7e15f590bb154b832d0258c63bd67cc84f38ec14","isMergeCommit":false,"messageTitle":"Add \u0027Seungjun Lee\u0027 to docs/AboutUs.md","messageBody":"","fileTypesAndContributionMap":{"docs":{"insertions":6,"deletions":6}}}]},{"date":"2023-03-10","commitResults":[{"hash":"69eb9106bf9fcc31181483effd407fe47083bb8c","isMergeCommit":false,"messageTitle":"Define class for \u0027matrix calculation\u0027","messageBody":"","fileTypesAndContributionMap":{"functional-code":{"insertions":18,"deletions":0}}},{"hash":"ccf32bfd55e28a6e628f42814f2c9d142d1fd9bf","isMergeCommit":false,"messageTitle":"Specified each classes related to \u0027matrix\u0027","messageBody":"","fileTypesAndContributionMap":{"functional-code":{"insertions":80,"deletions":14}}},{"hash":"3305a11e25215fff8ac1b82516e5ec493daba838","isMergeCommit":false,"messageTitle":"Implement various calculation related to matrix","messageBody":"","fileTypesAndContributionMap":{"functional-code":{"insertions":56,"deletions":0}}},{"hash":"8ff86d32d168b46fae818f9f4f86aa06e80a992f","isMergeCommit":false,"messageTitle":"Remove unused import","messageBody":"","fileTypesAndContributionMap":{"functional-code":{"insertions":0,"deletions":3}}},{"hash":"0acbcb9e0203ad608cd7095c1c0f709bb9d835ea","isMergeCommit":false,"messageTitle":"Add JUnit test codes and fix some errors in calculate class","messageBody":"","fileTypesAndContributionMap":{"functional-code":{"insertions":20,"deletions":4},"test-code":{"insertions":96,"deletions":0}}},{"hash":"bfbff42d937607a2c309ee9fe6a54c721662630b","isMergeCommit":false,"messageTitle":"Remove unused import","messageBody":"","fileTypesAndContributionMap":{"test-code":{"insertions":0,"deletions":1}}}]}],"khooyourun":[{"date":"2023-03-03","commitResults":[{"hash":"25e3b76549cbe06a5190108b5b99ccea2c9d72c5","isMergeCommit":false,"messageTitle":"added khoo you run to aboutus","messageBody":"","fileTypesAndContributionMap":{"docs":{"insertions":7,"deletions":7}}},{"hash":"cee1c8f3c9aef51e90b8fa0e73b316eaf144c20a","isMergeCommit":true,"messageTitle":"Merge pull request #2 from WilsonLee2000/about_us_branch","messageBody":"Edit Name on GitHub Profile","fileTypesAndContributionMap":{}},{"hash":"a052e762f3b754b0be8cb08981651b8c787ce83b","isMergeCommit":true,"messageTitle":"Merge branch \u0027master\u0027 into aboutMe_Branch","messageBody":"","fileTypesAndContributionMap":{}}]},{"date":"2023-03-08","commitResults":[{"hash":"cf03ed5cee3d42d89905a441124e2280af1eb329","isMergeCommit":false,"messageTitle":"Added Parser class and changed duke to BadMaths","messageBody":"","fileTypesAndContributionMap":{"functional-code":{"insertions":50,"deletions":21},"other":{"insertions":3,"deletions":3}}},{"hash":"2f79ccbb0b5bf9da994a7bffe71c1049471e48c8","isMergeCommit":false,"messageTitle":"edited tests and updated Parser","messageBody":"","fileTypesAndContributionMap":{"functional-code":{"insertions":13,"deletions":10}}},{"hash":"11a0aa7dcfd05b1290948cc1a3b27e514e1e0f46","isMergeCommit":false,"messageTitle":"edited tests","messageBody":"","fileTypesAndContributionMap":{"functional-code":{"insertions":3,"deletions":0}}},{"hash":"ed8c99eda7ff88de309e0c8422bbca62c7aea06e","isMergeCommit":true,"messageTitle":"Merge pull request #15 from YC-Michael/v1.0-TrigoGraph","messageBody":"Add Class to find properties of Trigo Graph","fileTypesAndContributionMap":{}},{"hash":"27693660f93fc3f52576e2db5fe90ed79cdfc64a","isMergeCommit":true,"messageTitle":"Merge pull request #16 from YC-Michael/J_unit_test-v1.0-trigo","messageBody":"J unit test v1.0 trigo","fileTypesAndContributionMap":{}},{"hash":"d61ce3d97727d3d75d0454f2271c95de3d8b442a","isMergeCommit":false,"messageTitle":"Added command class and remaining JUnit tests for TrigoGraphs","messageBody":"","fileTypesAndContributionMap":{"functional-code":{"insertions":40,"deletions":9},"test-code":{"insertions":23,"deletions":1}}},{"hash":"c44ca01fa84dca31709871611387abd732b04e90","isMergeCommit":false,"messageTitle":"fixed JUnit test","messageBody":"","fileTypesAndContributionMap":{"test-code":{"insertions":2,"deletions":2}}},{"hash":"6c643329f267ca74be35481016c9923ab74ed115","isMergeCommit":false,"messageTitle":"reformated code","messageBody":"","fileTypesAndContributionMap":{"functional-code":{"insertions":12,"deletions":12}}},{"hash":"c91ddc889e07176a91a80f5b934da48c072d0261","isMergeCommit":false,"messageTitle":"edited command class and parser","messageBody":"","fileTypesAndContributionMap":{"functional-code":{"insertions":48,"deletions":37}}},{"hash":"1e73cc0a915c861534b95779ddee5542c14ee13f","isMergeCommit":false,"messageTitle":"fixed instant variable in wrong order in command class","messageBody":"","fileTypesAndContributionMap":{"functional-code":{"insertions":1,"deletions":2}}},{"hash":"b1aa4368e067065ca73acbd69d5542d7a554fa5c","isMergeCommit":false,"messageTitle":"fixed while loop in main and edited TrigoGraph in command class","messageBody":"","fileTypesAndContributionMap":{"functional-code":{"insertions":27,"deletions":21}}}]},{"date":"2023-03-10","commitResults":[{"hash":"91b7f7f24093a3d4f0ca09d9fdde1c44475f8d09","isMergeCommit":true,"messageTitle":"Merge pull request #26 from ZiqiuZeng/branch-help","messageBody":"Update Help command","fileTypesAndContributionMap":{}}]},{"date":"2023-03-12","commitResults":[{"hash":"49bf8c6543ab9a1a52d5e9a7d47489d300ca1ef9","isMergeCommit":true,"messageTitle":"Merge pull request #27 from WilsonLee2000/master","messageBody":"Add ability to store notes","fileTypesAndContributionMap":{}}]}],"ZiqiuZeng":[{"date":"2023-03-03","commitResults":[{"hash":"869fe2ad3a9a544c028d573707b51acf66e13025","isMergeCommit":false,"messageTitle":"Update AboutUs.md","messageBody":"","fileTypesAndContributionMap":{"docs":{"insertions":7,"deletions":7}}},{"hash":"56f8e31b6bf1edcfb373232a11de3d2490e87fb7","isMergeCommit":true,"messageTitle":"Merge pull request #1 from khooyourun/aboutMe_Branch","messageBody":"added khoo you run to aboutus","fileTypesAndContributionMap":{}}]},{"date":"2023-03-10","commitResults":[{"hash":"df95f63d15179595d15d7aee5eb3f935017cb3a4","isMergeCommit":false,"messageTitle":"Update Help command","messageBody":"","fileTypesAndContributionMap":{"functional-code":{"insertions":34,"deletions":0}}},{"hash":"f064c24c8d05ecbb448f9fb167775743d49ed19a","isMergeCommit":false,"messageTitle":"delete unused import","messageBody":"","fileTypesAndContributionMap":{"functional-code":{"insertions":0,"deletions":1}}}]}],"YC-Michael":[{"date":"2023-03-03","commitResults":[{"hash":"1259041f54628b83d88258d6578334719442836e","isMergeCommit":false,"messageTitle":"Update README.md","messageBody":"","fileTypesAndContributionMap":{"docs":{"insertions":1,"deletions":1}}},{"hash":"94be5eb6e954459b7c2c210b7e1a9fcdb15091db","isMergeCommit":true,"messageTitle":"Merge pull request #3 from ZiqiuZeng/branch-about-us","messageBody":"Update AboutUs.md","fileTypesAndContributionMap":{}}]},{"date":"2023-03-05","commitResults":[{"hash":"0e04106274bae3d4f4d8122d29d291a795f1450e","isMergeCommit":false,"messageTitle":"Update AboutUs.md","messageBody":"","fileTypesAndContributionMap":{"docs":{"insertions":7,"deletions":7}}},{"hash":"9583681ae58e47d1f6b97b03431d1458c9bf71e5","isMergeCommit":true,"messageTitle":"Merge remote-tracking branch \u0027upstream1/master\u0027 into updateAboutUs","messageBody":"# Conflicts:\n#\tdocs/AboutUs.md\n","fileTypesAndContributionMap":{}},{"hash":"721b162bd39b0b49862dd0c796ea466c13724ef1","isMergeCommit":true,"messageTitle":"Merge pull request #4 from YC-Michael/updateAboutUs","messageBody":"Update AboutUs.md","fileTypesAndContributionMap":{}}]},{"date":"2023-03-08","commitResults":[{"hash":"613f2139899eb13fcb731e2293352f356dec89fa","isMergeCommit":true,"messageTitle":"Merge pull request #14 from khooyourun/main_and_parser","messageBody":"Main and parser","fileTypesAndContributionMap":{}},{"hash":"09c0c18d79c7810f6da51d33298f8b5e5065e310","isMergeCommit":false,"messageTitle":"Add Class to find properties of Trigo Graph","messageBody":"","fileTypesAndContributionMap":{"functional-code":{"insertions":53,"deletions":1}}},{"hash":"485a863c228fd27852cae93099dd772b3b6a5a26","isMergeCommit":true,"messageTitle":"Merge remote-tracking branch \u0027upstream1/master\u0027 into v1.0-TrigoGraph","messageBody":"# Conflicts:\n#\tsrc/main/java/seedu/duke/Duke.java\n","fileTypesAndContributionMap":{}},{"hash":"f5da88b828444e66498e9a5afe3b001026f4a27a","isMergeCommit":true,"messageTitle":"Merge branch \u0027v1.0-TrigoGraph\u0027","messageBody":"","fileTypesAndContributionMap":{}},{"hash":"deb8f8994bf43a8f400f4dbf0816046dd929b05d","isMergeCommit":false,"messageTitle":"Add JUnit test for v1.0 - TrigoGraphTest.java Add exceptions for incorrect input of Trigo equation.","messageBody":"","fileTypesAndContributionMap":{"functional-code":{"insertions":21,"deletions":12},"test-code":{"insertions":35,"deletions":0}}},{"hash":"7e09e745ed1a28f5cdb82044b462a6341ce4ebe9","isMergeCommit":false,"messageTitle":"Comply to checkstyleTest","messageBody":"","fileTypesAndContributionMap":{"test-code":{"insertions":4,"deletions":3}}}]},{"date":"2023-03-09","commitResults":[{"hash":"caa81c07f47ad1c8393acfcf08ed309c63d5af22","isMergeCommit":true,"messageTitle":"Merge pull request #19 from khooyourun/command_Class_and_JUnit_Tests","messageBody":"Command class and j unit tests","fileTypesAndContributionMap":{}}]},{"date":"2023-03-10","commitResults":[{"hash":"d4cac495c365dbd9b054c76103cd50ebbc593763","isMergeCommit":true,"messageTitle":"Merge pull request #22 from 0nandon/master","messageBody":"Add \u0027Seungjun Lee\u0027 to docs/AboutUs.md","fileTypesAndContributionMap":{}},{"hash":"d3f6bd0845897b9e5ac2745e7118982f18193c0e","isMergeCommit":true,"messageTitle":"Merge pull request #25 from 0nandon/master","messageBody":"PR for matrix multiplication","fileTypesAndContributionMap":{}}]}],"WilsonLee2000":[{"date":"2023-03-03","commitResults":[{"hash":"15d471ce1fff82ffb385218ea2208eaf25bcb7c0","isMergeCommit":false,"messageTitle":"Edit Name on GitHub Profile","messageBody":"","fileTypesAndContributionMap":{"docs":{"insertions":7,"deletions":7}}},{"hash":"a2bb5ec36c041d6fa08e54a26022c3a391f81014","isMergeCommit":true,"messageTitle":"Resolve merge conflicts","messageBody":"","fileTypesAndContributionMap":{}}]},{"date":"2023-03-10","commitResults":[{"hash":"3b7b228d3be9f59b1dc7cc8aa2a77233ab60d273","isMergeCommit":false,"messageTitle":"Add ability to store notes","messageBody":"","fileTypesAndContributionMap":{"functional-code":{"insertions":19,"deletions":3}}},{"hash":"8fbbcbbc0f0da2b219380f6c81a974c71ea34dd4","isMergeCommit":false,"messageTitle":"Edit comment line 29 in BadMaths.java","messageBody":"","fileTypesAndContributionMap":{"functional-code":{"insertions":2,"deletions":0}}},{"hash":"4cb3abbdca737fd4c9810f52fd08a10c5021e44b","isMergeCommit":false,"messageTitle":"Debug comment line 29 in BadMaths.java","messageBody":"","fileTypesAndContributionMap":{"functional-code":{"insertions":4,"deletions":2}}},{"hash":"55062cc67f59dc10a7663995101915901e5e5a98","isMergeCommit":false,"messageTitle":"Push Notes Class","messageBody":"","fileTypesAndContributionMap":{"functional-code":{"insertions":25,"deletions":0}}},{"hash":"6c6bd2a174ae9a4fb3d9635fab000e8909363fe4","isMergeCommit":false,"messageTitle":"Implement ability to store notes","messageBody":"","fileTypesAndContributionMap":{"functional-code":{"insertions":3,"deletions":19}}},{"hash":"cc8a25613a9f3060a3f3ebf0d635093e0361baad","isMergeCommit":false,"messageTitle":"Add default for switch case in Notes.java","messageBody":"","fileTypesAndContributionMap":{"functional-code":{"insertions":1,"deletions":1}}},{"hash":"02be6cc6955358009cb914f31765ac941ee02551","isMergeCommit":false,"messageTitle":"Remove unused import -java.util.ArrayList","messageBody":"","fileTypesAndContributionMap":{"functional-code":{"insertions":0,"deletions":1}}},{"hash":"15f4b5b432e2cc2ec00ba65e275c2c3d5546983e","isMergeCommit":true,"messageTitle":"Merge branch \u0027master\u0027 into master","messageBody":"","fileTypesAndContributionMap":{}}]}]},"authorFileTypeContributionMap":{"0nandon":{"docs":2,"functional-code":153,"test-code":95},"khooyourun":{"docs":1,"functional-code":100,"test-code":24,"other":2},"ZiqiuZeng":{"docs":1,"functional-code":30,"test-code":0},"YC-Michael":{"docs":2,"functional-code":59,"test-code":35},"WilsonLee2000":{"docs":1,"functional-code":32,"test-code":0}},"authorContributionVariance":{"0nandon":3398.2227,"khooyourun":4607.271,"ZiqiuZeng":55.039932,"YC-Michael":665.20667,"WilsonLee2000":259.49307},"authorDisplayNameMap":{"0nandon":"CS2113-F10-2 LEE ..GJUN","khooyourun":"CS2113-F10-2 KHOO.. RUN","ZiqiuZeng":"CS2113-F10-2 ZENG..IQIU","YC-Michael":"CS2113-F10-2 HUI ..CONG","WilsonLee2000":"CS2113-F10-2 WILS.. WEI"}}
