{"authorDailyContributionsMap":{"ollayf":[{"date":"2023-02-24","commitResults":[{"hash":"f5a8a98d324e840ec5eaf19a24825d8c1f41487d","isMergeCommit":false,"messageTitle":"added new test scripts","messageBody":"","fileTypesAndContributionMap":{"other":{"insertions":61,"deletions":0}}},{"hash":"3fb3bf01265ed00d07ef096b3f24afe9c559b46f","isMergeCommit":true,"messageTitle":"Merge pull request #8 from ollayf/master","messageBody":"added new test scripts, to support testing on mac and jar file on mac","fileTypesAndContributionMap":{}}]},{"date":"2023-03-02","commitResults":[{"hash":"c0997040cfdc8bfed73daf4951546d9918f0c859","isMergeCommit":false,"messageTitle":"added info about self","messageBody":"","fileTypesAndContributionMap":{"docs":{"insertions":23,"deletions":7}}}]},{"date":"2023-03-03","commitResults":[{"hash":"6b936ebf72c2a0d35bb9610167138e92ab87feb1","isMergeCommit":false,"messageTitle":"Created data structures not tested","messageBody":"","fileTypesAndContributionMap":{"functional-code":{"insertions":293,"deletions":0},"other":{"insertions":10,"deletions":34}}}]},{"date":"2023-03-07","commitResults":[{"hash":"49599c8b892d239925b559a7f36577398d98b8fd","isMergeCommit":true,"messageTitle":"Merge branch \u0027master\u0027 into stevenantya-AboutUs","messageBody":"","fileTypesAndContributionMap":{}},{"hash":"ba8a432d699656611b88e946ff01a3b88186fae6","isMergeCommit":true,"messageTitle":"Merge pull request #19 from stevenantya/stevenantya-AboutUs","messageBody":"Add About Us Steven","fileTypesAndContributionMap":{}},{"hash":"e92188bace63646daab308b0ba2d0492fd554aab","isMergeCommit":true,"messageTitle":"Merge branch \u0027master\u0027 into deepanjaliDhawan-AboutUs","messageBody":"","fileTypesAndContributionMap":{}},{"hash":"538bbb57bfd192f1a705d81c9b9f587c198fb1e8","isMergeCommit":true,"messageTitle":"Merge pull request #17 from DeepanjaliDhawan/deepanjaliDhawan-AboutUs","messageBody":"Commit AboutUs","fileTypesAndContributionMap":{}},{"hash":"f366321b952599d66a527e0de389a522e86a4989","isMergeCommit":true,"messageTitle":"Merge branch \u0027master\u0027 into khairul-AboutUs","messageBody":"","fileTypesAndContributionMap":{}},{"hash":"1e6340617df4cd5be7b6d3c0a93c72866115cee8","isMergeCommit":true,"messageTitle":"Merge pull request #15 from kairuler/khairul-AboutUs","messageBody":"Add my details to the About Us page","fileTypesAndContributionMap":{}},{"hash":"210d5bbc1231de2663712741648bfc5e920a3741","isMergeCommit":false,"messageTitle":"Check style for secrets basic","messageBody":"","fileTypesAndContributionMap":{"functional-code":{"insertions":20,"deletions":19},"other":{"insertions":8,"deletions":7}}},{"hash":"0caf0e6257dace09a6bf56497b7c38c8d1f4117c","isMergeCommit":true,"messageTitle":"Merge pull request #21 from euzhengxi/export","messageBody":"added my details","fileTypesAndContributionMap":{}},{"hash":"13aace5044ffeb816f1805f898276658f5e0ce8b","isMergeCommit":true,"messageTitle":"Merge pull request #14 from ollayf/master","messageBody":"Created data structures not tested","fileTypesAndContributionMap":{}}]},{"date":"2023-03-14","commitResults":[{"hash":"c029aba1df13246ed7d20563a250bd48f92f5532","isMergeCommit":false,"messageTitle":"Added JUnit tests for Secrets and their master","messageBody":"","fileTypesAndContributionMap":{"functional-code":{"insertions":325,"deletions":42},"other":{"insertions":22,"deletions":17},"test-code":{"insertions":365,"deletions":0}}},{"hash":"db7428df15bc7426051965050a7ec4d3a374b00d","isMergeCommit":true,"messageTitle":"Merge pull request #26 from ollayf/master","messageBody":"Added JUnit tests for defensive push and wifi and crypto and credit card","fileTypesAndContributionMap":{}},{"hash":"b3db21061383011b2702b365c5c6b8073f5c4e49","isMergeCommit":false,"messageTitle":"Fixed checkstyle error","messageBody":"","fileTypesAndContributionMap":{"test-code":{"insertions":44,"deletions":40}}},{"hash":"12c6d18838018f5ea9bcd56bf9c225e6b08811ac","isMergeCommit":true,"messageTitle":"Merge pull request #30 from ollayf/master","messageBody":"Fixed checkstyle error","fileTypesAndContributionMap":{}},{"hash":"987056e6976cfc625891c9ede899b3bee01ec0fe","isMergeCommit":false,"messageTitle":"staticize final","messageBody":"","fileTypesAndContributionMap":{"functional-code":{"insertions":2,"deletions":2}}},{"hash":"feee1d63f4e1aaa7aee393470c57bc24a5db2fc4","isMergeCommit":true,"messageTitle":"Merge master and fields","messageBody":"","fileTypesAndContributionMap":{}},{"hash":"6159ae225044de3041ae8a14b64192a5e5e39b43","isMergeCommit":false,"messageTitle":"Small edit","messageBody":"","fileTypesAndContributionMap":{"functional-code":{"insertions":1,"deletions":1}}},{"hash":"f7c29e559b96ddaad513e3c7b93ee45bde7abcce","isMergeCommit":true,"messageTitle":"Merged all except deeps","messageBody":"","fileTypesAndContributionMap":{}},{"hash":"51f3d2e267ffc59e27148d3b0cbaa2c3010e3fb4","isMergeCommit":true,"messageTitle":"Merged all","messageBody":"","fileTypesAndContributionMap":{}},{"hash":"189069c55b64b60a8b0215705f5f82719b17ae4c","isMergeCommit":false,"messageTitle":"Cleared cs","messageBody":"","fileTypesAndContributionMap":{"functional-code":{"insertions":16,"deletions":14},"test-code":{"insertions":92,"deletions":83}}},{"hash":"b14802b73c9906419fb36e259ab130f3d2e5f811","isMergeCommit":true,"messageTitle":"Merge pull request #36 from ollayf/master","messageBody":"Merged all except deeps and ZX","fileTypesAndContributionMap":{}}]},{"date":"2023-03-15","commitResults":[{"hash":"c3495a0ba656a0075e1a5ff4c971d97cdc8476dc","isMergeCommit":false,"messageTitle":"Silenced runtest temp","messageBody":"","fileTypesAndContributionMap":{"functional-code":{"insertions":0,"deletions":1}}}]},{"date":"2023-03-16","commitResults":[{"hash":"12180accff1c0741d42b8ea57d8846c53b0cc331","isMergeCommit":false,"messageTitle":"Basic clean up","messageBody":"","fileTypesAndContributionMap":{"functional-code":{"insertions":0,"deletions":1}}},{"hash":"580349cc87f76494447fde1ffb8d2d312b7f02ed","isMergeCommit":true,"messageTitle":"Merge pull request #46 from ollayf/master","messageBody":"clean up code","tags":["v1.0"],"fileTypesAndContributionMap":{}}]},{"date":"2023-03-21","commitResults":[{"hash":"7f7b1cfb6140d5e94bd26cfd9107e527d5fad357","isMergeCommit":false,"messageTitle":"created Credit Card creation and more JUnit test","messageBody":"","fileTypesAndContributionMap":{"functional-code":{"insertions":177,"deletions":11},"other":{"insertions":9,"deletions":5},"test-code":{"insertions":231,"deletions":163}}},{"hash":"38921c9c85a4578cf77b8ce0a78d5213913c77d7","isMergeCommit":true,"messageTitle":"Merge pull request #56 from ollayf/master","messageBody":"Created credit card","fileTypesAndContributionMap":{}},{"hash":"edf117125e62b6d5a1812f6452ac495a98d005c3","isMergeCommit":false,"messageTitle":"Added JUnit tests and UI for adding credit card","messageBody":"","fileTypesAndContributionMap":{"functional-code":{"insertions":176,"deletions":11},"other":{"insertions":9,"deletions":5},"test-code":{"insertions":248,"deletions":163}}},{"hash":"43c6c615b5e4a0711a976bc5dcc89361536df000","isMergeCommit":true,"messageTitle":"Merge branch \u0027fields\u0027 into master","messageBody":"","fileTypesAndContributionMap":{}},{"hash":"9a3932bf6ac7aebb269d7c3e947a015415710fa6","isMergeCommit":true,"messageTitle":"Merge pull request #57 from ollayf/master","messageBody":"Added JUnit tests and UI for adding credit card","fileTypesAndContributionMap":{}},{"hash":"ece7278f60eea4ca3dfddd1aa58248c3812440ed","isMergeCommit":true,"messageTitle":"Merged ZX and Ho","messageBody":"","fileTypesAndContributionMap":{}},{"hash":"e40d7e4e692fc49f7f58389b77d9d251829f7b0d","isMergeCommit":true,"messageTitle":"Merge branch \u0027master\u0027 of https://github.com/ollayf/tp","messageBody":"","fileTypesAndContributionMap":{}},{"hash":"20850ab5f73d38ee020c5ee18b23e25d6a0a6e6f","isMergeCommit":true,"messageTitle":"Merge pull request #61 from ollayf/master","messageBody":"Merged ZX and Ho, v1.2","fileTypesAndContributionMap":{}},{"hash":"e00257f0674ff2d203d0ca56abff91ad7714cbeb","isMergeCommit":true,"messageTitle":"Merge pull request #59 from AY2223S2-CS2113-T15-2/fields","messageBody":"Fields","fileTypesAndContributionMap":{}},{"hash":"b7b4142a92d698df2e0052d76594acce3839e04c","isMergeCommit":true,"messageTitle":"Merge branch \u0027master\u0027 into tagging","messageBody":"","fileTypesAndContributionMap":{}},{"hash":"c192b9b3e71dabd1cafa85e090558f12ec64fb89","isMergeCommit":true,"messageTitle":"Merge pull request #60 from AY2223S2-CS2113-T15-2/tagging","messageBody":"Tagging","fileTypesAndContributionMap":{}},{"hash":"802771417e30fd8d0ac670e1d1a924e821491490","isMergeCommit":true,"messageTitle":"Merge branch \u0027master\u0027 into creation","messageBody":"","fileTypesAndContributionMap":{}},{"hash":"08f3b4658196f45fd2cd332e7b79ab76b7ee92a3","isMergeCommit":true,"messageTitle":"Merge pull request #58 from AY2223S2-CS2113-T15-2/creation","messageBody":"Merge Creation v1.2","fileTypesAndContributionMap":{}},{"hash":"b66fe10d016c21ea550a5ccfe22d948c96aa6358","isMergeCommit":false,"messageTitle":"v1.2 merge creation","messageBody":"","fileTypesAndContributionMap":{"test-code":{"insertions":5,"deletions":2}}},{"hash":"c6839f972ece2ec247a530d0662d68a7ce5c83ca","isMergeCommit":true,"messageTitle":"Merge branch \u0027master\u0027 into export","messageBody":"","fileTypesAndContributionMap":{}},{"hash":"1298c56936d162e5f1b9166a09a520445e81a418","isMergeCommit":true,"messageTitle":"Merge pull request #62 from AY2223S2-CS2113-T15-2/export","messageBody":"Export unfinished","fileTypesAndContributionMap":{}},{"hash":"673784eaf0bb2f565e26a4502273c3ab8f72e39c","isMergeCommit":false,"messageTitle":"Merged all v1.2","messageBody":"","fileTypesAndContributionMap":{"test-code":{"insertions":1,"deletions":1}}}]},{"date":"2023-03-24","commitResults":[{"hash":"00643a1321a80a0264d702b169ff8931767f7769","isMergeCommit":false,"messageTitle":"Added DG and UG draft1","messageBody":"","fileTypesAndContributionMap":{"functional-code":{"insertions":0,"deletions":1},"docs":{"insertions":766,"deletions":43},"test-code":{"insertions":14,"deletions":0}}},{"hash":"06be4d7b275685defba431732d132fba4c678c33","isMergeCommit":true,"messageTitle":"Merge pull request #66 from ollayf/master","messageBody":"Added DG and UG draft1","fileTypesAndContributionMap":{}},{"hash":"4f1d3c9c2a5c5875fc21a46730b8305ce45956f4","isMergeCommit":true,"messageTitle":"Merge branch \u0027master\u0027 of https://github.com/AY2223S2-CS2113-T15-2/tp","messageBody":"","fileTypesAndContributionMap":{}},{"hash":"3ac022a911728ef198f2647fef6a6d59795037c8","isMergeCommit":false,"messageTitle":"Attribution to people","messageBody":"","fileTypesAndContributionMap":{"docs":{"insertions":11,"deletions":10}}}]},{"date":"2023-03-28","commitResults":[{"hash":"a79793031306eaccbdbcf84c1bc6b16df369982a","isMergeCommit":true,"messageTitle":"Merge branch \u0027master\u0027 into creation","messageBody":"","fileTypesAndContributionMap":{}},{"hash":"12d234c2899e1dfb152db1a66bcd55ed91066a41","isMergeCommit":true,"messageTitle":"Merge pull request #72 from AY2223S2-CS2113-T15-2/creation","messageBody":"Add delete exception and uml","fileTypesAndContributionMap":{}},{"hash":"f7436e1b854ac0718abc74ac31981af495ad056a","isMergeCommit":true,"messageTitle":"Merge branch \u0027master\u0027 into export","messageBody":"","fileTypesAndContributionMap":{}}]},{"date":"2023-03-29","commitResults":[{"hash":"395e4642e6f27fbcc8223fc0e049d43a47ec591a","isMergeCommit":false,"messageTitle":"trying to resolve inf loop: 1","messageBody":"","fileTypesAndContributionMap":{"docs":{"insertions":0,"deletions":37}}},{"hash":"cc049cc238502683aea08a9d903e15932c074dde","isMergeCommit":false,"messageTitle":"Tested all checks work locally","messageBody":"","fileTypesAndContributionMap":{"other":{"insertions":3,"deletions":1},"docs":{"insertions":37,"deletions":0}}},{"hash":"af5756a21805d6b75462d4dba1e6e1be008a7dd7","isMergeCommit":false,"messageTitle":"Trying to fix windows build","messageBody":"","fileTypesAndContributionMap":{"functional-code":{"insertions":5,"deletions":5}}},{"hash":"83061d57448f09245a455b96e1d29540ac0c619c","isMergeCommit":true,"messageTitle":"Merge pull request #82 from ollayf/master","messageBody":"trying to resolve inf loop: 1","fileTypesAndContributionMap":{}},{"hash":"757dbd712b50e827d591f71b3c04f228ba846e24","isMergeCommit":true,"messageTitle":"Merge pull request #83 from AY2223S2-CS2113-T15-2/fields","messageBody":"Remove infinite loop in github tests","tags":["v2.0"],"fileTypesAndContributionMap":{}},{"hash":"76ebdee1973e4d1e7dfb0971cc0554657afecf83","isMergeCommit":false,"messageTitle":"Fixed IO Redirection issues","messageBody":"","fileTypesAndContributionMap":{"functional-code":{"insertions":34,"deletions":12},"other":{"insertions":0,"deletions":1}}},{"hash":"17111beaae131bdca75ed926b73dcf7a3b255a0c","isMergeCommit":true,"messageTitle":"Merge branch \u0027AY2223S2-CS2113-T15-2:master\u0027 into master","messageBody":"","fileTypesAndContributionMap":{}},{"hash":"72ebe3fc218c2e24ce73a5532567fd7936b08276","isMergeCommit":false,"messageTitle":"Updated inputs","messageBody":"","fileTypesAndContributionMap":{"other":{"insertions":0,"deletions":1}}},{"hash":"8fd7f15fb908ffc744092e71f75d456a335d53e8","isMergeCommit":false,"messageTitle":"Added checkstyle for readers","messageBody":"","fileTypesAndContributionMap":{"functional-code":{"insertions":5,"deletions":2}}},{"hash":"26b4fdc8f86638306e315f675c393384767a978d","isMergeCommit":false,"messageTitle":"altered the file structure for bat file","messageBody":"","fileTypesAndContributionMap":{"other":{"insertions":1,"deletions":1}}},{"hash":"cdd82ae9a995e97e5888bb62c8364e087d4f886a","isMergeCommit":true,"messageTitle":"Merging for v2.0","messageBody":"","fileTypesAndContributionMap":{}}]},{"date":"2023-03-30","commitResults":[{"hash":"7c8fb9bf56ab63b0e333259b3b8281b90a3f175e","isMergeCommit":false,"messageTitle":"Update EditCommandTest.java","messageBody":"","fileTypesAndContributionMap":{"test-code":{"insertions":1,"deletions":1}}},{"hash":"ac7773dca992c7811987389041e3512480e180ce","isMergeCommit":false,"messageTitle":"Update EditCommandTest.java","messageBody":"","fileTypesAndContributionMap":{"test-code":{"insertions":1,"deletions":1}}}]},{"date":"2023-04-04","commitResults":[{"hash":"c49c20d1f9b044a922e20c816e3a53eaabcc1eb8","isMergeCommit":false,"messageTitle":"Revamped Add Commands System","messageBody":"","fileTypesAndContributionMap":{"functional-code":{"insertions":635,"deletions":464},"other":{"insertions":80,"deletions":22},"docs":{"insertions":287,"deletions":6},"test-code":{"insertions":141,"deletions":134}}},{"hash":"c24e6de1a82728cf172c6baff47170b78bf37aeb","isMergeCommit":true,"messageTitle":"Merge pull request #171 from kairuler/master","messageBody":"Fix Edit command and added JUnit tests","fileTypesAndContributionMap":{}}]},{"date":"2023-04-05","commitResults":[{"hash":"45bf008dc15ae544ede5cba5619c9136387988ec","isMergeCommit":true,"messageTitle":"Merge pull request #178 from AY2223S2-CS2113-T15-2/tagging","messageBody":"Tagging","fileTypesAndContributionMap":{}},{"hash":"d681b51ec0f2a0fa751280f56844e1eded4a7a1d","isMergeCommit":true,"messageTitle":"Merged all functions except edit and search","messageBody":"","fileTypesAndContributionMap":{}},{"hash":"13c10ffcc6587def13584facea1ce6b78ab37d04","isMergeCommit":true,"messageTitle":"Merge pull request #182 from ollayf/master","messageBody":"Checked everything except search and edit","fileTypesAndContributionMap":{}}]},{"date":"2023-04-06","commitResults":[{"hash":"42ce6be57de0560e5caef3263a2fb37fbb7739b8","isMergeCommit":false,"messageTitle":"Merged Search and View Function","messageBody":"","fileTypesAndContributionMap":{"functional-code":{"insertions":282,"deletions":180},"test-code":{"insertions":192,"deletions":166}}},{"hash":"ac5522ed2628a3e0449c28c36fe8232415388b22","isMergeCommit":false,"messageTitle":"Merged all main features","messageBody":"","fileTypesAndContributionMap":{"functional-code":{"insertions":50,"deletions":73},"test-code":{"insertions":9,"deletions":5}}},{"hash":"92f63e3c24e65253d64f00d2cd5c9833045b49f9","isMergeCommit":false,"messageTitle":"Remove trimming for JUnit tests","messageBody":"","fileTypesAndContributionMap":{"functional-code":{"insertions":10,"deletions":4},"test-code":{"insertions":1,"deletions":1}}},{"hash":"1e8490e74385e9236400b3465c8de3146ba4b75d","isMergeCommit":false,"messageTitle":"Edited reveal strings","messageBody":"","fileTypesAndContributionMap":{"functional-code":{"insertions":3,"deletions":2},"test-code":{"insertions":19,"deletions":8}}},{"hash":"bec9cbfb8627a2bbd800bcd7af5ea5daa493d313","isMergeCommit":false,"messageTitle":"Removed tests that gave me some issues from viewcommand","messageBody":"","fileTypesAndContributionMap":{"test-code":{"insertions":10,"deletions":9}}},{"hash":"6bd7df021fcb90b3bc7b26963ccc0257fdced665","isMergeCommit":false,"messageTitle":"Removed imports causing issues","messageBody":"","fileTypesAndContributionMap":{"test-code":{"insertions":4,"deletions":4}}},{"hash":"3de49b7f2bb7e7e6abce32a63ed08cb9b21e9dfb","isMergeCommit":true,"messageTitle":"Merge pull request #185 from ollayf/master","messageBody":"Merged all main features","fileTypesAndContributionMap":{}},{"hash":"6e36123a9441bd889b57eb0d2c51020237853534","isMergeCommit":false,"messageTitle":"Updated the menu and starting commands","messageBody":"","fileTypesAndContributionMap":{"functional-code":{"insertions":25,"deletions":25}}},{"hash":"eb36b0c3042e4dd99dd8110329c5a4efe57abfda","isMergeCommit":false,"messageTitle":"edited text ui tests","messageBody":"","fileTypesAndContributionMap":{"functional-code":{"insertions":7,"deletions":1},"docs":{"insertions":15,"deletions":10}}},{"hash":"147f704d34f52899867622a9a199637dd54e77aa","isMergeCommit":false,"messageTitle":"removed additional stuff","messageBody":"","fileTypesAndContributionMap":{"functional-code":{"insertions":0,"deletions":1}}},{"hash":"d662a72c512606c29e35ce7020bcdf8e8720baa3","isMergeCommit":true,"messageTitle":"Merge pull request #187 from ollayf/master","messageBody":"Edited UI including printing and formatting of most functions and menu and list functions","fileTypesAndContributionMap":{}},{"hash":"30f2de7a99d31bfcc5ea2526f0c128997a30d545","isMergeCommit":false,"messageTitle":"Fixed the case where folders cannot be empty","messageBody":"","fileTypesAndContributionMap":{"functional-code":{"insertions":1,"deletions":6}}},{"hash":"8e77e18c161b52f8f7b4774ba421692d19155a68","isMergeCommit":false,"messageTitle":"Changed criteria for legal secretnames and fodlers","messageBody":"","fileTypesAndContributionMap":{"functional-code":{"insertions":1,"deletions":1}}},{"hash":"741912e2d18201c58fb7ba2eed5ef8eec63df31a","isMergeCommit":true,"messageTitle":"Merge branch \u0027fixing_empty_input_issues\u0027","messageBody":"","fileTypesAndContributionMap":{}},{"hash":"91d281ad6017ef388b515fbb123974ac100d41b4","isMergeCommit":true,"messageTitle":"Merge pull request #189 from ollayf/master","messageBody":"Fixed problem with empty strings for secret names and folders","fileTypesAndContributionMap":{}},{"hash":"27bbf585a65222d5224ec9ec3c548f6fe60f04fb","isMergeCommit":true,"messageTitle":"Merge branch \u0027master\u0027 into export","messageBody":"","fileTypesAndContributionMap":{}},{"hash":"0ab3ceba5baec4ffd38d7a9ea8ad115fe9e2e8bb","isMergeCommit":false,"messageTitle":"Update SecretMaster.java","messageBody":"","fileTypesAndContributionMap":{"functional-code":{"insertions":0,"deletions":1}}},{"hash":"0d8975bc498d0f4b8cdd65c4b130d14435ebffa6","isMergeCommit":true,"messageTitle":"Merge pull request #190 from AY2223S2-CS2113-T15-2/export","messageBody":"Export","fileTypesAndContributionMap":{}}]},{"date":"2023-04-07","commitResults":[{"hash":"a0e6a36b680f3a60cf59af83999485527313cab7","isMergeCommit":false,"messageTitle":"Main changes from pentesting and issues flagged out in github","messageBody":"","fileTypesAndContributionMap":{"functional-code":{"insertions":230,"deletions":67},"docs":{"insertions":33,"deletions":8},"test-code":{"insertions":40,"deletions":18}}},{"hash":"8837d6dcfadaac0ab641c55680f9ed29a0b51cd4","isMergeCommit":false,"messageTitle":"Cleared all issues after PED code related","messageBody":"","fileTypesAndContributionMap":{"functional-code":{"insertions":13,"deletions":6},"test-code":{"insertions":80,"deletions":39}}},{"hash":"6b05ac96f725c99975222a9ee7a3fe8203a820ab","isMergeCommit":true,"messageTitle":"Best release for testing round 2","messageBody":"","fileTypesAndContributionMap":{}},{"hash":"3e33779d03452433de1f381d9dbc710665efafa0","isMergeCommit":false,"messageTitle":"Removed database.txt file after every test","messageBody":"","fileTypesAndContributionMap":{"other":{"insertions":6,"deletions":0}}},{"hash":"a77b35c9e8ae51a8baee6d76d3205450cf5bd028","isMergeCommit":false,"messageTitle":"Ready for testing round 2 without database coverage","messageBody":"","fileTypesAndContributionMap":{"other":{"insertions":0,"deletions":2}}},{"hash":"a316aa5b97dd814a99a5847c92f6404630207be8","isMergeCommit":true,"messageTitle":"Merge pull request #227 from ollayf/master","messageBody":"Cleared issues post PED and team test 1","fileTypesAndContributionMap":{}}]},{"date":"2023-04-08","commitResults":[{"hash":"5d1ce2a590742309f760d3ddb88a2372f174be55","isMergeCommit":false,"messageTitle":"Updated instructions for users in menu adn startup","messageBody":"","fileTypesAndContributionMap":{"functional-code":{"insertions":18,"deletions":18},"docs":{"insertions":0,"deletions":0}}},{"hash":"57c795d134ef19f0fcd5a4dde0e98db3073cdefe","isMergeCommit":true,"messageTitle":"Merge pull request #230 from ollayf/master","messageBody":"Updated instructions for users in menu adn startup","fileTypesAndContributionMap":{}}]},{"date":"2023-04-09","commitResults":[{"hash":"a61095045e0b4e72fbc44b25975e7ebdfb252d66","isMergeCommit":false,"messageTitle":"Refactored naming","messageBody":"","fileTypesAndContributionMap":{"other":{"insertions":418,"deletions":557},"docs":{"insertions":509,"deletions":239}}},{"hash":"60e108cf925305304e1425a19ec0bc4151886b41","isMergeCommit":false,"messageTitle":"Update OperationMessages.java","messageBody":"","fileTypesAndContributionMap":{"functional-code":{"insertions":1,"deletions":1}}},{"hash":"5a5db5f4bf5cdc0fb135a962520721c197c9dc78","isMergeCommit":true,"messageTitle":"Merge pull request #235 from euzhengxi/export","messageBody":"Export","fileTypesAndContributionMap":{}},{"hash":"b645291eb6d2cf8e7b46295f4c9d6a948a93551e","isMergeCommit":true,"messageTitle":"Merge pull request #226 from AY2223S2-CS2113-T15-2/export","messageBody":"Export","fileTypesAndContributionMap":{}},{"hash":"6b630edb681a46f8f74f0cb9060923c95ccbbfe2","isMergeCommit":true,"messageTitle":"Prepping for release all segments merged","messageBody":"","fileTypesAndContributionMap":{}},{"hash":"4a754d744527849d1debc201cb13abdda2a72788","isMergeCommit":true,"messageTitle":"Merge pull request #236 from ollayf/master","messageBody":"Prep for final release, merged all main sections","fileTypesAndContributionMap":{}},{"hash":"0b72c189cbf49ee1419f2afc7a8b05e8baf9857d","isMergeCommit":false,"messageTitle":"Added all the new diagrams from Hosea","messageBody":"","fileTypesAndContributionMap":{"docs":{"insertions":222,"deletions":58}}},{"hash":"5ff2b2bb84355f5d7d4c254fbb4fc654c2817c93","isMergeCommit":true,"messageTitle":"Merge pull request #237 from ollayf/master","messageBody":"Added documentation for DG","fileTypesAndContributionMap":{}},{"hash":"dcd7897440125283508ee2d554ae78066a9f6f42","isMergeCommit":false,"messageTitle":"Edited annoying saving messages","messageBody":"","fileTypesAndContributionMap":{"functional-code":{"insertions":5,"deletions":32},"docs":{"insertions":2,"deletions":5}}},{"hash":"1bfca48ae5ef62cee11f2fab8c606a8b1cf713b7","isMergeCommit":true,"messageTitle":"Ready for v2.1 final testing","messageBody":"","fileTypesAndContributionMap":{}},{"hash":"aae6e4c4df3a8c90a8a169e14d5b61f1775bf2c9","isMergeCommit":true,"messageTitle":"Merge pull request #247 from ollayf/master","messageBody":"Ready for final testing before v2.1","fileTypesAndContributionMap":{}}]},{"date":"2023-04-10","commitResults":[{"hash":"9e8998f53d493cd75e37aaa340c7dd2693856816","isMergeCommit":false,"messageTitle":"Removed excess methods for testing","messageBody":"","fileTypesAndContributionMap":{"functional-code":{"insertions":0,"deletions":31},"docs":{"insertions":3,"deletions":1},"test-code":{"insertions":0,"deletions":39}}},{"hash":"dbecca12bbd676f18806f749c27594fea899c5b9","isMergeCommit":true,"messageTitle":"Added links in md","messageBody":"","fileTypesAndContributionMap":{}},{"hash":"1d8e8ff29593571f3dd8c1373eb8dfe12814cde0","isMergeCommit":true,"messageTitle":"Merge pull request #265 from ollayf/master","messageBody":"Links to headers","fileTypesAndContributionMap":{}},{"hash":"4755d4ab3f62b36a41fff0ca5839a121cc5d9774","isMergeCommit":false,"messageTitle":"Removed additional links","messageBody":"","fileTypesAndContributionMap":{"docs":{"insertions":0,"deletions":2}}},{"hash":"b9322a67e771321c3582f0daeb8f115cf163252e","isMergeCommit":false,"messageTitle":"Added last changes in DG","messageBody":"","fileTypesAndContributionMap":{"docs":{"insertions":14,"deletions":12}}},{"hash":"209d63a76a6b1d0318ead81b3f734afc9200bd77","isMergeCommit":true,"messageTitle":"Merge branch \u0027master\u0027 of https://github.com/AY2223S2-CS2113-T15-2/tp","messageBody":"","fileTypesAndContributionMap":{}},{"hash":"e8c93524a27aaf3f432f4cb0d8aa0a5fb920d15f","isMergeCommit":false,"messageTitle":"Final changes to dg","messageBody":"","fileTypesAndContributionMap":{"docs":{"insertions":5,"deletions":4}}},{"hash":"6db4b46d5c5305d294e7fa4793570e52f987a380","isMergeCommit":false,"messageTitle":"Fixed bolding","messageBody":"","fileTypesAndContributionMap":{"docs":{"insertions":8,"deletions":9}}},{"hash":"7515497847e8e30ccc4a6d2c94d31eaa8a385d6b","isMergeCommit":false,"messageTitle":"final fixes","messageBody":"","fileTypesAndContributionMap":{"docs":{"insertions":5,"deletions":3}}},{"hash":"33a64b26a8799dc0fde0b68a058602e3cec7dd68","isMergeCommit":false,"messageTitle":"arrows","messageBody":"","fileTypesAndContributionMap":{"docs":{"insertions":3,"deletions":2}}},{"hash":"922f1454b04a50c75a89b37ee6a7d29fc980c7aa","isMergeCommit":false,"messageTitle":"escape triangle braces","messageBody":"","fileTypesAndContributionMap":{"docs":{"insertions":2,"deletions":2}}},{"hash":"44de2e74eccf7e926682c7e0747c14edf76c7090","isMergeCommit":false,"messageTitle":"resized images","messageBody":"","fileTypesAndContributionMap":{"docs":{"insertions":8,"deletions":11}}},{"hash":"50a07a9de67f9bd2080c7acf782a1b623e00ec57","isMergeCommit":true,"messageTitle":"Merge branch \u0027master\u0027 of https://github.com/AY2223S2-CS2113-T15-2/tp","messageBody":"","fileTypesAndContributionMap":{}},{"hash":"20fa99e58b27d4e3f11777a3cd859cad17854c5f","isMergeCommit":true,"messageTitle":"Merge pull request #267 from ollayf/master","messageBody":"Resized images","fileTypesAndContributionMap":{}},{"hash":"79792b232349ac7f0c8b1ff64dbb826d8b3051e7","isMergeCommit":false,"messageTitle":"removed additional backslshes","messageBody":"","fileTypesAndContributionMap":{"docs":{"insertions":1,"deletions":1}}},{"hash":"4cf38ed673db9e67efcd9df21729e3199bdbd62f","isMergeCommit":true,"messageTitle":"Merge branch \u0027master\u0027 of https://github.com/AY2223S2-CS2113-T15-2/tp","messageBody":"","fileTypesAndContributionMap":{}},{"hash":"0d0dd10a41596b5311476732a66f6c424a68823c","isMergeCommit":false,"messageTitle":"Resize images and center","messageBody":"","fileTypesAndContributionMap":{"docs":{"insertions":45,"deletions":37}}},{"hash":"e2f653302c579eb0887d507374357ac32801d593","isMergeCommit":true,"messageTitle":"Merge branch \u0027master\u0027 of https://github.com/AY2223S2-CS2113-T15-2/tp","messageBody":"","fileTypesAndContributionMap":{}},{"hash":"ddd8f0be9cbf453371e43e042f5ee66b68b8121f","isMergeCommit":false,"messageTitle":"minor edits","messageBody":"","fileTypesAndContributionMap":{"docs":{"insertions":7,"deletions":11}}},{"hash":"4aeb4dcbfb8479e0ef3296f384eaa97109175bfe","isMergeCommit":true,"messageTitle":"Merge branch \u0027master\u0027 of https://github.com/AY2223S2-CS2113-T15-2/tp","messageBody":"","fileTypesAndContributionMap":{}},{"hash":"62c89ff01a57bc9e0a0e329c69d77cf329111076","isMergeCommit":false,"messageTitle":"Edited PP","messageBody":"","fileTypesAndContributionMap":{"docs":{"insertions":2,"deletions":2}}},{"hash":"bcd25c32db9976f14ce7cd24302ea88d75c5fbc9","isMergeCommit":true,"messageTitle":"Merge branch \u0027master\u0027 of https://github.com/AY2223S2-CS2113-T15-2/tp","messageBody":"","fileTypesAndContributionMap":{}}]}],"kairuler":[{"date":"2023-03-03","commitResults":[{"hash":"0c821316d0e643baea35a692e76e9e12da559be2","isMergeCommit":false,"messageTitle":"Add my details to the About Us page","messageBody":"","fileTypesAndContributionMap":{"docs":{"insertions":7,"deletions":7}}}]},{"date":"2023-03-07","commitResults":[{"hash":"a3dda10ac729c2398b66b519614c3968da3ca34d","isMergeCommit":true,"messageTitle":"Merge branch \u0027master\u0027 into export","messageBody":"","fileTypesAndContributionMap":{}}]},{"date":"2023-03-14","commitResults":[{"hash":"69fc701b4cebfa4da49dd7f91e0457b412936f24","isMergeCommit":false,"messageTitle":"Add Search command and View command","messageBody":"Changed getByName() in SecretMaster class such that it now throws exception when not found\n","fileTypesAndContributionMap":{"functional-code":{"insertions":107,"deletions":1}}},{"hash":"308c0396ea56d980d95bd2cc5e8b71217acd844b","isMergeCommit":false,"messageTitle":"Add Edit command","messageBody":"","fileTypesAndContributionMap":{"functional-code":{"insertions":84,"deletions":17}}}]},{"date":"2023-03-16","commitResults":[{"hash":"716ef24ed2c760f727b4e59a684deea57bdefb60","isMergeCommit":false,"messageTitle":"Small changes to Edit, Search and View commands","messageBody":"","fileTypesAndContributionMap":{"functional-code":{"insertions":19,"deletions":7},"other":{"insertions":0,"deletions":0}}}]},{"date":"2023-03-20","commitResults":[{"hash":"dc3293d76bb0ca02c5bc0e82892aed89303a39af","isMergeCommit":false,"messageTitle":"Add JUnit Tests to Edit and Search commands","messageBody":"","fileTypesAndContributionMap":{"functional-code":{"insertions":8,"deletions":8},"test-code":{"insertions":67,"deletions":0}}},{"hash":"f9525f852104303a9639fd8b0f664a9868c37fb4","isMergeCommit":true,"messageTitle":"Merge pull request #1 from kairuler/searching","messageBody":"Searching","fileTypesAndContributionMap":{}},{"hash":"13282e273d3286bfc9219af5478c7b27eb720bdd","isMergeCommit":false,"messageTitle":"Refactor to pass checkstyle tests","messageBody":"","fileTypesAndContributionMap":{"functional-code":{"insertions":3,"deletions":3},"test-code":{"insertions":13,"deletions":12}}}]},{"date":"2023-03-21","commitResults":[{"hash":"a0d986e3cf470f0c680cd9090a13061296bd1d03","isMergeCommit":true,"messageTitle":"Merge pull request #2 from kairuler/searching","messageBody":"Refactor to pass checkstyle tests","fileTypesAndContributionMap":{}}]},{"date":"2023-03-27","commitResults":[{"hash":"bcadfa9560efda9d7ae0124df15341410684ec09","isMergeCommit":true,"messageTitle":"Merge remote-tracking branch \u0027upstream/master\u0027 into HEAD","messageBody":"# Conflicts:\n#\tsrc/main/java/seedu/duke/Parser.java\n","fileTypesAndContributionMap":{}},{"hash":"08c2f1fe46356dfa3e5b3331e5dd622545256232","isMergeCommit":false,"messageTitle":"Add JUnit tests for view command, edit JUnit tests for search and edit command","messageBody":"","fileTypesAndContributionMap":{"functional-code":{"insertions":7,"deletions":10},"docs":{"insertions":5,"deletions":5},"test-code":{"insertions":192,"deletions":3}}}]},{"date":"2023-03-28","commitResults":[{"hash":"9855abf6d6b8d9202b4359b57ad4b0a8b64c1e89","isMergeCommit":true,"messageTitle":"Merge branch \u0027master\u0027 into master","messageBody":"","fileTypesAndContributionMap":{}}]},{"date":"2023-03-29","commitResults":[{"hash":"e6324144ca8cbf6b9bd1f459a6d257c1666fd5ac","isMergeCommit":true,"messageTitle":"Merge remote-tracking branch \u0027upstream/tagging\u0027","messageBody":"# Conflicts:\n#\tsrc/main/java/seedu/duke/Parser.java\n#\tsrc/main/java/seedu/duke/command/AddBasicPasswordCommand.java\n#\tsrc/main/java/seedu/duke/command/AddNUSNetCommand.java\n#\tsrc/main/java/seedu/duke/command/AddStudentIDCommand.java\n#\tsrc/test/java/seedu/duke/command/SearchCommandTest.java\n","fileTypesAndContributionMap":{}},{"hash":"4c93bd5ff964499aec5b82c17a0b4a6758fbb030","isMergeCommit":true,"messageTitle":"Merge remote-tracking branch \u0027upstream/master\u0027","messageBody":"# Conflicts:\n#\tsrc/main/java/seedu/duke/Parser.java\n","fileTypesAndContributionMap":{}},{"hash":"b14c73a0a3b629d058b86bd390665a17db1ff3ab","isMergeCommit":true,"messageTitle":"Merge remote-tracking branch \u0027upstream/export\u0027","messageBody":"","fileTypesAndContributionMap":{}},{"hash":"478a462a847487946f35fb7d9f8006452772a5f5","isMergeCommit":true,"messageTitle":"Merge remote-tracking branch \u0027origin/master\u0027","messageBody":"# Conflicts:\n#\tsrc/main/java/seedu/duke/Parser.java\n#\tsrc/test/java/seedu/duke/command/SearchCommandTest.java\n","fileTypesAndContributionMap":{}},{"hash":"b9d20717e7d608ab8787b8f1525c6b7a76cf12c0","isMergeCommit":false,"messageTitle":"Complete Edit command (with JUnit tests)","messageBody":"","fileTypesAndContributionMap":{"functional-code":{"insertions":29,"deletions":6},"test-code":{"insertions":47,"deletions":6}}},{"hash":"de551aa9eeb3b3775cf4c7fdfd79351858daeb2e","isMergeCommit":false,"messageTitle":"Checkstyle fix","messageBody":"","fileTypesAndContributionMap":{"test-code":{"insertions":0,"deletions":7}}},{"hash":"73a224521561f1cdeb42d2e8a804ffc1aa92e1bd","isMergeCommit":false,"messageTitle":"Checkstyle fixes (incl. remove ExitCommandTest)","messageBody":"","fileTypesAndContributionMap":{"functional-code":{"insertions":5,"deletions":5},"test-code":{"insertions":27,"deletions":46}}},{"hash":"d3f97dfafb9bc1e8ba013611b5240a8917a71378","isMergeCommit":true,"messageTitle":"Merge remote-tracking branch \u0027origin/master\u0027 into searching","messageBody":"# Conflicts:\n#\tsrc/test/java/seedu/duke/command/AddCommandTest.java\n#\tsrc/test/java/seedu/duke/command/DeleteCommandTest.java\n","fileTypesAndContributionMap":{}},{"hash":"d347ea060b47b052b4036c95a6dc0b9b99506c34","isMergeCommit":true,"messageTitle":"Merge remote-tracking branch \u0027upstream/export\u0027 into searching","messageBody":"# Conflicts:\n#\tsrc/main/java/seedu/duke/Backend.java\n#\tsrc/main/java/seedu/duke/Parser.java\n#\tsrc/main/java/seedu/duke/exceptions/secrets/FolderExistsException.java\n#\tsrc/main/java/seedu/duke/secrets/CreditCard.java\n#\tsrc/test/java/seedu/duke/DukeTest.java\n","fileTypesAndContributionMap":{}},{"hash":"d35014c960e32f83436b0901b63ae8fb377ce8c8","isMergeCommit":true,"messageTitle":"Merge branch \u0027master\u0027 of https://github.com/kairuler/tp into searching","messageBody":"# Conflicts:\n#\tsrc/main/java/seedu/duke/Backend.java\n#\tsrc/main/java/seedu/duke/command/ListCommand.java\n#\tsrc/main/java/seedu/duke/exceptions/secrets/FolderExistsException.java\n#\tsrc/main/java/seedu/duke/secrets/CreditCard.java\n#\tsrc/test/java/seedu/duke/DukeTest.java\n#\tsrc/test/java/seedu/duke/command/ExitCommandTest.java\n","fileTypesAndContributionMap":{}},{"hash":"668dbb0410bddaf4718dd9cb29cb7d1cbd5edb45","isMergeCommit":true,"messageTitle":"Merge pull request #3 from kairuler/searching","messageBody":"Checkstyle fixes (incl. remove ExitCommandTest)","fileTypesAndContributionMap":{}},{"hash":"bedecc591f98d657ebf70483590a7b3424394c50","isMergeCommit":false,"messageTitle":"v2.0 release","messageBody":"","fileTypesAndContributionMap":{"functional-code":{"insertions":27,"deletions":29},"test-code":{"insertions":24,"deletions":24}}},{"hash":"49fd291b58dbd824ddfa5dea3b43f642aa47769c","isMergeCommit":true,"messageTitle":"Merge pull request #4 from kairuler/searching","messageBody":"v2.0 release","fileTypesAndContributionMap":{}},{"hash":"5438741ca9c4975f53151f0427ba7aa6024ee9f6","isMergeCommit":true,"messageTitle":"Merge branch \u0027master\u0027 into master","messageBody":"","fileTypesAndContributionMap":{}},{"hash":"f3415a9cc5b2f7906946e7345f3926e61cede4b4","isMergeCommit":true,"messageTitle":"Merge pull request #86 from kairuler/master","messageBody":"v2.0 release","fileTypesAndContributionMap":{}}]},{"date":"2023-04-04","commitResults":[{"hash":"8ea4a1356d4f0b3daaeb25fe379c994a1e5f51c8","isMergeCommit":false,"messageTitle":"Fix Edit command to change all fields for BasicPassword, CreditCard, NUSNet, StudentID","messageBody":"","fileTypesAndContributionMap":{"functional-code":{"insertions":147,"deletions":23},"test-code":{"insertions":79,"deletions":23}}},{"hash":"67185a8d8761086c0fce6f6af49471c9e079efa3","isMergeCommit":false,"messageTitle":"Small fix for Edit command","messageBody":"","fileTypesAndContributionMap":{"functional-code":{"insertions":12,"deletions":13}}},{"hash":"fc8902667b82a0c734e6c917f0f6b718413a5b2e","isMergeCommit":true,"messageTitle":"Merge pull request #5 from kairuler/searching","messageBody":"Fix Edit command to actually change password","fileTypesAndContributionMap":{}},{"hash":"0ed111d2e2538d09705d5b59c9b603f12a5bc141","isMergeCommit":false,"messageTitle":"Fix JUnit","messageBody":"","fileTypesAndContributionMap":{"test-code":{"insertions":4,"deletions":3}}},{"hash":"7f1228829ff3cbf6b58af911b95676b3cd7699d7","isMergeCommit":true,"messageTitle":"Merge pull request #6 from kairuler/searching","messageBody":"Fix JUnit","fileTypesAndContributionMap":{}},{"hash":"c6b8c4ecca3a28573bd3d549ef996f53a07a43e3","isMergeCommit":false,"messageTitle":"Added Edit support for Wifi Password and Crypto Wallet","messageBody":"","fileTypesAndContributionMap":{"functional-code":{"insertions":27,"deletions":6}}},{"hash":"6da9a01488f223497093d95200d4e7283ed1f39b","isMergeCommit":true,"messageTitle":"Merge pull request #7 from kairuler/searching","messageBody":"Added Edit support for Wifi Password and Crypto Wallet","fileTypesAndContributionMap":{}}]},{"date":"2023-04-05","commitResults":[{"hash":"547a74515e87624f5c7962eb2fdca069ebe67a5c","isMergeCommit":false,"messageTitle":"Draft PPP","messageBody":"","fileTypesAndContributionMap":{"docs":{"insertions":39,"deletions":0}}},{"hash":"70d0fa04f99e8b1fde57a24115de1ed50b2913b5","isMergeCommit":true,"messageTitle":"Merge pull request #183 from kairuler/master","messageBody":"Draft PPP","fileTypesAndContributionMap":{}}]},{"date":"2023-04-06","commitResults":[{"hash":"8bb196d1bd853b81bc43990bb8178e400f17a6d9","isMergeCommit":false,"messageTitle":"Fix JUnit tests for Edit and View Also fixed minor issues in Edit, Search, View commands","messageBody":"","fileTypesAndContributionMap":{"functional-code":{"insertions":24,"deletions":19},"test-code":{"insertions":171,"deletions":125}}},{"hash":"d20142c4f755ca0e2431e50758b6ecc4efc965fe","isMergeCommit":true,"messageTitle":"Merge pull request #186 from kairuler/master","messageBody":"Fix JUnit tests for Edit and View","fileTypesAndContributionMap":{}},{"hash":"ff4846f68aa5c6e392d9944eaba42997f1f351cb","isMergeCommit":false,"messageTitle":"Minor edits","messageBody":"","fileTypesAndContributionMap":{"functional-code":{"insertions":8,"deletions":8}}},{"hash":"154a3adfb741d534b9c4a1d9b044400fa857c3ba","isMergeCommit":true,"messageTitle":"Merge pull request #218 from kairuler/master","messageBody":"Minor edits","fileTypesAndContributionMap":{}}]},{"date":"2023-04-07","commitResults":[{"hash":"5d5d291497cf0010a34b2dd1697fa0a5e7e1b18e","isMergeCommit":false,"messageTitle":"Make Search command output more visually appealing Also update JUnit tests for Search command","messageBody":"","fileTypesAndContributionMap":{"functional-code":{"insertions":29,"deletions":8},"test-code":{"insertions":6,"deletions":1}}},{"hash":"82bb2daaf83a0219d940e30fab2aa7bd03c1a812","isMergeCommit":true,"messageTitle":"Merge pull request #222 from kairuler/master","messageBody":"Make Search command output more visually appealing","fileTypesAndContributionMap":{}}]},{"date":"2023-04-08","commitResults":[{"hash":"b4854ece443da534b1c32f5b9e6871b000d41e92","isMergeCommit":false,"messageTitle":"Add JUnit test Aim is to get Method coverage \u003e80%","messageBody":"","fileTypesAndContributionMap":{"functional-code":{"insertions":101,"deletions":7},"test-code":{"insertions":753,"deletions":68}}}]},{"date":"2023-04-10","commitResults":[{"hash":"db7e76f452720c2770d7815c0be2179c987b1526","isMergeCommit":true,"messageTitle":"Merge remote-tracking branch \u0027upstream/master\u0027 into test","messageBody":"# Conflicts:\n#\tsrc/main/java/seedu/duke/command/Command.java\n#\tsrc/main/java/seedu/duke/command/ViewCommand.java\n#\tsrc/main/java/seedu/duke/ui/Parser.java\n#\tsrc/main/java/seedu/duke/ui/Ui.java\n#\tsrc/main/java/seedu/securenus/command/AddCreditCardCommand.java\n#\tsrc/test/java/seedu/duke/BackendTest.java\n#\tsrc/test/java/seedu/duke/SecureNUSTest.java\n#\tsrc/test/java/seedu/securenus/SecureNUSLogFormatterTest.java\n#\tsrc/test/java/seedu/securenus/SecureNUSLoggerTest.java\n#\tsrc/test/java/seedu/securenus/command/AddBasicPasswordCommandTest.java\n#\tsrc/test/java/seedu/securenus/command/AddCommandTest.java\n#\tsrc/test/java/seedu/securenus/command/AddCreditCardCommandTest.java\n#\tsrc/test/java/seedu/securenus/command/AddCryptoWalletCommandTest.java\n#\tsrc/test/java/seedu/securenus/command/AddNUSNetCommandTest.java\n#\tsrc/test/java/seedu/securenus/command/AddSecretCommandTest.java\n#\tsrc/test/java/seedu/securenus/command/AddStudentIDCommandTest.java\n#\tsrc/test/java/seedu/securenus/command/AddWifiPasswordCommandTest.java\n#\tsrc/test/java/seedu/securenus/command/CommandTest.java\n#\tsrc/test/java/seedu/securenus/ui/ParserTest.java\n#\tsrc/test/java/seedu/securenus/ui/UiTest.java\n","fileTypesAndContributionMap":{}},{"hash":"bfa37b9b1571288c8bc31d53c25a5a87ea2648fd","isMergeCommit":false,"messageTitle":"Updated JUnit tests in accordance with Backend changes made by zhengxi","messageBody":"","fileTypesAndContributionMap":{"functional-code":{"insertions":45,"deletions":476},"test-code":{"insertions":252,"deletions":377}}},{"hash":"f9fb9eb7f666357643954d038459d01a4ff7ac40","isMergeCommit":false,"messageTitle":"Edit AboutUs","messageBody":"","fileTypesAndContributionMap":{"docs":{"insertions":7,"deletions":7},"test-code":{"insertions":35,"deletions":5}}},{"hash":"e4053c0c07a774c39d8587037162a8aa981c54dc","isMergeCommit":true,"messageTitle":"Merge pull request #233 from kairuler/master","messageBody":"Add JUnit test","fileTypesAndContributionMap":{}},{"hash":"934dd08da39e55b6a32af3b4c2c1961c82466a3d","isMergeCommit":false,"messageTitle":"Finalise JUnit tests Remove JUnit tests involving Scanner Remove overloaded methods used solely for JUnit tests involving Scanner","messageBody":"","fileTypesAndContributionMap":{"functional-code":{"insertions":1,"deletions":68},"test-code":{"insertions":138,"deletions":84}}},{"hash":"9f4735daee446f0a129fc7775df10e7bbc92f3a3","isMergeCommit":true,"messageTitle":"Merge pull request #258 from kairuler/master","messageBody":"Finalise JUnit tests","fileTypesAndContributionMap":{}},{"hash":"d324c5035212c0a63c8517fd27812d4379cf1663","isMergeCommit":false,"messageTitle":"Clean up PPP","messageBody":"","fileTypesAndContributionMap":{"docs":{"insertions":31,"deletions":18},"test-code":{"insertions":0,"deletions":10}}},{"hash":"951733bd55630de8bf3854f027d1947724144342","isMergeCommit":true,"messageTitle":"Merge pull request #259 from kairuler/master","messageBody":"Clean up PPP","fileTypesAndContributionMap":{}},{"hash":"eaff9383352035b02616ed7c4f5fe5cadd953b12","isMergeCommit":false,"messageTitle":"Minor bug in AboutUs.md","messageBody":"","fileTypesAndContributionMap":{"docs":{"insertions":1,"deletions":1}}},{"hash":"bbffd8717eb99bf484b767aca90bfa14272380f9","isMergeCommit":true,"messageTitle":"Merge pull request #261 from kairuler/master","messageBody":"Minor bug in AboutUs.md","fileTypesAndContributionMap":{}},{"hash":"202b7cdbbb057c781914b0ee79bbd584e47cc240","isMergeCommit":false,"messageTitle":"Finalise PPP","messageBody":"","fileTypesAndContributionMap":{"docs":{"insertions":5,"deletions":5}}},{"hash":"9936d288e6f8f9c0573d24f836498714038b98ff","isMergeCommit":true,"messageTitle":"Merge pull request #8 from kairuler/test","messageBody":"Finalise PPP","fileTypesAndContributionMap":{}},{"hash":"79ae83fffe72ebffe7a0d1927c9aa0907395dfbe","isMergeCommit":true,"messageTitle":"Merge pull request #270 from kairuler/master","messageBody":"Finalise PPP","fileTypesAndContributionMap":{}}]}],"stevenantya":[{"date":"2023-03-07","commitResults":[{"hash":"9a7d19c95f48d4091e4079b9313931069f7506ae","isMergeCommit":false,"messageTitle":"Add About Us Steven","messageBody":"","fileTypesAndContributionMap":{"docs":{"insertions":26,"deletions":7}}},{"hash":"b2051fa979b188aa3aa30b51998eff9ba06e0cae","isMergeCommit":true,"messageTitle":"Merge pull request #13 from ollayf/hosea-AboutUs","messageBody":"Apporve hosea about us PR","fileTypesAndContributionMap":{}},{"hash":"816bd260578717ec1b0803d959c49df1dbb427d4","isMergeCommit":true,"messageTitle":"Merge pull request #16 from euzhengxi/export","messageBody":"Zheng Xi About Us","fileTypesAndContributionMap":{}},{"hash":"15a75301bbcff0c04ec66f0e963ed474f0536e76","isMergeCommit":false,"messageTitle":"Revert \"Added my details to the AboutUs page\"","messageBody":"","fileTypesAndContributionMap":{"docs":{"insertions":7,"deletions":7}}},{"hash":"29cabee604b47f45c7ba404af3201066346f2c2e","isMergeCommit":true,"messageTitle":"Merge pull request #20 from AY2223S2-CS2113-T15-2/revert-16-export","messageBody":"Revert \"Added my details to the AboutUs page\"","fileTypesAndContributionMap":{}}]},{"date":"2023-03-09","commitResults":[{"hash":"66e806b44b83dd854ff02ad1481f53eb41c12b31","isMergeCommit":false,"messageTitle":"initial commit","messageBody":"","fileTypesAndContributionMap":{"functional-code":{"insertions":72,"deletions":11}}},{"hash":"01ba06ec095507af75d8d772db4946ea597db8c5","isMergeCommit":false,"messageTitle":"Add Password, DS, Parser, UI","messageBody":"","fileTypesAndContributionMap":{"functional-code":{"insertions":143,"deletions":82}}}]},{"date":"2023-03-10","commitResults":[{"hash":"e5d01a3c47e4eda6f3a4c75c24fd03670b06837a","isMergeCommit":false,"messageTitle":"simple ui, parser, password ds, add basic password","messageBody":"","fileTypesAndContributionMap":{"functional-code":{"insertions":154,"deletions":36}}},{"hash":"71cb2ebe1fe6b71d6bd66f62bb9db36818d8b81e","isMergeCommit":false,"messageTitle":"Add Basic Password to SecretMaster","messageBody":"","fileTypesAndContributionMap":{"functional-code":{"insertions":36,"deletions":8}}}]},{"date":"2023-03-11","commitResults":[{"hash":"cec31a986f483b6a3a978828b5c5f868254f0b9c","isMergeCommit":false,"messageTitle":"Add NUSNet and StudentID","messageBody":"","fileTypesAndContributionMap":{"functional-code":{"insertions":131,"deletions":24}}},{"hash":"61e55f645d540fda794615188fbcab93226b0328","isMergeCommit":false,"messageTitle":"Fix checkstyle","messageBody":"","fileTypesAndContributionMap":{"functional-code":{"insertions":16,"deletions":9}}},{"hash":"5560b8a91a2499478a067cc0bb718003a8030e9c","isMergeCommit":false,"messageTitle":"IO redirection test","messageBody":"","fileTypesAndContributionMap":{"functional-code":{"insertions":1,"deletions":1}}},{"hash":"cc2ce2912ccc46cf56c24100f0fd2b1f9e7ad718","isMergeCommit":false,"messageTitle":"io","messageBody":"","fileTypesAndContributionMap":{"other":{"insertions":2,"deletions":2}}},{"hash":"9878644ed95028f1b104890d7a2e64f6feb18485","isMergeCommit":false,"messageTitle":"IO","messageBody":"","fileTypesAndContributionMap":{"other":{"insertions":3,"deletions":3}}},{"hash":"33e91d9bb5c488ce390814dcae21508af83a57f4","isMergeCommit":false,"messageTitle":"change name to duke","messageBody":"","fileTypesAndContributionMap":{"other":{"insertions":4,"deletions":4}}}]},{"date":"2023-03-12","commitResults":[{"hash":"551a8a21d318062c67afe6b04be51f4bad66e760","isMergeCommit":false,"messageTitle":"Try to fix IO","messageBody":"","fileTypesAndContributionMap":{"functional-code":{"insertions":38,"deletions":34}}},{"hash":"a39887cecf6bd644ef834045fffd87f280931139","isMergeCommit":false,"messageTitle":"try to fix io 2","messageBody":"","fileTypesAndContributionMap":{"functional-code":{"insertions":5,"deletions":12}}}]},{"date":"2023-03-13","commitResults":[{"hash":"79572bbeb1aef411a5b16430f807f6a2b94909c3","isMergeCommit":true,"messageTitle":"Merge pull request #22 from stevenantya/v1","messageBody":"Add Basic Password to the SecretMaster","fileTypesAndContributionMap":{}}]},{"date":"2023-03-14","commitResults":[{"hash":"1cad173294f333f52a0c9374a274c03552882d1e","isMergeCommit":false,"messageTitle":"Add url and username","messageBody":"","fileTypesAndContributionMap":{"functional-code":{"insertions":16,"deletions":8}}},{"hash":"7c59f49135ecb48aa2ba3139f198cb1a068cac67","isMergeCommit":false,"messageTitle":"Add Folders","messageBody":"","fileTypesAndContributionMap":{"functional-code":{"insertions":33,"deletions":8}}},{"hash":"34c2a3e7c4650328c71a2302196c8679c40adae9","isMergeCommit":true,"messageTitle":"Merge pull request #24 from stevenantya/v1","messageBody":"Add Folders, username, and url","fileTypesAndContributionMap":{}},{"hash":"6b27763082dead5aba34d79411e51fd8a955fc08","isMergeCommit":false,"messageTitle":"Add delete function","messageBody":"Exception not handled yet!\n","fileTypesAndContributionMap":{"functional-code":{"insertions":51,"deletions":9}}},{"hash":"e058caee7faf7b767c0be6697f5d7ed29abf3fc3","isMergeCommit":true,"messageTitle":"Merge pull request #25 from stevenantya/v1","messageBody":"Add delete function","fileTypesAndContributionMap":{}},{"hash":"a52dae74eb08b7be72b4541afcbc84f47486cf2d","isMergeCommit":true,"messageTitle":"Merge pull request #31 from AY2223S2-CS2113-T15-2/creation","messageBody":"Creation Merge V1","fileTypesAndContributionMap":{}},{"hash":"00b4f297f3ff9d9a63c49997ad3757ad9f819377","isMergeCommit":true,"messageTitle":"Merge pull request #23 from kairuler/searching","messageBody":"Searching","fileTypesAndContributionMap":{}},{"hash":"2d9ff8ed57e504b2873ddeaa81c39cec0d0bac22","isMergeCommit":true,"messageTitle":"Merge pull request #33 from AY2223S2-CS2113-T15-2/searching","messageBody":"Add View, Search and Edit","fileTypesAndContributionMap":{}}]},{"date":"2023-03-21","commitResults":[{"hash":"94c2461b38982b13cd3c75ffe20d6e41ff8c19b3","isMergeCommit":false,"messageTitle":"Add Invalid URL Exception","messageBody":"","fileTypesAndContributionMap":{"functional-code":{"insertions":24,"deletions":14},"other":{"insertions":0,"deletions":0}}},{"hash":"2e61af73ea9af362129a7810064667f33a39f74a","isMergeCommit":false,"messageTitle":"Add ExceptionMain to handle error message and printing of error message","messageBody":"","fileTypesAndContributionMap":{"functional-code":{"insertions":28,"deletions":6}}},{"hash":"3a78d9ff6be333c659111fa943140fba37b1c3ea","isMergeCommit":false,"messageTitle":"Add remaining invalid url exceptions","messageBody":"","fileTypesAndContributionMap":{"functional-code":{"insertions":11,"deletions":3}}},{"hash":"9ed9b27a2fa72ef37fbc1bf17420eaae7c19326f","isMergeCommit":false,"messageTitle":"Change folder name from unfiled to unnamed","messageBody":"","fileTypesAndContributionMap":{"functional-code":{"insertions":5,"deletions":5}}},{"hash":"d2d1bc1504ea49ec705cf73acb2b3ed900790fbc","isMergeCommit":false,"messageTitle":"Add getPassword, getStudentID, etc. methods","messageBody":"","fileTypesAndContributionMap":{"functional-code":{"insertions":26,"deletions":1}}},{"hash":"e63c635beaca8a687b57406a8e0a850c45e74182","isMergeCommit":false,"messageTitle":"ExceptionMain missing in command.java","messageBody":"","fileTypesAndContributionMap":{"functional-code":{"insertions":2,"deletions":1}}},{"hash":"90ed7e14fdc804ec710940287637c5628b7d15d1","isMergeCommit":false,"messageTitle":"Add Junit Test in Basic Password, NUSNet, and StudentID","messageBody":"","fileTypesAndContributionMap":{"test-code":{"insertions":90,"deletions":0}}},{"hash":"cc288441e1f0e0a96f1ed6e1b4f09d4b6cebd00c","isMergeCommit":true,"messageTitle":"Merge pull request #49 from stevenantya/v1.1","messageBody":"V1.1 Add JUnit Test","fileTypesAndContributionMap":{}},{"hash":"af6b07a14c599ebda75b529ce5d282d27c9d55d3","isMergeCommit":false,"messageTitle":"Revert \"V1.1 Add JUnit Test\"","messageBody":"","fileTypesAndContributionMap":{"functional-code":{"insertions":68,"deletions":889},"other":{"insertions":26,"deletions":39},"test-code":{"insertions":0,"deletions":468}}},{"hash":"f140ca40c06ed511322f1d8faac8f69891ef87e1","isMergeCommit":true,"messageTitle":"Merge pull request #51 from AY2223S2-CS2113-T15-2/revert-49-v1.1","messageBody":"Revert \"V1.1 Add JUnit Test\"","fileTypesAndContributionMap":{}},{"hash":"10d0c222bfd4800b317689e517042effceac5000","isMergeCommit":false,"messageTitle":"Revert \"Revert \"V1.1 Add JUnit Test\"\"","messageBody":"","fileTypesAndContributionMap":{"functional-code":{"insertions":889,"deletions":68},"other":{"insertions":39,"deletions":26},"test-code":{"insertions":468,"deletions":0}}},{"hash":"5bd2827c27f4a8712ddd3ca3b243dc5286727b84","isMergeCommit":true,"messageTitle":"Merge pull request #53 from AY2223S2-CS2113-T15-2/revert-51-revert-49-v1.1","messageBody":"Revert \"Revert \"V1.1 Add JUnit Test\"\"","fileTypesAndContributionMap":{}},{"hash":"441e54dd722d76945539fbab28cd50f04e109ae7","isMergeCommit":false,"messageTitle":"Basic Password","messageBody":"","fileTypesAndContributionMap":{"test-code":{"insertions":1,"deletions":0}}},{"hash":"77ff283fa2cc537f8a427ed7cee5fbfeaf7c0736","isMergeCommit":false,"messageTitle":"Fix Checkstyle","messageBody":"","fileTypesAndContributionMap":{"functional-code":{"insertions":45,"deletions":59},"test-code":{"insertions":2,"deletions":2}}},{"hash":"6429ec46785f3c35ddcbb267b093bfda64b454b8","isMergeCommit":false,"messageTitle":"Fix checkstyle 2","messageBody":"","fileTypesAndContributionMap":{"functional-code":{"insertions":0,"deletions":2},"test-code":{"insertions":10,"deletions":16}}},{"hash":"5f2717dc0a9f3bde20b0203dfed2ed4acac7cd80","isMergeCommit":true,"messageTitle":"Merge pull request #54 from stevenantya/v1.21","messageBody":"--","fileTypesAndContributionMap":{}},{"hash":"e1412b454c91fa75e721d6ae96328edc815015f6","isMergeCommit":false,"messageTitle":"Add getRevealStr to basic password, nusnet, and studentID","messageBody":"","fileTypesAndContributionMap":{"functional-code":{"insertions":21,"deletions":0}}},{"hash":"55b986b6918f2df6e37c24b8f32a2be8b51e85c4","isMergeCommit":true,"messageTitle":"Merge pull request #63 from AY2223S2-CS2113-T15-2/v1.3","messageBody":"Add getRevealStr to basic password, nusnet, and studentID","fileTypesAndContributionMap":{}},{"hash":"4d9e98dd36657ffdaf654bef6fee23a000e869f1","isMergeCommit":false,"messageTitle":"Add invalid command exception","messageBody":"","fileTypesAndContributionMap":{"functional-code":{"insertions":22,"deletions":7}}}]},{"date":"2023-03-23","commitResults":[{"hash":"b8133c98b21fccaf6ca22bb19cc84013c584c99c","isMergeCommit":false,"messageTitle":"Add JUnit Test for Delete Commands Add invalid command exception","messageBody":"","fileTypesAndContributionMap":{"functional-code":{"insertions":19,"deletions":1},"test-code":{"insertions":118,"deletions":0}}}]},{"date":"2023-03-24","commitResults":[{"hash":"d8c9b32dbbbc21e76bb3de71e695325290a7a4bb","isMergeCommit":false,"messageTitle":"NewBasicPassword Sequence Diagram","messageBody":"","fileTypesAndContributionMap":{"docs":{"insertions":37,"deletions":0}}}]},{"date":"2023-03-28","commitResults":[{"hash":"9951dd7695ef8d250eb273904d1651eaa2b8e539","isMergeCommit":false,"messageTitle":"Add delete exception and uml","messageBody":"","fileTypesAndContributionMap":{"functional-code":{"insertions":13,"deletions":4},"other":{"insertions":1,"deletions":1},"docs":{"insertions":41,"deletions":0}}},{"hash":"36833ac4e42ae84d67b89ddd4e8c002061a50a1f","isMergeCommit":false,"messageTitle":"Checkstyle","messageBody":"","fileTypesAndContributionMap":{"test-code":{"insertions":26,"deletions":40}}},{"hash":"082c39a5d98934a9edf2bf4be384a0d1ee771812","isMergeCommit":true,"messageTitle":"Merge pull request #69 from stevenantya/v1.31","messageBody":"V1.3","fileTypesAndContributionMap":{}}]},{"date":"2023-03-29","commitResults":[{"hash":"75a9cad2b6e8d7c30e15cb223fc02d46c8e61216","isMergeCommit":false,"messageTitle":"Fix delete exception","messageBody":"","fileTypesAndContributionMap":{"functional-code":{"insertions":11,"deletions":5}}},{"hash":"173d4b12edeb2e8fbaee15c3dddd5260ddfd5645","isMergeCommit":false,"messageTitle":"fix delete exception 2","messageBody":"","fileTypesAndContributionMap":{"functional-code":{"insertions":1,"deletions":1}}},{"hash":"4afe90f59eacb70c299345c8da8420133b36e2df","isMergeCommit":false,"messageTitle":"Add exit parser","messageBody":"","fileTypesAndContributionMap":{"functional-code":{"insertions":1,"deletions":1}}},{"hash":"0a7a3b3c16e2721ab8249f56b08e4ac8e4e76893","isMergeCommit":false,"messageTitle":"Add Typo o/ command","messageBody":"","fileTypesAndContributionMap":{"functional-code":{"insertions":3,"deletions":0}}},{"hash":"fca2da0dbf58461449f3a23f2c134654de961a89","isMergeCommit":false,"messageTitle":"Add intuitive message to URL exception","messageBody":"","fileTypesAndContributionMap":{"functional-code":{"insertions":1,"deletions":1}}},{"hash":"9350e69e889482538ab29f8dfb7e79ca893ff9bc","isMergeCommit":false,"messageTitle":"Add printline in error","messageBody":"","fileTypesAndContributionMap":{"functional-code":{"insertions":1,"deletions":0}}},{"hash":"97c91c1c3043c4b96227c997040f6e7172c4de26","isMergeCommit":false,"messageTitle":"delete Line","messageBody":"","fileTypesAndContributionMap":{"functional-code":{"insertions":0,"deletions":1}}},{"hash":"bce61be328ca567e6fe9cd56f061f3684fa4dad0","isMergeCommit":false,"messageTitle":"Add line in invalid command error","messageBody":"","fileTypesAndContributionMap":{"functional-code":{"insertions":2,"deletions":1}}},{"hash":"7a40f8fc3b05154bbcd97f402194a3a40431a1e5","isMergeCommit":true,"messageTitle":"Merge branch \u0027creation\u0027 into v1.31","messageBody":"","fileTypesAndContributionMap":{}},{"hash":"25e3c81250c800b216b6763ce1c7b5755a84ef72","isMergeCommit":false,"messageTitle":"checkstyle","messageBody":"","fileTypesAndContributionMap":{"functional-code":{"insertions":5,"deletions":3}}},{"hash":"7c41cd7ab37bf2408fd0498c3439aaf2a1c677a7","isMergeCommit":true,"messageTitle":"Merge branch \u0027v1.31\u0027 of https://github.com/stevenantya/tp into v1.31","messageBody":"","fileTypesAndContributionMap":{}},{"hash":"28542b4c75b31e1086b3c472fdcef89d13b556bd","isMergeCommit":false,"messageTitle":"checkstyle2","messageBody":"","fileTypesAndContributionMap":{"functional-code":{"insertions":1,"deletions":1}}},{"hash":"80711345919a6627604677e6cda8637814507fa8","isMergeCommit":true,"messageTitle":"Merge pull request #81 from stevenantya/v1.31","messageBody":"Fix bugs","fileTypesAndContributionMap":{}},{"hash":"e147242c56dd1670c507be437c905d5d1dc8ed7a","isMergeCommit":true,"messageTitle":"Merge branch \u0027master\u0027 into creation","messageBody":"","fileTypesAndContributionMap":{}},{"hash":"abb999f08915824192e6c2990b8ba0c4807192ba","isMergeCommit":false,"messageTitle":"khairul gradlew","messageBody":"","fileTypesAndContributionMap":{"test-code":{"insertions":2,"deletions":2}}}]},{"date":"2023-03-30","commitResults":[{"hash":"cccf26903245c4c8567114ef94a65042dc1d2a51","isMergeCommit":false,"messageTitle":"Contribute to DG","messageBody":"","fileTypesAndContributionMap":{"docs":{"insertions":9,"deletions":1}}},{"hash":"a5a9bb0d25dcccbad0ce07887ae933eea064f9d2","isMergeCommit":true,"messageTitle":"Merge pull request #93 from stevenantya/master","messageBody":"Add UG","fileTypesAndContributionMap":{}},{"hash":"20b2595e292470ca44effc89895b960f87478749","isMergeCommit":true,"messageTitle":"Add UG","messageBody":"Add UG","fileTypesAndContributionMap":{}}]},{"date":"2023-04-05","commitResults":[{"hash":"bf273d051b347393a9283e5af842dde7281073fa","isMergeCommit":false,"messageTitle":"Fix delete multiple items","messageBody":"","fileTypesAndContributionMap":{"functional-code":{"insertions":59,"deletions":38},"test-code":{"insertions":11,"deletions":24}}},{"hash":"36a0725076c0d753e1b2e71af899f3f5a4563085","isMergeCommit":false,"messageTitle":"add uml","messageBody":"","fileTypesAndContributionMap":{"docs":{"insertions":241,"deletions":0}}},{"hash":"e62f4badfd7a987db8a03ea41b3d43481668027c","isMergeCommit":true,"messageTitle":"Merge pull request #180 from stevenantya/v2.10","messageBody":"Fix delete multiples and add UML V2.10","fileTypesAndContributionMap":{}},{"hash":"e977c3e1b24ae27c700e8e28f0172584ca74439c","isMergeCommit":true,"messageTitle":"Merge pull request #181 from AY2223S2-CS2113-T15-2/creation","messageBody":"Creation V2.1","fileTypesAndContributionMap":{}}]},{"date":"2023-04-08","commitResults":[{"hash":"82abc9110a5c3adf8b252ba0cad1b9646180754a","isMergeCommit":false,"messageTitle":"Add colon in sequence diagram to represent class","messageBody":"","fileTypesAndContributionMap":{"docs":{"insertions":14,"deletions":14}}},{"hash":"2b2229b7099e4fefb7e0ea7f68c4dbc275a5d986","isMergeCommit":true,"messageTitle":"Fix issue #165.","messageBody":"Fix issue #165. Sequence diagram object representation","fileTypesAndContributionMap":{}}]},{"date":"2023-04-09","commitResults":[{"hash":"e099b06369812caa83c47b3fa19a488083c3bec0","isMergeCommit":true,"messageTitle":"Merge branch \u0027master\u0027 of https://github.com/AY2223S2-CS2113-T15-2/tp","messageBody":"","fileTypesAndContributionMap":{}}]},{"date":"2023-04-10","commitResults":[{"hash":"741ab198321f025481ce829b43b2d5ec50c497d7","isMergeCommit":false,"messageTitle":"Add and fix DG","messageBody":"","fileTypesAndContributionMap":{"docs":{"insertions":159,"deletions":0}}},{"hash":"71d5b681c055d86a1bf2f5eedefeac566ab862b9","isMergeCommit":true,"messageTitle":"Merge pull request #260 from stevenantya/v2.1a","messageBody":"V2.1a","fileTypesAndContributionMap":{}},{"hash":"c6ae1976611345ff9264e7834f3cbfe62ad8a7c0","isMergeCommit":true,"messageTitle":"Fix and update DG UMLs","messageBody":"Fix DG, Fix issue #165.","fileTypesAndContributionMap":{}},{"hash":"ca4fa8f1453248f6e0b0bf5d0e8e70f0f2e7d8a2","isMergeCommit":false,"messageTitle":"Add DG images","messageBody":"","fileTypesAndContributionMap":{"docs":{"insertions":5,"deletions":0}}},{"hash":"f6f392a979337adb3995676524a6b92c598111cf","isMergeCommit":false,"messageTitle":"Update DG Final","messageBody":"","fileTypesAndContributionMap":{"docs":{"insertions":335,"deletions":267}}},{"hash":"c63a8c28b94eda5125fd53347c485e8421c1e51e","isMergeCommit":false,"messageTitle":"Fix minor DG bugs","messageBody":"","fileTypesAndContributionMap":{"docs":{"insertions":6,"deletions":6}}},{"hash":"a41bebcc331d3a6fcc780e758ed4ca4f9d63d93d","isMergeCommit":true,"messageTitle":"Merge pull request #263 from stevenantya/v2.1b","messageBody":"V2.1b Add Newest DG","fileTypesAndContributionMap":{}},{"hash":"a9972fd8154859efe4ee70606bf8887661238186","isMergeCommit":true,"messageTitle":"Merge pull request #264 from AY2223S2-CS2113-T15-2/creation","messageBody":"Add final DG","fileTypesAndContributionMap":{}},{"hash":"4cb2c5483558d97dd6ad583186c18a293cbf2357","isMergeCommit":false,"messageTitle":"Fix bugs","messageBody":"","fileTypesAndContributionMap":{"docs":{"insertions":43,"deletions":41}}},{"hash":"5ed68545cf0ccd45d736e3707d658de591c08d80","isMergeCommit":true,"messageTitle":"Merge branch \u0027master\u0027 of https://github.com/AY2223S2-CS2113-T15-2/tp","messageBody":"","fileTypesAndContributionMap":{}}]}],"DeepanjaliDhawan":[{"date":"2023-03-07","commitResults":[{"hash":"53e1c58ad07c1c6d4d4c90e96c0415f1404f8fb2","isMergeCommit":false,"messageTitle":"Commit AboutUs","messageBody":"","fileTypesAndContributionMap":{"docs":{"insertions":7,"deletions":7}}}]},{"date":"2023-03-14","commitResults":[{"hash":"effaebce00bb9c546be9bda0f2f653590e1761c7","isMergeCommit":false,"messageTitle":"Commit - lists","messageBody":"","fileTypesAndContributionMap":{"functional-code":{"insertions":75,"deletions":6}}},{"hash":"8bdc03e6874e1decc5512a19c36c8ebe4458c2da","isMergeCommit":false,"messageTitle":"Commit - Update","messageBody":"","fileTypesAndContributionMap":{"functional-code":{"insertions":7,"deletions":1}}},{"hash":"cd8b53f9d649cd43df0cc02843f4acd3d27ad6c7","isMergeCommit":true,"messageTitle":"Merge pull request #39 from DeepanjaliDhawan/deeps-tagging","messageBody":"Deeps tagging","fileTypesAndContributionMap":{}},{"hash":"761907cbf67e704bb517d711e5ce6f03ee8bfad1","isMergeCommit":true,"messageTitle":"Merge pull request #40 from AY2223S2-CS2113-T15-2/tagging","messageBody":"Tagging","fileTypesAndContributionMap":{}}]},{"date":"2023-03-21","commitResults":[{"hash":"fe06bebbaa428f514edf4710efb00f439eb7b9f8","isMergeCommit":false,"messageTitle":"Clean Code, Add JUnit, Update GreetUsers","messageBody":"","fileTypesAndContributionMap":{"functional-code":{"insertions":5,"deletions":5},"other":{"insertions":0,"deletions":0},"test-code":{"insertions":32,"deletions":0}}},{"hash":"761ee848fd9c4d6d31cc2d476ae78566e52f737e","isMergeCommit":false,"messageTitle":"Updated Assertions","messageBody":"","fileTypesAndContributionMap":{"test-code":{"insertions":2,"deletions":1}}},{"hash":"6d4fe80b928831b71a293be6fd1f82a35adc56fb","isMergeCommit":false,"messageTitle":"update changes","messageBody":"","fileTypesAndContributionMap":{"functional-code":{"insertions":2,"deletions":8},"test-code":{"insertions":0,"deletions":2}}},{"hash":"26df4686837979721a7ffe5a57f2106efdd9429a","isMergeCommit":true,"messageTitle":"Merge pull request #55 from DeepanjaliDhawan/deeps-tagging-JUnit","messageBody":"Deeps tagging JUnit","fileTypesAndContributionMap":{}}]},{"date":"2023-03-24","commitResults":[{"hash":"699d68c8633917d7e66f88e024240c6595e8a661","isMergeCommit":false,"messageTitle":"Update 1. v2 version List 2. Parser Class 3. Ran JUnit Tests","messageBody":"","fileTypesAndContributionMap":{"functional-code":{"insertions":88,"deletions":19},"test-code":{"insertions":39,"deletions":0}}},{"hash":"2c51b028e594cbb707fa481804055b85dd6cca48","isMergeCommit":false,"messageTitle":"Update Parser to pass IO test","messageBody":"","fileTypesAndContributionMap":{"functional-code":{"insertions":15,"deletions":14}}},{"hash":"8ac01775bd66d7bab222d2160539b17c02c1127e","isMergeCommit":false,"messageTitle":"Update ListCommandTest to pass IO tests","messageBody":"","fileTypesAndContributionMap":{"test-code":{"insertions":12,"deletions":6}}},{"hash":"9e9e80699fa0113715b45042d4a2de6c484410ab","isMergeCommit":true,"messageTitle":"Merge pull request #64 from DeepanjaliDhawan/deeps-List(v2)","messageBody":"Deeps list(v2)","fileTypesAndContributionMap":{}}]},{"date":"2023-03-25","commitResults":[{"hash":"fdc4c3c5b5a1d34f40c168d57f72c90c77a2465f","isMergeCommit":true,"messageTitle":"Merge pull request #65 from AY2223S2-CS2113-T15-2/tagging","messageBody":"Tagging","fileTypesAndContributionMap":{}}]},{"date":"2023-03-28","commitResults":[{"hash":"5e1f220b54df3c02276a30c7a4e25109894a0acb","isMergeCommit":false,"messageTitle":"Commit 1. JavaDocs 2. UG update 3. Menu Function","messageBody":"","fileTypesAndContributionMap":{"functional-code":{"insertions":1327,"deletions":99},"other":{"insertions":2,"deletions":2},"docs":{"insertions":127,"deletions":115},"test-code":{"insertions":222,"deletions":9}}},{"hash":"4d4e5f349e04c1403aaf348afeb7c54ce6867a75","isMergeCommit":true,"messageTitle":"Merge pull request #67 from DeepanjaliDhawan/deeps-documentation","messageBody":"Deeps documentation","fileTypesAndContributionMap":{}},{"hash":"b731f29dedce0a8d7586b1f0fa85fa536020a6ac","isMergeCommit":false,"messageTitle":"Update for Windows Test","messageBody":"","fileTypesAndContributionMap":{"functional-code":{"insertions":4,"deletions":4}}},{"hash":"f91d0bf4fd7c1cefd7747ac593ff725c4ea1e59a","isMergeCommit":true,"messageTitle":"Merge pull request #70 from DeepanjaliDhawan/deeps-documentation","messageBody":"Update for Windows Test","fileTypesAndContributionMap":{}},{"hash":"7ef13828a7ddebfba970f5ad7d0ed5ff8517f13d","isMergeCommit":true,"messageTitle":"Merge pull request #68 from AY2223S2-CS2113-T15-2/tagging","messageBody":"Tagging","fileTypesAndContributionMap":{}},{"hash":"c9d5fb092c9b397a8c8611376e4c292228f21c8e","isMergeCommit":false,"messageTitle":"Update values","messageBody":"","fileTypesAndContributionMap":{"functional-code":{"insertions":7,"deletions":7}}},{"hash":"34f58e9867caa045f0b800d7e25344fc65cb2bec","isMergeCommit":true,"messageTitle":"Merge pull request #75 from DeepanjaliDhawan/deeps-documentation","messageBody":"Update values","fileTypesAndContributionMap":{}}]},{"date":"2023-04-02","commitResults":[{"hash":"8e3a22f4ccd2218a01816c48bf0f6746955e4dde","isMergeCommit":false,"messageTitle":"Updates","messageBody":"","fileTypesAndContributionMap":{"functional-code":{"insertions":3,"deletions":2}}},{"hash":"07dd50527c83ea5d6ef3031245d1f04d434b9255","isMergeCommit":false,"messageTitle":"Revert \"Updates\"","messageBody":"This reverts commit 8e3a22f4ccd2218a01816c48bf0f6746955e4dde.\n","fileTypesAndContributionMap":{"functional-code":{"insertions":2,"deletions":3}}}]},{"date":"2023-04-03","commitResults":[{"hash":"2f27e08e59e20b4175faff9af4677c1115ea49aa","isMergeCommit":true,"messageTitle":"Merge remote-tracking branch \u0027upstream/master\u0027","messageBody":"","fileTypesAndContributionMap":{}}]},{"date":"2023-04-05","commitResults":[{"hash":"bd1c54477d48b77e4e9675f904e3cd9b7e3ff24b","isMergeCommit":false,"messageTitle":"Commits: 1. Update List 2. Update a layout for UG 3. Update PPP 4. Update AboutUS","messageBody":"","fileTypesAndContributionMap":{"functional-code":{"insertions":42,"deletions":28},"docs":{"insertions":143,"deletions":112},"test-code":{"insertions":24,"deletions":1}}},{"hash":"51b3775321a2dca5a092ecda79e4182c7ee55136","isMergeCommit":false,"messageTitle":"correct checkstyle error","messageBody":"","fileTypesAndContributionMap":{"functional-code":{"insertions":1,"deletions":1}}},{"hash":"c5101e2ea2f7065c9a9125e946ede9423c195304","isMergeCommit":false,"messageTitle":"Final Update","messageBody":"","fileTypesAndContributionMap":{"functional-code":{"insertions":1,"deletions":1},"other":{"insertions":4,"deletions":0}}},{"hash":"3bb5293bcc4c6164c18e6c1bd928c7fb9750a8a4","isMergeCommit":true,"messageTitle":"Merge pull request #175 from DeepanjaliDhawan/master","messageBody":"Updates","fileTypesAndContributionMap":{}},{"hash":"3ae78878174cc0b4e086616dff0f404b9943fe4f","isMergeCommit":true,"messageTitle":"Merge branch \u0027master\u0027 into tagging","messageBody":"","fileTypesAndContributionMap":{}},{"hash":"1b0a97e3ce2b56666eebfcfdfdaa184c8cdd4e18","isMergeCommit":true,"messageTitle":"Merge branch \u0027master\u0027 into master","messageBody":"","fileTypesAndContributionMap":{}},{"hash":"a3db402d04c226244780aa7a8d81e7f191117d22","isMergeCommit":false,"messageTitle":"Solve errors","messageBody":"","fileTypesAndContributionMap":{"functional-code":{"insertions":1,"deletions":1}}},{"hash":"3c4e89936574ceb69ea39834b2f6d655adeb34f3","isMergeCommit":true,"messageTitle":"Merge pull request #179 from DeepanjaliDhawan/master","messageBody":"Latest Updates - Nusnet ID","fileTypesAndContributionMap":{}},{"hash":"afc62f521b9bc1a5c65fdc5109b584a20cf4bb3d","isMergeCommit":false,"messageTitle":"Update PPP","messageBody":"","fileTypesAndContributionMap":{"docs":{"insertions":12,"deletions":2}}},{"hash":"151b6f8c26e65fdf32b3c22e40324bc5aa63f4b6","isMergeCommit":true,"messageTitle":"Merge pull request #184 from DeepanjaliDhawan/master","messageBody":"Update PPP","fileTypesAndContributionMap":{}}]},{"date":"2023-04-08","commitResults":[{"hash":"67b8730868af088f2c887adb737d95d5aaa9eca1","isMergeCommit":false,"messageTitle":"Update PPP with required naming convention","messageBody":"","fileTypesAndContributionMap":{"docs":{"insertions":6,"deletions":4}}},{"hash":"af4b76791d2f3ec702863ece11052212f7688542","isMergeCommit":true,"messageTitle":"Merge pull request #228 from DeepanjaliDhawan/deeps-ppp","messageBody":"Deeps ppp","fileTypesAndContributionMap":{}},{"hash":"c40e5877961018d76ec78e9a09fc9ae772834146","isMergeCommit":true,"messageTitle":"Merge pull request #229 from AY2223S2-CS2113-T15-2/tagging","messageBody":"PPP Naming convention","fileTypesAndContributionMap":{}}]},{"date":"2023-04-09","commitResults":[{"hash":"55fbe9827521b579f002e477d73e6b6388d909e5","isMergeCommit":false,"messageTitle":"Updates 1. UG 2. ReadMe 3. Javadocs","messageBody":"","fileTypesAndContributionMap":{"functional-code":{"insertions":723,"deletions":172},"docs":{"insertions":580,"deletions":201},"test-code":{"insertions":291,"deletions":89}}},{"hash":"b44312c8cbb3290248b8ed1ab2c113eeaa25135a","isMergeCommit":true,"messageTitle":"Merge pull request #238 from DeepanjaliDhawan/master","messageBody":"Updates to UG","fileTypesAndContributionMap":{}},{"hash":"92588ba3cccfddcb61a7cd15d0d4b4f83800e7ab","isMergeCommit":true,"messageTitle":"Merge pull request #239 from AY2223S2-CS2113-T15-2/tagging","messageBody":"Updates in UG","fileTypesAndContributionMap":{}},{"hash":"673913deab663f83f8efa862cbe1a402d54e3402","isMergeCommit":false,"messageTitle":"Updates in Add","messageBody":"","fileTypesAndContributionMap":{"docs":{"insertions":20,"deletions":3}}},{"hash":"e3e26a2eb8d499904b5aa3615c64a5672859098b","isMergeCommit":true,"messageTitle":"Merge pull request #240 from DeepanjaliDhawan/master","messageBody":"Changes in UG add","fileTypesAndContributionMap":{}},{"hash":"b06250d6a0726242ae3d9fe14e97ab0c91e364a5","isMergeCommit":false,"messageTitle":"Make changes in Add","messageBody":"","fileTypesAndContributionMap":{"docs":{"insertions":28,"deletions":13}}},{"hash":"2cbba11742ee9d8b7a25f4d126cd8dffbd08bd0b","isMergeCommit":true,"messageTitle":"Merge pull request #241 from DeepanjaliDhawan/master","messageBody":"Make changes in Add","fileTypesAndContributionMap":{}},{"hash":"db7189831f91d90ddc54680ccc74c1527f1a6ca8","isMergeCommit":false,"messageTitle":"Update UserGuide.md","messageBody":"","fileTypesAndContributionMap":{"docs":{"insertions":2,"deletions":2}}},{"hash":"700cc684d980f4f032bd93b8fe590d37247a3dba","isMergeCommit":false,"messageTitle":"Updates","messageBody":"","fileTypesAndContributionMap":{"docs":{"insertions":11,"deletions":11}}},{"hash":"29345c536e4ac23211bec5511dbe4097306b1244","isMergeCommit":true,"messageTitle":"Merge pull request #242 from DeepanjaliDhawan/master","messageBody":"Updates","fileTypesAndContributionMap":{}},{"hash":"31c5529cc10b80941927d4e3bd81e28452254911","isMergeCommit":false,"messageTitle":"Updates","messageBody":"","fileTypesAndContributionMap":{"docs":{"insertions":67,"deletions":47}}},{"hash":"ede8785ed07abd39ab1ad85b660b353352627e52","isMergeCommit":true,"messageTitle":"Merge pull request #243 from DeepanjaliDhawan/master","messageBody":"Updates","fileTypesAndContributionMap":{}},{"hash":"1149296c4c68bedb414af14f1737d5aabdfa814d","isMergeCommit":false,"messageTitle":"Updates to UG","messageBody":"","fileTypesAndContributionMap":{"docs":{"insertions":16,"deletions":2}}},{"hash":"7aa709f00735bfbb346e842de7ccee503131904b","isMergeCommit":false,"messageTitle":"UG updates","messageBody":"","fileTypesAndContributionMap":{"docs":{"insertions":0,"deletions":6}}},{"hash":"dd32892f7cb6c5f8ea84ad3e8d1bf5817864085b","isMergeCommit":true,"messageTitle":"Merge pull request #244 from DeepanjaliDhawan/master","messageBody":"Updating UG","fileTypesAndContributionMap":{}},{"hash":"0c02a251115114b266b134fbbfedaa639ac45cf3","isMergeCommit":false,"messageTitle":"Testing update in UG","messageBody":"","fileTypesAndContributionMap":{"docs":{"insertions":3,"deletions":11}}},{"hash":"4a62699d475ad7e2600759ff9d6fe565dc0e9db2","isMergeCommit":true,"messageTitle":"Merge pull request #245 from DeepanjaliDhawan/master","messageBody":"Testing update in UG","fileTypesAndContributionMap":{}},{"hash":"729320cb9c95c27793b5781661c7a6b1eda5e452","isMergeCommit":false,"messageTitle":"Formatting updates in UG","messageBody":"","fileTypesAndContributionMap":{"docs":{"insertions":36,"deletions":36}}},{"hash":"bcd675ee795964ab7d793c777604320fdfdca2d2","isMergeCommit":true,"messageTitle":"Merge pull request #246 from DeepanjaliDhawan/master","messageBody":"Formatting updates in UG","fileTypesAndContributionMap":{}},{"hash":"4b3b85da23e0fda5724a1644cca516e7b25b8bce","isMergeCommit":false,"messageTitle":"Update UserGuide.md","messageBody":"","fileTypesAndContributionMap":{"docs":{"insertions":1,"deletions":1}}},{"hash":"fdaccf147958bd1b10e542e2f3af50dd957ea537","isMergeCommit":false,"messageTitle":"Update PPP link","messageBody":"","fileTypesAndContributionMap":{"docs":{"insertions":1,"deletions":1}}},{"hash":"22bd3c93fad2bd3391b4c6c623f125fe0ff7502d","isMergeCommit":false,"messageTitle":"Update AboutUs.md","messageBody":"","fileTypesAndContributionMap":{"docs":{"insertions":1,"deletions":1}}},{"hash":"0d2f6ab3c74e4ef32f7055a2f603b4405250b69b","isMergeCommit":true,"messageTitle":"Merge branch \u0027master\u0027 of https://github.com/DeepanjaliDhawan/tp","messageBody":"","fileTypesAndContributionMap":{}},{"hash":"c193741357fdfdbb93946551437ad55acca85bc0","isMergeCommit":false,"messageTitle":"Modifications to UG","messageBody":"","fileTypesAndContributionMap":{"docs":{"insertions":36,"deletions":33}}}]},{"date":"2023-04-10","commitResults":[{"hash":"6037d5eca6f60d13fbe090c3795a40165f053785","isMergeCommit":false,"messageTitle":"Minor fixes in UG","messageBody":"","fileTypesAndContributionMap":{"docs":{"insertions":21,"deletions":6}}},{"hash":"b1b3c5f4750234a2dead78922b3d8e537d13e3c9","isMergeCommit":true,"messageTitle":"Merge pull request #257 from DeepanjaliDhawan/master","messageBody":"Updates in UG","fileTypesAndContributionMap":{}},{"hash":"122378a1aa8edee987f6b56a1fbfe1dd1ce70841","isMergeCommit":false,"messageTitle":"Update PPP","messageBody":"","fileTypesAndContributionMap":{"docs":{"insertions":5,"deletions":5}}},{"hash":"ed6793f5bc2724dd1dfa5b33b121ad231b2eab77","isMergeCommit":false,"messageTitle":"Minor edits to UG","messageBody":"","fileTypesAndContributionMap":{"docs":{"insertions":14,"deletions":10}}},{"hash":"b570c2e9018460a0694e1778b5cb8cc7da548b2e","isMergeCommit":true,"messageTitle":"Merge pull request #262 from DeepanjaliDhawan/master","messageBody":"Minor edits to UG","fileTypesAndContributionMap":{}},{"hash":"08aeb36ac9ea623f8f3aaa2b7e0b23a6b4f35944","isMergeCommit":false,"messageTitle":"Update UserGuide.md","messageBody":"","fileTypesAndContributionMap":{"docs":{"insertions":1,"deletions":1}}},{"hash":"8caa49acf302c788b8e2a1e4f565c9b58d6d52ab","isMergeCommit":false,"messageTitle":"Final edits to edit command","messageBody":"","fileTypesAndContributionMap":{"docs":{"insertions":6,"deletions":5}}},{"hash":"3576c3bddd25bedbddf62c27c997e2d5e3b594f9","isMergeCommit":true,"messageTitle":"Merge pull request #266 from DeepanjaliDhawan/master","messageBody":"Final edits to edit command","fileTypesAndContributionMap":{}},{"hash":"fe83dd68d00ee8f53812eb67aacd9ebdce69bcf1","isMergeCommit":false,"messageTitle":"Updates","messageBody":"","fileTypesAndContributionMap":{"docs":{"insertions":156,"deletions":68}}},{"hash":"dff88f3de87288bd0100758f9ffdc75c1a5445fa","isMergeCommit":false,"messageTitle":"updates","messageBody":"","fileTypesAndContributionMap":{"docs":{"insertions":8,"deletions":0}}},{"hash":"0ed8952a8d7c06396be202fc665dd43324a912d0","isMergeCommit":true,"messageTitle":"Merge pull request #268 from DeepanjaliDhawan/master","messageBody":"Updates ","fileTypesAndContributionMap":{}},{"hash":"1d47e617bc9775fc20c06fb320618b1e04cd550e","isMergeCommit":false,"messageTitle":"Center images","messageBody":"","fileTypesAndContributionMap":{"docs":{"insertions":31,"deletions":21}}},{"hash":"ab54f7b9e8f72fca7028636f9e04294c9278fb70","isMergeCommit":true,"messageTitle":"Merge pull request #269 from DeepanjaliDhawan/master","messageBody":"Center images","fileTypesAndContributionMap":{}},{"hash":"95fc78a2d15808552b4881cd57dd13ab6de3d416","isMergeCommit":false,"messageTitle":"Convert current Jarfile name to SecureNUS.jar","messageBody":"","fileTypesAndContributionMap":{"docs":{"insertions":31,"deletions":15}}},{"hash":"b560153e97d1161e2a81edba03f6923e0c31dc90","isMergeCommit":true,"messageTitle":"Merge pull request #271 from DeepanjaliDhawan/master","messageBody":"Convert current Jarfile name to SecureNUS.jar","fileTypesAndContributionMap":{}}]}],"euzhengxi":[{"date":"2023-03-06","commitResults":[{"hash":"e015113ad65e3099cb0fd9ab0e8a079c36ab7257","isMergeCommit":false,"messageTitle":"added my details","messageBody":"","fileTypesAndContributionMap":{"docs":{"insertions":7,"deletions":7}}}]},{"date":"2023-03-14","commitResults":[{"hash":"e414fe6a1b086f4ee1dbc126786ae8454904b4cf","isMergeCommit":false,"messageTitle":"Added feature that allows users to access passwords from previous sessions","messageBody":"","fileTypesAndContributionMap":{"functional-code":{"insertions":224,"deletions":15}}},{"hash":"72b77d6853be9b8ce6208cf9a66dfd5a3bf25e63","isMergeCommit":false,"messageTitle":"encrypts all confidential data from current and previous sessions","messageBody":"","fileTypesAndContributionMap":{"functional-code":{"insertions":26,"deletions":5}}},{"hash":"6c46b67c2f8f6663f772edc72651044ba62c2ff4","isMergeCommit":true,"messageTitle":"Merge branch \u0027export\u0027 into export","messageBody":"","fileTypesAndContributionMap":{}},{"hash":"1ad56262c1d7a528d6420f315afef7dcca892aec","isMergeCommit":false,"messageTitle":"resolved gradlew errors","messageBody":"","fileTypesAndContributionMap":{"functional-code":{"insertions":9,"deletions":3}}},{"hash":"d4164e689514d9132bdbcbf760386535d653f437","isMergeCommit":true,"messageTitle":"Merge branch \u0027export\u0027 of https://github.com/euzhengxi/tp into export","messageBody":"","fileTypesAndContributionMap":{}},{"hash":"88994a63380619285b5f045f9230d4972709dfea","isMergeCommit":true,"messageTitle":"Merge pull request #35 from euzhengxi/export","messageBody":"Export","fileTypesAndContributionMap":{}},{"hash":"7a2dc939c4fa5d2c4b99cf7b15f5a46fa8480413","isMergeCommit":true,"messageTitle":"Merge pull request #37 from AY2223S2-CS2113-T15-2/export","messageBody":"Export","fileTypesAndContributionMap":{}}]},{"date":"2023-03-15","commitResults":[{"hash":"04b61260f018173b79435a0e9527b0d4cc62086a","isMergeCommit":false,"messageTitle":"Fixed bugs in Backend.java: creation of secrets from encoded fields","messageBody":"","fileTypesAndContributionMap":{"functional-code":{"insertions":12,"deletions":11},"other":{"insertions":0,"deletions":0}}},{"hash":"2e639a878ecf61a431d00fca0b276d62eda0f7bb","isMergeCommit":false,"messageTitle":"Fixed bugs in the text-ui-test","messageBody":"","fileTypesAndContributionMap":{"functional-code":{"insertions":2,"deletions":3}}},{"hash":"f527ee1314978ea789f539177b11123c7fcc7e0f","isMergeCommit":false,"messageTitle":"Amended commment indentation","messageBody":"","fileTypesAndContributionMap":{"functional-code":{"insertions":3,"deletions":1}}}]},{"date":"2023-03-17","commitResults":[{"hash":"af0d7b64efde2a9fe6d737f36f24e93ee6f94f85","isMergeCommit":false,"messageTitle":"Fixed bugs in Backend.Java, amended naming of variables","messageBody":"","fileTypesAndContributionMap":{"functional-code":{"insertions":2,"deletions":2}}}]},{"date":"2023-03-18","commitResults":[{"hash":"03384e2556751d409131067681b7e6dd1e36fc0d","isMergeCommit":false,"messageTitle":"Fixed bugs in Backend: url field can now be empty in Basic Password","messageBody":"","fileTypesAndContributionMap":{"functional-code":{"insertions":9,"deletions":2}}}]},{"date":"2023-03-21","commitResults":[{"hash":"0cc0e2a7fe2387947f741564dbd7cc5d7a8b1cf6","isMergeCommit":true,"messageTitle":"Merge pull request #48 from kairuler/master","messageBody":"Add JUnit tests for Edit and Search commands","fileTypesAndContributionMap":{}},{"hash":"c57c633a1d95617478e7eac5b334ee090680f244","isMergeCommit":false,"messageTitle":"Amended gitignore and file cache","messageBody":"","fileTypesAndContributionMap":{"functional-code":{"insertions":1,"deletions":1},"test-code":{"insertions":20,"deletions":0}}},{"hash":"c99ef9807ec9098703a9722efc947ba9e5dc9246","isMergeCommit":false,"messageTitle":"Amended naming convention in junit test for Backend.java","messageBody":"","fileTypesAndContributionMap":{"test-code":{"insertions":2,"deletions":2}}},{"hash":"d753d3e8c7f994ab522e840242b6327188e37c23","isMergeCommit":true,"messageTitle":"Merge pull request #47 from euzhengxi/export","messageBody":"Export","fileTypesAndContributionMap":{}}]},{"date":"2023-03-22","commitResults":[{"hash":"6a0cad1ae60d98d970bf4a7dd2a1f238d5721487","isMergeCommit":false,"messageTitle":"Added method - toStringForDatabase for creditcard, cryptowallet, wifipassword. user data from creditcard, cryptowallet and wifipassword can now be loaded from previous sessions","messageBody":"","fileTypesAndContributionMap":{"functional-code":{"insertions":89,"deletions":18}}},{"hash":"6ec93986cba432d8692caa5d17bcafccddad123c","isMergeCommit":false,"messageTitle":"Replaced magic literals in Backend.java","messageBody":"","fileTypesAndContributionMap":{"functional-code":{"insertions":27,"deletions":19}}}]},{"date":"2023-03-28","commitResults":[{"hash":"6b1fb6efef40f19917397cc95957a306719e1d29","isMergeCommit":false,"messageTitle":"Added logger class and other junit tests","messageBody":"","fileTypesAndContributionMap":{"functional-code":{"insertions":63,"deletions":10},"test-code":{"insertions":38,"deletions":3}}},{"hash":"8f028c50f70a5b8b0b574339059982fefdfb543e","isMergeCommit":false,"messageTitle":"made amendments according to checkstyle","messageBody":"","fileTypesAndContributionMap":{"functional-code":{"insertions":28,"deletions":20}}},{"hash":"6c609bfcdca3a6cac45f54c2b8e87cb582515d50","isMergeCommit":false,"messageTitle":"made amendments for tests","messageBody":"","fileTypesAndContributionMap":{"test-code":{"insertions":2,"deletions":2}}},{"hash":"67745ed4aa39f4b1b99a92faf84f36aaf3b91b43","isMergeCommit":false,"messageTitle":"made amendments based on checkstyle","messageBody":"","fileTypesAndContributionMap":{"functional-code":{"insertions":2,"deletions":2},"test-code":{"insertions":0,"deletions":1}}},{"hash":"33fae4eb6f3c2ecd5849b5e0729fb6b9bf47a550","isMergeCommit":true,"messageTitle":"Merge pull request #71 from euzhengxi/export","messageBody":"Export","fileTypesAndContributionMap":{}}]},{"date":"2023-03-31","commitResults":[{"hash":"f8437f3b1eac2329d4fa214fef7ff20db6be33df","isMergeCommit":false,"messageTitle":"added formatting for UG","messageBody":"","fileTypesAndContributionMap":{"docs":{"insertions":5,"deletions":0}}},{"hash":"bb2c3f4a69af68ce7c10e3354fbd2e948b794970","isMergeCommit":true,"messageTitle":"Merge pull request #95 from euzhengxi/export","messageBody":"Export: added minor formatting changes to the UG","fileTypesAndContributionMap":{}},{"hash":"f181528192813988ae2da4a1c0a20e1540d36613","isMergeCommit":true,"messageTitle":"Merge pull request #96 from AY2223S2-CS2113-T15-2/export","messageBody":"Export","fileTypesAndContributionMap":{}}]},{"date":"2023-04-06","commitResults":[{"hash":"2afe7776a12025f87c39c63190be286860371ac6","isMergeCommit":false,"messageTitle":"fixed bugs in backend, added save command, added assertions","messageBody":"","fileTypesAndContributionMap":{"functional-code":{"insertions":261,"deletions":76},"other":{"insertions":13,"deletions":8},"test-code":{"insertions":64,"deletions":4}}},{"hash":"e478b56471ce6f0c04b46a269580c0609bbeac96","isMergeCommit":true,"messageTitle":"resolveg merge conflicts","messageBody":"","fileTypesAndContributionMap":{}},{"hash":"3e88df5b3f9e86bbd88bb7344bdf9710318a93af","isMergeCommit":false,"messageTitle":"made amendments according to checkstyle error","messageBody":"","fileTypesAndContributionMap":{"functional-code":{"insertions":3,"deletions":3},"test-code":{"insertions":11,"deletions":10}}},{"hash":"410dd1dcbb83f5ebbbcc00b5f18bb7dd88272377","isMergeCommit":false,"messageTitle":"made amendments to test","messageBody":"","fileTypesAndContributionMap":{"functional-code":{"insertions":0,"deletions":1},"test-code":{"insertions":2,"deletions":1}}},{"hash":"7dbc99188c9829dedba21b5831ccb01213208043","isMergeCommit":true,"messageTitle":"Merge pull request #188 from euzhengxi/export","messageBody":"amended bugs in backend, added save command, assertions and made amendments to correct checkstyle, test and text ui tests","fileTypesAndContributionMap":{}},{"hash":"8bd20611db0882f0c9a7b0dbb7d83201db2fcbcb","isMergeCommit":true,"messageTitle":"amended bugs in backend","messageBody":"","fileTypesAndContributionMap":{}},{"hash":"066abe67fc9d1f2ec7c75fca95cdb063ac456dc4","isMergeCommit":true,"messageTitle":"Merge pull request #191 from euzhengxi/export","messageBody":"Export","fileTypesAndContributionMap":{}},{"hash":"bd53cae96bf973944fdd0fdbc275ef1da73fb41a","isMergeCommit":true,"messageTitle":"Merge pull request #192 from AY2223S2-CS2113-T15-2/export","messageBody":"Export - amended bugs in backend: corrupted data will not be loaded into secretmaster","fileTypesAndContributionMap":{}},{"hash":"87ea5a8be1a40e22fe9d2ecb88318abc3042acbd","isMergeCommit":false,"messageTitle":"fixed text-ui-test","messageBody":"","fileTypesAndContributionMap":{"functional-code":{"insertions":3,"deletions":3},"other":{"insertions":0,"deletions":21}}}]},{"date":"2023-04-07","commitResults":[{"hash":"ab16ae2255341ad39fd793fdc917ee82103f7bb9","isMergeCommit":true,"messageTitle":"Merge branch \u0027master\u0027 of https://github.com/AY2223S2-CS2113-T15-2/tp into export","messageBody":"","fileTypesAndContributionMap":{}},{"hash":"727048588e8b11dc5bb7cd704a6fbdc6f80b9ebb","isMergeCommit":false,"messageTitle":"Added details for PPP draft","messageBody":"","fileTypesAndContributionMap":{"docs":{"insertions":17,"deletions":7}}},{"hash":"01d81a4db029e2c566acba33b3e055eea83bdae1","isMergeCommit":true,"messageTitle":"Merge pull request #223 from euzhengxi/export","messageBody":"Export - added details for PPP draft","fileTypesAndContributionMap":{}},{"hash":"7429ab4994cac5d32a64f492920cbb5ed5dccf93","isMergeCommit":true,"messageTitle":"Merge pull request #224 from AY2223S2-CS2113-T15-2/export","messageBody":"Export - added details for PPP draft","fileTypesAndContributionMap":{}},{"hash":"b87c3c7a14964e0dd7ce8351b6771291aa68ed9e","isMergeCommit":false,"messageTitle":"made amendments according to team testing","messageBody":"","fileTypesAndContributionMap":{"functional-code":{"insertions":138,"deletions":74},"test-code":{"insertions":17,"deletions":18}}},{"hash":"a4b48520b44dc6cb08e141f0eefce8678b104c0c","isMergeCommit":true,"messageTitle":"Merge pull request #225 from euzhengxi/export","messageBody":"Export - Made amendments according to team testing","fileTypesAndContributionMap":{}}]},{"date":"2023-04-08","commitResults":[{"hash":"4e4d7c05efa240008493419eb53f8c1f795f9eb3","isMergeCommit":false,"messageTitle":"added information to print to user when session starts","messageBody":"","fileTypesAndContributionMap":{"functional-code":{"insertions":44,"deletions":0}}},{"hash":"05aa4e7437960dfca919329d31f9340a0cecf151","isMergeCommit":false,"messageTitle":"amended backend bugs and implemented autosave function","messageBody":"","fileTypesAndContributionMap":{"functional-code":{"insertions":126,"deletions":70},"test-code":{"insertions":38,"deletions":38}}},{"hash":"7757f6f799a3ef0ba570375880ca1c35e62bd0d3","isMergeCommit":true,"messageTitle":"Merge branch \u0027export\u0027 into export","messageBody":"","fileTypesAndContributionMap":{}},{"hash":"1169c2e6101c76a9add5b2ee62fb898568e1ca8f","isMergeCommit":false,"messageTitle":"Update Ui.java","messageBody":"","fileTypesAndContributionMap":{"functional-code":{"insertions":0,"deletions":10}}},{"hash":"ce752dcc25031f25c079c7d217db885129e3ebf6","isMergeCommit":false,"messageTitle":"Update AddSecretCommand.java","messageBody":"","fileTypesAndContributionMap":{"functional-code":{"insertions":0,"deletions":1}}},{"hash":"43a1e3e6ea677b33127f898ee01f1d47ece7e79f","isMergeCommit":false,"messageTitle":"Update DeleteCommand.java","messageBody":"","fileTypesAndContributionMap":{"functional-code":{"insertions":0,"deletions":1}}},{"hash":"f53cb3c9b583e854356c272b0b5df30f761e85ed","isMergeCommit":false,"messageTitle":"Update Backend.java","messageBody":"","fileTypesAndContributionMap":{"functional-code":{"insertions":0,"deletions":2}}},{"hash":"f5b1599d959f9909c586cbe559225f6dbeffc20b","isMergeCommit":false,"messageTitle":"Fixed bugs in backend - reading and writing special characters in database","messageBody":"","fileTypesAndContributionMap":{"functional-code":{"insertions":106,"deletions":75},"test-code":{"insertions":5,"deletions":50}}},{"hash":"c7d10124e041dbdc13c7aa9be8c148cd6ab99970","isMergeCommit":true,"messageTitle":"resolved merge conflicts","messageBody":"","fileTypesAndContributionMap":{}},{"hash":"facdf6a2aa7082615c5238453258fa0cc2669792","isMergeCommit":false,"messageTitle":"resolved bugs in exceptions","messageBody":"","fileTypesAndContributionMap":{"functional-code":{"insertions":4,"deletions":13},"test-code":{"insertions":1,"deletions":49}}}]},{"date":"2023-04-09","commitResults":[{"hash":"a491afb1bc206ca9d7429d3834c73359c0379c6d","isMergeCommit":false,"messageTitle":"made amendments to text-ui-test","messageBody":"","fileTypesAndContributionMap":{"functional-code":{"insertions":11,"deletions":24}}},{"hash":"d888adab862b3f2d3dbb3408df26ff7b90bd6bfe","isMergeCommit":false,"messageTitle":"amended junit tests","messageBody":"","fileTypesAndContributionMap":{"test-code":{"insertions":0,"deletions":18}}},{"hash":"0274117bf73358fc8e448892b77a9d4d9c8b5349","isMergeCommit":false,"messageTitle":"added more details for PPP and logging","messageBody":"","fileTypesAndContributionMap":{"functional-code":{"insertions":23,"deletions":7},"docs":{"insertions":123,"deletions":11}}},{"hash":"72e7d4e97252aacda5c5d64e1e8497067c51f18b","isMergeCommit":true,"messageTitle":"pulled from upstream","messageBody":"","fileTypesAndContributionMap":{}}]},{"date":"2023-04-10","commitResults":[{"hash":"0c325691af6b7a0ad6226517fbd4cf617ab3de1a","isMergeCommit":false,"messageTitle":"added logging capabilities to SecureNUS","messageBody":"","fileTypesAndContributionMap":{"functional-code":{"insertions":184,"deletions":43},"docs":{"insertions":4,"deletions":2}}},{"hash":"77371cbb6902cad82ad7cabb3be438e83a8b31a7","isMergeCommit":false,"messageTitle":"fixed checkstyle errors","messageBody":"","fileTypesAndContributionMap":{"functional-code":{"insertions":4,"deletions":3}}},{"hash":"9c2baec5d2bf954f758ed025399b63a55d21dee7","isMergeCommit":true,"messageTitle":"Merge pull request #248 from euzhengxi/export","messageBody":"Export","fileTypesAndContributionMap":{}},{"hash":"198b35e5297f024e1e216d683720616737626bad","isMergeCommit":true,"messageTitle":"Merge branch \u0027master\u0027 into export","messageBody":"","fileTypesAndContributionMap":{}},{"hash":"0389841ebdca4dc8199b3ae9ae186089f411c7d1","isMergeCommit":false,"messageTitle":"Update AddCreditCardCommand.java","messageBody":"","fileTypesAndContributionMap":{"functional-code":{"insertions":0,"deletions":1}}},{"hash":"ecc60606a5ddc640ba3aff27ea71d24a546681b3","isMergeCommit":false,"messageTitle":"Update SecretMaster.java","messageBody":"","fileTypesAndContributionMap":{"functional-code":{"insertions":0,"deletions":1}}},{"hash":"2a0da2ab6b8dd722578818d06c0b50509d64eabf","isMergeCommit":true,"messageTitle":"fixed merge conflicts and junit test for logging","messageBody":"","fileTypesAndContributionMap":{}},{"hash":"d7b22b54a2853d43df8668b88a2410ac5978c0f5","isMergeCommit":true,"messageTitle":"Merge branch \u0027export\u0027 into export","messageBody":"","fileTypesAndContributionMap":{}},{"hash":"e47c57307e38f8419e867b3cc2101a8c63acc2b2","isMergeCommit":true,"messageTitle":"Merge pull request #250 from euzhengxi/export","messageBody":"fixed merge conflicts and junit test for logging","fileTypesAndContributionMap":{}},{"hash":"a4883986250c605a6761077e76a5b71d15e6b2d3","isMergeCommit":true,"messageTitle":"Merge pull request #249 from AY2223S2-CS2113-T15-2/export","messageBody":"Export - fixed merge conflicts and junit test for logging","fileTypesAndContributionMap":{}}]}]},"authorFileTypeContributionMap":{"ollayf":{"docs":1399,"functional-code":1809,"test-code":721,"other":45},"kairuler":{"docs":235,"functional-code":235,"test-code":1183},"stevenantya":{"docs":965,"functional-code":332,"test-code":129},"DeepanjaliDhawan":{"docs":242,"functional-code":1699,"test-code":529,"other":5},"euzhengxi":{"docs":235,"functional-code":805,"test-code":23}},"authorContributionVariance":{"ollayf":202176.1,"kairuler":64563.863,"stevenantya":224550.83,"DeepanjaliDhawan":178498.75,"euzhengxi":15586.096},"authorDisplayNameMap":{"ollayf":"CS2113-T15-2 NG Y.. FEI","kairuler":"CS2113-T15-2 KHAI..ALIM","stevenantya":"CS2113-T15-2 STEV..KITO","DeepanjaliDhawan":"CS2113-T15-2 DEEP..AWAN","euzhengxi":"CS2113-T15-2 EU Z..G XI"}}
