{"authorDailyContributionsMap":{"ollayf":[{"date":"2023-02-24","commitResults":[{"hash":"f5a8a98d324e840ec5eaf19a24825d8c1f41487d","isMergeCommit":false,"messageTitle":"added new test scripts","messageBody":"","fileTypesAndContributionMap":{"other":{"insertions":61,"deletions":0}}},{"hash":"3fb3bf01265ed00d07ef096b3f24afe9c559b46f","isMergeCommit":true,"messageTitle":"Merge pull request #8 from ollayf/master","messageBody":"added new test scripts, to support testing on mac and jar file on mac","fileTypesAndContributionMap":{}}]},{"date":"2023-03-02","commitResults":[{"hash":"c0997040cfdc8bfed73daf4951546d9918f0c859","isMergeCommit":false,"messageTitle":"added info about self","messageBody":"","fileTypesAndContributionMap":{"docs":{"insertions":23,"deletions":7}}}]},{"date":"2023-03-03","commitResults":[{"hash":"6b936ebf72c2a0d35bb9610167138e92ab87feb1","isMergeCommit":false,"messageTitle":"Created data structures not tested","messageBody":"","fileTypesAndContributionMap":{"functional-code":{"insertions":293,"deletions":0},"other":{"insertions":10,"deletions":34}}}]},{"date":"2023-03-07","commitResults":[{"hash":"49599c8b892d239925b559a7f36577398d98b8fd","isMergeCommit":true,"messageTitle":"Merge branch \u0027master\u0027 into stevenantya-AboutUs","messageBody":"","fileTypesAndContributionMap":{}},{"hash":"ba8a432d699656611b88e946ff01a3b88186fae6","isMergeCommit":true,"messageTitle":"Merge pull request #19 from stevenantya/stevenantya-AboutUs","messageBody":"Add About Us Steven","fileTypesAndContributionMap":{}},{"hash":"e92188bace63646daab308b0ba2d0492fd554aab","isMergeCommit":true,"messageTitle":"Merge branch \u0027master\u0027 into deepanjaliDhawan-AboutUs","messageBody":"","fileTypesAndContributionMap":{}},{"hash":"538bbb57bfd192f1a705d81c9b9f587c198fb1e8","isMergeCommit":true,"messageTitle":"Merge pull request #17 from DeepanjaliDhawan/deepanjaliDhawan-AboutUs","messageBody":"Commit AboutUs","fileTypesAndContributionMap":{}},{"hash":"f366321b952599d66a527e0de389a522e86a4989","isMergeCommit":true,"messageTitle":"Merge branch \u0027master\u0027 into khairul-AboutUs","messageBody":"","fileTypesAndContributionMap":{}},{"hash":"1e6340617df4cd5be7b6d3c0a93c72866115cee8","isMergeCommit":true,"messageTitle":"Merge pull request #15 from kairuler/khairul-AboutUs","messageBody":"Add my details to the About Us page","fileTypesAndContributionMap":{}},{"hash":"210d5bbc1231de2663712741648bfc5e920a3741","isMergeCommit":false,"messageTitle":"Check style for secrets basic","messageBody":"","fileTypesAndContributionMap":{"functional-code":{"insertions":20,"deletions":19},"other":{"insertions":8,"deletions":7}}},{"hash":"0caf0e6257dace09a6bf56497b7c38c8d1f4117c","isMergeCommit":true,"messageTitle":"Merge pull request #21 from euzhengxi/export","messageBody":"added my details","fileTypesAndContributionMap":{}},{"hash":"13aace5044ffeb816f1805f898276658f5e0ce8b","isMergeCommit":true,"messageTitle":"Merge pull request #14 from ollayf/master","messageBody":"Created data structures not tested","fileTypesAndContributionMap":{}}]},{"date":"2023-03-14","commitResults":[{"hash":"c029aba1df13246ed7d20563a250bd48f92f5532","isMergeCommit":false,"messageTitle":"Added JUnit tests for Secrets and their master","messageBody":"","fileTypesAndContributionMap":{"functional-code":{"insertions":325,"deletions":42},"other":{"insertions":22,"deletions":17},"test-code":{"insertions":365,"deletions":0}}},{"hash":"db7428df15bc7426051965050a7ec4d3a374b00d","isMergeCommit":true,"messageTitle":"Merge pull request #26 from ollayf/master","messageBody":"Added JUnit tests for defensive push and wifi and crypto and credit card","fileTypesAndContributionMap":{}},{"hash":"b3db21061383011b2702b365c5c6b8073f5c4e49","isMergeCommit":false,"messageTitle":"Fixed checkstyle error","messageBody":"","fileTypesAndContributionMap":{"test-code":{"insertions":44,"deletions":40}}},{"hash":"12c6d18838018f5ea9bcd56bf9c225e6b08811ac","isMergeCommit":true,"messageTitle":"Merge pull request #30 from ollayf/master","messageBody":"Fixed checkstyle error","fileTypesAndContributionMap":{}},{"hash":"987056e6976cfc625891c9ede899b3bee01ec0fe","isMergeCommit":false,"messageTitle":"staticize final","messageBody":"","fileTypesAndContributionMap":{"functional-code":{"insertions":2,"deletions":2}}},{"hash":"feee1d63f4e1aaa7aee393470c57bc24a5db2fc4","isMergeCommit":true,"messageTitle":"Merge master and fields","messageBody":"","fileTypesAndContributionMap":{}},{"hash":"6159ae225044de3041ae8a14b64192a5e5e39b43","isMergeCommit":false,"messageTitle":"Small edit","messageBody":"","fileTypesAndContributionMap":{"functional-code":{"insertions":1,"deletions":1}}},{"hash":"f7c29e559b96ddaad513e3c7b93ee45bde7abcce","isMergeCommit":true,"messageTitle":"Merged all except deeps","messageBody":"","fileTypesAndContributionMap":{}},{"hash":"51f3d2e267ffc59e27148d3b0cbaa2c3010e3fb4","isMergeCommit":true,"messageTitle":"Merged all","messageBody":"","fileTypesAndContributionMap":{}},{"hash":"189069c55b64b60a8b0215705f5f82719b17ae4c","isMergeCommit":false,"messageTitle":"Cleared cs","messageBody":"","fileTypesAndContributionMap":{"functional-code":{"insertions":16,"deletions":14},"test-code":{"insertions":92,"deletions":83}}},{"hash":"b14802b73c9906419fb36e259ab130f3d2e5f811","isMergeCommit":true,"messageTitle":"Merge pull request #36 from ollayf/master","messageBody":"Merged all except deeps and ZX","fileTypesAndContributionMap":{}}]},{"date":"2023-03-15","commitResults":[{"hash":"c3495a0ba656a0075e1a5ff4c971d97cdc8476dc","isMergeCommit":false,"messageTitle":"Silenced runtest temp","messageBody":"","fileTypesAndContributionMap":{"functional-code":{"insertions":0,"deletions":1}}}]},{"date":"2023-03-16","commitResults":[{"hash":"12180accff1c0741d42b8ea57d8846c53b0cc331","isMergeCommit":false,"messageTitle":"Basic clean up","messageBody":"","fileTypesAndContributionMap":{"functional-code":{"insertions":0,"deletions":1}}},{"hash":"580349cc87f76494447fde1ffb8d2d312b7f02ed","isMergeCommit":true,"messageTitle":"Merge pull request #46 from ollayf/master","messageBody":"clean up code","tags":["v1.0"],"fileTypesAndContributionMap":{}}]},{"date":"2023-03-21","commitResults":[{"hash":"7f7b1cfb6140d5e94bd26cfd9107e527d5fad357","isMergeCommit":false,"messageTitle":"created Credit Card creation and more JUnit test","messageBody":"","fileTypesAndContributionMap":{"functional-code":{"insertions":177,"deletions":11},"other":{"insertions":9,"deletions":5},"test-code":{"insertions":231,"deletions":163}}},{"hash":"38921c9c85a4578cf77b8ce0a78d5213913c77d7","isMergeCommit":true,"messageTitle":"Merge pull request #56 from ollayf/master","messageBody":"Created credit card","fileTypesAndContributionMap":{}},{"hash":"edf117125e62b6d5a1812f6452ac495a98d005c3","isMergeCommit":false,"messageTitle":"Added JUnit tests and UI for adding credit card","messageBody":"","fileTypesAndContributionMap":{"functional-code":{"insertions":176,"deletions":11},"other":{"insertions":9,"deletions":5},"test-code":{"insertions":248,"deletions":163}}},{"hash":"43c6c615b5e4a0711a976bc5dcc89361536df000","isMergeCommit":true,"messageTitle":"Merge branch \u0027fields\u0027 into master","messageBody":"","fileTypesAndContributionMap":{}},{"hash":"9a3932bf6ac7aebb269d7c3e947a015415710fa6","isMergeCommit":true,"messageTitle":"Merge pull request #57 from ollayf/master","messageBody":"Added JUnit tests and UI for adding credit card","fileTypesAndContributionMap":{}},{"hash":"ece7278f60eea4ca3dfddd1aa58248c3812440ed","isMergeCommit":true,"messageTitle":"Merged ZX and Ho","messageBody":"","fileTypesAndContributionMap":{}},{"hash":"e40d7e4e692fc49f7f58389b77d9d251829f7b0d","isMergeCommit":true,"messageTitle":"Merge branch \u0027master\u0027 of https://github.com/ollayf/tp","messageBody":"","fileTypesAndContributionMap":{}},{"hash":"20850ab5f73d38ee020c5ee18b23e25d6a0a6e6f","isMergeCommit":true,"messageTitle":"Merge pull request #61 from ollayf/master","messageBody":"Merged ZX and Ho, v1.2","fileTypesAndContributionMap":{}},{"hash":"e00257f0674ff2d203d0ca56abff91ad7714cbeb","isMergeCommit":true,"messageTitle":"Merge pull request #59 from AY2223S2-CS2113-T15-2/fields","messageBody":"Fields","fileTypesAndContributionMap":{}},{"hash":"b7b4142a92d698df2e0052d76594acce3839e04c","isMergeCommit":true,"messageTitle":"Merge branch \u0027master\u0027 into tagging","messageBody":"","fileTypesAndContributionMap":{}},{"hash":"c192b9b3e71dabd1cafa85e090558f12ec64fb89","isMergeCommit":true,"messageTitle":"Merge pull request #60 from AY2223S2-CS2113-T15-2/tagging","messageBody":"Tagging","fileTypesAndContributionMap":{}},{"hash":"802771417e30fd8d0ac670e1d1a924e821491490","isMergeCommit":true,"messageTitle":"Merge branch \u0027master\u0027 into creation","messageBody":"","fileTypesAndContributionMap":{}},{"hash":"08f3b4658196f45fd2cd332e7b79ab76b7ee92a3","isMergeCommit":true,"messageTitle":"Merge pull request #58 from AY2223S2-CS2113-T15-2/creation","messageBody":"Merge Creation v1.2","fileTypesAndContributionMap":{}},{"hash":"b66fe10d016c21ea550a5ccfe22d948c96aa6358","isMergeCommit":false,"messageTitle":"v1.2 merge creation","messageBody":"","fileTypesAndContributionMap":{"test-code":{"insertions":5,"deletions":2}}},{"hash":"c6839f972ece2ec247a530d0662d68a7ce5c83ca","isMergeCommit":true,"messageTitle":"Merge branch \u0027master\u0027 into export","messageBody":"","fileTypesAndContributionMap":{}},{"hash":"1298c56936d162e5f1b9166a09a520445e81a418","isMergeCommit":true,"messageTitle":"Merge pull request #62 from AY2223S2-CS2113-T15-2/export","messageBody":"Export unfinished","fileTypesAndContributionMap":{}},{"hash":"673784eaf0bb2f565e26a4502273c3ab8f72e39c","isMergeCommit":false,"messageTitle":"Merged all v1.2","messageBody":"","fileTypesAndContributionMap":{"test-code":{"insertions":1,"deletions":1}}}]},{"date":"2023-03-24","commitResults":[{"hash":"00643a1321a80a0264d702b169ff8931767f7769","isMergeCommit":false,"messageTitle":"Added DG and UG draft1","messageBody":"","fileTypesAndContributionMap":{"functional-code":{"insertions":0,"deletions":1},"docs":{"insertions":766,"deletions":43},"test-code":{"insertions":14,"deletions":0}}},{"hash":"06be4d7b275685defba431732d132fba4c678c33","isMergeCommit":true,"messageTitle":"Merge pull request #66 from ollayf/master","messageBody":"Added DG and UG draft1","fileTypesAndContributionMap":{}},{"hash":"4f1d3c9c2a5c5875fc21a46730b8305ce45956f4","isMergeCommit":true,"messageTitle":"Merge branch \u0027master\u0027 of https://github.com/AY2223S2-CS2113-T15-2/tp","messageBody":"","fileTypesAndContributionMap":{}},{"hash":"3ac022a911728ef198f2647fef6a6d59795037c8","isMergeCommit":false,"messageTitle":"Attribution to people","messageBody":"","fileTypesAndContributionMap":{"docs":{"insertions":11,"deletions":10}}}]},{"date":"2023-03-28","commitResults":[{"hash":"a79793031306eaccbdbcf84c1bc6b16df369982a","isMergeCommit":true,"messageTitle":"Merge branch \u0027master\u0027 into creation","messageBody":"","fileTypesAndContributionMap":{}},{"hash":"12d234c2899e1dfb152db1a66bcd55ed91066a41","isMergeCommit":true,"messageTitle":"Merge pull request #72 from AY2223S2-CS2113-T15-2/creation","messageBody":"Add delete exception and uml","fileTypesAndContributionMap":{}},{"hash":"f7436e1b854ac0718abc74ac31981af495ad056a","isMergeCommit":true,"messageTitle":"Merge branch \u0027master\u0027 into export","messageBody":"","fileTypesAndContributionMap":{}}]},{"date":"2023-03-29","commitResults":[{"hash":"395e4642e6f27fbcc8223fc0e049d43a47ec591a","isMergeCommit":false,"messageTitle":"trying to resolve inf loop: 1","messageBody":"","fileTypesAndContributionMap":{"docs":{"insertions":0,"deletions":37}}},{"hash":"cc049cc238502683aea08a9d903e15932c074dde","isMergeCommit":false,"messageTitle":"Tested all checks work locally","messageBody":"","fileTypesAndContributionMap":{"other":{"insertions":3,"deletions":1},"docs":{"insertions":37,"deletions":0}}},{"hash":"af5756a21805d6b75462d4dba1e6e1be008a7dd7","isMergeCommit":false,"messageTitle":"Trying to fix windows build","messageBody":"","fileTypesAndContributionMap":{"functional-code":{"insertions":5,"deletions":5}}},{"hash":"83061d57448f09245a455b96e1d29540ac0c619c","isMergeCommit":true,"messageTitle":"Merge pull request #82 from ollayf/master","messageBody":"trying to resolve inf loop: 1","fileTypesAndContributionMap":{}},{"hash":"757dbd712b50e827d591f71b3c04f228ba846e24","isMergeCommit":true,"messageTitle":"Merge pull request #83 from AY2223S2-CS2113-T15-2/fields","messageBody":"Remove infinite loop in github tests","tags":["v2.0"],"fileTypesAndContributionMap":{}},{"hash":"76ebdee1973e4d1e7dfb0971cc0554657afecf83","isMergeCommit":false,"messageTitle":"Fixed IO Redirection issues","messageBody":"","fileTypesAndContributionMap":{"functional-code":{"insertions":34,"deletions":12},"other":{"insertions":0,"deletions":1}}},{"hash":"17111beaae131bdca75ed926b73dcf7a3b255a0c","isMergeCommit":true,"messageTitle":"Merge branch \u0027AY2223S2-CS2113-T15-2:master\u0027 into master","messageBody":"","fileTypesAndContributionMap":{}},{"hash":"72ebe3fc218c2e24ce73a5532567fd7936b08276","isMergeCommit":false,"messageTitle":"Updated inputs","messageBody":"","fileTypesAndContributionMap":{"other":{"insertions":0,"deletions":1}}},{"hash":"8fd7f15fb908ffc744092e71f75d456a335d53e8","isMergeCommit":false,"messageTitle":"Added checkstyle for readers","messageBody":"","fileTypesAndContributionMap":{"functional-code":{"insertions":5,"deletions":2}}},{"hash":"26b4fdc8f86638306e315f675c393384767a978d","isMergeCommit":false,"messageTitle":"altered the file structure for bat file","messageBody":"","fileTypesAndContributionMap":{"other":{"insertions":1,"deletions":1}}},{"hash":"cdd82ae9a995e97e5888bb62c8364e087d4f886a","isMergeCommit":true,"messageTitle":"Merging for v2.0","messageBody":"","fileTypesAndContributionMap":{}}]},{"date":"2023-03-30","commitResults":[{"hash":"7c8fb9bf56ab63b0e333259b3b8281b90a3f175e","isMergeCommit":false,"messageTitle":"Update EditCommandTest.java","messageBody":"","fileTypesAndContributionMap":{"test-code":{"insertions":1,"deletions":1}}},{"hash":"ac7773dca992c7811987389041e3512480e180ce","isMergeCommit":false,"messageTitle":"Update EditCommandTest.java","messageBody":"","fileTypesAndContributionMap":{"test-code":{"insertions":1,"deletions":1}}}]},{"date":"2023-04-04","commitResults":[{"hash":"c49c20d1f9b044a922e20c816e3a53eaabcc1eb8","isMergeCommit":false,"messageTitle":"Revamped Add Commands System","messageBody":"","fileTypesAndContributionMap":{"functional-code":{"insertions":635,"deletions":464},"other":{"insertions":80,"deletions":22},"docs":{"insertions":287,"deletions":6},"test-code":{"insertions":141,"deletions":134}}},{"hash":"c24e6de1a82728cf172c6baff47170b78bf37aeb","isMergeCommit":true,"messageTitle":"Merge pull request #171 from kairuler/master","messageBody":"Fix Edit command and added JUnit tests","fileTypesAndContributionMap":{}}]},{"date":"2023-04-05","commitResults":[{"hash":"45bf008dc15ae544ede5cba5619c9136387988ec","isMergeCommit":true,"messageTitle":"Merge pull request #178 from AY2223S2-CS2113-T15-2/tagging","messageBody":"Tagging","fileTypesAndContributionMap":{}},{"hash":"d681b51ec0f2a0fa751280f56844e1eded4a7a1d","isMergeCommit":true,"messageTitle":"Merged all functions except edit and search","messageBody":"","fileTypesAndContributionMap":{}},{"hash":"13c10ffcc6587def13584facea1ce6b78ab37d04","isMergeCommit":true,"messageTitle":"Merge pull request #182 from ollayf/master","messageBody":"Checked everything except search and edit","fileTypesAndContributionMap":{}}]},{"date":"2023-04-06","commitResults":[{"hash":"42ce6be57de0560e5caef3263a2fb37fbb7739b8","isMergeCommit":false,"messageTitle":"Merged Search and View Function","messageBody":"","fileTypesAndContributionMap":{"functional-code":{"insertions":282,"deletions":180},"test-code":{"insertions":192,"deletions":166}}},{"hash":"ac5522ed2628a3e0449c28c36fe8232415388b22","isMergeCommit":false,"messageTitle":"Merged all main features","messageBody":"","fileTypesAndContributionMap":{"functional-code":{"insertions":50,"deletions":73},"test-code":{"insertions":9,"deletions":5}}},{"hash":"92f63e3c24e65253d64f00d2cd5c9833045b49f9","isMergeCommit":false,"messageTitle":"Remove trimming for JUnit tests","messageBody":"","fileTypesAndContributionMap":{"functional-code":{"insertions":10,"deletions":4},"test-code":{"insertions":1,"deletions":1}}},{"hash":"1e8490e74385e9236400b3465c8de3146ba4b75d","isMergeCommit":false,"messageTitle":"Edited reveal strings","messageBody":"","fileTypesAndContributionMap":{"functional-code":{"insertions":3,"deletions":2},"test-code":{"insertions":19,"deletions":8}}},{"hash":"bec9cbfb8627a2bbd800bcd7af5ea5daa493d313","isMergeCommit":false,"messageTitle":"Removed tests that gave me some issues from viewcommand","messageBody":"","fileTypesAndContributionMap":{"test-code":{"insertions":10,"deletions":9}}},{"hash":"6bd7df021fcb90b3bc7b26963ccc0257fdced665","isMergeCommit":false,"messageTitle":"Removed imports causing issues","messageBody":"","fileTypesAndContributionMap":{"test-code":{"insertions":4,"deletions":4}}},{"hash":"3de49b7f2bb7e7e6abce32a63ed08cb9b21e9dfb","isMergeCommit":true,"messageTitle":"Merge pull request #185 from ollayf/master","messageBody":"Merged all main features","fileTypesAndContributionMap":{}},{"hash":"6e36123a9441bd889b57eb0d2c51020237853534","isMergeCommit":false,"messageTitle":"Updated the menu and starting commands","messageBody":"","fileTypesAndContributionMap":{"functional-code":{"insertions":25,"deletions":25}}},{"hash":"eb36b0c3042e4dd99dd8110329c5a4efe57abfda","isMergeCommit":false,"messageTitle":"edited text ui tests","messageBody":"","fileTypesAndContributionMap":{"functional-code":{"insertions":7,"deletions":1},"docs":{"insertions":15,"deletions":10}}},{"hash":"147f704d34f52899867622a9a199637dd54e77aa","isMergeCommit":false,"messageTitle":"removed additional stuff","messageBody":"","fileTypesAndContributionMap":{"functional-code":{"insertions":0,"deletions":1}}},{"hash":"d662a72c512606c29e35ce7020bcdf8e8720baa3","isMergeCommit":true,"messageTitle":"Merge pull request #187 from ollayf/master","messageBody":"Edited UI including printing and formatting of most functions and menu and list functions","fileTypesAndContributionMap":{}},{"hash":"30f2de7a99d31bfcc5ea2526f0c128997a30d545","isMergeCommit":false,"messageTitle":"Fixed the case where folders cannot be empty","messageBody":"","fileTypesAndContributionMap":{"functional-code":{"insertions":1,"deletions":6}}},{"hash":"8e77e18c161b52f8f7b4774ba421692d19155a68","isMergeCommit":false,"messageTitle":"Changed criteria for legal secretnames and fodlers","messageBody":"","fileTypesAndContributionMap":{"functional-code":{"insertions":1,"deletions":1}}},{"hash":"741912e2d18201c58fb7ba2eed5ef8eec63df31a","isMergeCommit":true,"messageTitle":"Merge branch \u0027fixing_empty_input_issues\u0027","messageBody":"","fileTypesAndContributionMap":{}},{"hash":"91d281ad6017ef388b515fbb123974ac100d41b4","isMergeCommit":true,"messageTitle":"Merge pull request #189 from ollayf/master","messageBody":"Fixed problem with empty strings for secret names and folders","fileTypesAndContributionMap":{}}]}],"kairuler":[{"date":"2023-03-03","commitResults":[{"hash":"0c821316d0e643baea35a692e76e9e12da559be2","isMergeCommit":false,"messageTitle":"Add my details to the About Us page","messageBody":"","fileTypesAndContributionMap":{"docs":{"insertions":7,"deletions":7}}}]},{"date":"2023-03-07","commitResults":[{"hash":"a3dda10ac729c2398b66b519614c3968da3ca34d","isMergeCommit":true,"messageTitle":"Merge branch \u0027master\u0027 into export","messageBody":"","fileTypesAndContributionMap":{}}]},{"date":"2023-03-14","commitResults":[{"hash":"69fc701b4cebfa4da49dd7f91e0457b412936f24","isMergeCommit":false,"messageTitle":"Add Search command and View command","messageBody":"Changed getByName() in SecretMaster class such that it now throws exception when not found\n","fileTypesAndContributionMap":{"functional-code":{"insertions":107,"deletions":1}}},{"hash":"308c0396ea56d980d95bd2cc5e8b71217acd844b","isMergeCommit":false,"messageTitle":"Add Edit command","messageBody":"","fileTypesAndContributionMap":{"functional-code":{"insertions":84,"deletions":17}}}]},{"date":"2023-03-16","commitResults":[{"hash":"716ef24ed2c760f727b4e59a684deea57bdefb60","isMergeCommit":false,"messageTitle":"Small changes to Edit, Search and View commands","messageBody":"","fileTypesAndContributionMap":{"functional-code":{"insertions":19,"deletions":7},"other":{"insertions":0,"deletions":0}}}]},{"date":"2023-03-20","commitResults":[{"hash":"dc3293d76bb0ca02c5bc0e82892aed89303a39af","isMergeCommit":false,"messageTitle":"Add JUnit Tests to Edit and Search commands","messageBody":"","fileTypesAndContributionMap":{"functional-code":{"insertions":8,"deletions":8},"test-code":{"insertions":67,"deletions":0}}},{"hash":"f9525f852104303a9639fd8b0f664a9868c37fb4","isMergeCommit":true,"messageTitle":"Merge pull request #1 from kairuler/searching","messageBody":"Searching","fileTypesAndContributionMap":{}},{"hash":"13282e273d3286bfc9219af5478c7b27eb720bdd","isMergeCommit":false,"messageTitle":"Refactor to pass checkstyle tests","messageBody":"","fileTypesAndContributionMap":{"functional-code":{"insertions":3,"deletions":3},"test-code":{"insertions":13,"deletions":12}}}]},{"date":"2023-03-21","commitResults":[{"hash":"a0d986e3cf470f0c680cd9090a13061296bd1d03","isMergeCommit":true,"messageTitle":"Merge pull request #2 from kairuler/searching","messageBody":"Refactor to pass checkstyle tests","fileTypesAndContributionMap":{}}]},{"date":"2023-03-27","commitResults":[{"hash":"bcadfa9560efda9d7ae0124df15341410684ec09","isMergeCommit":true,"messageTitle":"Merge remote-tracking branch \u0027upstream/master\u0027 into HEAD","messageBody":"# Conflicts:\n#\tsrc/main/java/seedu/duke/Parser.java\n","fileTypesAndContributionMap":{}},{"hash":"08c2f1fe46356dfa3e5b3331e5dd622545256232","isMergeCommit":false,"messageTitle":"Add JUnit tests for view command, edit JUnit tests for search and edit command","messageBody":"","fileTypesAndContributionMap":{"functional-code":{"insertions":7,"deletions":10},"docs":{"insertions":5,"deletions":5},"test-code":{"insertions":192,"deletions":3}}}]},{"date":"2023-03-28","commitResults":[{"hash":"9855abf6d6b8d9202b4359b57ad4b0a8b64c1e89","isMergeCommit":true,"messageTitle":"Merge branch \u0027master\u0027 into master","messageBody":"","fileTypesAndContributionMap":{}}]},{"date":"2023-03-29","commitResults":[{"hash":"e6324144ca8cbf6b9bd1f459a6d257c1666fd5ac","isMergeCommit":true,"messageTitle":"Merge remote-tracking branch \u0027upstream/tagging\u0027","messageBody":"# Conflicts:\n#\tsrc/main/java/seedu/duke/Parser.java\n#\tsrc/main/java/seedu/duke/command/AddBasicPasswordCommand.java\n#\tsrc/main/java/seedu/duke/command/AddNUSNetCommand.java\n#\tsrc/main/java/seedu/duke/command/AddStudentIDCommand.java\n#\tsrc/test/java/seedu/duke/command/SearchCommandTest.java\n","fileTypesAndContributionMap":{}},{"hash":"4c93bd5ff964499aec5b82c17a0b4a6758fbb030","isMergeCommit":true,"messageTitle":"Merge remote-tracking branch \u0027upstream/master\u0027","messageBody":"# Conflicts:\n#\tsrc/main/java/seedu/duke/Parser.java\n","fileTypesAndContributionMap":{}},{"hash":"b14c73a0a3b629d058b86bd390665a17db1ff3ab","isMergeCommit":true,"messageTitle":"Merge remote-tracking branch \u0027upstream/export\u0027","messageBody":"","fileTypesAndContributionMap":{}},{"hash":"478a462a847487946f35fb7d9f8006452772a5f5","isMergeCommit":true,"messageTitle":"Merge remote-tracking branch \u0027origin/master\u0027","messageBody":"# Conflicts:\n#\tsrc/main/java/seedu/duke/Parser.java\n#\tsrc/test/java/seedu/duke/command/SearchCommandTest.java\n","fileTypesAndContributionMap":{}},{"hash":"b9d20717e7d608ab8787b8f1525c6b7a76cf12c0","isMergeCommit":false,"messageTitle":"Complete Edit command (with JUnit tests)","messageBody":"","fileTypesAndContributionMap":{"functional-code":{"insertions":29,"deletions":6},"test-code":{"insertions":47,"deletions":6}}},{"hash":"de551aa9eeb3b3775cf4c7fdfd79351858daeb2e","isMergeCommit":false,"messageTitle":"Checkstyle fix","messageBody":"","fileTypesAndContributionMap":{"test-code":{"insertions":0,"deletions":7}}},{"hash":"73a224521561f1cdeb42d2e8a804ffc1aa92e1bd","isMergeCommit":false,"messageTitle":"Checkstyle fixes (incl. remove ExitCommandTest)","messageBody":"","fileTypesAndContributionMap":{"functional-code":{"insertions":5,"deletions":5},"test-code":{"insertions":27,"deletions":46}}},{"hash":"d3f97dfafb9bc1e8ba013611b5240a8917a71378","isMergeCommit":true,"messageTitle":"Merge remote-tracking branch \u0027origin/master\u0027 into searching","messageBody":"# Conflicts:\n#\tsrc/test/java/seedu/duke/command/AddCommandTest.java\n#\tsrc/test/java/seedu/duke/command/DeleteCommandTest.java\n","fileTypesAndContributionMap":{}},{"hash":"d347ea060b47b052b4036c95a6dc0b9b99506c34","isMergeCommit":true,"messageTitle":"Merge remote-tracking branch \u0027upstream/export\u0027 into searching","messageBody":"# Conflicts:\n#\tsrc/main/java/seedu/duke/Backend.java\n#\tsrc/main/java/seedu/duke/Parser.java\n#\tsrc/main/java/seedu/duke/exceptions/secrets/FolderExistsException.java\n#\tsrc/main/java/seedu/duke/secrets/CreditCard.java\n#\tsrc/test/java/seedu/duke/DukeTest.java\n","fileTypesAndContributionMap":{}},{"hash":"d35014c960e32f83436b0901b63ae8fb377ce8c8","isMergeCommit":true,"messageTitle":"Merge branch \u0027master\u0027 of https://github.com/kairuler/tp into searching","messageBody":"# Conflicts:\n#\tsrc/main/java/seedu/duke/Backend.java\n#\tsrc/main/java/seedu/duke/command/ListCommand.java\n#\tsrc/main/java/seedu/duke/exceptions/secrets/FolderExistsException.java\n#\tsrc/main/java/seedu/duke/secrets/CreditCard.java\n#\tsrc/test/java/seedu/duke/DukeTest.java\n#\tsrc/test/java/seedu/duke/command/ExitCommandTest.java\n","fileTypesAndContributionMap":{}},{"hash":"668dbb0410bddaf4718dd9cb29cb7d1cbd5edb45","isMergeCommit":true,"messageTitle":"Merge pull request #3 from kairuler/searching","messageBody":"Checkstyle fixes (incl. remove ExitCommandTest)","fileTypesAndContributionMap":{}},{"hash":"bedecc591f98d657ebf70483590a7b3424394c50","isMergeCommit":false,"messageTitle":"v2.0 release","messageBody":"","fileTypesAndContributionMap":{"functional-code":{"insertions":27,"deletions":29},"test-code":{"insertions":24,"deletions":24}}},{"hash":"49fd291b58dbd824ddfa5dea3b43f642aa47769c","isMergeCommit":true,"messageTitle":"Merge pull request #4 from kairuler/searching","messageBody":"v2.0 release","fileTypesAndContributionMap":{}},{"hash":"5438741ca9c4975f53151f0427ba7aa6024ee9f6","isMergeCommit":true,"messageTitle":"Merge branch \u0027master\u0027 into master","messageBody":"","fileTypesAndContributionMap":{}},{"hash":"f3415a9cc5b2f7906946e7345f3926e61cede4b4","isMergeCommit":true,"messageTitle":"Merge pull request #86 from kairuler/master","messageBody":"v2.0 release","fileTypesAndContributionMap":{}}]},{"date":"2023-04-04","commitResults":[{"hash":"8ea4a1356d4f0b3daaeb25fe379c994a1e5f51c8","isMergeCommit":false,"messageTitle":"Fix Edit command to change all fields for BasicPassword, CreditCard, NUSNet, StudentID","messageBody":"","fileTypesAndContributionMap":{"functional-code":{"insertions":147,"deletions":23},"test-code":{"insertions":79,"deletions":23}}},{"hash":"67185a8d8761086c0fce6f6af49471c9e079efa3","isMergeCommit":false,"messageTitle":"Small fix for Edit command","messageBody":"","fileTypesAndContributionMap":{"functional-code":{"insertions":12,"deletions":13}}},{"hash":"fc8902667b82a0c734e6c917f0f6b718413a5b2e","isMergeCommit":true,"messageTitle":"Merge pull request #5 from kairuler/searching","messageBody":"Fix Edit command to actually change password","fileTypesAndContributionMap":{}},{"hash":"0ed111d2e2538d09705d5b59c9b603f12a5bc141","isMergeCommit":false,"messageTitle":"Fix JUnit","messageBody":"","fileTypesAndContributionMap":{"test-code":{"insertions":4,"deletions":3}}},{"hash":"7f1228829ff3cbf6b58af911b95676b3cd7699d7","isMergeCommit":true,"messageTitle":"Merge pull request #6 from kairuler/searching","messageBody":"Fix JUnit","fileTypesAndContributionMap":{}},{"hash":"c6b8c4ecca3a28573bd3d549ef996f53a07a43e3","isMergeCommit":false,"messageTitle":"Added Edit support for Wifi Password and Crypto Wallet","messageBody":"","fileTypesAndContributionMap":{"functional-code":{"insertions":27,"deletions":6}}},{"hash":"6da9a01488f223497093d95200d4e7283ed1f39b","isMergeCommit":true,"messageTitle":"Merge pull request #7 from kairuler/searching","messageBody":"Added Edit support for Wifi Password and Crypto Wallet","fileTypesAndContributionMap":{}}]},{"date":"2023-04-05","commitResults":[{"hash":"547a74515e87624f5c7962eb2fdca069ebe67a5c","isMergeCommit":false,"messageTitle":"Draft PPP","messageBody":"","fileTypesAndContributionMap":{"docs":{"insertions":39,"deletions":0}}},{"hash":"70d0fa04f99e8b1fde57a24115de1ed50b2913b5","isMergeCommit":true,"messageTitle":"Merge pull request #183 from kairuler/master","messageBody":"Draft PPP","fileTypesAndContributionMap":{}}]},{"date":"2023-04-06","commitResults":[{"hash":"8bb196d1bd853b81bc43990bb8178e400f17a6d9","isMergeCommit":false,"messageTitle":"Fix JUnit tests for Edit and View Also fixed minor issues in Edit, Search, View commands","messageBody":"","fileTypesAndContributionMap":{"functional-code":{"insertions":24,"deletions":19},"test-code":{"insertions":171,"deletions":125}}},{"hash":"d20142c4f755ca0e2431e50758b6ecc4efc965fe","isMergeCommit":true,"messageTitle":"Merge pull request #186 from kairuler/master","messageBody":"Fix JUnit tests for Edit and View","fileTypesAndContributionMap":{}}]}],"stevenantya":[{"date":"2023-03-07","commitResults":[{"hash":"9a7d19c95f48d4091e4079b9313931069f7506ae","isMergeCommit":false,"messageTitle":"Add About Us Steven","messageBody":"","fileTypesAndContributionMap":{"docs":{"insertions":26,"deletions":7}}},{"hash":"b2051fa979b188aa3aa30b51998eff9ba06e0cae","isMergeCommit":true,"messageTitle":"Merge pull request #13 from ollayf/hosea-AboutUs","messageBody":"Apporve hosea about us PR","fileTypesAndContributionMap":{}},{"hash":"816bd260578717ec1b0803d959c49df1dbb427d4","isMergeCommit":true,"messageTitle":"Merge pull request #16 from euzhengxi/export","messageBody":"Zheng Xi About Us","fileTypesAndContributionMap":{}},{"hash":"15a75301bbcff0c04ec66f0e963ed474f0536e76","isMergeCommit":false,"messageTitle":"Revert \"Added my details to the AboutUs page\"","messageBody":"","fileTypesAndContributionMap":{"docs":{"insertions":7,"deletions":7}}},{"hash":"29cabee604b47f45c7ba404af3201066346f2c2e","isMergeCommit":true,"messageTitle":"Merge pull request #20 from AY2223S2-CS2113-T15-2/revert-16-export","messageBody":"Revert \"Added my details to the AboutUs page\"","fileTypesAndContributionMap":{}}]},{"date":"2023-03-09","commitResults":[{"hash":"66e806b44b83dd854ff02ad1481f53eb41c12b31","isMergeCommit":false,"messageTitle":"initial commit","messageBody":"","fileTypesAndContributionMap":{"functional-code":{"insertions":72,"deletions":11}}},{"hash":"01ba06ec095507af75d8d772db4946ea597db8c5","isMergeCommit":false,"messageTitle":"Add Password, DS, Parser, UI","messageBody":"","fileTypesAndContributionMap":{"functional-code":{"insertions":143,"deletions":82}}}]},{"date":"2023-03-10","commitResults":[{"hash":"e5d01a3c47e4eda6f3a4c75c24fd03670b06837a","isMergeCommit":false,"messageTitle":"simple ui, parser, password ds, add basic password","messageBody":"","fileTypesAndContributionMap":{"functional-code":{"insertions":154,"deletions":36}}},{"hash":"71cb2ebe1fe6b71d6bd66f62bb9db36818d8b81e","isMergeCommit":false,"messageTitle":"Add Basic Password to SecretMaster","messageBody":"","fileTypesAndContributionMap":{"functional-code":{"insertions":36,"deletions":8}}}]},{"date":"2023-03-11","commitResults":[{"hash":"cec31a986f483b6a3a978828b5c5f868254f0b9c","isMergeCommit":false,"messageTitle":"Add NUSNet and StudentID","messageBody":"","fileTypesAndContributionMap":{"functional-code":{"insertions":131,"deletions":24}}},{"hash":"61e55f645d540fda794615188fbcab93226b0328","isMergeCommit":false,"messageTitle":"Fix checkstyle","messageBody":"","fileTypesAndContributionMap":{"functional-code":{"insertions":16,"deletions":9}}},{"hash":"5560b8a91a2499478a067cc0bb718003a8030e9c","isMergeCommit":false,"messageTitle":"IO redirection test","messageBody":"","fileTypesAndContributionMap":{"functional-code":{"insertions":1,"deletions":1}}},{"hash":"cc2ce2912ccc46cf56c24100f0fd2b1f9e7ad718","isMergeCommit":false,"messageTitle":"io","messageBody":"","fileTypesAndContributionMap":{"other":{"insertions":2,"deletions":2}}},{"hash":"9878644ed95028f1b104890d7a2e64f6feb18485","isMergeCommit":false,"messageTitle":"IO","messageBody":"","fileTypesAndContributionMap":{"other":{"insertions":3,"deletions":3}}},{"hash":"33e91d9bb5c488ce390814dcae21508af83a57f4","isMergeCommit":false,"messageTitle":"change name to duke","messageBody":"","fileTypesAndContributionMap":{"other":{"insertions":4,"deletions":4}}}]},{"date":"2023-03-12","commitResults":[{"hash":"551a8a21d318062c67afe6b04be51f4bad66e760","isMergeCommit":false,"messageTitle":"Try to fix IO","messageBody":"","fileTypesAndContributionMap":{"functional-code":{"insertions":38,"deletions":34}}},{"hash":"a39887cecf6bd644ef834045fffd87f280931139","isMergeCommit":false,"messageTitle":"try to fix io 2","messageBody":"","fileTypesAndContributionMap":{"functional-code":{"insertions":5,"deletions":12}}}]},{"date":"2023-03-13","commitResults":[{"hash":"79572bbeb1aef411a5b16430f807f6a2b94909c3","isMergeCommit":true,"messageTitle":"Merge pull request #22 from stevenantya/v1","messageBody":"Add Basic Password to the SecretMaster","fileTypesAndContributionMap":{}}]},{"date":"2023-03-14","commitResults":[{"hash":"1cad173294f333f52a0c9374a274c03552882d1e","isMergeCommit":false,"messageTitle":"Add url and username","messageBody":"","fileTypesAndContributionMap":{"functional-code":{"insertions":16,"deletions":8}}},{"hash":"7c59f49135ecb48aa2ba3139f198cb1a068cac67","isMergeCommit":false,"messageTitle":"Add Folders","messageBody":"","fileTypesAndContributionMap":{"functional-code":{"insertions":33,"deletions":8}}},{"hash":"34c2a3e7c4650328c71a2302196c8679c40adae9","isMergeCommit":true,"messageTitle":"Merge pull request #24 from stevenantya/v1","messageBody":"Add Folders, username, and url","fileTypesAndContributionMap":{}},{"hash":"6b27763082dead5aba34d79411e51fd8a955fc08","isMergeCommit":false,"messageTitle":"Add delete function","messageBody":"Exception not handled yet!\n","fileTypesAndContributionMap":{"functional-code":{"insertions":51,"deletions":9}}},{"hash":"e058caee7faf7b767c0be6697f5d7ed29abf3fc3","isMergeCommit":true,"messageTitle":"Merge pull request #25 from stevenantya/v1","messageBody":"Add delete function","fileTypesAndContributionMap":{}},{"hash":"a52dae74eb08b7be72b4541afcbc84f47486cf2d","isMergeCommit":true,"messageTitle":"Merge pull request #31 from AY2223S2-CS2113-T15-2/creation","messageBody":"Creation Merge V1","fileTypesAndContributionMap":{}},{"hash":"00b4f297f3ff9d9a63c49997ad3757ad9f819377","isMergeCommit":true,"messageTitle":"Merge pull request #23 from kairuler/searching","messageBody":"Searching","fileTypesAndContributionMap":{}},{"hash":"2d9ff8ed57e504b2873ddeaa81c39cec0d0bac22","isMergeCommit":true,"messageTitle":"Merge pull request #33 from AY2223S2-CS2113-T15-2/searching","messageBody":"Add View, Search and Edit","fileTypesAndContributionMap":{}}]},{"date":"2023-03-21","commitResults":[{"hash":"94c2461b38982b13cd3c75ffe20d6e41ff8c19b3","isMergeCommit":false,"messageTitle":"Add Invalid URL Exception","messageBody":"","fileTypesAndContributionMap":{"functional-code":{"insertions":24,"deletions":14},"other":{"insertions":0,"deletions":0}}},{"hash":"2e61af73ea9af362129a7810064667f33a39f74a","isMergeCommit":false,"messageTitle":"Add ExceptionMain to handle error message and printing of error message","messageBody":"","fileTypesAndContributionMap":{"functional-code":{"insertions":28,"deletions":6}}},{"hash":"3a78d9ff6be333c659111fa943140fba37b1c3ea","isMergeCommit":false,"messageTitle":"Add remaining invalid url exceptions","messageBody":"","fileTypesAndContributionMap":{"functional-code":{"insertions":11,"deletions":3}}},{"hash":"9ed9b27a2fa72ef37fbc1bf17420eaae7c19326f","isMergeCommit":false,"messageTitle":"Change folder name from unfiled to unnamed","messageBody":"","fileTypesAndContributionMap":{"functional-code":{"insertions":5,"deletions":5}}},{"hash":"d2d1bc1504ea49ec705cf73acb2b3ed900790fbc","isMergeCommit":false,"messageTitle":"Add getPassword, getStudentID, etc. methods","messageBody":"","fileTypesAndContributionMap":{"functional-code":{"insertions":26,"deletions":1}}},{"hash":"e63c635beaca8a687b57406a8e0a850c45e74182","isMergeCommit":false,"messageTitle":"ExceptionMain missing in command.java","messageBody":"","fileTypesAndContributionMap":{"functional-code":{"insertions":2,"deletions":1}}},{"hash":"90ed7e14fdc804ec710940287637c5628b7d15d1","isMergeCommit":false,"messageTitle":"Add Junit Test in Basic Password, NUSNet, and StudentID","messageBody":"","fileTypesAndContributionMap":{"test-code":{"insertions":90,"deletions":0}}},{"hash":"cc288441e1f0e0a96f1ed6e1b4f09d4b6cebd00c","isMergeCommit":true,"messageTitle":"Merge pull request #49 from stevenantya/v1.1","messageBody":"V1.1 Add JUnit Test","fileTypesAndContributionMap":{}},{"hash":"af6b07a14c599ebda75b529ce5d282d27c9d55d3","isMergeCommit":false,"messageTitle":"Revert \"V1.1 Add JUnit Test\"","messageBody":"","fileTypesAndContributionMap":{"functional-code":{"insertions":68,"deletions":889},"other":{"insertions":26,"deletions":39},"test-code":{"insertions":0,"deletions":468}}},{"hash":"f140ca40c06ed511322f1d8faac8f69891ef87e1","isMergeCommit":true,"messageTitle":"Merge pull request #51 from AY2223S2-CS2113-T15-2/revert-49-v1.1","messageBody":"Revert \"V1.1 Add JUnit Test\"","fileTypesAndContributionMap":{}},{"hash":"10d0c222bfd4800b317689e517042effceac5000","isMergeCommit":false,"messageTitle":"Revert \"Revert \"V1.1 Add JUnit Test\"\"","messageBody":"","fileTypesAndContributionMap":{"functional-code":{"insertions":889,"deletions":68},"other":{"insertions":39,"deletions":26},"test-code":{"insertions":468,"deletions":0}}},{"hash":"5bd2827c27f4a8712ddd3ca3b243dc5286727b84","isMergeCommit":true,"messageTitle":"Merge pull request #53 from AY2223S2-CS2113-T15-2/revert-51-revert-49-v1.1","messageBody":"Revert \"Revert \"V1.1 Add JUnit Test\"\"","fileTypesAndContributionMap":{}},{"hash":"441e54dd722d76945539fbab28cd50f04e109ae7","isMergeCommit":false,"messageTitle":"Basic Password","messageBody":"","fileTypesAndContributionMap":{"test-code":{"insertions":1,"deletions":0}}},{"hash":"77ff283fa2cc537f8a427ed7cee5fbfeaf7c0736","isMergeCommit":false,"messageTitle":"Fix Checkstyle","messageBody":"","fileTypesAndContributionMap":{"functional-code":{"insertions":45,"deletions":59},"test-code":{"insertions":2,"deletions":2}}},{"hash":"6429ec46785f3c35ddcbb267b093bfda64b454b8","isMergeCommit":false,"messageTitle":"Fix checkstyle 2","messageBody":"","fileTypesAndContributionMap":{"functional-code":{"insertions":0,"deletions":2},"test-code":{"insertions":10,"deletions":16}}},{"hash":"5f2717dc0a9f3bde20b0203dfed2ed4acac7cd80","isMergeCommit":true,"messageTitle":"Merge pull request #54 from stevenantya/v1.21","messageBody":"--","fileTypesAndContributionMap":{}},{"hash":"e1412b454c91fa75e721d6ae96328edc815015f6","isMergeCommit":false,"messageTitle":"Add getRevealStr to basic password, nusnet, and studentID","messageBody":"","fileTypesAndContributionMap":{"functional-code":{"insertions":21,"deletions":0}}},{"hash":"55b986b6918f2df6e37c24b8f32a2be8b51e85c4","isMergeCommit":true,"messageTitle":"Merge pull request #63 from AY2223S2-CS2113-T15-2/v1.3","messageBody":"Add getRevealStr to basic password, nusnet, and studentID","fileTypesAndContributionMap":{}},{"hash":"4d9e98dd36657ffdaf654bef6fee23a000e869f1","isMergeCommit":false,"messageTitle":"Add invalid command exception","messageBody":"","fileTypesAndContributionMap":{"functional-code":{"insertions":22,"deletions":7}}}]},{"date":"2023-03-23","commitResults":[{"hash":"b8133c98b21fccaf6ca22bb19cc84013c584c99c","isMergeCommit":false,"messageTitle":"Add JUnit Test for Delete Commands Add invalid command exception","messageBody":"","fileTypesAndContributionMap":{"functional-code":{"insertions":19,"deletions":1},"test-code":{"insertions":118,"deletions":0}}}]},{"date":"2023-03-24","commitResults":[{"hash":"d8c9b32dbbbc21e76bb3de71e695325290a7a4bb","isMergeCommit":false,"messageTitle":"NewBasicPassword Sequence Diagram","messageBody":"","fileTypesAndContributionMap":{"docs":{"insertions":37,"deletions":0}}}]},{"date":"2023-03-28","commitResults":[{"hash":"9951dd7695ef8d250eb273904d1651eaa2b8e539","isMergeCommit":false,"messageTitle":"Add delete exception and uml","messageBody":"","fileTypesAndContributionMap":{"functional-code":{"insertions":13,"deletions":4},"other":{"insertions":1,"deletions":1},"docs":{"insertions":41,"deletions":0}}},{"hash":"36833ac4e42ae84d67b89ddd4e8c002061a50a1f","isMergeCommit":false,"messageTitle":"Checkstyle","messageBody":"","fileTypesAndContributionMap":{"test-code":{"insertions":26,"deletions":40}}},{"hash":"082c39a5d98934a9edf2bf4be384a0d1ee771812","isMergeCommit":true,"messageTitle":"Merge pull request #69 from stevenantya/v1.31","messageBody":"V1.3","fileTypesAndContributionMap":{}}]},{"date":"2023-03-29","commitResults":[{"hash":"75a9cad2b6e8d7c30e15cb223fc02d46c8e61216","isMergeCommit":false,"messageTitle":"Fix delete exception","messageBody":"","fileTypesAndContributionMap":{"functional-code":{"insertions":11,"deletions":5}}},{"hash":"173d4b12edeb2e8fbaee15c3dddd5260ddfd5645","isMergeCommit":false,"messageTitle":"fix delete exception 2","messageBody":"","fileTypesAndContributionMap":{"functional-code":{"insertions":1,"deletions":1}}},{"hash":"4afe90f59eacb70c299345c8da8420133b36e2df","isMergeCommit":false,"messageTitle":"Add exit parser","messageBody":"","fileTypesAndContributionMap":{"functional-code":{"insertions":1,"deletions":1}}},{"hash":"0a7a3b3c16e2721ab8249f56b08e4ac8e4e76893","isMergeCommit":false,"messageTitle":"Add Typo o/ command","messageBody":"","fileTypesAndContributionMap":{"functional-code":{"insertions":3,"deletions":0}}},{"hash":"fca2da0dbf58461449f3a23f2c134654de961a89","isMergeCommit":false,"messageTitle":"Add intuitive message to URL exception","messageBody":"","fileTypesAndContributionMap":{"functional-code":{"insertions":1,"deletions":1}}},{"hash":"9350e69e889482538ab29f8dfb7e79ca893ff9bc","isMergeCommit":false,"messageTitle":"Add printline in error","messageBody":"","fileTypesAndContributionMap":{"functional-code":{"insertions":1,"deletions":0}}},{"hash":"97c91c1c3043c4b96227c997040f6e7172c4de26","isMergeCommit":false,"messageTitle":"delete Line","messageBody":"","fileTypesAndContributionMap":{"functional-code":{"insertions":0,"deletions":1}}},{"hash":"bce61be328ca567e6fe9cd56f061f3684fa4dad0","isMergeCommit":false,"messageTitle":"Add line in invalid command error","messageBody":"","fileTypesAndContributionMap":{"functional-code":{"insertions":2,"deletions":1}}},{"hash":"7a40f8fc3b05154bbcd97f402194a3a40431a1e5","isMergeCommit":true,"messageTitle":"Merge branch \u0027creation\u0027 into v1.31","messageBody":"","fileTypesAndContributionMap":{}},{"hash":"25e3c81250c800b216b6763ce1c7b5755a84ef72","isMergeCommit":false,"messageTitle":"checkstyle","messageBody":"","fileTypesAndContributionMap":{"functional-code":{"insertions":5,"deletions":3}}},{"hash":"7c41cd7ab37bf2408fd0498c3439aaf2a1c677a7","isMergeCommit":true,"messageTitle":"Merge branch \u0027v1.31\u0027 of https://github.com/stevenantya/tp into v1.31","messageBody":"","fileTypesAndContributionMap":{}},{"hash":"28542b4c75b31e1086b3c472fdcef89d13b556bd","isMergeCommit":false,"messageTitle":"checkstyle2","messageBody":"","fileTypesAndContributionMap":{"functional-code":{"insertions":1,"deletions":1}}},{"hash":"80711345919a6627604677e6cda8637814507fa8","isMergeCommit":true,"messageTitle":"Merge pull request #81 from stevenantya/v1.31","messageBody":"Fix bugs","fileTypesAndContributionMap":{}},{"hash":"e147242c56dd1670c507be437c905d5d1dc8ed7a","isMergeCommit":true,"messageTitle":"Merge branch \u0027master\u0027 into creation","messageBody":"","fileTypesAndContributionMap":{}},{"hash":"abb999f08915824192e6c2990b8ba0c4807192ba","isMergeCommit":false,"messageTitle":"khairul gradlew","messageBody":"","fileTypesAndContributionMap":{"test-code":{"insertions":2,"deletions":2}}}]},{"date":"2023-03-30","commitResults":[{"hash":"cccf26903245c4c8567114ef94a65042dc1d2a51","isMergeCommit":false,"messageTitle":"Contribute to DG","messageBody":"","fileTypesAndContributionMap":{"docs":{"insertions":9,"deletions":1}}},{"hash":"a5a9bb0d25dcccbad0ce07887ae933eea064f9d2","isMergeCommit":true,"messageTitle":"Merge pull request #93 from stevenantya/master","messageBody":"Add UG","fileTypesAndContributionMap":{}},{"hash":"20b2595e292470ca44effc89895b960f87478749","isMergeCommit":true,"messageTitle":"Add UG","messageBody":"Add UG","fileTypesAndContributionMap":{}}]},{"date":"2023-04-05","commitResults":[{"hash":"bf273d051b347393a9283e5af842dde7281073fa","isMergeCommit":false,"messageTitle":"Fix delete multiple items","messageBody":"","fileTypesAndContributionMap":{"functional-code":{"insertions":59,"deletions":38},"test-code":{"insertions":11,"deletions":24}}},{"hash":"36a0725076c0d753e1b2e71af899f3f5a4563085","isMergeCommit":false,"messageTitle":"add uml","messageBody":"","fileTypesAndContributionMap":{"docs":{"insertions":241,"deletions":0}}},{"hash":"e62f4badfd7a987db8a03ea41b3d43481668027c","isMergeCommit":true,"messageTitle":"Merge pull request #180 from stevenantya/v2.10","messageBody":"Fix delete multiples and add UML V2.10","fileTypesAndContributionMap":{}},{"hash":"e977c3e1b24ae27c700e8e28f0172584ca74439c","isMergeCommit":true,"messageTitle":"Merge pull request #181 from AY2223S2-CS2113-T15-2/creation","messageBody":"Creation V2.1","fileTypesAndContributionMap":{}}]}],"DeepanjaliDhawan":[{"date":"2023-03-07","commitResults":[{"hash":"53e1c58ad07c1c6d4d4c90e96c0415f1404f8fb2","isMergeCommit":false,"messageTitle":"Commit AboutUs","messageBody":"","fileTypesAndContributionMap":{"docs":{"insertions":7,"deletions":7}}}]},{"date":"2023-03-14","commitResults":[{"hash":"effaebce00bb9c546be9bda0f2f653590e1761c7","isMergeCommit":false,"messageTitle":"Commit - lists","messageBody":"","fileTypesAndContributionMap":{"functional-code":{"insertions":75,"deletions":6}}},{"hash":"8bdc03e6874e1decc5512a19c36c8ebe4458c2da","isMergeCommit":false,"messageTitle":"Commit - Update","messageBody":"","fileTypesAndContributionMap":{"functional-code":{"insertions":7,"deletions":1}}},{"hash":"cd8b53f9d649cd43df0cc02843f4acd3d27ad6c7","isMergeCommit":true,"messageTitle":"Merge pull request #39 from DeepanjaliDhawan/deeps-tagging","messageBody":"Deeps tagging","fileTypesAndContributionMap":{}},{"hash":"761907cbf67e704bb517d711e5ce6f03ee8bfad1","isMergeCommit":true,"messageTitle":"Merge pull request #40 from AY2223S2-CS2113-T15-2/tagging","messageBody":"Tagging","fileTypesAndContributionMap":{}}]},{"date":"2023-03-21","commitResults":[{"hash":"fe06bebbaa428f514edf4710efb00f439eb7b9f8","isMergeCommit":false,"messageTitle":"Clean Code, Add JUnit, Update GreetUsers","messageBody":"","fileTypesAndContributionMap":{"functional-code":{"insertions":5,"deletions":5},"other":{"insertions":0,"deletions":0},"test-code":{"insertions":32,"deletions":0}}},{"hash":"761ee848fd9c4d6d31cc2d476ae78566e52f737e","isMergeCommit":false,"messageTitle":"Updated Assertions","messageBody":"","fileTypesAndContributionMap":{"test-code":{"insertions":2,"deletions":1}}},{"hash":"6d4fe80b928831b71a293be6fd1f82a35adc56fb","isMergeCommit":false,"messageTitle":"update changes","messageBody":"","fileTypesAndContributionMap":{"functional-code":{"insertions":2,"deletions":8},"test-code":{"insertions":0,"deletions":2}}},{"hash":"26df4686837979721a7ffe5a57f2106efdd9429a","isMergeCommit":true,"messageTitle":"Merge pull request #55 from DeepanjaliDhawan/deeps-tagging-JUnit","messageBody":"Deeps tagging JUnit","fileTypesAndContributionMap":{}}]},{"date":"2023-03-24","commitResults":[{"hash":"699d68c8633917d7e66f88e024240c6595e8a661","isMergeCommit":false,"messageTitle":"Update 1. v2 version List 2. Parser Class 3. Ran JUnit Tests","messageBody":"","fileTypesAndContributionMap":{"functional-code":{"insertions":88,"deletions":19},"test-code":{"insertions":39,"deletions":0}}},{"hash":"2c51b028e594cbb707fa481804055b85dd6cca48","isMergeCommit":false,"messageTitle":"Update Parser to pass IO test","messageBody":"","fileTypesAndContributionMap":{"functional-code":{"insertions":15,"deletions":14}}},{"hash":"8ac01775bd66d7bab222d2160539b17c02c1127e","isMergeCommit":false,"messageTitle":"Update ListCommandTest to pass IO tests","messageBody":"","fileTypesAndContributionMap":{"test-code":{"insertions":12,"deletions":6}}},{"hash":"9e9e80699fa0113715b45042d4a2de6c484410ab","isMergeCommit":true,"messageTitle":"Merge pull request #64 from DeepanjaliDhawan/deeps-List(v2)","messageBody":"Deeps list(v2)","fileTypesAndContributionMap":{}}]},{"date":"2023-03-25","commitResults":[{"hash":"fdc4c3c5b5a1d34f40c168d57f72c90c77a2465f","isMergeCommit":true,"messageTitle":"Merge pull request #65 from AY2223S2-CS2113-T15-2/tagging","messageBody":"Tagging","fileTypesAndContributionMap":{}}]},{"date":"2023-03-28","commitResults":[{"hash":"5e1f220b54df3c02276a30c7a4e25109894a0acb","isMergeCommit":false,"messageTitle":"Commit 1. JavaDocs 2. UG update 3. Menu Function","messageBody":"","fileTypesAndContributionMap":{"functional-code":{"insertions":1327,"deletions":99},"other":{"insertions":2,"deletions":2},"docs":{"insertions":127,"deletions":115},"test-code":{"insertions":222,"deletions":9}}},{"hash":"4d4e5f349e04c1403aaf348afeb7c54ce6867a75","isMergeCommit":true,"messageTitle":"Merge pull request #67 from DeepanjaliDhawan/deeps-documentation","messageBody":"Deeps documentation","fileTypesAndContributionMap":{}},{"hash":"b731f29dedce0a8d7586b1f0fa85fa536020a6ac","isMergeCommit":false,"messageTitle":"Update for Windows Test","messageBody":"","fileTypesAndContributionMap":{"functional-code":{"insertions":4,"deletions":4}}},{"hash":"f91d0bf4fd7c1cefd7747ac593ff725c4ea1e59a","isMergeCommit":true,"messageTitle":"Merge pull request #70 from DeepanjaliDhawan/deeps-documentation","messageBody":"Update for Windows Test","fileTypesAndContributionMap":{}},{"hash":"7ef13828a7ddebfba970f5ad7d0ed5ff8517f13d","isMergeCommit":true,"messageTitle":"Merge pull request #68 from AY2223S2-CS2113-T15-2/tagging","messageBody":"Tagging","fileTypesAndContributionMap":{}},{"hash":"c9d5fb092c9b397a8c8611376e4c292228f21c8e","isMergeCommit":false,"messageTitle":"Update values","messageBody":"","fileTypesAndContributionMap":{"functional-code":{"insertions":7,"deletions":7}}},{"hash":"34f58e9867caa045f0b800d7e25344fc65cb2bec","isMergeCommit":true,"messageTitle":"Merge pull request #75 from DeepanjaliDhawan/deeps-documentation","messageBody":"Update values","fileTypesAndContributionMap":{}}]},{"date":"2023-04-02","commitResults":[{"hash":"8e3a22f4ccd2218a01816c48bf0f6746955e4dde","isMergeCommit":false,"messageTitle":"Updates","messageBody":"","fileTypesAndContributionMap":{"functional-code":{"insertions":3,"deletions":2}}},{"hash":"07dd50527c83ea5d6ef3031245d1f04d434b9255","isMergeCommit":false,"messageTitle":"Revert \"Updates\"","messageBody":"This reverts commit 8e3a22f4ccd2218a01816c48bf0f6746955e4dde.\n","fileTypesAndContributionMap":{"functional-code":{"insertions":2,"deletions":3}}}]},{"date":"2023-04-03","commitResults":[{"hash":"2f27e08e59e20b4175faff9af4677c1115ea49aa","isMergeCommit":true,"messageTitle":"Merge remote-tracking branch \u0027upstream/master\u0027","messageBody":"","fileTypesAndContributionMap":{}}]},{"date":"2023-04-05","commitResults":[{"hash":"bd1c54477d48b77e4e9675f904e3cd9b7e3ff24b","isMergeCommit":false,"messageTitle":"Commits: 1. Update List 2. Update a layout for UG 3. Update PPP 4. Update AboutUS","messageBody":"","fileTypesAndContributionMap":{"functional-code":{"insertions":42,"deletions":28},"docs":{"insertions":143,"deletions":112},"test-code":{"insertions":24,"deletions":1}}},{"hash":"51b3775321a2dca5a092ecda79e4182c7ee55136","isMergeCommit":false,"messageTitle":"correct checkstyle error","messageBody":"","fileTypesAndContributionMap":{"functional-code":{"insertions":1,"deletions":1}}},{"hash":"c5101e2ea2f7065c9a9125e946ede9423c195304","isMergeCommit":false,"messageTitle":"Final Update","messageBody":"","fileTypesAndContributionMap":{"functional-code":{"insertions":1,"deletions":1},"other":{"insertions":4,"deletions":0}}},{"hash":"3bb5293bcc4c6164c18e6c1bd928c7fb9750a8a4","isMergeCommit":true,"messageTitle":"Merge pull request #175 from DeepanjaliDhawan/master","messageBody":"Updates","fileTypesAndContributionMap":{}},{"hash":"3ae78878174cc0b4e086616dff0f404b9943fe4f","isMergeCommit":true,"messageTitle":"Merge branch \u0027master\u0027 into tagging","messageBody":"","fileTypesAndContributionMap":{}},{"hash":"1b0a97e3ce2b56666eebfcfdfdaa184c8cdd4e18","isMergeCommit":true,"messageTitle":"Merge branch \u0027master\u0027 into master","messageBody":"","fileTypesAndContributionMap":{}},{"hash":"a3db402d04c226244780aa7a8d81e7f191117d22","isMergeCommit":false,"messageTitle":"Solve errors","messageBody":"","fileTypesAndContributionMap":{"functional-code":{"insertions":1,"deletions":1}}},{"hash":"3c4e89936574ceb69ea39834b2f6d655adeb34f3","isMergeCommit":true,"messageTitle":"Merge pull request #179 from DeepanjaliDhawan/master","messageBody":"Latest Updates - Nusnet ID","fileTypesAndContributionMap":{}},{"hash":"afc62f521b9bc1a5c65fdc5109b584a20cf4bb3d","isMergeCommit":false,"messageTitle":"Update PPP","messageBody":"","fileTypesAndContributionMap":{"docs":{"insertions":12,"deletions":2}}},{"hash":"151b6f8c26e65fdf32b3c22e40324bc5aa63f4b6","isMergeCommit":true,"messageTitle":"Merge pull request #184 from DeepanjaliDhawan/master","messageBody":"Update PPP","fileTypesAndContributionMap":{}}]}],"euzhengxi":[{"date":"2023-03-06","commitResults":[{"hash":"e015113ad65e3099cb0fd9ab0e8a079c36ab7257","isMergeCommit":false,"messageTitle":"added my details","messageBody":"","fileTypesAndContributionMap":{"docs":{"insertions":7,"deletions":7}}}]},{"date":"2023-03-14","commitResults":[{"hash":"e414fe6a1b086f4ee1dbc126786ae8454904b4cf","isMergeCommit":false,"messageTitle":"Added feature that allows users to access passwords from previous sessions","messageBody":"","fileTypesAndContributionMap":{"functional-code":{"insertions":224,"deletions":15}}},{"hash":"72b77d6853be9b8ce6208cf9a66dfd5a3bf25e63","isMergeCommit":false,"messageTitle":"encrypts all confidential data from current and previous sessions","messageBody":"","fileTypesAndContributionMap":{"functional-code":{"insertions":26,"deletions":5}}},{"hash":"6c46b67c2f8f6663f772edc72651044ba62c2ff4","isMergeCommit":true,"messageTitle":"Merge branch \u0027export\u0027 into export","messageBody":"","fileTypesAndContributionMap":{}},{"hash":"1ad56262c1d7a528d6420f315afef7dcca892aec","isMergeCommit":false,"messageTitle":"resolved gradlew errors","messageBody":"","fileTypesAndContributionMap":{"functional-code":{"insertions":9,"deletions":3}}},{"hash":"d4164e689514d9132bdbcbf760386535d653f437","isMergeCommit":true,"messageTitle":"Merge branch \u0027export\u0027 of https://github.com/euzhengxi/tp into export","messageBody":"","fileTypesAndContributionMap":{}},{"hash":"88994a63380619285b5f045f9230d4972709dfea","isMergeCommit":true,"messageTitle":"Merge pull request #35 from euzhengxi/export","messageBody":"Export","fileTypesAndContributionMap":{}},{"hash":"7a2dc939c4fa5d2c4b99cf7b15f5a46fa8480413","isMergeCommit":true,"messageTitle":"Merge pull request #37 from AY2223S2-CS2113-T15-2/export","messageBody":"Export","fileTypesAndContributionMap":{}}]},{"date":"2023-03-15","commitResults":[{"hash":"04b61260f018173b79435a0e9527b0d4cc62086a","isMergeCommit":false,"messageTitle":"Fixed bugs in Backend.java: creation of secrets from encoded fields","messageBody":"","fileTypesAndContributionMap":{"functional-code":{"insertions":12,"deletions":11},"other":{"insertions":0,"deletions":0}}},{"hash":"2e639a878ecf61a431d00fca0b276d62eda0f7bb","isMergeCommit":false,"messageTitle":"Fixed bugs in the text-ui-test","messageBody":"","fileTypesAndContributionMap":{"functional-code":{"insertions":2,"deletions":3}}},{"hash":"f527ee1314978ea789f539177b11123c7fcc7e0f","isMergeCommit":false,"messageTitle":"Amended commment indentation","messageBody":"","fileTypesAndContributionMap":{"functional-code":{"insertions":3,"deletions":1}}}]},{"date":"2023-03-17","commitResults":[{"hash":"af0d7b64efde2a9fe6d737f36f24e93ee6f94f85","isMergeCommit":false,"messageTitle":"Fixed bugs in Backend.Java, amended naming of variables","messageBody":"","fileTypesAndContributionMap":{"functional-code":{"insertions":2,"deletions":2}}}]},{"date":"2023-03-18","commitResults":[{"hash":"03384e2556751d409131067681b7e6dd1e36fc0d","isMergeCommit":false,"messageTitle":"Fixed bugs in Backend: url field can now be empty in Basic Password","messageBody":"","fileTypesAndContributionMap":{"functional-code":{"insertions":9,"deletions":2}}}]},{"date":"2023-03-21","commitResults":[{"hash":"0cc0e2a7fe2387947f741564dbd7cc5d7a8b1cf6","isMergeCommit":true,"messageTitle":"Merge pull request #48 from kairuler/master","messageBody":"Add JUnit tests for Edit and Search commands","fileTypesAndContributionMap":{}},{"hash":"c57c633a1d95617478e7eac5b334ee090680f244","isMergeCommit":false,"messageTitle":"Amended gitignore and file cache","messageBody":"","fileTypesAndContributionMap":{"functional-code":{"insertions":1,"deletions":1},"test-code":{"insertions":20,"deletions":0}}},{"hash":"c99ef9807ec9098703a9722efc947ba9e5dc9246","isMergeCommit":false,"messageTitle":"Amended naming convention in junit test for Backend.java","messageBody":"","fileTypesAndContributionMap":{"test-code":{"insertions":2,"deletions":2}}},{"hash":"d753d3e8c7f994ab522e840242b6327188e37c23","isMergeCommit":true,"messageTitle":"Merge pull request #47 from euzhengxi/export","messageBody":"Export","fileTypesAndContributionMap":{}}]},{"date":"2023-03-22","commitResults":[{"hash":"6a0cad1ae60d98d970bf4a7dd2a1f238d5721487","isMergeCommit":false,"messageTitle":"Added method - toStringForDatabase for creditcard, cryptowallet, wifipassword. user data from creditcard, cryptowallet and wifipassword can now be loaded from previous sessions","messageBody":"","fileTypesAndContributionMap":{"functional-code":{"insertions":89,"deletions":18}}},{"hash":"6ec93986cba432d8692caa5d17bcafccddad123c","isMergeCommit":false,"messageTitle":"Replaced magic literals in Backend.java","messageBody":"","fileTypesAndContributionMap":{"functional-code":{"insertions":27,"deletions":19}}}]},{"date":"2023-03-28","commitResults":[{"hash":"6b1fb6efef40f19917397cc95957a306719e1d29","isMergeCommit":false,"messageTitle":"Added logger class and other junit tests","messageBody":"","fileTypesAndContributionMap":{"functional-code":{"insertions":63,"deletions":10},"test-code":{"insertions":38,"deletions":3}}},{"hash":"8f028c50f70a5b8b0b574339059982fefdfb543e","isMergeCommit":false,"messageTitle":"made amendments according to checkstyle","messageBody":"","fileTypesAndContributionMap":{"functional-code":{"insertions":28,"deletions":20}}},{"hash":"6c609bfcdca3a6cac45f54c2b8e87cb582515d50","isMergeCommit":false,"messageTitle":"made amendments for tests","messageBody":"","fileTypesAndContributionMap":{"test-code":{"insertions":2,"deletions":2}}},{"hash":"67745ed4aa39f4b1b99a92faf84f36aaf3b91b43","isMergeCommit":false,"messageTitle":"made amendments based on checkstyle","messageBody":"","fileTypesAndContributionMap":{"functional-code":{"insertions":2,"deletions":2},"test-code":{"insertions":0,"deletions":1}}},{"hash":"33fae4eb6f3c2ecd5849b5e0729fb6b9bf47a550","isMergeCommit":true,"messageTitle":"Merge pull request #71 from euzhengxi/export","messageBody":"Export","fileTypesAndContributionMap":{}}]},{"date":"2023-03-31","commitResults":[{"hash":"f8437f3b1eac2329d4fa214fef7ff20db6be33df","isMergeCommit":false,"messageTitle":"added formatting for UG","messageBody":"","fileTypesAndContributionMap":{"docs":{"insertions":5,"deletions":0}}},{"hash":"bb2c3f4a69af68ce7c10e3354fbd2e948b794970","isMergeCommit":true,"messageTitle":"Merge pull request #95 from euzhengxi/export","messageBody":"Export: added minor formatting changes to the UG","fileTypesAndContributionMap":{}},{"hash":"f181528192813988ae2da4a1c0a20e1540d36613","isMergeCommit":true,"messageTitle":"Merge pull request #96 from AY2223S2-CS2113-T15-2/export","messageBody":"Export","fileTypesAndContributionMap":{}}]}]},"authorFileTypeContributionMap":{"ollayf":{"docs":585,"functional-code":1566,"test-code":663,"other":62},"kairuler":{"docs":292,"functional-code":250,"test-code":361},"stevenantya":{"docs":373,"functional-code":425,"test-code":162},"DeepanjaliDhawan":{"docs":277,"functional-code":1212,"test-code":290,"other":5},"euzhengxi":{"docs":28,"functional-code":358,"test-code":20}},"authorContributionVariance":{"ollayf":142137.69,"kairuler":7454.94,"stevenantya":230689.53,"DeepanjaliDhawan":76522.41,"euzhengxi":2536.5105},"authorDisplayNameMap":{"ollayf":"CS2113-T15-2 NG Y.. FEI","kairuler":"CS2113-T15-2 KHAI..ALIM","stevenantya":"CS2113-T15-2 STEV..KITO","DeepanjaliDhawan":"CS2113-T15-2 DEEP..AWAN","euzhengxi":"CS2113-T15-2 EU Z..G XI"}}
