{"authorDailyContributionsMap":{"ollayf":[{"date":"2023-02-24","commitResults":[{"hash":"f5a8a98d324e840ec5eaf19a24825d8c1f41487d","isMergeCommit":false,"messageTitle":"added new test scripts","messageBody":"","fileTypesAndContributionMap":{"other":{"insertions":61,"deletions":0}}},{"hash":"3fb3bf01265ed00d07ef096b3f24afe9c559b46f","isMergeCommit":true,"messageTitle":"Merge pull request #8 from ollayf/master","messageBody":"added new test scripts, to support testing on mac and jar file on mac","fileTypesAndContributionMap":{}}]},{"date":"2023-03-02","commitResults":[{"hash":"c0997040cfdc8bfed73daf4951546d9918f0c859","isMergeCommit":false,"messageTitle":"added info about self","messageBody":"","fileTypesAndContributionMap":{"docs":{"insertions":23,"deletions":7}}}]},{"date":"2023-03-03","commitResults":[{"hash":"6b936ebf72c2a0d35bb9610167138e92ab87feb1","isMergeCommit":false,"messageTitle":"Created data structures not tested","messageBody":"","fileTypesAndContributionMap":{"functional-code":{"insertions":293,"deletions":0},"other":{"insertions":10,"deletions":34}}}]},{"date":"2023-03-07","commitResults":[{"hash":"49599c8b892d239925b559a7f36577398d98b8fd","isMergeCommit":true,"messageTitle":"Merge branch \u0027master\u0027 into stevenantya-AboutUs","messageBody":"","fileTypesAndContributionMap":{}},{"hash":"ba8a432d699656611b88e946ff01a3b88186fae6","isMergeCommit":true,"messageTitle":"Merge pull request #19 from stevenantya/stevenantya-AboutUs","messageBody":"Add About Us Steven","fileTypesAndContributionMap":{}},{"hash":"e92188bace63646daab308b0ba2d0492fd554aab","isMergeCommit":true,"messageTitle":"Merge branch \u0027master\u0027 into deepanjaliDhawan-AboutUs","messageBody":"","fileTypesAndContributionMap":{}},{"hash":"538bbb57bfd192f1a705d81c9b9f587c198fb1e8","isMergeCommit":true,"messageTitle":"Merge pull request #17 from DeepanjaliDhawan/deepanjaliDhawan-AboutUs","messageBody":"Commit AboutUs","fileTypesAndContributionMap":{}},{"hash":"f366321b952599d66a527e0de389a522e86a4989","isMergeCommit":true,"messageTitle":"Merge branch \u0027master\u0027 into khairul-AboutUs","messageBody":"","fileTypesAndContributionMap":{}},{"hash":"1e6340617df4cd5be7b6d3c0a93c72866115cee8","isMergeCommit":true,"messageTitle":"Merge pull request #15 from kairuler/khairul-AboutUs","messageBody":"Add my details to the About Us page","fileTypesAndContributionMap":{}},{"hash":"210d5bbc1231de2663712741648bfc5e920a3741","isMergeCommit":false,"messageTitle":"Check style for secrets basic","messageBody":"","fileTypesAndContributionMap":{"functional-code":{"insertions":20,"deletions":19},"other":{"insertions":8,"deletions":7}}},{"hash":"0caf0e6257dace09a6bf56497b7c38c8d1f4117c","isMergeCommit":true,"messageTitle":"Merge pull request #21 from euzhengxi/export","messageBody":"added my details","fileTypesAndContributionMap":{}},{"hash":"13aace5044ffeb816f1805f898276658f5e0ce8b","isMergeCommit":true,"messageTitle":"Merge pull request #14 from ollayf/master","messageBody":"Created data structures not tested","fileTypesAndContributionMap":{}}]},{"date":"2023-03-14","commitResults":[{"hash":"c029aba1df13246ed7d20563a250bd48f92f5532","isMergeCommit":false,"messageTitle":"Added JUnit tests for Secrets and their master","messageBody":"","fileTypesAndContributionMap":{"functional-code":{"insertions":325,"deletions":42},"other":{"insertions":22,"deletions":17},"test-code":{"insertions":365,"deletions":0}}},{"hash":"db7428df15bc7426051965050a7ec4d3a374b00d","isMergeCommit":true,"messageTitle":"Merge pull request #26 from ollayf/master","messageBody":"Added JUnit tests for defensive push and wifi and crypto and credit card","fileTypesAndContributionMap":{}},{"hash":"b3db21061383011b2702b365c5c6b8073f5c4e49","isMergeCommit":false,"messageTitle":"Fixed checkstyle error","messageBody":"","fileTypesAndContributionMap":{"test-code":{"insertions":44,"deletions":40}}},{"hash":"12c6d18838018f5ea9bcd56bf9c225e6b08811ac","isMergeCommit":true,"messageTitle":"Merge pull request #30 from ollayf/master","messageBody":"Fixed checkstyle error","fileTypesAndContributionMap":{}},{"hash":"987056e6976cfc625891c9ede899b3bee01ec0fe","isMergeCommit":false,"messageTitle":"staticize final","messageBody":"","fileTypesAndContributionMap":{"functional-code":{"insertions":2,"deletions":2}}},{"hash":"feee1d63f4e1aaa7aee393470c57bc24a5db2fc4","isMergeCommit":true,"messageTitle":"Merge master and fields","messageBody":"","fileTypesAndContributionMap":{}},{"hash":"6159ae225044de3041ae8a14b64192a5e5e39b43","isMergeCommit":false,"messageTitle":"Small edit","messageBody":"","fileTypesAndContributionMap":{"functional-code":{"insertions":1,"deletions":1}}},{"hash":"f7c29e559b96ddaad513e3c7b93ee45bde7abcce","isMergeCommit":true,"messageTitle":"Merged all except deeps","messageBody":"","fileTypesAndContributionMap":{}},{"hash":"51f3d2e267ffc59e27148d3b0cbaa2c3010e3fb4","isMergeCommit":true,"messageTitle":"Merged all","messageBody":"","fileTypesAndContributionMap":{}},{"hash":"189069c55b64b60a8b0215705f5f82719b17ae4c","isMergeCommit":false,"messageTitle":"Cleared cs","messageBody":"","fileTypesAndContributionMap":{"functional-code":{"insertions":16,"deletions":14},"test-code":{"insertions":92,"deletions":83}}},{"hash":"b14802b73c9906419fb36e259ab130f3d2e5f811","isMergeCommit":true,"messageTitle":"Merge pull request #36 from ollayf/master","messageBody":"Merged all except deeps and ZX","fileTypesAndContributionMap":{}}]},{"date":"2023-03-15","commitResults":[{"hash":"c3495a0ba656a0075e1a5ff4c971d97cdc8476dc","isMergeCommit":false,"messageTitle":"Silenced runtest temp","messageBody":"","fileTypesAndContributionMap":{"functional-code":{"insertions":0,"deletions":1}}}]},{"date":"2023-03-16","commitResults":[{"hash":"12180accff1c0741d42b8ea57d8846c53b0cc331","isMergeCommit":false,"messageTitle":"Basic clean up","messageBody":"","fileTypesAndContributionMap":{"functional-code":{"insertions":0,"deletions":1}}},{"hash":"580349cc87f76494447fde1ffb8d2d312b7f02ed","isMergeCommit":true,"messageTitle":"Merge pull request #46 from ollayf/master","messageBody":"clean up code","tags":["v1.0"],"fileTypesAndContributionMap":{}}]},{"date":"2023-03-21","commitResults":[{"hash":"7f7b1cfb6140d5e94bd26cfd9107e527d5fad357","isMergeCommit":false,"messageTitle":"created Credit Card creation and more JUnit test","messageBody":"","fileTypesAndContributionMap":{"functional-code":{"insertions":177,"deletions":11},"other":{"insertions":9,"deletions":5},"test-code":{"insertions":231,"deletions":163}}},{"hash":"38921c9c85a4578cf77b8ce0a78d5213913c77d7","isMergeCommit":true,"messageTitle":"Merge pull request #56 from ollayf/master","messageBody":"Created credit card","fileTypesAndContributionMap":{}},{"hash":"edf117125e62b6d5a1812f6452ac495a98d005c3","isMergeCommit":false,"messageTitle":"Added JUnit tests and UI for adding credit card","messageBody":"","fileTypesAndContributionMap":{"functional-code":{"insertions":176,"deletions":11},"other":{"insertions":9,"deletions":5},"test-code":{"insertions":248,"deletions":163}}},{"hash":"43c6c615b5e4a0711a976bc5dcc89361536df000","isMergeCommit":true,"messageTitle":"Merge branch \u0027fields\u0027 into master","messageBody":"","fileTypesAndContributionMap":{}},{"hash":"9a3932bf6ac7aebb269d7c3e947a015415710fa6","isMergeCommit":true,"messageTitle":"Merge pull request #57 from ollayf/master","messageBody":"Added JUnit tests and UI for adding credit card","fileTypesAndContributionMap":{}},{"hash":"ece7278f60eea4ca3dfddd1aa58248c3812440ed","isMergeCommit":true,"messageTitle":"Merged ZX and Ho","messageBody":"","fileTypesAndContributionMap":{}},{"hash":"e40d7e4e692fc49f7f58389b77d9d251829f7b0d","isMergeCommit":true,"messageTitle":"Merge branch \u0027master\u0027 of https://github.com/ollayf/tp","messageBody":"","fileTypesAndContributionMap":{}},{"hash":"20850ab5f73d38ee020c5ee18b23e25d6a0a6e6f","isMergeCommit":true,"messageTitle":"Merge pull request #61 from ollayf/master","messageBody":"Merged ZX and Ho, v1.2","fileTypesAndContributionMap":{}},{"hash":"e00257f0674ff2d203d0ca56abff91ad7714cbeb","isMergeCommit":true,"messageTitle":"Merge pull request #59 from AY2223S2-CS2113-T15-2/fields","messageBody":"Fields","fileTypesAndContributionMap":{}},{"hash":"b7b4142a92d698df2e0052d76594acce3839e04c","isMergeCommit":true,"messageTitle":"Merge branch \u0027master\u0027 into tagging","messageBody":"","fileTypesAndContributionMap":{}},{"hash":"c192b9b3e71dabd1cafa85e090558f12ec64fb89","isMergeCommit":true,"messageTitle":"Merge pull request #60 from AY2223S2-CS2113-T15-2/tagging","messageBody":"Tagging","fileTypesAndContributionMap":{}},{"hash":"802771417e30fd8d0ac670e1d1a924e821491490","isMergeCommit":true,"messageTitle":"Merge branch \u0027master\u0027 into creation","messageBody":"","fileTypesAndContributionMap":{}},{"hash":"08f3b4658196f45fd2cd332e7b79ab76b7ee92a3","isMergeCommit":true,"messageTitle":"Merge pull request #58 from AY2223S2-CS2113-T15-2/creation","messageBody":"Merge Creation v1.2","fileTypesAndContributionMap":{}},{"hash":"b66fe10d016c21ea550a5ccfe22d948c96aa6358","isMergeCommit":false,"messageTitle":"v1.2 merge creation","messageBody":"","fileTypesAndContributionMap":{"test-code":{"insertions":5,"deletions":2}}},{"hash":"c6839f972ece2ec247a530d0662d68a7ce5c83ca","isMergeCommit":true,"messageTitle":"Merge branch \u0027master\u0027 into export","messageBody":"","fileTypesAndContributionMap":{}},{"hash":"1298c56936d162e5f1b9166a09a520445e81a418","isMergeCommit":true,"messageTitle":"Merge pull request #62 from AY2223S2-CS2113-T15-2/export","messageBody":"Export unfinished","fileTypesAndContributionMap":{}},{"hash":"673784eaf0bb2f565e26a4502273c3ab8f72e39c","isMergeCommit":false,"messageTitle":"Merged all v1.2","messageBody":"","fileTypesAndContributionMap":{"test-code":{"insertions":1,"deletions":1}}}]}],"kairuler":[{"date":"2023-03-03","commitResults":[{"hash":"0c821316d0e643baea35a692e76e9e12da559be2","isMergeCommit":false,"messageTitle":"Add my details to the About Us page","messageBody":"","fileTypesAndContributionMap":{"docs":{"insertions":7,"deletions":7}}}]},{"date":"2023-03-07","commitResults":[{"hash":"a3dda10ac729c2398b66b519614c3968da3ca34d","isMergeCommit":true,"messageTitle":"Merge branch \u0027master\u0027 into export","messageBody":"","fileTypesAndContributionMap":{}}]},{"date":"2023-03-14","commitResults":[{"hash":"69fc701b4cebfa4da49dd7f91e0457b412936f24","isMergeCommit":false,"messageTitle":"Add Search command and View command","messageBody":"Changed getByName() in SecretMaster class such that it now throws exception when not found\n","fileTypesAndContributionMap":{"functional-code":{"insertions":107,"deletions":1}}},{"hash":"308c0396ea56d980d95bd2cc5e8b71217acd844b","isMergeCommit":false,"messageTitle":"Add Edit command","messageBody":"","fileTypesAndContributionMap":{"functional-code":{"insertions":84,"deletions":17}}}]},{"date":"2023-03-16","commitResults":[{"hash":"716ef24ed2c760f727b4e59a684deea57bdefb60","isMergeCommit":false,"messageTitle":"Small changes to Edit, Search and View commands","messageBody":"","fileTypesAndContributionMap":{"functional-code":{"insertions":19,"deletions":7},"other":{"insertions":0,"deletions":0}}}]},{"date":"2023-03-20","commitResults":[{"hash":"dc3293d76bb0ca02c5bc0e82892aed89303a39af","isMergeCommit":false,"messageTitle":"Add JUnit Tests to Edit and Search commands","messageBody":"","fileTypesAndContributionMap":{"functional-code":{"insertions":8,"deletions":8},"test-code":{"insertions":67,"deletions":0}}},{"hash":"f9525f852104303a9639fd8b0f664a9868c37fb4","isMergeCommit":true,"messageTitle":"Merge pull request #1 from kairuler/searching","messageBody":"Searching","fileTypesAndContributionMap":{}},{"hash":"13282e273d3286bfc9219af5478c7b27eb720bdd","isMergeCommit":false,"messageTitle":"Refactor to pass checkstyle tests","messageBody":"","fileTypesAndContributionMap":{"functional-code":{"insertions":3,"deletions":3},"test-code":{"insertions":13,"deletions":12}}}]},{"date":"2023-03-21","commitResults":[{"hash":"a0d986e3cf470f0c680cd9090a13061296bd1d03","isMergeCommit":true,"messageTitle":"Merge pull request #2 from kairuler/searching","messageBody":"Refactor to pass checkstyle tests","fileTypesAndContributionMap":{}}]}],"stevenantya":[{"date":"2023-03-07","commitResults":[{"hash":"9a7d19c95f48d4091e4079b9313931069f7506ae","isMergeCommit":false,"messageTitle":"Add About Us Steven","messageBody":"","fileTypesAndContributionMap":{"docs":{"insertions":26,"deletions":7}}},{"hash":"b2051fa979b188aa3aa30b51998eff9ba06e0cae","isMergeCommit":true,"messageTitle":"Merge pull request #13 from ollayf/hosea-AboutUs","messageBody":"Apporve hosea about us PR","fileTypesAndContributionMap":{}},{"hash":"816bd260578717ec1b0803d959c49df1dbb427d4","isMergeCommit":true,"messageTitle":"Merge pull request #16 from euzhengxi/export","messageBody":"Zheng Xi About Us","fileTypesAndContributionMap":{}},{"hash":"15a75301bbcff0c04ec66f0e963ed474f0536e76","isMergeCommit":false,"messageTitle":"Revert \"Added my details to the AboutUs page\"","messageBody":"","fileTypesAndContributionMap":{"docs":{"insertions":7,"deletions":7}}},{"hash":"29cabee604b47f45c7ba404af3201066346f2c2e","isMergeCommit":true,"messageTitle":"Merge pull request #20 from AY2223S2-CS2113-T15-2/revert-16-export","messageBody":"Revert \"Added my details to the AboutUs page\"","fileTypesAndContributionMap":{}}]},{"date":"2023-03-09","commitResults":[{"hash":"66e806b44b83dd854ff02ad1481f53eb41c12b31","isMergeCommit":false,"messageTitle":"initial commit","messageBody":"","fileTypesAndContributionMap":{"functional-code":{"insertions":72,"deletions":11}}},{"hash":"01ba06ec095507af75d8d772db4946ea597db8c5","isMergeCommit":false,"messageTitle":"Add Password, DS, Parser, UI","messageBody":"","fileTypesAndContributionMap":{"functional-code":{"insertions":143,"deletions":82}}}]},{"date":"2023-03-10","commitResults":[{"hash":"e5d01a3c47e4eda6f3a4c75c24fd03670b06837a","isMergeCommit":false,"messageTitle":"simple ui, parser, password ds, add basic password","messageBody":"","fileTypesAndContributionMap":{"functional-code":{"insertions":154,"deletions":36}}},{"hash":"71cb2ebe1fe6b71d6bd66f62bb9db36818d8b81e","isMergeCommit":false,"messageTitle":"Add Basic Password to SecretMaster","messageBody":"","fileTypesAndContributionMap":{"functional-code":{"insertions":36,"deletions":8}}}]},{"date":"2023-03-11","commitResults":[{"hash":"cec31a986f483b6a3a978828b5c5f868254f0b9c","isMergeCommit":false,"messageTitle":"Add NUSNet and StudentID","messageBody":"","fileTypesAndContributionMap":{"functional-code":{"insertions":131,"deletions":24}}},{"hash":"61e55f645d540fda794615188fbcab93226b0328","isMergeCommit":false,"messageTitle":"Fix checkstyle","messageBody":"","fileTypesAndContributionMap":{"functional-code":{"insertions":16,"deletions":9}}},{"hash":"5560b8a91a2499478a067cc0bb718003a8030e9c","isMergeCommit":false,"messageTitle":"IO redirection test","messageBody":"","fileTypesAndContributionMap":{"functional-code":{"insertions":1,"deletions":1}}},{"hash":"cc2ce2912ccc46cf56c24100f0fd2b1f9e7ad718","isMergeCommit":false,"messageTitle":"io","messageBody":"","fileTypesAndContributionMap":{"other":{"insertions":2,"deletions":2}}},{"hash":"9878644ed95028f1b104890d7a2e64f6feb18485","isMergeCommit":false,"messageTitle":"IO","messageBody":"","fileTypesAndContributionMap":{"other":{"insertions":3,"deletions":3}}},{"hash":"33e91d9bb5c488ce390814dcae21508af83a57f4","isMergeCommit":false,"messageTitle":"change name to duke","messageBody":"","fileTypesAndContributionMap":{"other":{"insertions":4,"deletions":4}}}]},{"date":"2023-03-12","commitResults":[{"hash":"551a8a21d318062c67afe6b04be51f4bad66e760","isMergeCommit":false,"messageTitle":"Try to fix IO","messageBody":"","fileTypesAndContributionMap":{"functional-code":{"insertions":38,"deletions":34}}},{"hash":"a39887cecf6bd644ef834045fffd87f280931139","isMergeCommit":false,"messageTitle":"try to fix io 2","messageBody":"","fileTypesAndContributionMap":{"functional-code":{"insertions":5,"deletions":12}}}]},{"date":"2023-03-13","commitResults":[{"hash":"79572bbeb1aef411a5b16430f807f6a2b94909c3","isMergeCommit":true,"messageTitle":"Merge pull request #22 from stevenantya/v1","messageBody":"Add Basic Password to the SecretMaster","fileTypesAndContributionMap":{}}]},{"date":"2023-03-14","commitResults":[{"hash":"1cad173294f333f52a0c9374a274c03552882d1e","isMergeCommit":false,"messageTitle":"Add url and username","messageBody":"","fileTypesAndContributionMap":{"functional-code":{"insertions":16,"deletions":8}}},{"hash":"7c59f49135ecb48aa2ba3139f198cb1a068cac67","isMergeCommit":false,"messageTitle":"Add Folders","messageBody":"","fileTypesAndContributionMap":{"functional-code":{"insertions":33,"deletions":8}}},{"hash":"34c2a3e7c4650328c71a2302196c8679c40adae9","isMergeCommit":true,"messageTitle":"Merge pull request #24 from stevenantya/v1","messageBody":"Add Folders, username, and url","fileTypesAndContributionMap":{}},{"hash":"6b27763082dead5aba34d79411e51fd8a955fc08","isMergeCommit":false,"messageTitle":"Add delete function","messageBody":"Exception not handled yet!\n","fileTypesAndContributionMap":{"functional-code":{"insertions":51,"deletions":9}}},{"hash":"e058caee7faf7b767c0be6697f5d7ed29abf3fc3","isMergeCommit":true,"messageTitle":"Merge pull request #25 from stevenantya/v1","messageBody":"Add delete function","fileTypesAndContributionMap":{}},{"hash":"a52dae74eb08b7be72b4541afcbc84f47486cf2d","isMergeCommit":true,"messageTitle":"Merge pull request #31 from AY2223S2-CS2113-T15-2/creation","messageBody":"Creation Merge V1","fileTypesAndContributionMap":{}},{"hash":"00b4f297f3ff9d9a63c49997ad3757ad9f819377","isMergeCommit":true,"messageTitle":"Merge pull request #23 from kairuler/searching","messageBody":"Searching","fileTypesAndContributionMap":{}},{"hash":"2d9ff8ed57e504b2873ddeaa81c39cec0d0bac22","isMergeCommit":true,"messageTitle":"Merge pull request #33 from AY2223S2-CS2113-T15-2/searching","messageBody":"Add View, Search and Edit","fileTypesAndContributionMap":{}}]},{"date":"2023-03-21","commitResults":[{"hash":"94c2461b38982b13cd3c75ffe20d6e41ff8c19b3","isMergeCommit":false,"messageTitle":"Add Invalid URL Exception","messageBody":"","fileTypesAndContributionMap":{"functional-code":{"insertions":24,"deletions":14},"other":{"insertions":0,"deletions":0}}},{"hash":"2e61af73ea9af362129a7810064667f33a39f74a","isMergeCommit":false,"messageTitle":"Add ExceptionMain to handle error message and printing of error message","messageBody":"","fileTypesAndContributionMap":{"functional-code":{"insertions":28,"deletions":6}}},{"hash":"3a78d9ff6be333c659111fa943140fba37b1c3ea","isMergeCommit":false,"messageTitle":"Add remaining invalid url exceptions","messageBody":"","fileTypesAndContributionMap":{"functional-code":{"insertions":11,"deletions":3}}},{"hash":"9ed9b27a2fa72ef37fbc1bf17420eaae7c19326f","isMergeCommit":false,"messageTitle":"Change folder name from unfiled to unnamed","messageBody":"","fileTypesAndContributionMap":{"functional-code":{"insertions":5,"deletions":5}}},{"hash":"d2d1bc1504ea49ec705cf73acb2b3ed900790fbc","isMergeCommit":false,"messageTitle":"Add getPassword, getStudentID, etc. methods","messageBody":"","fileTypesAndContributionMap":{"functional-code":{"insertions":26,"deletions":1}}},{"hash":"e63c635beaca8a687b57406a8e0a850c45e74182","isMergeCommit":false,"messageTitle":"ExceptionMain missing in command.java","messageBody":"","fileTypesAndContributionMap":{"functional-code":{"insertions":2,"deletions":1}}},{"hash":"90ed7e14fdc804ec710940287637c5628b7d15d1","isMergeCommit":false,"messageTitle":"Add Junit Test in Basic Password, NUSNet, and StudentID","messageBody":"","fileTypesAndContributionMap":{"test-code":{"insertions":90,"deletions":0}}},{"hash":"cc288441e1f0e0a96f1ed6e1b4f09d4b6cebd00c","isMergeCommit":true,"messageTitle":"Merge pull request #49 from stevenantya/v1.1","messageBody":"V1.1 Add JUnit Test","fileTypesAndContributionMap":{}},{"hash":"af6b07a14c599ebda75b529ce5d282d27c9d55d3","isMergeCommit":false,"messageTitle":"Revert \"V1.1 Add JUnit Test\"","messageBody":"","fileTypesAndContributionMap":{"functional-code":{"insertions":68,"deletions":889},"other":{"insertions":26,"deletions":39},"test-code":{"insertions":0,"deletions":468}}},{"hash":"f140ca40c06ed511322f1d8faac8f69891ef87e1","isMergeCommit":true,"messageTitle":"Merge pull request #51 from AY2223S2-CS2113-T15-2/revert-49-v1.1","messageBody":"Revert \"V1.1 Add JUnit Test\"","fileTypesAndContributionMap":{}},{"hash":"10d0c222bfd4800b317689e517042effceac5000","isMergeCommit":false,"messageTitle":"Revert \"Revert \"V1.1 Add JUnit Test\"\"","messageBody":"","fileTypesAndContributionMap":{"functional-code":{"insertions":889,"deletions":68},"other":{"insertions":39,"deletions":26},"test-code":{"insertions":468,"deletions":0}}},{"hash":"5bd2827c27f4a8712ddd3ca3b243dc5286727b84","isMergeCommit":true,"messageTitle":"Merge pull request #53 from AY2223S2-CS2113-T15-2/revert-51-revert-49-v1.1","messageBody":"Revert \"Revert \"V1.1 Add JUnit Test\"\"","fileTypesAndContributionMap":{}},{"hash":"441e54dd722d76945539fbab28cd50f04e109ae7","isMergeCommit":false,"messageTitle":"Basic Password","messageBody":"","fileTypesAndContributionMap":{"test-code":{"insertions":1,"deletions":0}}},{"hash":"77ff283fa2cc537f8a427ed7cee5fbfeaf7c0736","isMergeCommit":false,"messageTitle":"Fix Checkstyle","messageBody":"","fileTypesAndContributionMap":{"functional-code":{"insertions":45,"deletions":59},"test-code":{"insertions":2,"deletions":2}}},{"hash":"6429ec46785f3c35ddcbb267b093bfda64b454b8","isMergeCommit":false,"messageTitle":"Fix checkstyle 2","messageBody":"","fileTypesAndContributionMap":{"functional-code":{"insertions":0,"deletions":2},"test-code":{"insertions":10,"deletions":16}}},{"hash":"5f2717dc0a9f3bde20b0203dfed2ed4acac7cd80","isMergeCommit":true,"messageTitle":"Merge pull request #54 from stevenantya/v1.21","messageBody":"--","fileTypesAndContributionMap":{}},{"hash":"e1412b454c91fa75e721d6ae96328edc815015f6","isMergeCommit":false,"messageTitle":"Add getRevealStr to basic password, nusnet, and studentID","messageBody":"","fileTypesAndContributionMap":{"functional-code":{"insertions":21,"deletions":0}}},{"hash":"55b986b6918f2df6e37c24b8f32a2be8b51e85c4","isMergeCommit":true,"messageTitle":"Merge pull request #63 from AY2223S2-CS2113-T15-2/v1.3","messageBody":"Add getRevealStr to basic password, nusnet, and studentID","fileTypesAndContributionMap":{}}]}],"DeepanjaliDhawan":[{"date":"2023-03-07","commitResults":[{"hash":"53e1c58ad07c1c6d4d4c90e96c0415f1404f8fb2","isMergeCommit":false,"messageTitle":"Commit AboutUs","messageBody":"","fileTypesAndContributionMap":{"docs":{"insertions":7,"deletions":7}}}]},{"date":"2023-03-14","commitResults":[{"hash":"effaebce00bb9c546be9bda0f2f653590e1761c7","isMergeCommit":false,"messageTitle":"Commit - lists","messageBody":"","fileTypesAndContributionMap":{"functional-code":{"insertions":75,"deletions":6}}},{"hash":"8bdc03e6874e1decc5512a19c36c8ebe4458c2da","isMergeCommit":false,"messageTitle":"Commit - Update","messageBody":"","fileTypesAndContributionMap":{"functional-code":{"insertions":7,"deletions":1}}},{"hash":"cd8b53f9d649cd43df0cc02843f4acd3d27ad6c7","isMergeCommit":true,"messageTitle":"Merge pull request #39 from DeepanjaliDhawan/deeps-tagging","messageBody":"Deeps tagging","fileTypesAndContributionMap":{}},{"hash":"761907cbf67e704bb517d711e5ce6f03ee8bfad1","isMergeCommit":true,"messageTitle":"Merge pull request #40 from AY2223S2-CS2113-T15-2/tagging","messageBody":"Tagging","fileTypesAndContributionMap":{}}]},{"date":"2023-03-21","commitResults":[{"hash":"fe06bebbaa428f514edf4710efb00f439eb7b9f8","isMergeCommit":false,"messageTitle":"Clean Code, Add JUnit, Update GreetUsers","messageBody":"","fileTypesAndContributionMap":{"functional-code":{"insertions":5,"deletions":5},"other":{"insertions":0,"deletions":0},"test-code":{"insertions":32,"deletions":0}}},{"hash":"761ee848fd9c4d6d31cc2d476ae78566e52f737e","isMergeCommit":false,"messageTitle":"Updated Assertions","messageBody":"","fileTypesAndContributionMap":{"test-code":{"insertions":2,"deletions":1}}},{"hash":"6d4fe80b928831b71a293be6fd1f82a35adc56fb","isMergeCommit":false,"messageTitle":"update changes","messageBody":"","fileTypesAndContributionMap":{"functional-code":{"insertions":2,"deletions":8},"test-code":{"insertions":0,"deletions":2}}},{"hash":"26df4686837979721a7ffe5a57f2106efdd9429a","isMergeCommit":true,"messageTitle":"Merge pull request #55 from DeepanjaliDhawan/deeps-tagging-JUnit","messageBody":"Deeps tagging JUnit","fileTypesAndContributionMap":{}}]}],"euzhengxi":[{"date":"2023-03-06","commitResults":[{"hash":"e015113ad65e3099cb0fd9ab0e8a079c36ab7257","isMergeCommit":false,"messageTitle":"added my details","messageBody":"","fileTypesAndContributionMap":{"docs":{"insertions":7,"deletions":7}}}]},{"date":"2023-03-14","commitResults":[{"hash":"e414fe6a1b086f4ee1dbc126786ae8454904b4cf","isMergeCommit":false,"messageTitle":"Added feature that allows users to access passwords from previous sessions","messageBody":"","fileTypesAndContributionMap":{"functional-code":{"insertions":224,"deletions":15}}},{"hash":"72b77d6853be9b8ce6208cf9a66dfd5a3bf25e63","isMergeCommit":false,"messageTitle":"encrypts all confidential data from current and previous sessions","messageBody":"","fileTypesAndContributionMap":{"functional-code":{"insertions":26,"deletions":5}}},{"hash":"6c46b67c2f8f6663f772edc72651044ba62c2ff4","isMergeCommit":true,"messageTitle":"Merge branch \u0027export\u0027 into export","messageBody":"","fileTypesAndContributionMap":{}},{"hash":"1ad56262c1d7a528d6420f315afef7dcca892aec","isMergeCommit":false,"messageTitle":"resolved gradlew errors","messageBody":"","fileTypesAndContributionMap":{"functional-code":{"insertions":9,"deletions":3}}},{"hash":"d4164e689514d9132bdbcbf760386535d653f437","isMergeCommit":true,"messageTitle":"Merge branch \u0027export\u0027 of https://github.com/euzhengxi/tp into export","messageBody":"","fileTypesAndContributionMap":{}},{"hash":"88994a63380619285b5f045f9230d4972709dfea","isMergeCommit":true,"messageTitle":"Merge pull request #35 from euzhengxi/export","messageBody":"Export","fileTypesAndContributionMap":{}},{"hash":"7a2dc939c4fa5d2c4b99cf7b15f5a46fa8480413","isMergeCommit":true,"messageTitle":"Merge pull request #37 from AY2223S2-CS2113-T15-2/export","messageBody":"Export","fileTypesAndContributionMap":{}}]},{"date":"2023-03-15","commitResults":[{"hash":"04b61260f018173b79435a0e9527b0d4cc62086a","isMergeCommit":false,"messageTitle":"Fixed bugs in Backend.java: creation of secrets from encoded fields","messageBody":"","fileTypesAndContributionMap":{"functional-code":{"insertions":12,"deletions":11},"other":{"insertions":0,"deletions":0}}},{"hash":"2e639a878ecf61a431d00fca0b276d62eda0f7bb","isMergeCommit":false,"messageTitle":"Fixed bugs in the text-ui-test","messageBody":"","fileTypesAndContributionMap":{"functional-code":{"insertions":2,"deletions":3}}},{"hash":"f527ee1314978ea789f539177b11123c7fcc7e0f","isMergeCommit":false,"messageTitle":"Amended commment indentation","messageBody":"","fileTypesAndContributionMap":{"functional-code":{"insertions":3,"deletions":1}}}]},{"date":"2023-03-17","commitResults":[{"hash":"af0d7b64efde2a9fe6d737f36f24e93ee6f94f85","isMergeCommit":false,"messageTitle":"Fixed bugs in Backend.Java, amended naming of variables","messageBody":"","fileTypesAndContributionMap":{"functional-code":{"insertions":2,"deletions":2}}}]},{"date":"2023-03-18","commitResults":[{"hash":"03384e2556751d409131067681b7e6dd1e36fc0d","isMergeCommit":false,"messageTitle":"Fixed bugs in Backend: url field can now be empty in Basic Password","messageBody":"","fileTypesAndContributionMap":{"functional-code":{"insertions":9,"deletions":2}}}]},{"date":"2023-03-21","commitResults":[{"hash":"0cc0e2a7fe2387947f741564dbd7cc5d7a8b1cf6","isMergeCommit":true,"messageTitle":"Merge pull request #48 from kairuler/master","messageBody":"Add JUnit tests for Edit and Search commands","fileTypesAndContributionMap":{}},{"hash":"c57c633a1d95617478e7eac5b334ee090680f244","isMergeCommit":false,"messageTitle":"Amended gitignore and file cache","messageBody":"","fileTypesAndContributionMap":{"functional-code":{"insertions":1,"deletions":1},"test-code":{"insertions":20,"deletions":0}}},{"hash":"c99ef9807ec9098703a9722efc947ba9e5dc9246","isMergeCommit":false,"messageTitle":"Amended naming convention in junit test for Backend.java","messageBody":"","fileTypesAndContributionMap":{"test-code":{"insertions":2,"deletions":2}}},{"hash":"d753d3e8c7f994ab522e840242b6327188e37c23","isMergeCommit":true,"messageTitle":"Merge pull request #47 from euzhengxi/export","messageBody":"Export","fileTypesAndContributionMap":{}}]}]},"authorFileTypeContributionMap":{"ollayf":{"docs":18,"functional-code":725,"test-code":467,"other":37},"kairuler":{"docs":1,"functional-code":171,"test-code":68},"stevenantya":{"docs":20,"functional-code":654,"test-code":85},"DeepanjaliDhawan":{"docs":1,"functional-code":19,"test-code":30},"euzhengxi":{"docs":1,"functional-code":227,"test-code":20}},"authorContributionVariance":{"ollayf":75955.88,"kairuler":1622.909,"stevenantya":329982.88,"DeepanjaliDhawan":320.91644,"euzhengxi":2346.3909},"authorDisplayNameMap":{"ollayf":"CS2113-T15-2 NG Y.. FEI","kairuler":"CS2113-T15-2 KHAI..ALIM","stevenantya":"CS2113-T15-2 STEV..KITO","DeepanjaliDhawan":"CS2113-T15-2 DEEP..AWAN","euzhengxi":"CS2113-T15-2 EU Z..G XI"}}
