{"authorDailyContributionsMap":{"irving11119":[{"date":"2023-02-24","commitResults":[{"hash":"6745cd801b78a61fef433b3efe458757bb2088f6","isMergeCommit":false,"messageTitle":"Rename project to Apollo","messageBody":"","fileTypesAndContributionMap":{"other":{"insertions":4,"deletions":4},"docs":{"insertions":1,"deletions":1}}},{"hash":"a4b447e9d8bdffb15b4999624d5d647acf6bcde2","isMergeCommit":false,"messageTitle":"Fix build.gradle","messageBody":"","fileTypesAndContributionMap":{"other":{"insertions":2,"deletions":2}}},{"hash":"ba39688ff030362c703a28efb1bf486ae39dc76c","isMergeCommit":false,"messageTitle":"Rename package name in build.gradle","messageBody":"","fileTypesAndContributionMap":{"other":{"insertions":1,"deletions":1}}}]},{"date":"2023-03-02","commitResults":[{"hash":"a1fcefe93fba2513e42435ee39d1e52a0e47be4c","isMergeCommit":false,"messageTitle":"Edit AboutUs.md to update docs","messageBody":"","fileTypesAndContributionMap":{"docs":{"insertions":7,"deletions":7}}},{"hash":"e3ecd31f15db7beba254a186d10a2725af5b4256","isMergeCommit":true,"messageTitle":"Merge pull request #1 from irving11119/irving-AboutUs","messageBody":"branch irving-AboutUs","fileTypesAndContributionMap":{}},{"hash":"9bf7064d9a68831dacb9857dbddf3bb011d6d5e0","isMergeCommit":false,"messageTitle":"Re-edit AboutUs.md to update docs","messageBody":"","fileTypesAndContributionMap":{"docs":{"insertions":7,"deletions":7}}},{"hash":"0f682d0336bbcfe1e1f7e9bf08bbc456107d7032","isMergeCommit":true,"messageTitle":"Merge branch \u0027master\u0027 into irving-AboutUs","messageBody":"","fileTypesAndContributionMap":{}},{"hash":"d3703b27d42cb567173d6f343ae522357c754f5b","isMergeCommit":true,"messageTitle":"Merge pull request #4 from irving11119/irving-AboutUs","messageBody":"Re-edit AboutUs.md to update docs","fileTypesAndContributionMap":{}},{"hash":"25163b51bbf2e6b9aeb90f4a6760afb31afef1a7","isMergeCommit":false,"messageTitle":"Add github link for irving profile","messageBody":"","fileTypesAndContributionMap":{"docs":{"insertions":6,"deletions":6}}},{"hash":"a00a4c336bd9d4c5e250bfe5caf19d61ef0fad39","isMergeCommit":true,"messageTitle":"Merge pull request #7 from irving11119/irving-AboutUs","messageBody":"Add github link for irving profile","fileTypesAndContributionMap":{}}]}],"yixuann02":[{"date":"2023-03-02","commitResults":[{"hash":"dd34197453ce124183e75ebc9df7a18173b09e7e","isMergeCommit":false,"messageTitle":"Edit AboutUs.md to update docs","messageBody":"","fileTypesAndContributionMap":{"docs":{"insertions":5,"deletions":5}}},{"hash":"75f6ab469e1365de5a839aaa22f93709d6be3106","isMergeCommit":true,"messageTitle":"Merge branch \u0027master\u0027 into YiXuan-AboutUs","messageBody":"","fileTypesAndContributionMap":{}},{"hash":"4a8cc26b8e5ce5ad7c5a320545be232c74d71ebc","isMergeCommit":true,"messageTitle":"Merge pull request #2 from yixuann02/YiXuan-AboutUs","messageBody":"branch YiXuan-AboutUs","fileTypesAndContributionMap":{}}]}],"honglinshang":[{"date":"2023-03-02","commitResults":[{"hash":"715b6a715fb399732819bb44a193a1e832659166","isMergeCommit":false,"messageTitle":"Edit AboutUs to add personal info","messageBody":"","fileTypesAndContributionMap":{"functional-code":{"insertions":2,"deletions":1},"docs":{"insertions":7,"deletions":7}}},{"hash":"75316bef095a108c2086c09a1aac2d71924b7b8b","isMergeCommit":true,"messageTitle":"Merge branch \u0027master\u0027 into hongLinShang-AboutUs","messageBody":"","fileTypesAndContributionMap":{}},{"hash":"34432292c99e298456710762c92d3d4dd5e6fed6","isMergeCommit":true,"messageTitle":"Merge branch \u0027master\u0027 into hongLinShang-AboutUs","messageBody":"","fileTypesAndContributionMap":{}},{"hash":"b140c9a25d1613006d838d00ed2611435e4df935","isMergeCommit":true,"messageTitle":"Merge pull request #5 from honglinshang/hongLinShang-AboutUs","messageBody":"Edit AboutUs to add personal info","fileTypesAndContributionMap":{}}]},{"date":"2023-03-08","commitResults":[{"hash":"237defa4f458099f697c6dc25277957d0cec2bab","isMergeCommit":false,"messageTitle":"Fix automatic testing","messageBody":"","fileTypesAndContributionMap":{"functional-code":{"insertions":1,"deletions":1}}},{"hash":"f460d1bd3a23e7b0509e9514df904770964f74f9","isMergeCommit":false,"messageTitle":"Fix Checkstyle issues","messageBody":"","fileTypesAndContributionMap":{"functional-code":{"insertions":20,"deletions":11}}},{"hash":"7c21a7315ad664b85f70ded62b63aa9bd439b903","isMergeCommit":false,"messageTitle":"Change logo","messageBody":"","fileTypesAndContributionMap":{"functional-code":{"insertions":5,"deletions":2}}},{"hash":"dc352e10b7aa083f09d1cbf36eaf08f54f37a91c","isMergeCommit":false,"messageTitle":"Update automatic testing","messageBody":"","fileTypesAndContributionMap":{"other":{"insertions":17,"deletions":3}}},{"hash":"483c980e1c86f3c9f3e7b59fb0e0243f016dc672","isMergeCommit":true,"messageTitle":"Merge pull request #17 from honglinshang/branch-ip","messageBody":"Create baseline program for Apollo","fileTypesAndContributionMap":{}}]}],"T-Wan-Lin":[{"date":"2023-03-02","commitResults":[{"hash":"d9b0a5e601bdea037f551a0d2b89d5b99763f30f","isMergeCommit":false,"messageTitle":"Edit AboutUs.md to update docs","messageBody":"","fileTypesAndContributionMap":{"docs":{"insertions":5,"deletions":5}}},{"hash":"9c570771c6e2b6abc75e0ae41156d521bf748c61","isMergeCommit":true,"messageTitle":"Merge branch \u0027master\u0027 into WanLin-AboutUs","messageBody":"","fileTypesAndContributionMap":{}},{"hash":"fe8d60bdcbb2ff98d2b253ba1842cddbeb8a9c56","isMergeCommit":true,"messageTitle":"Merge branch \u0027master\u0027 into WanLin-AboutUs","messageBody":"","fileTypesAndContributionMap":{}},{"hash":"5114b79d062cd64faa9404aefabd3cbd321eeb49","isMergeCommit":true,"messageTitle":"Merge pull request #3 from T-Wan-Lin/WanLin-AboutUs","messageBody":"brach wanlin-AboutUs","fileTypesAndContributionMap":{}}]}],"PoobalanAatmikaLakshmi":[{"date":"2023-03-02","commitResults":[{"hash":"f2faee08b97b62d389500b3728081bfc578e44d4","isMergeCommit":false,"messageTitle":"added AboutUs","messageBody":"","fileTypesAndContributionMap":{"docs":{"insertions":7,"deletions":7}}},{"hash":"fe3e33913652402e2d80720ac931fc49a04e2686","isMergeCommit":true,"messageTitle":"Merge branch \u0027master\u0027 into Aatmika_AboutUs","messageBody":"","fileTypesAndContributionMap":{}},{"hash":"fdeb99c84101629a930f12bf4a607e226103cf8b","isMergeCommit":true,"messageTitle":"Merge pull request #6 from PoobalanAatmikaLakshmi/Aatmika_AboutUs","messageBody":"added AboutUs","fileTypesAndContributionMap":{}}]}]},"authorFileTypeContributionMap":{"irving11119":{"docs":3,"functional-code":2,"test-code":2,"other":2},"yixuann02":{"docs":1,"functional-code":0,"test-code":0},"honglinshang":{"docs":1,"functional-code":24,"test-code":0},"T-Wan-Lin":{"docs":1,"functional-code":0,"test-code":0},"PoobalanAatmikaLakshmi":{"docs":2,"functional-code":0,"test-code":0}},"authorContributionVariance":{"irving11119":84.95999,"yixuann02":4.75,"honglinshang":179.62752,"T-Wan-Lin":4.75,"PoobalanAatmikaLakshmi":9.310002},"authorDisplayNameMap":{"irving11119":"CS2113-T13-4 IRVI..BOER","yixuann02":"CS2113-T13-4 GOH ..XUAN","honglinshang":"CS2113-T13-4 HONG..HANG","T-Wan-Lin":"CS2113-T13-4 TAN .. LIN","PoobalanAatmikaLakshmi":"CS2113-T13-4 POOB..SHMI"}}
