[{"path":"docs/AboutUs.md","fileType":"docs","lines":[{"lineNumber":1,"author":{"gitId":"-"},"content":"# About us","lastModifiedDate":"2020-05-24"},{"lineNumber":2,"author":{"gitId":"-"},"content":"","lastModifiedDate":"2020-05-24"},{"lineNumber":3,"author":{"gitId":"-"},"content":"Display |      Name      |              Github Profile               | Portfolio ","lastModifiedDate":"2020-05-24"},{"lineNumber":4,"author":{"gitId":"chongyongrui"},"content":"--------|:--------------:|:-----------------------------------------:|:---------:","lastModifiedDate":"2023-03-01"},{"lineNumber":5,"author":{"gitId":"stephenkyang"},"content":"![](https://via.placeholder.com/100.png?text\u003dPhoto) | Stephen Yang | [Github](https://github.com/stephenkyang) | [Portfolio](docs/team/johndoe.md)","lastModifiedDate":"2023-03-01"},{"lineNumber":6,"author":{"gitId":"chongyongrui"},"content":"![](https://via.placeholder.com/100.png?text\u003dPhoto) | Chong Yong Rui | [Github](https://github.com/chongyongrui) | [Portfolio](docs/team/johndoe.md)","lastModifiedDate":"2023-03-01"},{"lineNumber":7,"author":{"gitId":"pinyoko573"},"content":"![](https://static.wikia.nocookie.net/vsbattles/images/6/61/Clash-goblin-png-13.png/revision/latest?cb\u003d20190619204704) | Chua Wei | [Github](https://github.com/pinyoko573) | [Portfolio]()","lastModifiedDate":"2023-03-01"},{"lineNumber":8,"author":{"gitId":"SaiChaitanya13"},"content":"![](https://images.unsplash.com/photo-1611267254323-4db7b39c732c?ixlib\u003drb-4.0.3\u0026ixid\u003dMnwxMjA3fDB8MHxzZWFyY2h8M3x8Y3V0ZSUyMGNhdHxlbnwwfHwwfHw%3D\u0026w\u003d1000\u0026q\u003d80) | Garlapati Sai Chaitanya | [Github](https://github.com/SaiChaitanya13) | [Portfolio](docs/team/johndoe.md)","lastModifiedDate":"2023-03-01"},{"lineNumber":9,"author":{"gitId":"tzixi"},"content":"![](https://static1.srcdn.com/wordpress/wp-content/uploads/2020/11/Featured-Image-Brock-and-His-Drying-Pan-Cropped.jpg) | Tan Zi Xi | [Github](https://github.com/tzixi) | [Portfolio](docs/team/johndoe.md)","lastModifiedDate":"2023-03-01"}],"authorContributionMap":{"SaiChaitanya13":1,"pinyoko573":1,"chongyongrui":2,"-":3,"stephenkyang":1,"tzixi":1}},{"path":"src/main/java/seedu/duke/Budget.java","fileType":"functional-code","lines":[{"lineNumber":1,"author":{"gitId":"chongyongrui"},"content":"package seedu.duke;","lastModifiedDate":"2023-03-06"},{"lineNumber":2,"author":{"gitId":"chongyongrui"},"content":"","lastModifiedDate":"2023-03-06"},{"lineNumber":3,"author":{"gitId":"chongyongrui"},"content":"public class Budget {","lastModifiedDate":"2023-03-06"},{"lineNumber":4,"author":{"gitId":"chongyongrui"},"content":"    protected String budgetName;","lastModifiedDate":"2023-03-06"},{"lineNumber":5,"author":{"gitId":"chongyongrui"},"content":"    protected double budgetLimit;","lastModifiedDate":"2023-03-06"},{"lineNumber":6,"author":{"gitId":"chongyongrui"},"content":"","lastModifiedDate":"2023-03-06"},{"lineNumber":7,"author":{"gitId":"chongyongrui"},"content":"","lastModifiedDate":"2023-03-06"},{"lineNumber":8,"author":{"gitId":"chongyongrui"},"content":"    /**","lastModifiedDate":"2023-03-06"},{"lineNumber":9,"author":{"gitId":"chongyongrui"},"content":"     * Creates a template for each budget, which includes the name, its completion status and budget type","lastModifiedDate":"2023-03-06"},{"lineNumber":10,"author":{"gitId":"chongyongrui"},"content":"     *","lastModifiedDate":"2023-03-06"},{"lineNumber":11,"author":{"gitId":"chongyongrui"},"content":"     * @param name name of budget","lastModifiedDate":"2023-03-06"},{"lineNumber":12,"author":{"gitId":"chongyongrui"},"content":"     * @param budgetLimit the monetary value limit of the budget","lastModifiedDate":"2023-03-06"},{"lineNumber":13,"author":{"gitId":"chongyongrui"},"content":"     */","lastModifiedDate":"2023-03-06"},{"lineNumber":14,"author":{"gitId":"chongyongrui"},"content":"","lastModifiedDate":"2023-03-06"},{"lineNumber":15,"author":{"gitId":"chongyongrui"},"content":"    public Budget(String name, double budgetLimit) {","lastModifiedDate":"2023-03-06"},{"lineNumber":16,"author":{"gitId":"chongyongrui"},"content":"        setBudgetName(name);","lastModifiedDate":"2023-03-06"},{"lineNumber":17,"author":{"gitId":"chongyongrui"},"content":"        setBudgetLimit(budgetLimit);","lastModifiedDate":"2023-03-06"},{"lineNumber":18,"author":{"gitId":"chongyongrui"},"content":"    }","lastModifiedDate":"2023-03-06"},{"lineNumber":19,"author":{"gitId":"chongyongrui"},"content":"","lastModifiedDate":"2023-03-06"},{"lineNumber":20,"author":{"gitId":"chongyongrui"},"content":"    /**","lastModifiedDate":"2023-03-06"},{"lineNumber":21,"author":{"gitId":"chongyongrui"},"content":"     * Sets the name of the budget","lastModifiedDate":"2023-03-06"},{"lineNumber":22,"author":{"gitId":"chongyongrui"},"content":"     *","lastModifiedDate":"2023-03-06"},{"lineNumber":23,"author":{"gitId":"chongyongrui"},"content":"     * @param budgetLimit limit of the budget","lastModifiedDate":"2023-03-06"},{"lineNumber":24,"author":{"gitId":"chongyongrui"},"content":"     */","lastModifiedDate":"2023-03-06"},{"lineNumber":25,"author":{"gitId":"chongyongrui"},"content":"","lastModifiedDate":"2023-03-06"},{"lineNumber":26,"author":{"gitId":"chongyongrui"},"content":"    public void setBudgetLimit(Double budgetLimit) {","lastModifiedDate":"2023-03-06"},{"lineNumber":27,"author":{"gitId":"chongyongrui"},"content":"        this.budgetLimit \u003d budgetLimit;","lastModifiedDate":"2023-03-06"},{"lineNumber":28,"author":{"gitId":"chongyongrui"},"content":"    }","lastModifiedDate":"2023-03-06"},{"lineNumber":29,"author":{"gitId":"chongyongrui"},"content":"","lastModifiedDate":"2023-03-06"},{"lineNumber":30,"author":{"gitId":"chongyongrui"},"content":"    /**","lastModifiedDate":"2023-03-06"},{"lineNumber":31,"author":{"gitId":"chongyongrui"},"content":"     * Sets the name of the budget","lastModifiedDate":"2023-03-06"},{"lineNumber":32,"author":{"gitId":"chongyongrui"},"content":"     *","lastModifiedDate":"2023-03-06"},{"lineNumber":33,"author":{"gitId":"chongyongrui"},"content":"     * @param name Name of the budget","lastModifiedDate":"2023-03-06"},{"lineNumber":34,"author":{"gitId":"chongyongrui"},"content":"     */","lastModifiedDate":"2023-03-06"},{"lineNumber":35,"author":{"gitId":"chongyongrui"},"content":"","lastModifiedDate":"2023-03-06"},{"lineNumber":36,"author":{"gitId":"chongyongrui"},"content":"    public void setBudgetName(String name) {","lastModifiedDate":"2023-03-06"},{"lineNumber":37,"author":{"gitId":"chongyongrui"},"content":"        this.budgetName \u003d name;","lastModifiedDate":"2023-03-06"},{"lineNumber":38,"author":{"gitId":"chongyongrui"},"content":"    }","lastModifiedDate":"2023-03-06"},{"lineNumber":39,"author":{"gitId":"chongyongrui"},"content":"","lastModifiedDate":"2023-03-06"},{"lineNumber":40,"author":{"gitId":"chongyongrui"},"content":"","lastModifiedDate":"2023-03-06"},{"lineNumber":41,"author":{"gitId":"chongyongrui"},"content":"    /**","lastModifiedDate":"2023-03-06"},{"lineNumber":42,"author":{"gitId":"chongyongrui"},"content":"     * Returns the type of budget","lastModifiedDate":"2023-03-06"},{"lineNumber":43,"author":{"gitId":"chongyongrui"},"content":"     *","lastModifiedDate":"2023-03-06"},{"lineNumber":44,"author":{"gitId":"chongyongrui"},"content":"     * @return type of the budget","lastModifiedDate":"2023-03-06"},{"lineNumber":45,"author":{"gitId":"chongyongrui"},"content":"     */","lastModifiedDate":"2023-03-06"},{"lineNumber":46,"author":{"gitId":"chongyongrui"},"content":"    public String getBudgetName() {","lastModifiedDate":"2023-03-06"},{"lineNumber":47,"author":{"gitId":"chongyongrui"},"content":"        return this.budgetName;","lastModifiedDate":"2023-03-06"},{"lineNumber":48,"author":{"gitId":"chongyongrui"},"content":"    }","lastModifiedDate":"2023-03-06"},{"lineNumber":49,"author":{"gitId":"chongyongrui"},"content":"","lastModifiedDate":"2023-03-06"},{"lineNumber":50,"author":{"gitId":"chongyongrui"},"content":"    /**","lastModifiedDate":"2023-03-06"},{"lineNumber":51,"author":{"gitId":"chongyongrui"},"content":"     * Returns the name of budget","lastModifiedDate":"2023-03-06"},{"lineNumber":52,"author":{"gitId":"chongyongrui"},"content":"     *","lastModifiedDate":"2023-03-06"},{"lineNumber":53,"author":{"gitId":"chongyongrui"},"content":"     * @return name of the budget","lastModifiedDate":"2023-03-06"},{"lineNumber":54,"author":{"gitId":"chongyongrui"},"content":"     */","lastModifiedDate":"2023-03-06"},{"lineNumber":55,"author":{"gitId":"chongyongrui"},"content":"    public double getBudgetLimit() {","lastModifiedDate":"2023-03-06"},{"lineNumber":56,"author":{"gitId":"chongyongrui"},"content":"        return this.budgetLimit;","lastModifiedDate":"2023-03-06"},{"lineNumber":57,"author":{"gitId":"chongyongrui"},"content":"    }","lastModifiedDate":"2023-03-06"},{"lineNumber":58,"author":{"gitId":"chongyongrui"},"content":"","lastModifiedDate":"2023-03-06"},{"lineNumber":59,"author":{"gitId":"chongyongrui"},"content":"","lastModifiedDate":"2023-03-06"},{"lineNumber":60,"author":{"gitId":"chongyongrui"},"content":"    /**","lastModifiedDate":"2023-03-06"},{"lineNumber":61,"author":{"gitId":"chongyongrui"},"content":"     * prints all information about the budget","lastModifiedDate":"2023-03-06"},{"lineNumber":62,"author":{"gitId":"chongyongrui"},"content":"     */","lastModifiedDate":"2023-03-06"},{"lineNumber":63,"author":{"gitId":"chongyongrui"},"content":"","lastModifiedDate":"2023-03-06"},{"lineNumber":64,"author":{"gitId":"chongyongrui"},"content":"    public void printBudget() {","lastModifiedDate":"2023-03-06"},{"lineNumber":65,"author":{"gitId":"chongyongrui"},"content":"","lastModifiedDate":"2023-03-06"},{"lineNumber":66,"author":{"gitId":"chongyongrui"},"content":"        System.out.println(\"Name: \" + this.getBudgetName() + \" Limit: $\" + this.getBudgetLimit());","lastModifiedDate":"2023-03-06"},{"lineNumber":67,"author":{"gitId":"chongyongrui"},"content":"    }","lastModifiedDate":"2023-03-06"},{"lineNumber":68,"author":{"gitId":"chongyongrui"},"content":"","lastModifiedDate":"2023-03-06"},{"lineNumber":69,"author":{"gitId":"chongyongrui"},"content":"","lastModifiedDate":"2023-03-06"},{"lineNumber":70,"author":{"gitId":"chongyongrui"},"content":"}","lastModifiedDate":"2023-03-06"}],"authorContributionMap":{"chongyongrui":70}},{"path":"src/main/java/seedu/duke/BudgetList.java","fileType":"functional-code","lines":[{"lineNumber":1,"author":{"gitId":"chongyongrui"},"content":"package seedu.duke;","lastModifiedDate":"2023-03-06"},{"lineNumber":2,"author":{"gitId":"chongyongrui"},"content":"","lastModifiedDate":"2023-03-06"},{"lineNumber":3,"author":{"gitId":"chongyongrui"},"content":"import java.util.ArrayList;","lastModifiedDate":"2023-03-06"},{"lineNumber":4,"author":{"gitId":"chongyongrui"},"content":"import java.util.Objects;","lastModifiedDate":"2023-03-06"},{"lineNumber":5,"author":{"gitId":"chongyongrui"},"content":"","lastModifiedDate":"2023-03-06"},{"lineNumber":6,"author":{"gitId":"chongyongrui"},"content":"public class BudgetList {","lastModifiedDate":"2023-03-06"},{"lineNumber":7,"author":{"gitId":"chongyongrui"},"content":"    public static ArrayList\u003cBudget\u003e budgets \u003d new ArrayList\u003cBudget\u003e();","lastModifiedDate":"2023-03-06"},{"lineNumber":8,"author":{"gitId":"chongyongrui"},"content":"","lastModifiedDate":"2023-03-06"},{"lineNumber":9,"author":{"gitId":"chongyongrui"},"content":"","lastModifiedDate":"2023-03-06"},{"lineNumber":10,"author":{"gitId":"chongyongrui"},"content":"    /**","lastModifiedDate":"2023-03-06"},{"lineNumber":11,"author":{"gitId":"chongyongrui"},"content":"     * Creates a budget of name and limit determined by user input","lastModifiedDate":"2023-03-06"},{"lineNumber":12,"author":{"gitId":"chongyongrui"},"content":"     *","lastModifiedDate":"2023-03-06"},{"lineNumber":13,"author":{"gitId":"chongyongrui"},"content":"     * @param budgetName the name of the budget that the user wants to create","lastModifiedDate":"2023-03-06"},{"lineNumber":14,"author":{"gitId":"chongyongrui"},"content":"     * @param budgetLimit the monetary limit of the budget","lastModifiedDate":"2023-03-06"},{"lineNumber":15,"author":{"gitId":"chongyongrui"},"content":"     */","lastModifiedDate":"2023-03-06"},{"lineNumber":16,"author":{"gitId":"chongyongrui"},"content":"","lastModifiedDate":"2023-03-06"},{"lineNumber":17,"author":{"gitId":"chongyongrui"},"content":"    /**","lastModifiedDate":"2023-03-06"},{"lineNumber":18,"author":{"gitId":"chongyongrui"},"content":"     * Checks if a certain budget name has already been used","lastModifiedDate":"2023-03-06"},{"lineNumber":19,"author":{"gitId":"chongyongrui"},"content":"     *","lastModifiedDate":"2023-03-06"},{"lineNumber":20,"author":{"gitId":"chongyongrui"},"content":"     * @param budgetName budget name to check for if it has been used","lastModifiedDate":"2023-03-06"},{"lineNumber":21,"author":{"gitId":"chongyongrui"},"content":"     */","lastModifiedDate":"2023-03-06"},{"lineNumber":22,"author":{"gitId":"chongyongrui"},"content":"","lastModifiedDate":"2023-03-06"},{"lineNumber":23,"author":{"gitId":"chongyongrui"},"content":"    public static boolean duplicateBudgetName(String budgetName) {","lastModifiedDate":"2023-03-06"},{"lineNumber":24,"author":{"gitId":"chongyongrui"},"content":"        boolean budgetExists \u003d false;","lastModifiedDate":"2023-03-06"},{"lineNumber":25,"author":{"gitId":"chongyongrui"},"content":"        for (Budget a : budgets) {","lastModifiedDate":"2023-03-06"},{"lineNumber":26,"author":{"gitId":"chongyongrui"},"content":"            if (Objects.equals(a.budgetName, budgetName)) {","lastModifiedDate":"2023-03-06"},{"lineNumber":27,"author":{"gitId":"chongyongrui"},"content":"                budgetExists \u003d true;","lastModifiedDate":"2023-03-06"},{"lineNumber":28,"author":{"gitId":"chongyongrui"},"content":"                break;","lastModifiedDate":"2023-03-06"},{"lineNumber":29,"author":{"gitId":"chongyongrui"},"content":"            }","lastModifiedDate":"2023-03-06"},{"lineNumber":30,"author":{"gitId":"chongyongrui"},"content":"        }","lastModifiedDate":"2023-03-06"},{"lineNumber":31,"author":{"gitId":"chongyongrui"},"content":"        return budgetExists;","lastModifiedDate":"2023-03-06"},{"lineNumber":32,"author":{"gitId":"chongyongrui"},"content":"","lastModifiedDate":"2023-03-06"},{"lineNumber":33,"author":{"gitId":"chongyongrui"},"content":"    }","lastModifiedDate":"2023-03-06"},{"lineNumber":34,"author":{"gitId":"chongyongrui"},"content":"","lastModifiedDate":"2023-03-06"},{"lineNumber":35,"author":{"gitId":"chongyongrui"},"content":"    public static void createBudget(String budgetName, double budgetLimit) {","lastModifiedDate":"2023-03-06"},{"lineNumber":36,"author":{"gitId":"chongyongrui"},"content":"","lastModifiedDate":"2023-03-06"},{"lineNumber":37,"author":{"gitId":"chongyongrui"},"content":"        Budget budget \u003d new Budget(budgetName, budgetLimit);","lastModifiedDate":"2023-03-06"},{"lineNumber":38,"author":{"gitId":"chongyongrui"},"content":"        budgets.add(budget);","lastModifiedDate":"2023-03-06"},{"lineNumber":39,"author":{"gitId":"chongyongrui"},"content":"    }","lastModifiedDate":"2023-03-06"},{"lineNumber":40,"author":{"gitId":"chongyongrui"},"content":"","lastModifiedDate":"2023-03-06"},{"lineNumber":41,"author":{"gitId":"chongyongrui"},"content":"    public static void deleteBudget(String budgetName) {","lastModifiedDate":"2023-03-06"},{"lineNumber":42,"author":{"gitId":"chongyongrui"},"content":"        int i \u003d 0;","lastModifiedDate":"2023-03-06"},{"lineNumber":43,"author":{"gitId":"chongyongrui"},"content":"        boolean budgetExists \u003d false;","lastModifiedDate":"2023-03-06"},{"lineNumber":44,"author":{"gitId":"chongyongrui"},"content":"        int budgetIndex \u003d -1;","lastModifiedDate":"2023-03-06"},{"lineNumber":45,"author":{"gitId":"chongyongrui"},"content":"        for (Budget a : budgets) {","lastModifiedDate":"2023-03-06"},{"lineNumber":46,"author":{"gitId":"chongyongrui"},"content":"            if (Objects.equals(a.budgetName, budgetName)) {","lastModifiedDate":"2023-03-06"},{"lineNumber":47,"author":{"gitId":"chongyongrui"},"content":"                budgetExists \u003d true;","lastModifiedDate":"2023-03-06"},{"lineNumber":48,"author":{"gitId":"chongyongrui"},"content":"                budgetIndex \u003d budgets.indexOf(a);","lastModifiedDate":"2023-03-06"},{"lineNumber":49,"author":{"gitId":"chongyongrui"},"content":"            }","lastModifiedDate":"2023-03-06"},{"lineNumber":50,"author":{"gitId":"chongyongrui"},"content":"        }","lastModifiedDate":"2023-03-06"},{"lineNumber":51,"author":{"gitId":"chongyongrui"},"content":"","lastModifiedDate":"2023-03-06"},{"lineNumber":52,"author":{"gitId":"chongyongrui"},"content":"        if (budgetExists) {","lastModifiedDate":"2023-03-06"},{"lineNumber":53,"author":{"gitId":"chongyongrui"},"content":"            budgets.remove(budgetIndex);","lastModifiedDate":"2023-03-06"},{"lineNumber":54,"author":{"gitId":"chongyongrui"},"content":"        } else {","lastModifiedDate":"2023-03-06"},{"lineNumber":55,"author":{"gitId":"chongyongrui"},"content":"            System.out.println(\"This budget does not exist!\");","lastModifiedDate":"2023-03-06"},{"lineNumber":56,"author":{"gitId":"chongyongrui"},"content":"        }","lastModifiedDate":"2023-03-06"},{"lineNumber":57,"author":{"gitId":"chongyongrui"},"content":"    }","lastModifiedDate":"2023-03-06"},{"lineNumber":58,"author":{"gitId":"chongyongrui"},"content":"","lastModifiedDate":"2023-03-06"},{"lineNumber":59,"author":{"gitId":"chongyongrui"},"content":"","lastModifiedDate":"2023-03-06"},{"lineNumber":60,"author":{"gitId":"chongyongrui"},"content":"    /**","lastModifiedDate":"2023-03-06"},{"lineNumber":61,"author":{"gitId":"chongyongrui"},"content":"     * Prints all the details of all budgets in the list","lastModifiedDate":"2023-03-06"},{"lineNumber":62,"author":{"gitId":"chongyongrui"},"content":"     *","lastModifiedDate":"2023-03-06"},{"lineNumber":63,"author":{"gitId":"chongyongrui"},"content":"     * @return","lastModifiedDate":"2023-03-06"},{"lineNumber":64,"author":{"gitId":"chongyongrui"},"content":"     */","lastModifiedDate":"2023-03-06"},{"lineNumber":65,"author":{"gitId":"chongyongrui"},"content":"    public static short printTaskList() {","lastModifiedDate":"2023-03-06"},{"lineNumber":66,"author":{"gitId":"chongyongrui"},"content":"        int i \u003d 1;","lastModifiedDate":"2023-03-06"},{"lineNumber":67,"author":{"gitId":"chongyongrui"},"content":"        for (Budget a : budgets) {","lastModifiedDate":"2023-03-06"},{"lineNumber":68,"author":{"gitId":"chongyongrui"},"content":"            if (a !\u003d null) {","lastModifiedDate":"2023-03-06"},{"lineNumber":69,"author":{"gitId":"chongyongrui"},"content":"                System.out.print(i + \". \");","lastModifiedDate":"2023-03-06"},{"lineNumber":70,"author":{"gitId":"chongyongrui"},"content":"                a.printBudget();","lastModifiedDate":"2023-03-06"},{"lineNumber":71,"author":{"gitId":"chongyongrui"},"content":"                i++;","lastModifiedDate":"2023-03-06"},{"lineNumber":72,"author":{"gitId":"chongyongrui"},"content":"            }","lastModifiedDate":"2023-03-06"},{"lineNumber":73,"author":{"gitId":"chongyongrui"},"content":"        }","lastModifiedDate":"2023-03-06"},{"lineNumber":74,"author":{"gitId":"chongyongrui"},"content":"        System.out.println(\"Total of \" + budgets.size() + \" budgets.\");","lastModifiedDate":"2023-03-06"},{"lineNumber":75,"author":{"gitId":"chongyongrui"},"content":"        return 0;","lastModifiedDate":"2023-03-06"},{"lineNumber":76,"author":{"gitId":"chongyongrui"},"content":"    }","lastModifiedDate":"2023-03-06"},{"lineNumber":77,"author":{"gitId":"chongyongrui"},"content":"","lastModifiedDate":"2023-03-06"},{"lineNumber":78,"author":{"gitId":"chongyongrui"},"content":"","lastModifiedDate":"2023-03-06"},{"lineNumber":79,"author":{"gitId":"chongyongrui"},"content":"}","lastModifiedDate":"2023-03-06"}],"authorContributionMap":{"chongyongrui":79}},{"path":"src/main/java/seedu/duke/BudgetParser.java","fileType":"functional-code","lines":[{"lineNumber":1,"author":{"gitId":"chongyongrui"},"content":"package seedu.duke;","lastModifiedDate":"2023-03-06"},{"lineNumber":2,"author":{"gitId":"chongyongrui"},"content":"","lastModifiedDate":"2023-03-06"},{"lineNumber":3,"author":{"gitId":"chongyongrui"},"content":"import java.util.Objects;","lastModifiedDate":"2023-03-06"},{"lineNumber":4,"author":{"gitId":"chongyongrui"},"content":"","lastModifiedDate":"2023-03-06"},{"lineNumber":5,"author":{"gitId":"chongyongrui"},"content":"public class BudgetParser {","lastModifiedDate":"2023-03-06"},{"lineNumber":6,"author":{"gitId":"chongyongrui"},"content":"    public static String command;","lastModifiedDate":"2023-03-06"},{"lineNumber":7,"author":{"gitId":"chongyongrui"},"content":"","lastModifiedDate":"2023-03-06"},{"lineNumber":8,"author":{"gitId":"chongyongrui"},"content":"    /**","lastModifiedDate":"2023-03-06"},{"lineNumber":9,"author":{"gitId":"chongyongrui"},"content":"     * To determine the next method to run based on the user input","lastModifiedDate":"2023-03-06"},{"lineNumber":10,"author":{"gitId":"chongyongrui"},"content":"     *","lastModifiedDate":"2023-03-06"},{"lineNumber":11,"author":{"gitId":"chongyongrui"},"content":"     * @param command User input command that determines what budget function will run","lastModifiedDate":"2023-03-06"},{"lineNumber":12,"author":{"gitId":"chongyongrui"},"content":"     */","lastModifiedDate":"2023-03-06"},{"lineNumber":13,"author":{"gitId":"chongyongrui"},"content":"","lastModifiedDate":"2023-03-06"},{"lineNumber":14,"author":{"gitId":"chongyongrui"},"content":"","lastModifiedDate":"2023-03-06"},{"lineNumber":15,"author":{"gitId":"chongyongrui"},"content":"    public static void respondToBudgetInput(String command) {","lastModifiedDate":"2023-03-06"},{"lineNumber":16,"author":{"gitId":"chongyongrui"},"content":"","lastModifiedDate":"2023-03-06"},{"lineNumber":17,"author":{"gitId":"chongyongrui"},"content":"        try {","lastModifiedDate":"2023-03-06"},{"lineNumber":18,"author":{"gitId":"chongyongrui"},"content":"            String[] stringArray \u003d command.split(\" \");","lastModifiedDate":"2023-03-06"},{"lineNumber":19,"author":{"gitId":"chongyongrui"},"content":"            String keyword \u003d stringArray[1];","lastModifiedDate":"2023-03-06"},{"lineNumber":20,"author":{"gitId":"chongyongrui"},"content":"            System.out.println(keyword + \"is the key\");","lastModifiedDate":"2023-03-06"},{"lineNumber":21,"author":{"gitId":"chongyongrui"},"content":"","lastModifiedDate":"2023-03-06"},{"lineNumber":22,"author":{"gitId":"chongyongrui"},"content":"            if (Objects.equals(keyword, \"list\")){","lastModifiedDate":"2023-03-06"},{"lineNumber":23,"author":{"gitId":"chongyongrui"},"content":"                BudgetList.printTaskList();","lastModifiedDate":"2023-03-06"},{"lineNumber":24,"author":{"gitId":"chongyongrui"},"content":"            }","lastModifiedDate":"2023-03-06"},{"lineNumber":25,"author":{"gitId":"chongyongrui"},"content":"            else {","lastModifiedDate":"2023-03-06"},{"lineNumber":26,"author":{"gitId":"chongyongrui"},"content":"                String budgetName \u003d stringArray[3];","lastModifiedDate":"2023-03-06"},{"lineNumber":27,"author":{"gitId":"chongyongrui"},"content":"                switch (keyword) {","lastModifiedDate":"2023-03-06"},{"lineNumber":28,"author":{"gitId":"chongyongrui"},"content":"","lastModifiedDate":"2023-03-06"},{"lineNumber":29,"author":{"gitId":"chongyongrui"},"content":"                case \"del\":","lastModifiedDate":"2023-03-06"},{"lineNumber":30,"author":{"gitId":"chongyongrui"},"content":"","lastModifiedDate":"2023-03-06"},{"lineNumber":31,"author":{"gitId":"chongyongrui"},"content":"                    BudgetList.deleteBudget(budgetName);","lastModifiedDate":"2023-03-06"},{"lineNumber":32,"author":{"gitId":"chongyongrui"},"content":"                    break;","lastModifiedDate":"2023-03-06"},{"lineNumber":33,"author":{"gitId":"chongyongrui"},"content":"","lastModifiedDate":"2023-03-06"},{"lineNumber":34,"author":{"gitId":"chongyongrui"},"content":"                case \"set\":","lastModifiedDate":"2023-03-06"},{"lineNumber":35,"author":{"gitId":"chongyongrui"},"content":"                    if (!BudgetList.duplicateBudgetName(budgetName)) {","lastModifiedDate":"2023-03-06"},{"lineNumber":36,"author":{"gitId":"chongyongrui"},"content":"                        double budgetLimit \u003d Double.parseDouble(stringArray[5]);","lastModifiedDate":"2023-03-06"},{"lineNumber":37,"author":{"gitId":"chongyongrui"},"content":"                        System.out.println(\"name is \" + budgetName + \"  amount is  \" + budgetLimit);","lastModifiedDate":"2023-03-06"},{"lineNumber":38,"author":{"gitId":"chongyongrui"},"content":"                        BudgetList.createBudget(budgetName, budgetLimit);","lastModifiedDate":"2023-03-06"},{"lineNumber":39,"author":{"gitId":"chongyongrui"},"content":"                    }","lastModifiedDate":"2023-03-06"},{"lineNumber":40,"author":{"gitId":"chongyongrui"},"content":"                    else {","lastModifiedDate":"2023-03-06"},{"lineNumber":41,"author":{"gitId":"chongyongrui"},"content":"                         System.out.println(\"Budget already exists!\");","lastModifiedDate":"2023-03-06"},{"lineNumber":42,"author":{"gitId":"chongyongrui"},"content":"                    }","lastModifiedDate":"2023-03-06"},{"lineNumber":43,"author":{"gitId":"chongyongrui"},"content":"","lastModifiedDate":"2023-03-06"},{"lineNumber":44,"author":{"gitId":"chongyongrui"},"content":"                    break;","lastModifiedDate":"2023-03-06"},{"lineNumber":45,"author":{"gitId":"chongyongrui"},"content":"","lastModifiedDate":"2023-03-06"},{"lineNumber":46,"author":{"gitId":"chongyongrui"},"content":"","lastModifiedDate":"2023-03-06"},{"lineNumber":47,"author":{"gitId":"chongyongrui"},"content":"                default:","lastModifiedDate":"2023-03-06"},{"lineNumber":48,"author":{"gitId":"chongyongrui"},"content":"                    invalidInputReponse();","lastModifiedDate":"2023-03-06"},{"lineNumber":49,"author":{"gitId":"chongyongrui"},"content":"                }","lastModifiedDate":"2023-03-06"},{"lineNumber":50,"author":{"gitId":"chongyongrui"},"content":"            }","lastModifiedDate":"2023-03-06"},{"lineNumber":51,"author":{"gitId":"chongyongrui"},"content":"","lastModifiedDate":"2023-03-06"},{"lineNumber":52,"author":{"gitId":"chongyongrui"},"content":"        } catch (NumberFormatException e) {","lastModifiedDate":"2023-03-06"},{"lineNumber":53,"author":{"gitId":"chongyongrui"},"content":"            System.out.println(\"Budget limit is not a number!\");","lastModifiedDate":"2023-03-06"},{"lineNumber":54,"author":{"gitId":"chongyongrui"},"content":"        } catch (ArrayIndexOutOfBoundsException e) {","lastModifiedDate":"2023-03-06"},{"lineNumber":55,"author":{"gitId":"chongyongrui"},"content":"            System.out.println(\"ERROR! Invalid command!\");","lastModifiedDate":"2023-03-06"},{"lineNumber":56,"author":{"gitId":"chongyongrui"},"content":"        }","lastModifiedDate":"2023-03-06"},{"lineNumber":57,"author":{"gitId":"chongyongrui"},"content":"","lastModifiedDate":"2023-03-06"},{"lineNumber":58,"author":{"gitId":"chongyongrui"},"content":"    }","lastModifiedDate":"2023-03-06"},{"lineNumber":59,"author":{"gitId":"chongyongrui"},"content":"","lastModifiedDate":"2023-03-06"},{"lineNumber":60,"author":{"gitId":"chongyongrui"},"content":"    private static void invalidInputReponse() {","lastModifiedDate":"2023-03-06"},{"lineNumber":61,"author":{"gitId":"chongyongrui"},"content":"        System.out.println(\"This is an invalid input!\");","lastModifiedDate":"2023-03-06"},{"lineNumber":62,"author":{"gitId":"chongyongrui"},"content":"    }","lastModifiedDate":"2023-03-06"},{"lineNumber":63,"author":{"gitId":"chongyongrui"},"content":"","lastModifiedDate":"2023-03-06"},{"lineNumber":64,"author":{"gitId":"chongyongrui"},"content":"}","lastModifiedDate":"2023-03-06"}],"authorContributionMap":{"chongyongrui":64}},{"path":"src/main/java/seedu/duke/Duke.java","fileType":"functional-code","lines":[{"lineNumber":1,"author":{"gitId":"-"},"content":"package seedu.duke;","lastModifiedDate":"2020-05-24"},{"lineNumber":2,"author":{"gitId":"-"},"content":"","lastModifiedDate":"2020-05-24"},{"lineNumber":3,"author":{"gitId":"-"},"content":"import java.util.Scanner;","lastModifiedDate":"2020-05-24"},{"lineNumber":4,"author":{"gitId":"-"},"content":"","lastModifiedDate":"2020-05-24"},{"lineNumber":5,"author":{"gitId":"chongyongrui"},"content":"","lastModifiedDate":"2023-03-06"},{"lineNumber":6,"author":{"gitId":"chongyongrui"},"content":"","lastModifiedDate":"2023-03-06"},{"lineNumber":7,"author":{"gitId":"-"},"content":"public class Duke {","lastModifiedDate":"2019-07-29"},{"lineNumber":8,"author":{"gitId":"-"},"content":"    /**","lastModifiedDate":"2020-05-24"},{"lineNumber":9,"author":{"gitId":"-"},"content":"     * Main entry-point for the java.duke.Duke application.","lastModifiedDate":"2020-05-24"},{"lineNumber":10,"author":{"gitId":"-"},"content":"     */","lastModifiedDate":"2020-05-24"},{"lineNumber":11,"author":{"gitId":"-"},"content":"    public static void main(String[] args) {","lastModifiedDate":"2019-07-29"},{"lineNumber":12,"author":{"gitId":"chongyongrui"},"content":"        new BudgetParser();","lastModifiedDate":"2023-03-06"},{"lineNumber":13,"author":{"gitId":"-"},"content":"        String logo \u003d \" ____        _        \\n\"","lastModifiedDate":"2019-07-29"},{"lineNumber":14,"author":{"gitId":"-"},"content":"                + \"|  _ \\\\ _   _| | _____ \\n\"","lastModifiedDate":"2019-07-29"},{"lineNumber":15,"author":{"gitId":"-"},"content":"                + \"| | | | | | | |/ / _ \\\\\\n\"","lastModifiedDate":"2019-07-29"},{"lineNumber":16,"author":{"gitId":"-"},"content":"                + \"| |_| | |_| |   \u003c  __/\\n\"","lastModifiedDate":"2019-07-29"},{"lineNumber":17,"author":{"gitId":"-"},"content":"                + \"|____/ \\\\__,_|_|\\\\_\\\\___|\\n\";","lastModifiedDate":"2019-07-29"},{"lineNumber":18,"author":{"gitId":"-"},"content":"        System.out.println(\"Hello from\\n\" + logo);","lastModifiedDate":"2019-07-29"},{"lineNumber":19,"author":{"gitId":"-"},"content":"        System.out.println(\"What is your name?\");","lastModifiedDate":"2020-05-24"},{"lineNumber":20,"author":{"gitId":"-"},"content":"","lastModifiedDate":"2020-05-24"},{"lineNumber":21,"author":{"gitId":"chongyongrui"},"content":"        int i \u003d 0;","lastModifiedDate":"2023-03-06"},{"lineNumber":22,"author":{"gitId":"chongyongrui"},"content":"        String command \u003d \"hi\";","lastModifiedDate":"2023-03-06"},{"lineNumber":23,"author":{"gitId":"chongyongrui"},"content":"        while (!command.equals(\"bye\")) {","lastModifiedDate":"2023-03-06"},{"lineNumber":24,"author":{"gitId":"chongyongrui"},"content":"            command \u003d readTask();","lastModifiedDate":"2023-03-06"},{"lineNumber":25,"author":{"gitId":"chongyongrui"},"content":"            BudgetParser.respondToBudgetInput(command);","lastModifiedDate":"2023-03-06"},{"lineNumber":26,"author":{"gitId":"chongyongrui"},"content":"            i++;","lastModifiedDate":"2023-03-06"},{"lineNumber":27,"author":{"gitId":"chongyongrui"},"content":"        }","lastModifiedDate":"2023-03-06"},{"lineNumber":28,"author":{"gitId":"chongyongrui"},"content":"","lastModifiedDate":"2023-03-06"},{"lineNumber":29,"author":{"gitId":"chongyongrui"},"content":"    }","lastModifiedDate":"2023-03-06"},{"lineNumber":30,"author":{"gitId":"chongyongrui"},"content":"","lastModifiedDate":"2023-03-06"},{"lineNumber":31,"author":{"gitId":"chongyongrui"},"content":"","lastModifiedDate":"2023-03-06"},{"lineNumber":32,"author":{"gitId":"chongyongrui"},"content":"    public static String readTask() {","lastModifiedDate":"2023-03-06"},{"lineNumber":33,"author":{"gitId":"chongyongrui"},"content":"        String line;","lastModifiedDate":"2023-03-06"},{"lineNumber":34,"author":{"gitId":"-"},"content":"        Scanner in \u003d new Scanner(System.in);","lastModifiedDate":"2020-05-24"},{"lineNumber":35,"author":{"gitId":"chongyongrui"},"content":"        line \u003d in.nextLine();","lastModifiedDate":"2023-03-06"},{"lineNumber":36,"author":{"gitId":"chongyongrui"},"content":"        return line;","lastModifiedDate":"2023-03-06"},{"lineNumber":37,"author":{"gitId":"chongyongrui"},"content":"","lastModifiedDate":"2023-03-06"},{"lineNumber":38,"author":{"gitId":"-"},"content":"    }","lastModifiedDate":"2019-07-29"},{"lineNumber":39,"author":{"gitId":"-"},"content":"}","lastModifiedDate":"2019-07-29"},{"lineNumber":40,"author":{"gitId":"chongyongrui"},"content":"","lastModifiedDate":"2023-03-06"}],"authorContributionMap":{"chongyongrui":20,"-":20}},{"path":"src/test/java/seedu/duke/BudgetListTest.java","fileType":"test-code","lines":[{"lineNumber":1,"author":{"gitId":"chongyongrui"},"content":"package seedu.duke;","lastModifiedDate":"2023-03-06"},{"lineNumber":2,"author":{"gitId":"chongyongrui"},"content":"","lastModifiedDate":"2023-03-06"},{"lineNumber":3,"author":{"gitId":"chongyongrui"},"content":"import org.junit.jupiter.api.Test;","lastModifiedDate":"2023-03-06"},{"lineNumber":4,"author":{"gitId":"chongyongrui"},"content":"","lastModifiedDate":"2023-03-06"},{"lineNumber":5,"author":{"gitId":"chongyongrui"},"content":"import java.util.ArrayList;","lastModifiedDate":"2023-03-06"},{"lineNumber":6,"author":{"gitId":"chongyongrui"},"content":"","lastModifiedDate":"2023-03-06"},{"lineNumber":7,"author":{"gitId":"chongyongrui"},"content":"import static org.junit.jupiter.api.Assertions.*;","lastModifiedDate":"2023-03-06"},{"lineNumber":8,"author":{"gitId":"chongyongrui"},"content":"","lastModifiedDate":"2023-03-06"},{"lineNumber":9,"author":{"gitId":"chongyongrui"},"content":"class BudgetListTest {","lastModifiedDate":"2023-03-06"},{"lineNumber":10,"author":{"gitId":"chongyongrui"},"content":"    //public static ArrayList\u003cBudget\u003e budgets \u003d new ArrayList\u003cBudget\u003e();","lastModifiedDate":"2023-03-06"},{"lineNumber":11,"author":{"gitId":"chongyongrui"},"content":"","lastModifiedDate":"2023-03-06"},{"lineNumber":12,"author":{"gitId":"chongyongrui"},"content":"    BudgetList bl \u003d new BudgetList();","lastModifiedDate":"2023-03-06"},{"lineNumber":13,"author":{"gitId":"chongyongrui"},"content":"","lastModifiedDate":"2023-03-06"},{"lineNumber":14,"author":{"gitId":"chongyongrui"},"content":"    @Test","lastModifiedDate":"2023-03-06"},{"lineNumber":15,"author":{"gitId":"chongyongrui"},"content":"    void createBudget_newBudget_newBudget() {","lastModifiedDate":"2023-03-06"},{"lineNumber":16,"author":{"gitId":"chongyongrui"},"content":"        String budgetName \u003d \"good\";","lastModifiedDate":"2023-03-06"},{"lineNumber":17,"author":{"gitId":"chongyongrui"},"content":"        Double budgetLimit \u003d 10.0;","lastModifiedDate":"2023-03-06"},{"lineNumber":18,"author":{"gitId":"chongyongrui"},"content":"        bl.createBudget(budgetName,budgetLimit);","lastModifiedDate":"2023-03-06"},{"lineNumber":19,"author":{"gitId":"chongyongrui"},"content":"        for ( Budget a : bl.budgets){","lastModifiedDate":"2023-03-06"},{"lineNumber":20,"author":{"gitId":"chongyongrui"},"content":"            System.out.println(a.budgetName);","lastModifiedDate":"2023-03-06"},{"lineNumber":21,"author":{"gitId":"chongyongrui"},"content":"        }","lastModifiedDate":"2023-03-06"},{"lineNumber":22,"author":{"gitId":"chongyongrui"},"content":"        assertEquals(2, bl.budgets.size());","lastModifiedDate":"2023-03-06"},{"lineNumber":23,"author":{"gitId":"chongyongrui"},"content":"    }","lastModifiedDate":"2023-03-06"},{"lineNumber":24,"author":{"gitId":"chongyongrui"},"content":"","lastModifiedDate":"2023-03-06"},{"lineNumber":25,"author":{"gitId":"chongyongrui"},"content":"","lastModifiedDate":"2023-03-06"},{"lineNumber":26,"author":{"gitId":"chongyongrui"},"content":"    @Test","lastModifiedDate":"2023-03-06"},{"lineNumber":27,"author":{"gitId":"chongyongrui"},"content":"    void duplicateBudgetName_newBudget_noError() {","lastModifiedDate":"2023-03-06"},{"lineNumber":28,"author":{"gitId":"chongyongrui"},"content":"        BudgetList bl \u003d new BudgetList();","lastModifiedDate":"2023-03-06"},{"lineNumber":29,"author":{"gitId":"chongyongrui"},"content":"        bl.createBudget(\"food\",0.00);","lastModifiedDate":"2023-03-06"},{"lineNumber":30,"author":{"gitId":"chongyongrui"},"content":"        String budgetName \u003d \"food\";","lastModifiedDate":"2023-03-06"},{"lineNumber":31,"author":{"gitId":"chongyongrui"},"content":"        assertEquals(true, bl.duplicateBudgetName(budgetName));","lastModifiedDate":"2023-03-06"},{"lineNumber":32,"author":{"gitId":"chongyongrui"},"content":"        budgetName \u003d \"transport\";","lastModifiedDate":"2023-03-06"},{"lineNumber":33,"author":{"gitId":"chongyongrui"},"content":"        assertEquals(false, bl.duplicateBudgetName(budgetName));","lastModifiedDate":"2023-03-06"},{"lineNumber":34,"author":{"gitId":"chongyongrui"},"content":"    }","lastModifiedDate":"2023-03-06"},{"lineNumber":35,"author":{"gitId":"chongyongrui"},"content":"","lastModifiedDate":"2023-03-06"},{"lineNumber":36,"author":{"gitId":"chongyongrui"},"content":"","lastModifiedDate":"2023-03-06"},{"lineNumber":37,"author":{"gitId":"chongyongrui"},"content":"","lastModifiedDate":"2023-03-06"},{"lineNumber":38,"author":{"gitId":"chongyongrui"},"content":"    @Test","lastModifiedDate":"2023-03-06"},{"lineNumber":39,"author":{"gitId":"chongyongrui"},"content":"    void deleteBudget() {","lastModifiedDate":"2023-03-06"},{"lineNumber":40,"author":{"gitId":"chongyongrui"},"content":"        BudgetList bl \u003d new BudgetList();","lastModifiedDate":"2023-03-06"},{"lineNumber":41,"author":{"gitId":"chongyongrui"},"content":"        bl.createBudget(\"food\",0.00);","lastModifiedDate":"2023-03-06"},{"lineNumber":42,"author":{"gitId":"chongyongrui"},"content":"        bl.deleteBudget(\"drink\");","lastModifiedDate":"2023-03-06"},{"lineNumber":43,"author":{"gitId":"chongyongrui"},"content":"        assertEquals(1, bl.budgets.size());","lastModifiedDate":"2023-03-06"},{"lineNumber":44,"author":{"gitId":"chongyongrui"},"content":"        bl.deleteBudget(\"food\");","lastModifiedDate":"2023-03-06"},{"lineNumber":45,"author":{"gitId":"chongyongrui"},"content":"        assertEquals(0, bl.budgets.size());","lastModifiedDate":"2023-03-06"},{"lineNumber":46,"author":{"gitId":"chongyongrui"},"content":"","lastModifiedDate":"2023-03-06"},{"lineNumber":47,"author":{"gitId":"chongyongrui"},"content":"    }","lastModifiedDate":"2023-03-06"},{"lineNumber":48,"author":{"gitId":"chongyongrui"},"content":"","lastModifiedDate":"2023-03-06"},{"lineNumber":49,"author":{"gitId":"chongyongrui"},"content":"","lastModifiedDate":"2023-03-06"},{"lineNumber":50,"author":{"gitId":"chongyongrui"},"content":"","lastModifiedDate":"2023-03-06"},{"lineNumber":51,"author":{"gitId":"chongyongrui"},"content":"}","lastModifiedDate":"2023-03-06"}],"authorContributionMap":{"chongyongrui":51}}]
