{"authorDailyContributionsMap":{"SaiChaitanya13":[{"date":"2023-03-01","commitResults":[{"hash":"0db6a5116f7415ab2d1aa5c4e742dc664d91b5c5","isMergeCommit":false,"messageTitle":"Updated about us","messageBody":"","fileTypesAndContributionMap":{"docs":{"insertions":7,"deletions":7}}}]}],"pinyoko573":[{"date":"2023-03-01","commitResults":[{"hash":"c8b8994573a17b32b151d28f00abbc3174e1bbcc","isMergeCommit":false,"messageTitle":"Update About Us","messageBody":"","fileTypesAndContributionMap":{"docs":{"insertions":1,"deletions":1}}}]},{"date":"2023-03-04","commitResults":[{"hash":"48eb06c0a3e25b33387f9fbf440c40ac56a0a101","isMergeCommit":true,"messageTitle":"Merge pull request #1 from chongyongrui/master","messageBody":"change about us","fileTypesAndContributionMap":{}},{"hash":"bdc237095c609261ed2202d2fba37914c51f8df6","isMergeCommit":true,"messageTitle":"Merge branch \u0027master\u0027 into stephen-AboutUs","messageBody":"","fileTypesAndContributionMap":{}},{"hash":"c8eb83e2768caff4177dda7258bfb5994a4a8c32","isMergeCommit":true,"messageTitle":"Merge pull request #3 from stephenkyang/stephen-AboutUs","messageBody":"Finished contents on branch","fileTypesAndContributionMap":{}},{"hash":"98a8a600e58330f59c110f43c7ff2c8334c9ada1","isMergeCommit":true,"messageTitle":"Merge branch \u0027master\u0027 into master","messageBody":"","fileTypesAndContributionMap":{}},{"hash":"c7b04a9f0efd624850b9e784a0864dce95fc2058","isMergeCommit":true,"messageTitle":"Merge pull request #5 from tzixi/master","messageBody":"Update AboutUs.md","fileTypesAndContributionMap":{}},{"hash":"828d8c7834f3d3a470149018f28403ef309a230f","isMergeCommit":true,"messageTitle":"Merge branch \u0027master\u0027 into chaitanya-AboutUs","messageBody":"","fileTypesAndContributionMap":{}},{"hash":"875eee81c756529a9ead5d5fb711d5603b55d684","isMergeCommit":true,"messageTitle":"Merge pull request #6 from SaiChaitanya13/chaitanya-AboutUs","messageBody":"Updated about us","fileTypesAndContributionMap":{}},{"hash":"00ccd2e6e4c801273f39f2aca20356168262a241","isMergeCommit":true,"messageTitle":"Merge branch \u0027master\u0027 into chuaWei-AboutUs","messageBody":"","fileTypesAndContributionMap":{}},{"hash":"9f8a7c13285f527b74f04da1d0abad5d64c4ae06","isMergeCommit":true,"messageTitle":"Merge pull request #7 from pinyoko573/chuaWei-AboutUs","messageBody":"Update About Us","fileTypesAndContributionMap":{}}]},{"date":"2023-03-07","commitResults":[{"hash":"0546224557ada0d13e5099074ee1348a36a4f903","isMergeCommit":true,"messageTitle":"Merge pull request #9 from chongyongrui/master","messageBody":"add budget functionality","fileTypesAndContributionMap":{}}]}],"chongyongrui":[{"date":"2023-03-01","commitResults":[{"hash":"31960bd802e9c6b88373c276643638f1a95a484f","isMergeCommit":false,"messageTitle":"change about us","messageBody":"","fileTypesAndContributionMap":{"docs":{"insertions":7,"deletions":7}}}]},{"date":"2023-03-06","commitResults":[{"hash":"74be6a2419bc681e80ec02c159403e3535005903","isMergeCommit":false,"messageTitle":"add budget class and method for functionality","messageBody":"","fileTypesAndContributionMap":{"functional-code":{"insertions":173,"deletions":0}}},{"hash":"64f72829d58dabbaa0b7c53e9e9d6d8a36cc70c6","isMergeCommit":false,"messageTitle":"add Junit test for budget methods","messageBody":"","fileTypesAndContributionMap":{"functional-code":{"insertions":84,"deletions":53},"other":{"insertions":48,"deletions":20},"test-code":{"insertions":51,"deletions":0}}}]}],"stephenkyang":[{"date":"2023-03-01","commitResults":[{"hash":"7c357b73fbd3e3f229e6e6b489cb9b8f540387bb","isMergeCommit":false,"messageTitle":"Finished contents on branch","messageBody":"","fileTypesAndContributionMap":{"docs":{"insertions":1,"deletions":1}}}]}],"tzixi":[{"date":"2023-03-01","commitResults":[{"hash":"3953105194f25399afd3d4ccd75c42bb4f60d922","isMergeCommit":false,"messageTitle":"Update AboutUs.md","messageBody":"","fileTypesAndContributionMap":{"docs":{"insertions":7,"deletions":7}}}]}]},"authorFileTypeContributionMap":{"SaiChaitanya13":{"docs":1,"functional-code":0,"test-code":0},"pinyoko573":{"docs":1,"functional-code":0,"test-code":0},"chongyongrui":{"docs":2,"functional-code":233,"test-code":51},"stephenkyang":{"docs":1,"functional-code":0,"test-code":0},"tzixi":{"docs":1,"functional-code":0,"test-code":0}},"authorContributionVariance":{"SaiChaitanya13":9.772854,"pinyoko573":0.19944598,"chongyongrui":9153.058,"stephenkyang":0.19944598,"tzixi":9.772854},"authorDisplayNameMap":{"SaiChaitanya13":"CS2113-W15-3 GARL..ANYA","pinyoko573":"CS2113-W15-3 CHUA.. WEI","chongyongrui":"CS2113-W15-3 CHON.. RUI","stephenkyang":"CS2113-W15-3 YANG..MING","tzixi":"CS2113-W15-3 TAN ..I XI"}}
