{"authorDailyContributionsMap":{"nghochi123":[{"date":"2023-03-01","commitResults":[{"hash":"aa40fd8ac920320b4ea3b247c7950d2e83156728","isMergeCommit":false,"messageTitle":"NgHoChi-AboutUs","messageBody":"","fileTypesAndContributionMap":{"functional-code":{"insertions":16,"deletions":14},"docs":{"insertions":1,"deletions":1}}},{"hash":"bc4e148c496af39f7e9e2f43fed2fa8b4be326e2","isMergeCommit":false,"messageTitle":"Revert \"NgHoChi-AboutUs\"","messageBody":"This reverts commit aa40fd8ac920320b4ea3b247c7950d2e83156728.\n","fileTypesAndContributionMap":{"functional-code":{"insertions":14,"deletions":16},"docs":{"insertions":1,"deletions":1}}},{"hash":"bd771f5f3a1ce22d4da545780a81d94315a3f789","isMergeCommit":false,"messageTitle":"NgHoChi-AboutUs","messageBody":"","fileTypesAndContributionMap":{"functional-code":{"insertions":16,"deletions":14},"docs":{"insertions":1,"deletions":1}}},{"hash":"b56fdb17f8a0bdf40aa5bffbb574b92c0c8e96d1","isMergeCommit":false,"messageTitle":"NgHoChi-AboutUs - Fixed issues","messageBody":"","fileTypesAndContributionMap":{"functional-code":{"insertions":14,"deletions":16}}},{"hash":"f6817f4bb51f666624320e470ca0ad0cec22a6c2","isMergeCommit":true,"messageTitle":"Merge branch \u0027NgHoChi-AboutUs\u0027 of https://github.com/nghochi123/tp into NgHoChi-AboutUs","messageBody":"","fileTypesAndContributionMap":{}},{"hash":"82075de042cd339c40045d9ea3818c236e7b7586","isMergeCommit":true,"messageTitle":"Merge pull request #23 from nghochi123/NgHoChi-AboutUs","messageBody":"Ng ho chi about us","fileTypesAndContributionMap":{}}]},{"date":"2023-03-08","commitResults":[{"hash":"bb975bc7c3b60a4e7f7b7297b16e764dff905c84","isMergeCommit":false,"messageTitle":"Add Database.java and StorageConstants.java","messageBody":"","fileTypesAndContributionMap":{"functional-code":{"insertions":80,"deletions":2}}},{"hash":"d35e838fb2a13aba03499a1a766a76f0627dd402","isMergeCommit":true,"messageTitle":"Merge pull request #39 from nghochi123/master","messageBody":"Add Database.java and StorageConstants.java","fileTypesAndContributionMap":{}}]},{"date":"2023-03-09","commitResults":[{"hash":"dbe78a3bc3845389917d6a3c18cc0fc4353207b6","isMergeCommit":false,"messageTitle":"Remove unused imports","messageBody":"","fileTypesAndContributionMap":{"functional-code":{"insertions":6,"deletions":5}}},{"hash":"64715f30250c216a02d6ff0326d8155dac32f6d3","isMergeCommit":true,"messageTitle":"Merge pull request #43 from nghochi123/master","messageBody":"Remove unused imports","fileTypesAndContributionMap":{}}]},{"date":"2023-03-10","commitResults":[{"hash":"fa3b4d8c7cb2c8b8ce7dc0cb5611055bfc209d3f","isMergeCommit":false,"messageTitle":"Add StorageTest.java and update Storage.java","messageBody":"","fileTypesAndContributionMap":{"functional-code":{"insertions":141,"deletions":72},"test-code":{"insertions":96,"deletions":0}}}]},{"date":"2023-03-11","commitResults":[{"hash":"682f642c6a81444dd505c7af14d88505f8bfec3a","isMergeCommit":true,"messageTitle":"Merge branch \u0027master\u0027 of https://github.com/AY2223S2-CS2113-W15-2/tp","messageBody":"","fileTypesAndContributionMap":{}},{"hash":"b32bb9f9424c113d3c020610be2a6e418608ff76","isMergeCommit":false,"messageTitle":"Storage class: add documentation, modify functions to throw exception","messageBody":"","fileTypesAndContributionMap":{"functional-code":{"insertions":96,"deletions":34}}},{"hash":"2d6ae5c73fb11bfed5de02b11648b281fc6a6bfa","isMergeCommit":false,"messageTitle":"Unit tests: add tests for exceptions","messageBody":"","fileTypesAndContributionMap":{"test-code":{"insertions":145,"deletions":33}}},{"hash":"2caefa41277848d0db92a874c6255b67e3226469","isMergeCommit":false,"messageTitle":"Add new InvalidReadFileException","messageBody":"","fileTypesAndContributionMap":{"functional-code":{"insertions":10,"deletions":0}}},{"hash":"18438a1c0395ec41c48cf74d2ab01baf669178de","isMergeCommit":false,"messageTitle":"Modify CategoryUtil to throw Exception","messageBody":"","fileTypesAndContributionMap":{"functional-code":{"insertions":1,"deletions":1}}},{"hash":"79248e5de8b7e8ac7a4e5bd3afc5ae3962fd2de6","isMergeCommit":false,"messageTitle":"Fix Storage indentation","messageBody":"","fileTypesAndContributionMap":{"functional-code":{"insertions":12,"deletions":12}}},{"hash":"9813f29cc630884de6f07ad69b8ff0c49c27468e","isMergeCommit":false,"messageTitle":"Storage class: move assignment of variables into constructor","messageBody":"","fileTypesAndContributionMap":{"functional-code":{"insertions":5,"deletions":2}}}]},{"date":"2023-03-13","commitResults":[{"hash":"3d1f3569f6244787e655e4bf39becd1f08f2576f","isMergeCommit":false,"messageTitle":"Edit StorageTest to assert no exceptions thrown","messageBody":"","fileTypesAndContributionMap":{"test-code":{"insertions":30,"deletions":30}}},{"hash":"816834b7bbb6724ae2ee2304930c159a84a1dc90","isMergeCommit":false,"messageTitle":"Edit ParserTest to assert no exceptions thrown","messageBody":"","fileTypesAndContributionMap":{"test-code":{"insertions":16,"deletions":25}}}]},{"date":"2023-03-14","commitResults":[{"hash":"5c33cdaac8da32a3f3324e184402f648d5d5355f","isMergeCommit":false,"messageTitle":"Fix Storage class unclosed BufferedReader on Exception","messageBody":"","fileTypesAndContributionMap":{"functional-code":{"insertions":6,"deletions":11},"test-code":{"insertions":16,"deletions":14}}},{"hash":"e3ae10e64f79af8c342fe8a6593fd59649b5a03b","isMergeCommit":false,"messageTitle":"Docs: Add content to DeveloperGuide","messageBody":"","fileTypesAndContributionMap":{"docs":{"insertions":82,"deletions":10}}},{"hash":"a709fa97edf2ecb68f7f29d029a15276f98bb6f6","isMergeCommit":true,"messageTitle":"Merge branch \u0027master\u0027 into branch-integrate-application","messageBody":"","fileTypesAndContributionMap":{}},{"hash":"c90e5a072bdeab231544d99b033aaedcaf2639a6","isMergeCommit":true,"messageTitle":"Merge pull request #77 from nghochi123/branch-integrate-application","messageBody":"Fix Storage class unclosed BufferedReader on Exception","fileTypesAndContributionMap":{}},{"hash":"f0a7003c6f5240a42ff1baf9d7e6f58a1bdcfecf","isMergeCommit":true,"messageTitle":"Merge branch \u0027master\u0027 into feature-integration","messageBody":"","fileTypesAndContributionMap":{}},{"hash":"ceec15495d05120dd16635388156392103c2111a","isMergeCommit":true,"messageTitle":"Merge pull request #76 from adenteo/feature-integration","messageBody":"Feature integration: View, Edit","fileTypesAndContributionMap":{}}]}],"adenteo":[{"date":"2023-03-01","commitResults":[{"hash":"e52e0b8d4dd7a25db173bf19b186038078408e51","isMergeCommit":false,"messageTitle":"Update AboutUs.md","messageBody":"","fileTypesAndContributionMap":{"docs":{"insertions":7,"deletions":7}}},{"hash":"aabd95b740bc81286880601f77f251d901d28f58","isMergeCommit":true,"messageTitle":"Merge branch \u0027master\u0027 into AdenTeo-AboutUs","messageBody":"","fileTypesAndContributionMap":{}},{"hash":"2d026c6216434c08bc89445a9723347534f39b2d","isMergeCommit":true,"messageTitle":"Merge pull request #24 from adenteo/AdenTeo-AboutUs","messageBody":"Update AboutUs.md","fileTypesAndContributionMap":{}}]},{"date":"2023-03-07","commitResults":[{"hash":"2dafd6952caf2db92877f6fc4aa8636ddff67810","isMergeCommit":false,"messageTitle":"Create Parser class","messageBody":"","fileTypesAndContributionMap":{"functional-code":{"insertions":169,"deletions":3}}},{"hash":"40e4363be7d7a9751fce2e1065b58597cc570eb2","isMergeCommit":false,"messageTitle":"Update Parser.java","messageBody":"","fileTypesAndContributionMap":{"functional-code":{"insertions":61,"deletions":11}}},{"hash":"a18762844d9d9dbff024bacf4701ac0f8d72a02f","isMergeCommit":false,"messageTitle":"Update Pocketpal logo and parser logic","messageBody":"","fileTypesAndContributionMap":{"functional-code":{"insertions":45,"deletions":28}}},{"hash":"39320e56a4ebaa3a467cf3b1df7793b3a6702d89","isMergeCommit":false,"messageTitle":"Update Parser.java","messageBody":"","fileTypesAndContributionMap":{"functional-code":{"insertions":38,"deletions":13}}},{"hash":"1f7c78abf169c3b7fccc1334be6df1fcd91a354d","isMergeCommit":false,"messageTitle":"Edit code formatting","messageBody":"","fileTypesAndContributionMap":{"functional-code":{"insertions":10,"deletions":11}}},{"hash":"c7652f3c1df5ade0a4de68ab2a4edc1f0156370c","isMergeCommit":false,"messageTitle":"Update Parser.java","messageBody":"","fileTypesAndContributionMap":{"functional-code":{"insertions":19,"deletions":19}}},{"hash":"f1d27df761a8b65d8c0302021e774cf312df2b0a","isMergeCommit":false,"messageTitle":"Update Parser.java","messageBody":"","fileTypesAndContributionMap":{"functional-code":{"insertions":1,"deletions":0}}}]},{"date":"2023-03-11","commitResults":[{"hash":"cb14ceaf4bc32a355b4d9a02005b1fd6b7ba8af9","isMergeCommit":false,"messageTitle":"Add Parser Junit tests","messageBody":"","fileTypesAndContributionMap":{"functional-code":{"insertions":18,"deletions":10},"test-code":{"insertions":21,"deletions":0}}},{"hash":"abe52636fdc92a0b76063f8cc3582f02e4cb7536","isMergeCommit":false,"messageTitle":"Add assertions","messageBody":"","fileTypesAndContributionMap":{"functional-code":{"insertions":17,"deletions":2},"test-code":{"insertions":3,"deletions":4}}},{"hash":"6ff4219e2c091afaf21fb5877d4c967069e106b1","isMergeCommit":false,"messageTitle":"Add logger and additional assertions","messageBody":"","fileTypesAndContributionMap":{"functional-code":{"insertions":48,"deletions":15}}},{"hash":"7c9eead0150a09915b75ab06335b73b72bdbdec1","isMergeCommit":false,"messageTitle":"Edit .gitignore","messageBody":"","fileTypesAndContributionMap":{"other":{"insertions":0,"deletions":0}}},{"hash":"06171c36e741a0d95cb3481ddc87bf032196cd72","isMergeCommit":false,"messageTitle":"Add javadoc for Parser class","messageBody":"","fileTypesAndContributionMap":{"functional-code":{"insertions":52,"deletions":35},"test-code":{"insertions":103,"deletions":1}}},{"hash":"0f3b6da1a98dd47a44293b7522cae0d89c5a963c","isMergeCommit":false,"messageTitle":"Add additional junit tests for parser","messageBody":"","fileTypesAndContributionMap":{"functional-code":{"insertions":7,"deletions":3},"test-code":{"insertions":38,"deletions":34}}},{"hash":"36769f0f16f64b3a406451f181086eac0194788c","isMergeCommit":false,"messageTitle":"Update Parser.java","messageBody":"","fileTypesAndContributionMap":{"functional-code":{"insertions":22,"deletions":22}}},{"hash":"97d16751ab5c58da4b233133c4d819ed6cd1248f","isMergeCommit":true,"messageTitle":"Merge branch \u0027master\u0027 into add-junit-test-parser","messageBody":"","fileTypesAndContributionMap":{}},{"hash":"4b4517d7f603cf869dd8b9a299bae5d55ff754ac","isMergeCommit":false,"messageTitle":"Update build.gradle","messageBody":"","fileTypesAndContributionMap":{"other":{"insertions":1,"deletions":0}}},{"hash":"cd59a72981e7ec54ea8dba5d35796af1cfe49caa","isMergeCommit":false,"messageTitle":"Update Parser.java","messageBody":"","fileTypesAndContributionMap":{"functional-code":{"insertions":1,"deletions":1}}},{"hash":"4ba938b797eea98b589dca61aef4420994570ce1","isMergeCommit":false,"messageTitle":"Update ParserTest.java","messageBody":"","fileTypesAndContributionMap":{"test-code":{"insertions":4,"deletions":3}}},{"hash":"2f188e083946de6c6b77d27e03f41e64a0eb8f1e","isMergeCommit":false,"messageTitle":"Update runtest permissions","messageBody":"","fileTypesAndContributionMap":{"other":{"insertions":0,"deletions":0}}}]},{"date":"2023-03-12","commitResults":[{"hash":"4e4323a81d8a12a57ec06da4745322e8aa82502d","isMergeCommit":false,"messageTitle":"Store constant messages in duke constants","messageBody":"","fileTypesAndContributionMap":{"functional-code":{"insertions":26,"deletions":25},"test-code":{"insertions":7,"deletions":6}}},{"hash":"251f1f9f526efa92087fe8047bc2fedc59ecd78e","isMergeCommit":false,"messageTitle":"Edit Parser functionality to return Command object","messageBody":"","fileTypesAndContributionMap":{"functional-code":{"insertions":61,"deletions":36},"test-code":{"insertions":33,"deletions":24}}},{"hash":"9cacb7dfaf0a035d78b0fd8368eacc18ae0fce34","isMergeCommit":false,"messageTitle":"Update ParserTest.java","messageBody":"","fileTypesAndContributionMap":{"test-code":{"insertions":8,"deletions":5}}},{"hash":"d04aa74f95695527f5e7b9d9a4589e7b31453da6","isMergeCommit":false,"messageTitle":"Update ParserTest.java","messageBody":"","fileTypesAndContributionMap":{"test-code":{"insertions":4,"deletions":1}}},{"hash":"08fc3a682d2472f6821173ca4ccfe025baf74c7d","isMergeCommit":false,"messageTitle":"Update Duke.java","messageBody":"","fileTypesAndContributionMap":{"functional-code":{"insertions":1,"deletions":1}}},{"hash":"3d4cb80eb087cc713fcd8850810791950e6996ed","isMergeCommit":false,"messageTitle":"Update Duke.java error message","messageBody":"","fileTypesAndContributionMap":{"functional-code":{"insertions":1,"deletions":2}}},{"hash":"66a00a2d9cd7c7289f3e7ea78a429cd46c8979f8","isMergeCommit":false,"messageTitle":"Update Duke.java","messageBody":"","fileTypesAndContributionMap":{"functional-code":{"insertions":0,"deletions":2}}},{"hash":"4b54fac1f5f295b70b33f47beae42f97d1786dcd","isMergeCommit":true,"messageTitle":"Merge pull request #57 from adenteo/edit-parser","messageBody":"Edit parser functionality to return Command object","fileTypesAndContributionMap":{}},{"hash":"7aeda9b15a94b7c7bfbf6bda1f2fa2b648291708","isMergeCommit":true,"messageTitle":"Merge branch \u0027master\u0027 into branch-entries","messageBody":"","fileTypesAndContributionMap":{}},{"hash":"e22bff4776d1f91a532baa66eb9aec73906703df","isMergeCommit":true,"messageTitle":"Merge pull request #56 from jinxuan-owyong/branch-entries","messageBody":"Add unit tests for Entry and EntryLog","fileTypesAndContributionMap":{}}]},{"date":"2023-03-13","commitResults":[{"hash":"3797603e56b219c71ab61d5e24c888d66a547386","isMergeCommit":true,"messageTitle":"Merge branch \u0027master\u0027 into branch-improve-ui","messageBody":"","fileTypesAndContributionMap":{}},{"hash":"ad54672f3080235dae10549e53ab706c8eb78d1c","isMergeCommit":true,"messageTitle":"Merge pull request #66 from jinxuan-owyong/branch-improve-ui","messageBody":"UI class: update methods","fileTypesAndContributionMap":{}}]},{"date":"2023-03-14","commitResults":[{"hash":"4e415b5adf7413888711bf507d9cf77a032c4777","isMergeCommit":true,"messageTitle":"Merge branch \u0027master\u0027 into implement-exit-function","messageBody":"","fileTypesAndContributionMap":{}},{"hash":"de12a5bb931d8d53330103df22c31082baccf984","isMergeCommit":false,"messageTitle":"Update features.md","messageBody":"","fileTypesAndContributionMap":{"docs":{"insertions":25,"deletions":9}}},{"hash":"de3de53004f4b53de9a9b1058e5e1bad46889485","isMergeCommit":false,"messageTitle":"Update features.md","messageBody":"","fileTypesAndContributionMap":{"docs":{"insertions":83,"deletions":11}}},{"hash":"6fe6d9cd69fc90de1bbd36a2a77c39f47321da46","isMergeCommit":false,"messageTitle":"Update features.md","messageBody":"","fileTypesAndContributionMap":{"docs":{"insertions":3,"deletions":3}}},{"hash":"e4f8085172db788d25c035a4006d1d2ef0d90d3f","isMergeCommit":true,"messageTitle":"Merge pull request #69 from leonghuenweng/implement-help-function","messageBody":"Implement help function and help function unit tests","fileTypesAndContributionMap":{}},{"hash":"dee7b8bba6744f6ee09cf3204380f3919f27ac7a","isMergeCommit":false,"messageTitle":"Integrate commands and reformatting","messageBody":"","fileTypesAndContributionMap":{"functional-code":{"insertions":38,"deletions":45}}},{"hash":"b5ac28bb2cb93bcaa103a77601b370d6fa133c7d","isMergeCommit":true,"messageTitle":"Merge branch \u0027master\u0027 into user-guide-kacey","messageBody":"","fileTypesAndContributionMap":{}},{"hash":"d1687880dff4dcaf83ff187833c31dd812e904e2","isMergeCommit":true,"messageTitle":"Merge branch \u0027master\u0027 into user-guide-features","messageBody":"","fileTypesAndContributionMap":{}},{"hash":"c9f1842c83b5c8b87eb176daaf07032bec816a59","isMergeCommit":true,"messageTitle":"Merge branch \u0027master\u0027 into EditCommand-unit-test","messageBody":"","fileTypesAndContributionMap":{}},{"hash":"0587b8c85a14fdfd7ac3b270f74e17d211128b0b","isMergeCommit":true,"messageTitle":"Merge pull request #71 from kaceycsn/user-guide-kacey","messageBody":"Update User Guide","fileTypesAndContributionMap":{}},{"hash":"56960b74f4dba668f3289b1abefa61d3c5a68b28","isMergeCommit":true,"messageTitle":"Merge branch \u0027master\u0027 into user-guide-features","messageBody":"","fileTypesAndContributionMap":{}},{"hash":"1d1e3c888029af2c9c9e59424fcf2ce4aaf2a48d","isMergeCommit":true,"messageTitle":"Merge pull request #72 from adenteo/user-guide-features","messageBody":"User guide: Features","fileTypesAndContributionMap":{}},{"hash":"988b77ce894111da9e4ae72af7d62cfb602a8d7f","isMergeCommit":true,"messageTitle":"Merge branch \u0027master\u0027 into EditCommand-unit-test","messageBody":"","fileTypesAndContributionMap":{}},{"hash":"baec7d9b5af00d4729446310bf77dea9196cc2d0","isMergeCommit":true,"messageTitle":"Merge pull request #73 from leonghuenweng/EditCommand-unit-test","messageBody":"EditCommand unit tests","fileTypesAndContributionMap":{}},{"hash":"1f414768a239fc12b3c22fa3d34b9e18db35373d","isMergeCommit":true,"messageTitle":"Merge branch \u0027master\u0027 into project-integration","messageBody":"","fileTypesAndContributionMap":{}},{"hash":"5882cd413177bb76c631c8d8bfbfb469f7397905","isMergeCommit":true,"messageTitle":"Merge pull request #74 from adenteo/project-integration","messageBody":"Integration: help, bye commands","fileTypesAndContributionMap":{}},{"hash":"5acf704469b88bcd44593a326d2308d36d2a0d70","isMergeCommit":false,"messageTitle":"Format user guide","messageBody":"","fileTypesAndContributionMap":{"docs":{"insertions":25,"deletions":24}}},{"hash":"493bb7f3a5b1b0c396bb2204f1ec8f4a6dc589db","isMergeCommit":false,"messageTitle":"Integrate view and edit features","messageBody":"","fileTypesAndContributionMap":{"functional-code":{"insertions":47,"deletions":22}}},{"hash":"31fe379901466d981a14f638de6f0c219fb9e719","isMergeCommit":false,"messageTitle":"Format code structure","messageBody":"","fileTypesAndContributionMap":{"functional-code":{"insertions":5,"deletions":10},"test-code":{"insertions":21,"deletions":21}}}]}],"jinxuan-owyong":[{"date":"2023-03-01","commitResults":[{"hash":"8ca11ab3c0a8b0575930abe85253b28386638d18","isMergeCommit":false,"messageTitle":"Update AboutUs.md","messageBody":"","fileTypesAndContributionMap":{"docs":{"insertions":1,"deletions":1}}},{"hash":"e59139ddb7747271b64204366a847a1655762623","isMergeCommit":true,"messageTitle":"Merge pull request #18 from kaceycsn/kaceyChew-AboutUs","messageBody":"Update AboutUs.md","fileTypesAndContributionMap":{}},{"hash":"d13d3f6d43ff03187acafcaaa7d169b81a422877","isMergeCommit":true,"messageTitle":"Merge branch \u0027master\u0027 into Shawn_editing","messageBody":"","fileTypesAndContributionMap":{}},{"hash":"9a505106d8df900fd6d328fc222ec103059bb05d","isMergeCommit":true,"messageTitle":"Merge pull request #19 from leonghuenweng/Shawn_editing","messageBody":"Replaced Jon Doe with Shawn","fileTypesAndContributionMap":{}},{"hash":"e1f546c84e71791722e64571d1162d5e29918b3a","isMergeCommit":true,"messageTitle":"Merge branch \u0027master\u0027 into jinxuan-owyong-AboutUs","messageBody":"","fileTypesAndContributionMap":{}},{"hash":"5134315210e6fd5f79853482ac571fcf41b2dc7a","isMergeCommit":true,"messageTitle":"Merge pull request #20 from jinxuan-owyong/jinxuan-owyong-AboutUs","messageBody":"Update AboutUs.md","fileTypesAndContributionMap":{}},{"hash":"e9475d3a50b64589f805e387c5af98ab1d38123b","isMergeCommit":true,"messageTitle":"Merge branch \u0027master\u0027 into NgHoChi-AboutUs","messageBody":"","fileTypesAndContributionMap":{}},{"hash":"089b011ae0e6b9e8c00919305d8f95242edeb953","isMergeCommit":true,"messageTitle":"Merge pull request #21 from nghochi123/NgHoChi-AboutUs","messageBody":"Ng ho chi about us","fileTypesAndContributionMap":{}},{"hash":"066d40d20855e8a427daf6a2057c087746dc2f3d","isMergeCommit":false,"messageTitle":"Revert \"Ng ho chi about us\"","messageBody":"","fileTypesAndContributionMap":{"functional-code":{"insertions":14,"deletions":16},"docs":{"insertions":2,"deletions":2}}},{"hash":"822a8f0e12629b72b10935c017cab43e39f6bd3d","isMergeCommit":true,"messageTitle":"Merge pull request #22 from AY2223S2-CS2113-W15-2/revert-21-NgHoChi-AboutUs","messageBody":"Revert \"Ng ho chi about us\"","fileTypesAndContributionMap":{}},{"hash":"017558def81182730369cbe7be9646a1987877da","isMergeCommit":false,"messageTitle":"Initialise Hugo site","messageBody":"","fileTypesAndContributionMap":{"docs":{"insertions":6,"deletions":103}}},{"hash":"198ade8200bab4c7317317e39280673a055e4027","isMergeCommit":false,"messageTitle":"docs: add markdown template","messageBody":"","fileTypesAndContributionMap":{"docs":{"insertions":113,"deletions":0}}},{"hash":"c58db2bea8ad64bbcc935008bb57e7030c722b5a","isMergeCommit":false,"messageTitle":"Merge About Us section with master","messageBody":"","fileTypesAndContributionMap":{"docs":{"insertions":7,"deletions":7}}},{"hash":"4cc6b14bf8da97a4d0385365f76549d086f85a5a","isMergeCommit":true,"messageTitle":"Merge branch \u0027master\u0027 of github.com:AY2223S2-CS2113-W15-2/tp into branch-docs","messageBody":"","fileTypesAndContributionMap":{}},{"hash":"caf6c8bf08a56a445fe3dc498f352f15c46757ee","isMergeCommit":true,"messageTitle":"Merge pull request #25 from AY2223S2-CS2113-W15-2/branch-docs","messageBody":"Setup Hugo site\r\nImport updated about us section into Hugo site","fileTypesAndContributionMap":{}},{"hash":"7b420ece2bdb02f8479eaba96d7cf0b171b0229c","isMergeCommit":false,"messageTitle":"docs: update structure","messageBody":"","fileTypesAndContributionMap":{"docs":{"insertions":122,"deletions":77}}}]},{"date":"2023-03-07","commitResults":[{"hash":"c1592f982bc8fb208c5ae0c97d6ef814dd13dad0","isMergeCommit":false,"messageTitle":"Refactor welcome message as constant","messageBody":"Create seedu.duke.constants package\nReplace \\n with OS independent newline character\n","fileTypesAndContributionMap":{"functional-code":{"insertions":19,"deletions":8}}},{"hash":"142ca4643d1ffc2aa7f4a161bf52f876ec510044","isMergeCommit":false,"messageTitle":"Add UI components","messageBody":"","fileTypesAndContributionMap":{"functional-code":{"insertions":117,"deletions":10}}},{"hash":"92a49298009f18f540e809eb0267d386aa513dc2","isMergeCommit":false,"messageTitle":"bug: fix UI test","messageBody":"","fileTypesAndContributionMap":{"functional-code":{"insertions":1,"deletions":0}}},{"hash":"fcb3e85358c63897974d1c06dfa980f77e73fae2","isMergeCommit":false,"messageTitle":"Add Entry class","messageBody":"","fileTypesAndContributionMap":{"functional-code":{"insertions":86,"deletions":0}}},{"hash":"e7f848bd4db82a2182442a287ed83b737a2c1ceb","isMergeCommit":false,"messageTitle":"Add EntryLog class","messageBody":"","fileTypesAndContributionMap":{"functional-code":{"insertions":114,"deletions":0}}},{"hash":"45d672068627353deb1a423df41365d784285e57","isMergeCommit":false,"messageTitle":"Remove redundant parentheses","messageBody":"","fileTypesAndContributionMap":{"functional-code":{"insertions":2,"deletions":2}}},{"hash":"07e4738ead6a8b37af3797c9596d030f43f99940","isMergeCommit":false,"messageTitle":"refactor: rename price as amount","messageBody":"","fileTypesAndContributionMap":{"functional-code":{"insertions":28,"deletions":22}}},{"hash":"2428119bd1e848efc060a1655d817d2b28fc154b","isMergeCommit":false,"messageTitle":"Merge conflicting entry packages","messageBody":"","fileTypesAndContributionMap":{"functional-code":{"insertions":67,"deletions":101},"other":{"insertions":2,"deletions":1}}},{"hash":"74f4ef412698446731d7abd3f3b26c432346138e","isMergeCommit":true,"messageTitle":"Merge pull request #38 from AY2223S2-CS2113-W15-2/branch-docs","messageBody":"Update docs","fileTypesAndContributionMap":{}},{"hash":"8febcf4091604b94765d499497f0c37db910aac5","isMergeCommit":true,"messageTitle":"Merge branch \u0027master\u0027 into branch-docs","messageBody":"","fileTypesAndContributionMap":{}}]},{"date":"2023-03-09","commitResults":[{"hash":"00fdcf45530a7615d9ddc77c5e81490dd61dcbc9","isMergeCommit":false,"messageTitle":"docs: update theme","messageBody":"","fileTypesAndContributionMap":{"docs":{"insertions":25,"deletions":43}}},{"hash":"860e852f78dbe8288b926faf730282588ae72f8b","isMergeCommit":true,"messageTitle":"Merge branch \u0027master\u0027 into branch-docs","messageBody":"","fileTypesAndContributionMap":{}},{"hash":"9b78ad3962a19fc9b1626755f787cf0e08188af4","isMergeCommit":true,"messageTitle":"Merge pull request #42 from AY2223S2-CS2113-W15-2/branch-docs","messageBody":"Branch docs","fileTypesAndContributionMap":{}}]},{"date":"2023-03-10","commitResults":[{"hash":"7f350fdc80b878a308b4fb72aafbf53ff396dd70","isMergeCommit":false,"messageTitle":"Unit tests: add ui tests","messageBody":"Replaced floating point format with 0 instead of # since it generates .12 instead of 0.12.\nHelper functions are now public, to be abstracted into a helper class in the future.\n","fileTypesAndContributionMap":{"functional-code":{"insertions":3,"deletions":3},"test-code":{"insertions":121,"deletions":0}}},{"hash":"a4e205596740b9bc65ab5253443871ccbad7ed6a","isMergeCommit":true,"messageTitle":"Merge pull request #44 from jinxuan-owyong/branch-testing-ui","messageBody":"Unit tests: add ui tests","fileTypesAndContributionMap":{}}]},{"date":"2023-03-11","commitResults":[{"hash":"f2c816531401b8056a713b55d9a438bcbbe32adb","isMergeCommit":true,"messageTitle":"Merge pull request #46 from kaceycsn/add-delete-function","messageBody":"Edit add delete methods, edit entry class","fileTypesAndContributionMap":{}},{"hash":"d8a58b2c549794f077e0e93daa8cd5a55ab89539","isMergeCommit":true,"messageTitle":"Merge pull request #47 from nghochi123/master","messageBody":"Add StorageTest.java and update Storage.java","fileTypesAndContributionMap":{}}]},{"date":"2023-03-12","commitResults":[{"hash":"438857617dce1805a94f94c94cb10327146f186b","isMergeCommit":true,"messageTitle":"Merge branch \u0027master\u0027 into add-junit-test-parser","messageBody":"","fileTypesAndContributionMap":{}},{"hash":"d74b9d16be625b3da48b337100c3793375cd45fb","isMergeCommit":true,"messageTitle":"Merge pull request #48 from adenteo/add-junit-test-parser","messageBody":"Add junit tests for parser class","fileTypesAndContributionMap":{}},{"hash":"58fbae1f9ebb531bc4bcfefac923a2550c6a0a24","isMergeCommit":false,"messageTitle":"Unit tests: add unit test for Entry","messageBody":"","fileTypesAndContributionMap":{"test-code":{"insertions":69,"deletions":0}}},{"hash":"7b431f9bb2f693fe3c37f3e21e1b4954b9e90f08","isMergeCommit":false,"messageTitle":"EntryLog class: update filter method implementation","messageBody":"Hide List\u003cEntry\u003e implementation and return EntryLog for each filter method. Allows filter methods to be chained.\n","fileTypesAndContributionMap":{"functional-code":{"insertions":17,"deletions":45}}},{"hash":"463da7eae7c80737b3b75859a227146276189a34","isMergeCommit":false,"messageTitle":"EntryLog class: add exception catching and documentation","messageBody":"","fileTypesAndContributionMap":{"functional-code":{"insertions":22,"deletions":3}}},{"hash":"60115e4a15703babc194b22ce29254943775743c","isMergeCommit":false,"messageTitle":"EntryLog class: add get entry by id","messageBody":"","fileTypesAndContributionMap":{"functional-code":{"insertions":14,"deletions":0}}},{"hash":"50c98a8b568591a0f297a0b59e081d47c32b2e03","isMergeCommit":false,"messageTitle":"Unit tests: add tests for EntryLog","messageBody":"","fileTypesAndContributionMap":{"test-code":{"insertions":217,"deletions":0}}},{"hash":"afdcd524921f9276bbc8587f0a76ccb1ce0447dd","isMergeCommit":false,"messageTitle":"EntryLog class: add assertions","messageBody":"","fileTypesAndContributionMap":{"functional-code":{"insertions":7,"deletions":1}}},{"hash":"a304594dbac673d1d7cb6f6d10b36938308418a7","isMergeCommit":false,"messageTitle":"Entry class: add assertions","messageBody":"","fileTypesAndContributionMap":{"functional-code":{"insertions":6,"deletions":0}}},{"hash":"614e8c18ad9f66d40c9ade8872345a4d7b1e899e","isMergeCommit":false,"messageTitle":"EntryLog class: add exception logging","messageBody":"","fileTypesAndContributionMap":{"functional-code":{"insertions":6,"deletions":0}}}]},{"date":"2023-03-13","commitResults":[{"hash":"c777d3f96b7118302fe52219a51673b73e36c3ff","isMergeCommit":true,"messageTitle":"Merge pull request #61 from nghochi123/master","messageBody":"Unit tests: Modify to assert errors instead of throwing them","fileTypesAndContributionMap":{}},{"hash":"05ae926cb304376f559b35d425d9ddceca5683cb","isMergeCommit":false,"messageTitle":"Main class: redirect logger output to file","messageBody":"Update file paths to OS-independent paths\nLogger output is disabled in console for clean UI\nAdd logging directory to .gitignore\n","fileTypesAndContributionMap":{"functional-code":{"insertions":31,"deletions":2}}},{"hash":"ef0146852981d5b8831998b67dabe6c65dba92b7","isMergeCommit":false,"messageTitle":"Main class: add logging","messageBody":"","fileTypesAndContributionMap":{"functional-code":{"insertions":7,"deletions":0}}},{"hash":"2f6b35908ac4b8e269b8cd6a937ac37208c68ca4","isMergeCommit":false,"messageTitle":"EntryLog class: update logging","messageBody":"","fileTypesAndContributionMap":{"functional-code":{"insertions":4,"deletions":2}}},{"hash":"6adc4615461a8c7106abf01806497b1d29f8b0cd","isMergeCommit":false,"messageTitle":"Fix checkstyle violations","messageBody":"","fileTypesAndContributionMap":{"functional-code":{"insertions":1,"deletions":1}}},{"hash":"d1eafe0db4326c9e4dcd6db68fd0eb84e8cc1b87","isMergeCommit":false,"messageTitle":"Logging: close FileHandler instance to save output","messageBody":"Refactored for loop with forEach stream.\n","fileTypesAndContributionMap":{"functional-code":{"insertions":11,"deletions":4}}},{"hash":"635bca0655ae8a487e9ff90adba1608d7ca46085","isMergeCommit":true,"messageTitle":"Merge branch \u0027master\u0027 into add-junit-test-add-delete-new","messageBody":"","fileTypesAndContributionMap":{}},{"hash":"fc6f2169547f566fc3f6bb9e1a9ae885c51c9f93","isMergeCommit":true,"messageTitle":"Merge pull request #62 from kaceycsn/add-junit-test-add-delete-new","messageBody":"Add Junit test for AddCommand and DeleteCommand","fileTypesAndContributionMap":{}},{"hash":"6e82fd9aa384e9b084074fd6f0f3689c34278141","isMergeCommit":false,"messageTitle":"Fix: create logs folder in setup if required","messageBody":"","fileTypesAndContributionMap":{"functional-code":{"insertions":10,"deletions":2}}},{"hash":"8edebbacab5ad9552de6053f68a1dbc07348be94","isMergeCommit":true,"messageTitle":"Merge branch \u0027master\u0027 into branch-logging","messageBody":"","fileTypesAndContributionMap":{}},{"hash":"9f9d66e0e446603f67e6a2040d3272c827dc3a6e","isMergeCommit":true,"messageTitle":"Merge pull request #64 from jinxuan-owyong/branch-logging","messageBody":"Update logging","fileTypesAndContributionMap":{}},{"hash":"0e73109b4ce34c7d3a1eaee4aca1ce9715f22a6f","isMergeCommit":false,"messageTitle":"UI class: update methods","messageBody":"- Overload current methods for printing expenditure actions to allow Entry object to be passed directly\n- Document current methods\n- Add printException to allow formatted output of exception messages\n- Refactor helper methods which do not directly interact with the UI to UIUtil.java\n","fileTypesAndContributionMap":{"functional-code":{"insertions":101,"deletions":35},"test-code":{"insertions":6,"deletions":5}}}]},{"date":"2023-03-14","commitResults":[{"hash":"de065daac3c1d33dd4d1dcb6c61226ffee10224c","isMergeCommit":false,"messageTitle":"Exit command: fix errors","messageBody":"- Update parser to throw exception on invalid command\n- Set isExit modifier to private for encapsulation of variables\n- Update text ui test for error message on invalid command and program exit\n- Overload Command constructor to take in isExit parameter\n","fileTypesAndContributionMap":{"functional-code":{"insertions":19,"deletions":10}}},{"hash":"ce673dc2117eb0b51c9225a25dff90b10f3a68eb","isMergeCommit":false,"messageTitle":"Unit tests: fix errors","messageBody":"- Address unsafe or unchecked operations message\n- Update parser unit test to expect exception to be thrown on invalid command\n","fileTypesAndContributionMap":{"test-code":{"insertions":16,"deletions":14}}},{"hash":"9f27f9b8b09dd4cff05fb66bd2febfdc9963cd71","isMergeCommit":true,"messageTitle":"Merge pull request #65 from leonghuenweng/implement-exit-function","messageBody":"Implement-exit-function","fileTypesAndContributionMap":{}},{"hash":"f30207e3a84b3c131f3e76fa1f90dc114180ba98","isMergeCommit":true,"messageTitle":"Merge branch \u0027master\u0027 into add-view-function","messageBody":"","fileTypesAndContributionMap":{}},{"hash":"ad807f3f181a26f1a5939c48266e0a9422e6452b","isMergeCommit":true,"messageTitle":"Merge pull request #67 from leonghuenweng/add-view-function","messageBody":"Add updated version of view function (PR #54)","fileTypesAndContributionMap":{}},{"hash":"69bbc606fe11eb855201ef64262b99bb01853803","isMergeCommit":true,"messageTitle":"Merge branch \u0027master\u0027 into implement-edit-function","messageBody":"","fileTypesAndContributionMap":{}},{"hash":"ca1d5956dfc57efced368591c38dd4ce52578055","isMergeCommit":true,"messageTitle":"Merge pull request #68 from leonghuenweng/implement-edit-function","messageBody":" Implement edit function","fileTypesAndContributionMap":{}},{"hash":"347cbbf751b9f41e925bdd430cb93250711d1001","isMergeCommit":false,"messageTitle":"View function: integrate Parser, ViewCommand, and UI","messageBody":"- Set parser to return ViewCommand object\n- Overload UI and ViewCommand methods to allow users to enter no category\n- Throw exceptions instead of handling in Command\n- Account for user request for more entries than available and negative integer input\n","fileTypesAndContributionMap":{"functional-code":{"insertions":73,"deletions":35}}},{"hash":"4f17b9f4e54a86e0f9b7d02404f2d1f052d93b5d","isMergeCommit":false,"messageTitle":"Add function: integrate Parser and AddCommand and UI","messageBody":"- Add helper method to convert string into title case\n- Use case-insensitive category matching\n- Print add command success message\n","fileTypesAndContributionMap":{"functional-code":{"insertions":20,"deletions":4}}},{"hash":"d6369edf6ee6f9f7335778f8977d9d2c4e40d71d","isMergeCommit":false,"messageTitle":"Save function: integrate Command and Storage","messageBody":"- Refactor execute() as executor(), and implement save  after every command is executed\n- Throw RuntimeException on IOException since application will be unable to recover\n- Disabled problematic test caseL testCreateStorage()\n","fileTypesAndContributionMap":{"functional-code":{"insertions":77,"deletions":43},"test-code":{"insertions":60,"deletions":59}}},{"hash":"fc5ac94d6ce1b58723e8180f55506c7429ffc002","isMergeCommit":true,"messageTitle":"Merge branch \u0027jinxuan-owyong-branch-integrate-application\u0027","messageBody":"","fileTypesAndContributionMap":{}},{"hash":"1b95b144bf16fc42cc897d2a5bde2ac1a0af0128","isMergeCommit":true,"messageTitle":"Merge branch \u0027master\u0027 of github.com:AY2223S2-CS2113-W15-2/tp","messageBody":"","fileTypesAndContributionMap":{}},{"hash":"63d47ae745f9ff02b4737ab5342019d2f9765c02","isMergeCommit":false,"messageTitle":"fix: minor code integration errors","messageBody":"","fileTypesAndContributionMap":{"functional-code":{"insertions":13,"deletions":6},"test-code":{"insertions":1,"deletions":1}}}]}],"leonghuenweng":[{"date":"2023-03-01","commitResults":[{"hash":"fe5edbb76ed2f0aeca35a0c5dd611ff303b68e8b","isMergeCommit":false,"messageTitle":"Replaced Jon Doe with Shawn","messageBody":"","fileTypesAndContributionMap":{"docs":{"insertions":5,"deletions":5}}}]},{"date":"2023-03-07","commitResults":[{"hash":"808d820d387f98d32a882962305dcba48d9d4eb6","isMergeCommit":false,"messageTitle":"instantiate entrylog in main function","messageBody":"","fileTypesAndContributionMap":{"functional-code":{"insertions":3,"deletions":0}}}]},{"date":"2023-03-13","commitResults":[{"hash":"87edb5f5c5420349c281fdbe4d4101f1d5c3600e","isMergeCommit":false,"messageTitle":"1. Duke Class: Instantiate Command object","messageBody":"   By instantiating the Command object in Duke, all commands returned by\n   parseUserInput method now reads and writes the same EntryLog object.\n\n   The isExit attribute of all Command objects can be used to terminate\n   the program.\n\n2. Command Class: Add isExit attribute\n\n   This attribute can be used to terminate the program whenever the\n   parseUserInput method returns a ExitCommand object.\n\n3. Add ExitCommand class\n\n   Allows users to exit the program with the /bye command.\n\n   The execute method returns a farewell message.\n","fileTypesAndContributionMap":{"functional-code":{"insertions":26,"deletions":4}}},{"hash":"aecbfeed8ae49eb49223f62d4dd707a218a913d5","isMergeCommit":false,"messageTitle":"Duke Class: Instantiate Parser object","messageBody":"parseUserInput is not declared as static. Hence, a Parser object has to\nbe instantiated in the main function so that we can call the\nparseUserInput method.\n","fileTypesAndContributionMap":{"functional-code":{"insertions":2,"deletions":1}}}]},{"date":"2023-03-14","commitResults":[{"hash":"2d119fbe7138fa62d2a482f5f26877ece5272f4e","isMergeCommit":false,"messageTitle":"1. ViewCommand Class: modify execute function    The filterCategory method returns EntryLog instead of list of Entry.    An additional method getEntries is called to obtain the list of Entry    for further processing.","messageBody":"2. UI Class: add printEntriesToBeViewed, formatViewEntries method\n   There is no method in UI that prints the list of relevant entries as\n   requested by the user.\n\n   It is not feasible to use current UI methods since they are meant for\n   other commands.\n   Adding the printEntriesToBeViewed and formatViewEntries methods\n   ensure that Entry objects are first formatted into Strings before\n   being printed out to the user.\n","fileTypesAndContributionMap":{"functional-code":{"insertions":79,"deletions":0}}},{"hash":"1fdf22dff793403db47ebb97798a2548a7929b45","isMergeCommit":false,"messageTitle":"MessageConstants Class: add constant message for editing entries","messageBody":"Parser Class: add validity checks for price and category arguments\n\nUI Class: add method to print updated entry for the user\n\nEditCommand Class: add method that modifies attributes specified by user\n","fileTypesAndContributionMap":{"functional-code":{"insertions":107,"deletions":27}}},{"hash":"4875bea0a72cb907015d0ea0532ae27211289fcd","isMergeCommit":false,"messageTitle":"Parser Class: resolve indentation issue","messageBody":"","fileTypesAndContributionMap":{"functional-code":{"insertions":22,"deletions":22}}},{"hash":"a01a9e75b7ee2ee0c8ec826eebd59f69e784c2b6","isMergeCommit":false,"messageTitle":"EditCommand Class: remove unused imports","messageBody":"Parser Class: resolve indentation issue\n","fileTypesAndContributionMap":{"functional-code":{"insertions":2,"deletions":3}}},{"hash":"0e146fe023a86fd9cb94eceeff2c18389cb984ab","isMergeCommit":false,"messageTitle":"MessageConstants Class: add constant messages describing each command","messageBody":"Parser Class: modify parseHelpCommand to return HelpCommand object\n\nUI Class: modify printHelp method to print all command descriptions\n\nUITest Class: modify expected output of printHelp method\n\nHelpCommand Class: add execute method\n","fileTypesAndContributionMap":{"functional-code":{"insertions":39,"deletions":7},"test-code":{"insertions":4,"deletions":1}}},{"hash":"880d63073bde003191161d3de111da09e42c6629","isMergeCommit":false,"messageTitle":"EditCommand Class: add getAttributes method","messageBody":"EditCommandTest Class: add tests methods for EditCommand Class\n","fileTypesAndContributionMap":{"functional-code":{"insertions":11,"deletions":0},"test-code":{"insertions":49,"deletions":0}}}]}],"kaceycsn":[{"date":"2023-03-01","commitResults":[{"hash":"64b529b892ae380949d90c7fd359a5b4d6a2e310","isMergeCommit":false,"messageTitle":"Update AboutUs.md","messageBody":"","fileTypesAndContributionMap":{"docs":{"insertions":7,"deletions":7}}}]},{"date":"2023-03-07","commitResults":[{"hash":"a51282ea94d349c34e7e3c39217e9767e7b7ed53","isMergeCommit":false,"messageTitle":"Create Expense and Income and AddCommand class","messageBody":"","fileTypesAndContributionMap":{"functional-code":{"insertions":161,"deletions":0}}},{"hash":"0279ef00d6473547be131543cda72d1227327b68","isMergeCommit":false,"messageTitle":"Update code to match coding standard","messageBody":"","fileTypesAndContributionMap":{"functional-code":{"insertions":4,"deletions":12}}},{"hash":"479765cfd3c3ae6efb4e8502ddc5fe3e84f51df8","isMergeCommit":false,"messageTitle":"Add delete function","messageBody":"","fileTypesAndContributionMap":{"functional-code":{"insertions":74,"deletions":113},"other":{"insertions":3,"deletions":5}}},{"hash":"c2b00ca6331c11fa2240e0c92ffd806e90834fe7","isMergeCommit":false,"messageTitle":"update coding standards","messageBody":"","fileTypesAndContributionMap":{"functional-code":{"insertions":11,"deletions":13}}}]},{"date":"2023-03-10","commitResults":[{"hash":"285d26452e09bbdee2f2741d62cd728f26ddb739","isMergeCommit":false,"messageTitle":"Add entry classes, edit command classes","messageBody":"AddCommand class: add execute method\nDeleteCommand class: add execute method\n\nadd() and delete() has to be implemented non-statically.\n\nAdd execute() method to execute add and delete entry from entrylog non-statically.\n\nAddCommand and DeleteCommand can be derived from a common Command class.\n\nAdd Command class to reduce code duplication.\n","fileTypesAndContributionMap":{"functional-code":{"insertions":82,"deletions":23}}},{"hash":"128ef3fc037bbd09b6adbacbde8ea3ad5c04b35e","isMergeCommit":false,"messageTitle":"AddCommand class: update coding standards","messageBody":"There is no indentation for case clauses within switch statement.\n\nUpdate formatting to adhere to coding standards.\n","fileTypesAndContributionMap":{"functional-code":{"insertions":11,"deletions":12}}},{"hash":"2a07775fadf1ed9a1ba163219071b65f38d68392","isMergeCommit":false,"messageTitle":"Edit variable declaration order, add static definition","messageBody":"Class variables (static) should be declared before instance variables.\n\nEdit variable declaration order to adhere to coding standards.\n\nCATEGORY_FOOD, CATEGORY_OTHERS, CATEGORY_INCOME are independent and not associated to any object within the AddCommand class.\n\nAdd static definition so that variables are correctly declared.\n","fileTypesAndContributionMap":{"functional-code":{"insertions":4,"deletions":3}}},{"hash":"439bc22b49f92ccf5c8ed6bbd29d9faba49423cc","isMergeCommit":false,"messageTitle":"Add Javadoc comments","messageBody":"","fileTypesAndContributionMap":{"functional-code":{"insertions":107,"deletions":9}}},{"hash":"a3fdd68cef366623c70d5aa7ebde953542f64462","isMergeCommit":false,"messageTitle":"Remove Income, Food, and other entry type classes","messageBody":"AddCommand: calls Entry constructor instead of the constructor of each entry type\n\nClasses of all entry types extends from Entry class, and constructor for each entry type  calls the superclass constructor without initialising any attribute of its own.\n\nCalling Entry constructor instead of each entry type constructor simplifies code, making it redundant to have separate classes for each entry type.\n\nRemove classes of separate entry types simplify code.\n","fileTypesAndContributionMap":{"functional-code":{"insertions":0,"deletions":101}}},{"hash":"c7efdef0b49334fa12b8c342ef824a0095796a15","isMergeCommit":true,"messageTitle":"Merge branch \u0027add-delete-function\u0027 of https://github.com/kaceycsn/tp into add-delete-function","messageBody":"","fileTypesAndContributionMap":{}},{"hash":"3e992009a5e4274113531c2ed4027e7f16f0ab5f","isMergeCommit":false,"messageTitle":"DeleteCommand class: import entrylog package","messageBody":"execute method in DeleteCommand class requires entry log to be passed as an argument\n\nImport entrylog package in DeleteCommand class\n","fileTypesAndContributionMap":{"functional-code":{"insertions":1,"deletions":1}}}]},{"date":"2023-03-11","commitResults":[{"hash":"a1ad66b86c7ee52da082d633469fa722757679f9","isMergeCommit":false,"messageTitle":"Throw exception, update constants","messageBody":"AddCommand class: use constants in EntryConstants instead of redefining constants to reduce code clutter.\n\nInstead of returning, an exception should be thrown if an invalid category is entered.\n\nCreate and throw exception to prevent adding null object to the entry log.\n","fileTypesAndContributionMap":{"functional-code":{"insertions":27,"deletions":21}}}]},{"date":"2023-03-13","commitResults":[{"hash":"0c808d4f5597eb7190ccbab922ab99e0b42c9ea1","isMergeCommit":true,"messageTitle":"Merge branch \u0027master\u0027 of https://github.com/kaceycsn/tp","messageBody":"","fileTypesAndContributionMap":{}},{"hash":"547ad2b0a04d2006524f19ccd87190970fbdea92","isMergeCommit":false,"messageTitle":"Add logger, add exception throwing","messageBody":"AddCommand and DeleteCommand class: add logger\n\nDeleteCommand class: throw exception when user input entry id is out of range\n","fileTypesAndContributionMap":{"functional-code":{"insertions":27,"deletions":2}}},{"hash":"2152a54788b659dc861d7624b8bc1f3a54f767c7","isMergeCommit":false,"messageTitle":"Store exception messages in MessageConstants","messageBody":"AddCommand and DeleteCommand class: store and access exception message in MessageConstants so that they can be reused, as well as to reduce code clutter\n","fileTypesAndContributionMap":{"functional-code":{"insertions":5,"deletions":3}}},{"hash":"ec80cee8772e4d4e7c2c333fdc3ed80e923e9ced","isMergeCommit":false,"messageTitle":"Add JUnit test for AddCommand class","messageBody":"","fileTypesAndContributionMap":{"functional-code":{"insertions":6,"deletions":2},"test-code":{"insertions":42,"deletions":0}}},{"hash":"5243f2fc56928c3692ca1c0c82931467db8ce3c6","isMergeCommit":false,"messageTitle":"Add JUnit test for DeleteCommand class","messageBody":"","fileTypesAndContributionMap":{"functional-code":{"insertions":4,"deletions":0},"test-code":{"insertions":47,"deletions":0}}}]},{"date":"2023-03-14","commitResults":[{"hash":"07e1ce1eaf146e58d60a1d3ad219ef7bbf119a75","isMergeCommit":false,"messageTitle":"Update features","messageBody":"","fileTypesAndContributionMap":{"docs":{"insertions":15,"deletions":8}}},{"hash":"b2b124e7ad3313f0a822663d19f4eb31b8a0ea5a","isMergeCommit":false,"messageTitle":"Revert \"Update features\"","messageBody":"This reverts commit 07e1ce1eaf146e58d60a1d3ad219ef7bbf119a75.\n","fileTypesAndContributionMap":{"docs":{"insertions":8,"deletions":15}}},{"hash":"58c1357f89acdf7eaf85f9182b5e2d5581c4a572","isMergeCommit":false,"messageTitle":"Update user guide","messageBody":"Update Quick Start section of user guide\n","fileTypesAndContributionMap":{"docs":{"insertions":8,"deletions":3}}},{"hash":"7e59764c8154a08a2a2b1bea876060f25127ca0d","isMergeCommit":false,"messageTitle":"Edit user guide quick start","messageBody":"Update minor reformatting issues for quick start section of user guide.\n","fileTypesAndContributionMap":{"docs":{"insertions":2,"deletions":4}}},{"hash":"c39b8281c15c50e5e6ad6c20689d322ce29ca0c4","isMergeCommit":false,"messageTitle":"Update user guide command summary","messageBody":"","fileTypesAndContributionMap":{"docs":{"insertions":8,"deletions":2}}},{"hash":"ac5012878c8bcce73ec46052d60cfcf652bd0510","isMergeCommit":false,"messageTitle":"Update command summary of user guide","messageBody":"","fileTypesAndContributionMap":{"docs":{"insertions":6,"deletions":6}}}]}]},"authorFileTypeContributionMap":{"nghochi123":{"docs":79,"functional-code":208,"test-code":202},"adenteo":{"docs":102,"functional-code":385,"test-code":137,"other":1},"jinxuan-owyong":{"docs":124,"functional-code":607,"test-code":419},"leonghuenweng":{"docs":0,"functional-code":186,"test-code":52},"kaceycsn":{"docs":11,"functional-code":175,"test-code":86}},"authorContributionVariance":{"nghochi123":8567.884,"adenteo":20033.293,"jinxuan-owyong":30355.404,"leonghuenweng":5137.487,"kaceycsn":10373.079},"authorDisplayNameMap":{"nghochi123":"CS2113-W15-2 NG H.. CHI","adenteo":"CS2113-W15-2 TEO ..ADEN","jinxuan-owyong":"CS2113-W15-2 OW Y..XUAN","leonghuenweng":"CS2113-W15-2 LEON..WENG","kaceycsn":"CS2113-W15-2 CHEW..ACEY"}}
