{"authorDailyContributionsMap":{"sriram-senthilkr":[{"date":"2023-03-15","commitResults":[{"hash":"fe096703985cde80d7c3a4ad80fad569e7ca1a49","isMergeCommit":false,"messageTitle":"Add NUSMODS API integration","messageBody":"","fileTypesAndContributionMap":{"functional-code":{"insertions":162,"deletions":1},"other":{"insertions":3,"deletions":0}}},{"hash":"21e31c13d442902415846cf249efc9d1529dd00e","isMergeCommit":true,"messageTitle":"Merge pull request #19 from sriram-senthilkr/API_Integration","messageBody":"Add NUSMODS API integration","fileTypesAndContributionMap":{}},{"hash":"2f1dca0c349c1da4e1122840e448cd3da9d018e6","isMergeCommit":false,"messageTitle":"Revert \"Add NUSMODS API integration\"","messageBody":"","fileTypesAndContributionMap":{"functional-code":{"insertions":1,"deletions":162},"other":{"insertions":0,"deletions":3}}},{"hash":"1a820c942fe3246d2d00d790f8264202efd6043c","isMergeCommit":true,"messageTitle":"Merge pull request #20 from AY2223S2-CS2113-T11-2/revert-19-API_Integration","messageBody":"Revert \"Add NUSMODS API integration\"","fileTypesAndContributionMap":{}},{"hash":"f91f25dcba5ad49d799a15dc1199d59a47a0c896","isMergeCommit":false,"messageTitle":"New API_Integration attempt","messageBody":"","fileTypesAndContributionMap":{"functional-code":{"insertions":162,"deletions":1},"other":{"insertions":2,"deletions":0}}},{"hash":"7a38d44b99ff1db2625ad92218fb84c2e0f17f7b","isMergeCommit":false,"messageTitle":"Edited comment for indentation error","messageBody":"","fileTypesAndContributionMap":{"functional-code":{"insertions":0,"deletions":9}}},{"hash":"50bcade4d747ed15c1729f7c2a387b2018a0b86c","isMergeCommit":true,"messageTitle":"Merge pull request #23 from sriram-senthilkr/master","messageBody":"Comment rectified API_Integration","fileTypesAndContributionMap":{}}]},{"date":"2023-03-22","commitResults":[{"hash":"cea9249af72d656e5ef1ceee02e230cb4ecf5ec7","isMergeCommit":true,"messageTitle":"Merge pull request #2 from AY2223S2-CS2113-T11-2/master","messageBody":"Marge upstream tp to master fork, there are no changes to api code","fileTypesAndContributionMap":{}},{"hash":"4aa91b3ddc340b35a70b79fe0c2669f3fd1b50c6","isMergeCommit":false,"messageTitle":"Refactor API code, Add details functionality","messageBody":"","fileTypesAndContributionMap":{"functional-code":{"insertions":126,"deletions":56},"test-code":{"insertions":56,"deletions":5}}},{"hash":"edfcca3398899912fd9c6f2168855ca3cce07372","isMergeCommit":true,"messageTitle":"Merge pull request #54 from sriram-senthilkr/master","messageBody":"Refactor API code. Add \"details\" functionality","fileTypesAndContributionMap":{}},{"hash":"b6ad601b43b3028c3818f672850101e3dcd976c2","isMergeCommit":true,"messageTitle":"Merge pull request #3 from AY2223S2-CS2113-T11-2/master","messageBody":"Merge upstream with my fork","fileTypesAndContributionMap":{}},{"hash":"50991de128775a33b7be6b96a12f28fd28645811","isMergeCommit":false,"messageTitle":"Add DG for \"details *modulecode* \"","messageBody":"","fileTypesAndContributionMap":{"docs":{"insertions":43,"deletions":8}}},{"hash":"7ec4c5c344fa30664799fe112f312b7d77dc811d","isMergeCommit":true,"messageTitle":"Merge branch \u0027AY2223S2-CS2113-T11-2:master\u0027 into master","messageBody":"","fileTypesAndContributionMap":{}},{"hash":"bda5292b6e18ebd8e833004ef3c9c5ae525788a7","isMergeCommit":true,"messageTitle":"Merge pull request #64 from sriram-senthilkr/master","messageBody":"Add DG for \"details\" section","fileTypesAndContributionMap":{}}]}],"Ansenn":[{"date":"2023-03-02","commitResults":[{"hash":"7b7db7ac78fb8d17cb55b13b4635237742cd904b","isMergeCommit":false,"messageTitle":"Add Ansenn-AboutUs","messageBody":"","fileTypesAndContributionMap":{"docs":{"insertions":1,"deletions":1}}},{"hash":"7f549a3b2c2b1a375b5c64f884280b5a35ef2202","isMergeCommit":false,"messageTitle":"Add AboutUs","messageBody":"","fileTypesAndContributionMap":{"docs":{"insertions":1,"deletions":0}}}]},{"date":"2023-03-14","commitResults":[{"hash":"e184bed2ee65331c578825d5a9fc78e7934f9e43","isMergeCommit":true,"messageTitle":"Merge branch \u0027Ansenn-AboutUs\u0027","messageBody":"Changed AboutUS Doc\n# Conflicts:\n#\tdocs/AboutUs.md\n","fileTypesAndContributionMap":{}},{"hash":"d13a5402b38623fe25aebe03edcb2cafc1c3faae","isMergeCommit":true,"messageTitle":"Merge pull request #15 from bentohset/add-junit-tests","messageBody":"Add junit tests","fileTypesAndContributionMap":{}},{"hash":"2e15f35f4140101f05efdc38213de9e2ffdee5ac","isMergeCommit":true,"messageTitle":"Merge branch \u0027master\u0027 of https://github.com/AY22223S2-CS2113-T11-2/tp","messageBody":"","fileTypesAndContributionMap":{}},{"hash":"40716c2f79fea1adcccff2018236e7b2808d2c79","isMergeCommit":false,"messageTitle":"Update logo, add DuplicateModule and InvalidYear exceptions","messageBody":"","fileTypesAndContributionMap":{"functional-code":{"insertions":54,"deletions":17}}}]},{"date":"2023-03-15","commitResults":[{"hash":"b98046e1630c566d78416d65923d51f9f86932e9","isMergeCommit":false,"messageTitle":"Revert \"Update logo, add DuplicateModule and InvalidYear exceptions\"","messageBody":"This reverts commit 40716c2f79fea1adcccff2018236e7b2808d2c79.\n","fileTypesAndContributionMap":{"functional-code":{"insertions":17,"deletions":54}}},{"hash":"07980b6fe8ee601c7864b1493a2667f1bb965ba4","isMergeCommit":false,"messageTitle":"Merge Ansenn code (#21)","messageBody":"* Add Ansenn-AboutUs\r\n\r\n* Add AboutUs\r\n\r\n* Update logo, add DuplicateModule and InvalidYear exceptions\r\n\r\n* Revert \"Update logo, add DuplicateModule and InvalidYear exceptions\"\r\n\r\nThis reverts commit 40716c2f79fea1adcccff2018236e7b2808d2c79.","fileTypesAndContributionMap":{"docs":{"insertions":2,"deletions":1}}},{"hash":"ee58b3caeab8288659d55edc4e52844f3c938cec","isMergeCommit":false,"messageTitle":"Add DuplicateModule, InvalidSemester and InvalidYear exceptions","messageBody":"","fileTypesAndContributionMap":{"functional-code":{"insertions":24,"deletions":0}}},{"hash":"a7c66a286cb44aa3e1575584315233035a9e76b7","isMergeCommit":false,"messageTitle":"Change logo","messageBody":"","fileTypesAndContributionMap":{"functional-code":{"insertions":10,"deletions":6}}},{"hash":"10b05b4909e35187b08a4d4e4ca79516b6ceede2","isMergeCommit":false,"messageTitle":"Add DuplicateModuleException for addModule method","messageBody":"","fileTypesAndContributionMap":{"functional-code":{"insertions":13,"deletions":7}}},{"hash":"a17be7dadc6d9410eab7040e9b17488a0d1a5808","isMergeCommit":false,"messageTitle":"Ammended exception handling","messageBody":"","fileTypesAndContributionMap":{"functional-code":{"insertions":18,"deletions":11}}},{"hash":"653d1897cac95766ad278fb5f501b5d2b01fbbb0","isMergeCommit":false,"messageTitle":"Ammended imports for ModuleParser","messageBody":"","fileTypesAndContributionMap":{"functional-code":{"insertions":5,"deletions":1}}},{"hash":"627afd5e9ef352ff35ac156946a986d88e890407","isMergeCommit":false,"messageTitle":"Add DuplicateModuleException to parserTest","messageBody":"","fileTypesAndContributionMap":{"test-code":{"insertions":10,"deletions":10}}},{"hash":"e16d5a2a0eab9dc2360e06c718713df92ed90a1f","isMergeCommit":false,"messageTitle":"Ammended imports","messageBody":"","fileTypesAndContributionMap":{"test-code":{"insertions":8,"deletions":1}}},{"hash":"eb3c4a916779fe9b1921cd89c686dff176d28871","isMergeCommit":false,"messageTitle":"Ammended ParserTest","messageBody":"","fileTypesAndContributionMap":{"functional-code":{"insertions":11,"deletions":10},"test-code":{"insertions":2,"deletions":0}}},{"hash":"5870909068655477d27ecba2bd349c0cbb00bb27","isMergeCommit":false,"messageTitle":"Edit Indentation","messageBody":"","fileTypesAndContributionMap":{"functional-code":{"insertions":10,"deletions":10}}},{"hash":"31f11422c52bf5d5517defda3d60ecf3ba36cb63","isMergeCommit":false,"messageTitle":"Edit EXPECTED output","messageBody":"","fileTypesAndContributionMap":{"functional-code":{"insertions":31,"deletions":23}}},{"hash":"15f57edc8024be2dae30d324f968ed50c1d702e1","isMergeCommit":true,"messageTitle":"Merge branch \u0027master\u0027 into master","messageBody":"","fileTypesAndContributionMap":{}},{"hash":"1e04b411b4296d2fff236f05fd4784b9d06d3243","isMergeCommit":false,"messageTitle":"Ammended Checkstyle error","messageBody":"","fileTypesAndContributionMap":{"functional-code":{"insertions":17,"deletions":15}}},{"hash":"86f3f1ebbbb8de3042c7c955313a15ffdad92099","isMergeCommit":true,"messageTitle":"Merge branch \u0027master\u0027 of https://github.com/Ansenn/tp","messageBody":"# Conflicts:\n#\tsrc/main/java/seedu/penus/modules/ModuleList.java\n","fileTypesAndContributionMap":{}},{"hash":"8bc3fd78a175c475b0165dec2d5290762686f49a","isMergeCommit":false,"messageTitle":"Edit runtest.sh","messageBody":"","fileTypesAndContributionMap":{"other":{"insertions":1,"deletions":1}}}]},{"date":"2023-03-16","commitResults":[{"hash":"051c9ec348514ce7f4b9d360ad12a6ab3b85b200","isMergeCommit":false,"messageTitle":"Add printList method","messageBody":"","fileTypesAndContributionMap":{"functional-code":{"insertions":140,"deletions":32}}},{"hash":"aebb038bbbdcebba057e486a99ffb8047bf93c99","isMergeCommit":true,"messageTitle":"Merge branch \u0027master\u0027 into master","messageBody":"","fileTypesAndContributionMap":{}},{"hash":"398b5ce18d15221d96bce765b2964d0e6c875b21","isMergeCommit":true,"messageTitle":"Merge pull request #29 from Ansenn/master","messageBody":"Add printList method","fileTypesAndContributionMap":{}},{"hash":"a9a49c8f260c0c1b1998b8deb00872f590eb8f8e","isMergeCommit":false,"messageTitle":"Change logo","messageBody":"","fileTypesAndContributionMap":{"functional-code":{"insertions":15,"deletions":15}}},{"hash":"61e5990196972fff45ea6852b76c824b1054a550","isMergeCommit":false,"messageTitle":"Ammended moduleDetails","messageBody":"","fileTypesAndContributionMap":{"functional-code":{"insertions":97,"deletions":97}}},{"hash":"23ef1704077fe61b4841dfaa4225f7f6073dd60f","isMergeCommit":true,"messageTitle":"Merge branch \u0027master\u0027 of https://github.com/Ansenn/tp","messageBody":"# Conflicts:\n#\tsrc/main/java/seedu/penus/api/ModuleRetriever.java\n#\tsrc/main/java/seedu/penus/parser/CommandParser.java\n","fileTypesAndContributionMap":{}},{"hash":"ba91f65811750c54cc9ba09ae2c1d0597a8a8416","isMergeCommit":false,"messageTitle":"Fixed dos2unix error","messageBody":"","fileTypesAndContributionMap":{"functional-code":{"insertions":83,"deletions":93}}}]},{"date":"2023-03-20","commitResults":[{"hash":"4a83b53694ffb10b445bff462031e0556df809e6","isMergeCommit":true,"messageTitle":"Merge pull request #43 from bentohset/add-resourc-manager","messageBody":"Add resource manager and save feature","fileTypesAndContributionMap":{}}]},{"date":"2023-03-21","commitResults":[{"hash":"f58b874ce2dfc2b01db9f99ae56c92cff0a38b1f","isMergeCommit":false,"messageTitle":"Add help command, improved list command","messageBody":"","fileTypesAndContributionMap":{"functional-code":{"insertions":127,"deletions":196}}},{"hash":"4fb25f0ade4c78ada4f4e88ae17eb624c313d4fc","isMergeCommit":false,"messageTitle":"Edit checkstyle error","messageBody":"","fileTypesAndContributionMap":{"functional-code":{"insertions":1,"deletions":1}}},{"hash":"946de8ee774c85fdcd47be4a7aa5db5743cf9083","isMergeCommit":false,"messageTitle":"Edit indentation","messageBody":"","fileTypesAndContributionMap":{"functional-code":{"insertions":78,"deletions":78}}},{"hash":"98310015bb407a7c6db2605bf82b258b9bb19ba3","isMergeCommit":true,"messageTitle":"Merge branch \u0027master\u0027 into master","messageBody":"","fileTypesAndContributionMap":{}},{"hash":"a93540a6c10c73215059b03eae387886c63735b6","isMergeCommit":false,"messageTitle":"Enabled assertions","messageBody":"","fileTypesAndContributionMap":{"other":{"insertions":2,"deletions":0}}},{"hash":"07fca15ced4494e65d49f295467c0cc7a842cd56","isMergeCommit":true,"messageTitle":"Merge branch \u0027master\u0027 of https://github.com/Ansenn/tp","messageBody":"","fileTypesAndContributionMap":{}},{"hash":"8529e6a8aade12370bb46e7439873bc8c9b8ee1a","isMergeCommit":true,"messageTitle":"Merge pull request #46 from Ansenn/master","messageBody":"Add help command, edit list command","fileTypesAndContributionMap":{}},{"hash":"86a62c05aea4706d234cbc806b9855e02c2ee03c","isMergeCommit":false,"messageTitle":"Edit help command, add WrongSemesterException","messageBody":"","fileTypesAndContributionMap":{"functional-code":{"insertions":14,"deletions":2}}},{"hash":"95d593fc6738fe0f66cdef278932b2cf5d0c52ce","isMergeCommit":true,"messageTitle":"Merge branch \u0027master\u0027 of https://github.com/AY22223S2-CS2113-T11-2/tp","messageBody":"","fileTypesAndContributionMap":{}}]},{"date":"2023-03-22","commitResults":[{"hash":"60114948f2c14c903111ab436263666482d4ece1","isMergeCommit":false,"messageTitle":"Improve list command","messageBody":"","fileTypesAndContributionMap":{"functional-code":{"insertions":247,"deletions":123}}},{"hash":"df48c8899fbaed49dbdb1c2b4af3f3764aa4a9d0","isMergeCommit":false,"messageTitle":"Add List Modules dg","messageBody":"","fileTypesAndContributionMap":{"docs":{"insertions":42,"deletions":1}}},{"hash":"5900f7ab01b76c0806241a3718e7f1d58c2224ee","isMergeCommit":true,"messageTitle":"Merge pull request #61 from Ansenn/ansenn-dg","messageBody":"Add List Modules dg","fileTypesAndContributionMap":{}},{"hash":"f051e6db99040e39d169dd2ce84fbb89d7d10f6e","isMergeCommit":false,"messageTitle":"Edit DG","messageBody":"","fileTypesAndContributionMap":{"docs":{"insertions":3,"deletions":0}}},{"hash":"9640e2a6afa1ef6a4fefa91e270ecddb528db5c6","isMergeCommit":true,"messageTitle":"Merge pull request #63 from Ansenn/ansenn-dg","messageBody":"Edit DG","fileTypesAndContributionMap":{}}]},{"date":"2023-03-23","commitResults":[{"hash":"28bd64c2fb09e0572fd812371ac8cbd9c69b3aae","isMergeCommit":false,"messageTitle":"Enhanced List command","messageBody":"","fileTypesAndContributionMap":{"functional-code":{"insertions":153,"deletions":148},"test-code":{"insertions":5,"deletions":4}}},{"hash":"e6b19350f564de02b1261bf49b7e8156ba60537a","isMergeCommit":true,"messageTitle":"Merge branch \u0027master\u0027 into ansenn","messageBody":"","fileTypesAndContributionMap":{}},{"hash":"5004e44368ff1567bbd971fd7b8c648cc6927e9e","isMergeCommit":true,"messageTitle":"Merge branch \u0027ansenn\u0027 of https://github.com/Ansenn/tp into ansenn","messageBody":"","fileTypesAndContributionMap":{}},{"hash":"cb637ee67736deb03f2647ef5325485fea8f4b61","isMergeCommit":false,"messageTitle":"Added throws declaration","messageBody":"","fileTypesAndContributionMap":{"functional-code":{"insertions":2,"deletions":1}}},{"hash":"4bacb3d83cf11b68953e702d547655504c325d77","isMergeCommit":false,"messageTitle":"Edit checkstyle","messageBody":"","fileTypesAndContributionMap":{"functional-code":{"insertions":4,"deletions":7}}},{"hash":"592646c2fdaca444481eac0eb5630cb89ff33c64","isMergeCommit":false,"messageTitle":"Edit naming convention","messageBody":"","fileTypesAndContributionMap":{"functional-code":{"insertions":14,"deletions":18}}},{"hash":"adb4efe8be04b0e4a9a37178242593733ab71e1e","isMergeCommit":false,"messageTitle":"Removed unused import","messageBody":"","fileTypesAndContributionMap":{"test-code":{"insertions":0,"deletions":1}}},{"hash":"ad3d62fd00c02e7fef4e95aa9e3e3d8c4b597461","isMergeCommit":false,"messageTitle":"Edit FileManager","messageBody":"","fileTypesAndContributionMap":{"functional-code":{"insertions":0,"deletions":2}}}]}],"bentohset":[{"date":"2023-03-02","commitResults":[{"hash":"cdfb73408bb41c068d3b78da314c4abdd3bc8469","isMergeCommit":false,"messageTitle":"Update README","messageBody":"","fileTypesAndContributionMap":{"docs":{"insertions":1,"deletions":1}}},{"hash":"0458d2cdc7fe30e165210ce9551dbbaa6d7555db","isMergeCommit":false,"messageTitle":"Add name to aboutus","messageBody":"","fileTypesAndContributionMap":{"docs":{"insertions":1,"deletions":1}}},{"hash":"100f7ad520ded06b01430f3932dbb9c83f381118","isMergeCommit":true,"messageTitle":"Merge pull request #1 from bentohset/benjamin-AboutUs","messageBody":"Add name to aboutus","fileTypesAndContributionMap":{}},{"hash":"cac2e848aa5d0fa2545819b83566032e8eaedf32","isMergeCommit":true,"messageTitle":"Merge pull request #2 from TayJiunYuan/JiunYuan-AboutUs","messageBody":"Updated Name","fileTypesAndContributionMap":{}}]},{"date":"2023-03-12","commitResults":[{"hash":"04c630d044250807b3e357edda9219d5a0f47f59","isMergeCommit":false,"messageTitle":"Add base code","messageBody":"","fileTypesAndContributionMap":{"functional-code":{"insertions":418,"deletions":21},"other":{"insertions":4,"deletions":4}}},{"hash":"ca49fbba15ed6ce3fb364ee52a44c62394d10147","isMergeCommit":false,"messageTitle":"Refactor for more OOP","messageBody":"","fileTypesAndContributionMap":{"functional-code":{"insertions":55,"deletions":25}}},{"hash":"8c4cfbee69965acd2ee8f58d48a2fbf4a4ef3a0f","isMergeCommit":true,"messageTitle":"Merge PR #12 from bentohset/ip-import","messageBody":"Add code base","fileTypesAndContributionMap":{}},{"hash":"d38d0dbc580e41349beaff562cde5f6d509c53b3","isMergeCommit":true,"messageTitle":"Merge pull request #13 from AY2223S2-CS2113-T11-2/ben-add-codebase","messageBody":"Merge Ben add codebase","fileTypesAndContributionMap":{}}]},{"date":"2023-03-14","commitResults":[{"hash":"8b01a4c36245fd54b8367bd7402a2f5c78379068","isMergeCommit":false,"messageTitle":"Add grade converter object","messageBody":"","fileTypesAndContributionMap":{"functional-code":{"insertions":73,"deletions":0}}},{"hash":"360ab7ad263b2e58ca3d094d9583b5bc1a3faf34","isMergeCommit":false,"messageTitle":"Implement grade converter","messageBody":"","fileTypesAndContributionMap":{"functional-code":{"insertions":33,"deletions":6}}},{"hash":"6a2ce0521664f157f29ff8342c7ce13931770a4f","isMergeCommit":false,"messageTitle":"Add JUnit tests","messageBody":"","fileTypesAndContributionMap":{"test-code":{"insertions":271,"deletions":0}}},{"hash":"14b9a6fc1f43d8af97c55d2de337e1ddc2b56a81","isMergeCommit":false,"messageTitle":"Refactor code for JUnit test","messageBody":"","fileTypesAndContributionMap":{"functional-code":{"insertions":47,"deletions":25}}},{"hash":"0510b67591706963a6d43eedb592629221b8f0ea","isMergeCommit":false,"messageTitle":"Fix JUnit test bug","messageBody":"","fileTypesAndContributionMap":{"test-code":{"insertions":4,"deletions":4}}},{"hash":"50e0951f88509b0f5e7319f849a1cda8cfe2c423","isMergeCommit":false,"messageTitle":"Bug fix","messageBody":"","fileTypesAndContributionMap":{"test-code":{"insertions":13,"deletions":13}}},{"hash":"d8b76f508c02bd75d4601924b4f6e0deb475bed6","isMergeCommit":false,"messageTitle":"Fix logo bug","messageBody":"","fileTypesAndContributionMap":{"test-code":{"insertions":0,"deletions":31}}}]},{"date":"2023-03-15","commitResults":[{"hash":"5ca359c27b78f2493927c5a6a237d38a65aa817f","isMergeCommit":false,"messageTitle":"change api","messageBody":"","fileTypesAndContributionMap":{"functional-code":{"insertions":11,"deletions":11},"other":{"insertions":3,"deletions":3}}},{"hash":"8c96b6906dd6ac94cc64be68d239c0e6513ad9c2","isMergeCommit":true,"messageTitle":"Merge branch \u0027master\u0027 of https://github.com/bentohset/tp into more-testing","messageBody":"","fileTypesAndContributionMap":{}},{"hash":"488be9592dc8e9e8cdbb1ec7330f15288485fe3b","isMergeCommit":false,"messageTitle":"Add more JUnit test","messageBody":"","fileTypesAndContributionMap":{"functional-code":{"insertions":33,"deletions":35},"test-code":{"insertions":87,"deletions":0}}},{"hash":"cb6b8c37f48ee680ebc9cc495360225fb334978c","isMergeCommit":true,"messageTitle":"Merge branch \u0027master\u0027 into more-testing","messageBody":"","fileTypesAndContributionMap":{}},{"hash":"6515d3c2f9e055fe251be5226504f752641898ce","isMergeCommit":false,"messageTitle":"bug fix visibility","messageBody":"","fileTypesAndContributionMap":{"functional-code":{"insertions":5,"deletions":5},"test-code":{"insertions":6,"deletions":5}}},{"hash":"7480afb645330dacf7e4f560d9f649a4f631676b","isMergeCommit":false,"messageTitle":"Refactor for code quality","messageBody":"","fileTypesAndContributionMap":{"test-code":{"insertions":5,"deletions":4}}},{"hash":"bba23f8aefd3da585db21815068c3212a5a964e6","isMergeCommit":false,"messageTitle":"Edit formatting","messageBody":"","fileTypesAndContributionMap":{"functional-code":{"insertions":5,"deletions":5}}}]},{"date":"2023-03-16","commitResults":[{"hash":"4c6f37feb2124806205fefbf5c29181e43ae10bd","isMergeCommit":false,"messageTitle":"Reduce line length","messageBody":"","fileTypesAndContributionMap":{"functional-code":{"insertions":2,"deletions":1}}},{"hash":"deaddd264174640ed9f836f84717ca46badc4b10","isMergeCommit":true,"messageTitle":"Merge pull request #28 from bentohset/edit-format-printing","messageBody":"Edit formatting of status and list","fileTypesAndContributionMap":{}},{"hash":"e146d11f7c953a0f8c654f9b3d052e10c32ade9f","isMergeCommit":true,"messageTitle":"Merge pull request #30 from Ansenn/master","messageBody":"Change logo","fileTypesAndContributionMap":{}}]},{"date":"2023-03-20","commitResults":[{"hash":"3abdd4089da424e3ae99df99b6e9b01954a2ff8f","isMergeCommit":false,"messageTitle":"Refactor moduleretriever api","messageBody":"","fileTypesAndContributionMap":{"functional-code":{"insertions":23,"deletions":11}}},{"hash":"a4936d9b74a3fccbdfb2455f0c9a40c624ad517d","isMergeCommit":false,"messageTitle":"Edit Integer -\u003e int","messageBody":"","fileTypesAndContributionMap":{"functional-code":{"insertions":1,"deletions":1}}},{"hash":"4d64f62b50d36ae8e247f35a89fa04ca10e9351a","isMergeCommit":false,"messageTitle":"Add JUnit test for resource and file manager","messageBody":"","fileTypesAndContributionMap":{"other":{"insertions":16,"deletions":12},"test-code":{"insertions":24,"deletions":2}}},{"hash":"a2bee28874dbe0328eb196e3d5a90b9f938d8a71","isMergeCommit":false,"messageTitle":"Add resouce path to gradle build","messageBody":"","fileTypesAndContributionMap":{"other":{"insertions":8,"deletions":0}}},{"hash":"443735b6899111f42dc7e7944f120ffe86fd5cff","isMergeCommit":false,"messageTitle":"Add save feature","messageBody":"","fileTypesAndContributionMap":{"functional-code":{"insertions":85,"deletions":40}}},{"hash":"bafe3704230060e1071df93bda464eb4504698ed","isMergeCommit":false,"messageTitle":"Add ResourceManager for reading core mods","messageBody":"","fileTypesAndContributionMap":{"functional-code":{"insertions":110,"deletions":16}}},{"hash":"508a44d181efaaf570dd520377c34f797caa92e2","isMergeCommit":false,"messageTitle":"Edit checkstyle","messageBody":"","fileTypesAndContributionMap":{"functional-code":{"insertions":13,"deletions":7}}},{"hash":"8e26d244ee278c4ef76fcc6215f4fef44e7d65dd","isMergeCommit":false,"messageTitle":"Add assertions","messageBody":"","fileTypesAndContributionMap":{"other":{"insertions":1,"deletions":0},"test-code":{"insertions":3,"deletions":0}}},{"hash":"c6c9653f72bba97bd2e5c2387b454920ed193abc","isMergeCommit":false,"messageTitle":"Edit assertions","messageBody":"","fileTypesAndContributionMap":{"test-code":{"insertions":1,"deletions":1}}},{"hash":"5774033b8622955f5a2b46dd7238d8f80373c01b","isMergeCommit":true,"messageTitle":"Merge branch \u0027master\u0027 into master","messageBody":"","fileTypesAndContributionMap":{}},{"hash":"2cb08aecb141084a8ccc252e6d6373711e1e01fb","isMergeCommit":true,"messageTitle":"Merge pull request #44 from TayJiunYuan/master","messageBody":"Added Initialisation","fileTypesAndContributionMap":{}}]},{"date":"2023-03-21","commitResults":[{"hash":"d1b37fcef52f298914f2d3435ff0d2251c9c0f42","isMergeCommit":true,"messageTitle":"Merge pull request #48 from AY2223S2-CS2113-T11-2/37-add-cap-calculator-for-list","messageBody":"37 add cap calculator for list","fileTypesAndContributionMap":{}},{"hash":"9768b8875a4cfffe4c3e90701988bb8a7c9c0109","isMergeCommit":false,"messageTitle":"Bug fix: user init","messageBody":"","fileTypesAndContributionMap":{"functional-code":{"insertions":1,"deletions":2}}},{"hash":"d25642759885b2f41a689a73a2d841a7475aa42a","isMergeCommit":true,"messageTitle":"Merge pull request #49 from AY2223S2-CS2113-T11-2/ben-patch-user","messageBody":"Bug fix: user init","fileTypesAndContributionMap":{}},{"hash":"09d54489792e7e07359f4e0d4da9bd9a0bb9cfcf","isMergeCommit":false,"messageTitle":"Moved printHelp to Ui","messageBody":"","fileTypesAndContributionMap":{"functional-code":{"insertions":18,"deletions":1}}},{"hash":"90fdd2e9d5b5176d1ad18c70254e86add3b55168","isMergeCommit":false,"messageTitle":"Add encode method and overloaded constructor","messageBody":"","fileTypesAndContributionMap":{"functional-code":{"insertions":12,"deletions":0}}},{"hash":"44604ef1fb3707d147118fcf62664b374887d034","isMergeCommit":false,"messageTitle":"Include user in save feature","messageBody":"","fileTypesAndContributionMap":{"functional-code":{"insertions":76,"deletions":47},"test-code":{"insertions":4,"deletions":4}}},{"hash":"13f92512044a7e4efbaebb0b6eca5f714bcf32d4","isMergeCommit":false,"messageTitle":"Refactor for checkstyle","messageBody":"","fileTypesAndContributionMap":{"functional-code":{"insertions":34,"deletions":39},"test-code":{"insertions":6,"deletions":6}}}]},{"date":"2023-03-22","commitResults":[{"hash":"a66cbd7183a537bea9a282fcd15ef4beb0be684b","isMergeCommit":false,"messageTitle":"Add DG skeleton","messageBody":"","fileTypesAndContributionMap":{"docs":{"insertions":113,"deletions":19}}},{"hash":"ac850dd35149e061c0fe5b504a7946288ba510e6","isMergeCommit":true,"messageTitle":"Merge pull request #51 from bentohset/add-DG","messageBody":"Add DG skeleton","fileTypesAndContributionMap":{}},{"hash":"62bbbab9952ff16e92a67519e7245a1764754921","isMergeCommit":false,"messageTitle":"Add module documentation","messageBody":"","fileTypesAndContributionMap":{"docs":{"insertions":29,"deletions":2}}},{"hash":"ac9cbca7dd9d4dcd5f43bf2681768ca350b40f18","isMergeCommit":true,"messageTitle":"Merge pull request #52 from bentohset/dg-addmodule","messageBody":"DG: Add module documentation","fileTypesAndContributionMap":{}},{"hash":"6c30e1b7fd8871d72e707c5c3b7524b0f366c849","isMergeCommit":false,"messageTitle":"Add UML sequence","messageBody":"","fileTypesAndContributionMap":{"docs":{"insertions":32,"deletions":0}}},{"hash":"171c3470b3d9aafc2e9f21d887c884fc3f297496","isMergeCommit":false,"messageTitle":"Edit dg","messageBody":"","fileTypesAndContributionMap":{"docs":{"insertions":5,"deletions":2}}},{"hash":"097b9174ab3ea6374f9e0656182e95873c14c2ad","isMergeCommit":false,"messageTitle":"Fix bug","messageBody":"","fileTypesAndContributionMap":{"test-code":{"insertions":6,"deletions":57}}},{"hash":"d31cafb6ac46684c67032491d54c72bda3f01572","isMergeCommit":false,"messageTitle":"Add line","messageBody":"","fileTypesAndContributionMap":{"test-code":{"insertions":1,"deletions":1}}},{"hash":"2dfa645183c495723541a38cb1ef5d64fe518ea6","isMergeCommit":true,"messageTitle":"Merge pull request #58 from bentohset/dg-uml-addmodule","messageBody":"Add UML sequence - Add Module","fileTypesAndContributionMap":{}}]},{"date":"2023-03-23","commitResults":[{"hash":"ec0021ac91659ae50ca4d6ee834fda8a9106df0c","isMergeCommit":true,"messageTitle":"Merge pull request #65 from TayJiunYuan/jy-mergeAPI","messageBody":"Jy merge api","fileTypesAndContributionMap":{}},{"hash":"33eaedd377c561d81e292ed5582bdbb947f0dabb","isMergeCommit":true,"messageTitle":"Merge pull request #67 from Ansenn/ansenn","messageBody":"Improve List command","fileTypesAndContributionMap":{}}]},{"date":"2023-03-24","commitResults":[{"hash":"144b56e40a5382ddca9f884ccf8d8db381ae3646","isMergeCommit":false,"messageTitle":"change architecutre to MVP","messageBody":"","fileTypesAndContributionMap":{"functional-code":{"insertions":661,"deletions":132},"other":{"insertions":220,"deletions":226},"test-code":{"insertions":24,"deletions":28}}}]},{"date":"2023-03-25","commitResults":[{"hash":"428428479b7ec7785d16bd7a8c0f765c8d4d6559","isMergeCommit":false,"messageTitle":"working copy","messageBody":"","fileTypesAndContributionMap":{"functional-code":{"insertions":41,"deletions":4}}},{"hash":"cb171c5819ab24e0feafc4fd0e32f0e4539e3fe9","isMergeCommit":false,"messageTitle":"working copy 2","messageBody":"","fileTypesAndContributionMap":{"functional-code":{"insertions":666,"deletions":632}}},{"hash":"3b845abd1f49e6954c10de2d2a932377ff12183f","isMergeCommit":false,"messageTitle":"Edit for checkstyle","messageBody":"","fileTypesAndContributionMap":{"functional-code":{"insertions":73,"deletions":102}}},{"hash":"d6b1b6ae045f5d8f1c2ea958ebcefb34ca9b0fac","isMergeCommit":false,"messageTitle":"add tests","messageBody":"","fileTypesAndContributionMap":{"other":{"insertions":7,"deletions":8},"test-code":{"insertions":288,"deletions":341}}},{"hash":"cc113f0f6f46fc6db219e05b891b719bacf6a442","isMergeCommit":false,"messageTitle":"comment out","messageBody":"","fileTypesAndContributionMap":{"functional-code":{"insertions":60,"deletions":60}}},{"hash":"0aafb0b2383509af540fa8c594158e68b5660755","isMergeCommit":true,"messageTitle":"Merge pull request #69 from bentohset/refactor-architecture","messageBody":"Refactor architecture","fileTypesAndContributionMap":{}}]},{"date":"2023-03-27","commitResults":[{"hash":"e6193f710258c9b3ccc86259bdc5b2b43d0a4071","isMergeCommit":false,"messageTitle":"Edit UG and DG","messageBody":"","fileTypesAndContributionMap":{"docs":{"insertions":124,"deletions":56}}},{"hash":"a33da5a8a5ad7ce2f01f2d3578c12fe46e1fb39d","isMergeCommit":true,"messageTitle":"Merge pull request #70 from bentohset/refactor-architecture","messageBody":"Edit UG and DG","fileTypesAndContributionMap":{}}]},{"date":"2023-03-28","commitResults":[{"hash":"e1c0b186a2fc2989ef4c7ce66a454e72ead316d9","isMergeCommit":false,"messageTitle":"Add Diagrams to DG","messageBody":"","fileTypesAndContributionMap":{"docs":{"insertions":349,"deletions":8}}},{"hash":"ac78f55ca524a5f85b8c065824157d543880069c","isMergeCommit":true,"messageTitle":"Merge pull request #71 from bentohset/refactor-architecture","messageBody":"Add Diagrams to DG","fileTypesAndContributionMap":{}},{"hash":"84d73b16c0d9f497ade5a8513f741aa6aa9dbbf0","isMergeCommit":true,"messageTitle":"Merge pull request #72 from TayJiunYuan/jy-archi","messageBody":"Jy - added Status and Init","fileTypesAndContributionMap":{}}]}],"TayJiunYuan":[{"date":"2023-03-02","commitResults":[{"hash":"efaf848cc9c3e784a8e501a89c059e2b6e6e78b5","isMergeCommit":false,"messageTitle":"Updated Name","messageBody":"","fileTypesAndContributionMap":{"docs":{"insertions":1,"deletions":1}}}]},{"date":"2023-03-14","commitResults":[{"hash":"555a060dc4757f6158c05532b4a98f8a1dfb447a","isMergeCommit":true,"messageTitle":"Merge pull request #14 from chiayuxuan/Module_details_for_CEG","messageBody":"Module details for ceg","fileTypesAndContributionMap":{}},{"hash":"07c1285ef9ef52945cf49676f83b41e53e1dfed4","isMergeCommit":true,"messageTitle":"Merge pull request #18 from AY2223S2-CS2113-T11-2/yuxuan-add-moduledetailsfile","messageBody":"Yuxuan add moduledetailsfile","fileTypesAndContributionMap":{}},{"hash":"1f756236a666aaee033b0291ac84ea937f690f6e","isMergeCommit":false,"messageTitle":"Added status, FileManager and Coremods.txt","messageBody":"","fileTypesAndContributionMap":{"functional-code":{"insertions":69,"deletions":1}}},{"hash":"8c8992de529d5e6984a943ef42b0df5520b399a3","isMergeCommit":true,"messageTitle":"Merge branch \u0027master\u0027 into JiunYuan-GradCriteria","messageBody":"","fileTypesAndContributionMap":{}},{"hash":"69fef42283967cc1d02f696d0d1de68eb7b5bf98","isMergeCommit":false,"messageTitle":"Moved ModuleDetailsFile into FileManager, updated status","messageBody":"","fileTypesAndContributionMap":{"functional-code":{"insertions":95,"deletions":92}}}]},{"date":"2023-03-15","commitResults":[{"hash":"f2989a919bedf8d61fedb8fc8b865920446fc305","isMergeCommit":false,"messageTitle":"Updated status","messageBody":"","fileTypesAndContributionMap":{"functional-code":{"insertions":48,"deletions":41}}},{"hash":"69025685f8ea609cc9d1b6f62be37e2e176a49cb","isMergeCommit":true,"messageTitle":"Merge pull request #3 from TayJiunYuan/JiunYuan-GradCriteria","messageBody":"Jiun yuan grad criteria","fileTypesAndContributionMap":{}},{"hash":"d326a0b8d6b585b4fc6f5f733613a80e791d0f0b","isMergeCommit":false,"messageTitle":"Updated error","messageBody":"","fileTypesAndContributionMap":{"functional-code":{"insertions":2,"deletions":3}}},{"hash":"5d50ea93c2f487b20daddb6296c3d18a1b5d5443","isMergeCommit":true,"messageTitle":"Merge pull request #4 from TayJiunYuan/JiunYuan-GradCriteria","messageBody":"Updated error","fileTypesAndContributionMap":{}},{"hash":"bb8c8a3ad4983151af61adfaa0a6ec81c7ccae90","isMergeCommit":false,"messageTitle":"Updated error","messageBody":"","fileTypesAndContributionMap":{"functional-code":{"insertions":5,"deletions":5}}},{"hash":"de1ffcb1c4fa4a34f27a175a7c4ea407cac8ce10","isMergeCommit":true,"messageTitle":"Merge pull request #5 from TayJiunYuan/JiunYuan-GradCriteria","messageBody":"Updated error","fileTypesAndContributionMap":{}},{"hash":"c35f977c1368cd0a76b5f3c4330839f6f3e56727","isMergeCommit":false,"messageTitle":"Added FileManagerTest","messageBody":"","fileTypesAndContributionMap":{"functional-code":{"insertions":6,"deletions":6},"test-code":{"insertions":37,"deletions":0}}},{"hash":"13916019b55b2f2c9707f08320ffc84612776991","isMergeCommit":true,"messageTitle":"Merge pull request #26 from TayJiunYuan/master","messageBody":"Added FileManagerTest","fileTypesAndContributionMap":{}},{"hash":"283f3233904e901e2c05c946b865a628116a6a55","isMergeCommit":true,"messageTitle":"Merge pull request #25 from Ansenn/master","messageBody":"Merge Ansenn added exceptions","fileTypesAndContributionMap":{}},{"hash":"09b07f5a05b9f09b59e0e1a731a9556c384bcc73","isMergeCommit":true,"messageTitle":"Merge pull request #27 from bentohset/more-testing","messageBody":"More testing","tags":["v1.0"],"fileTypesAndContributionMap":{}}]},{"date":"2023-03-20","commitResults":[{"hash":"1b864ba787e99103a075c4a469a7c7161fda9479","isMergeCommit":false,"messageTitle":"Added Initialization","messageBody":"","fileTypesAndContributionMap":{"functional-code":{"insertions":93,"deletions":10}}},{"hash":"03fd84a083ff8707d2f677941651d5e7ccd1d534","isMergeCommit":false,"messageTitle":"Added more courses to initialization","messageBody":"","fileTypesAndContributionMap":{"functional-code":{"insertions":13,"deletions":1}}},{"hash":"23a80e3eb6be10f19d1aab6ea6ce693f5fa0bc88","isMergeCommit":false,"messageTitle":"updated imports","messageBody":"","fileTypesAndContributionMap":{"functional-code":{"insertions":8,"deletions":1}}},{"hash":"18373ad36f7116854319e8f47b2425affcedb461","isMergeCommit":false,"messageTitle":"checkstyle resolve","messageBody":"","fileTypesAndContributionMap":{"test-code":{"insertions":4,"deletions":4}}},{"hash":"3c871a1e0a03ea775ea710232e93b618ebe9c54b","isMergeCommit":true,"messageTitle":"updated with resource manager","messageBody":"","fileTypesAndContributionMap":{}}]},{"date":"2023-03-21","commitResults":[{"hash":"0340d2d79d5f6602f40db97357cd086969e9b50c","isMergeCommit":false,"messageTitle":"Added all core mod for engine","messageBody":"","fileTypesAndContributionMap":{"functional-code":{"insertions":115,"deletions":46},"test-code":{"insertions":2,"deletions":2}}}]},{"date":"2023-03-22","commitResults":[{"hash":"d011a13059a4cc71dc89300d71134fa00a3d78d9","isMergeCommit":false,"messageTitle":"Added all core mod for engine","messageBody":"","fileTypesAndContributionMap":{"docs":{"insertions":29,"deletions":1}}},{"hash":"8eed2d87b489c0987752769f1554b641f1fc982a","isMergeCommit":true,"messageTitle":"Merge pull request #60 from TayJiunYuan/jy-dg2","messageBody":"JY DG","fileTypesAndContributionMap":{}}]},{"date":"2023-03-23","commitResults":[{"hash":"f08f34ff4d2c5fcbd6f5c1971a70ce21b8a442ad","isMergeCommit":true,"messageTitle":"Merge branch \u0027master\u0027 into jy-mergeAPI","messageBody":"","fileTypesAndContributionMap":{}},{"hash":"91016f6976f0be3a5f632c32b7663572c808deb8","isMergeCommit":false,"messageTitle":"Added all core mod for engine","messageBody":"","fileTypesAndContributionMap":{"functional-code":{"insertions":12,"deletions":34}}},{"hash":"dc07d5095f986aa3d05148eb109025c52c02c7aa","isMergeCommit":false,"messageTitle":"Added all core mod for engine","messageBody":"","fileTypesAndContributionMap":{"test-code":{"insertions":5,"deletions":5}}}]},{"date":"2023-03-26","commitResults":[{"hash":"da355f25e239b5c428b6970fd2ac268144efe3ed","isMergeCommit":false,"messageTitle":"Added initcommand and initparser","messageBody":"","fileTypesAndContributionMap":{"functional-code":{"insertions":55,"deletions":5}}},{"hash":"0e23009783c4b2abef6953744c699fc4822e8ed2","isMergeCommit":false,"messageTitle":"Added Status Bug: ModuleNotFound altho its found Problem: returning string only","messageBody":"","fileTypesAndContributionMap":{"functional-code":{"insertions":158,"deletions":2},"test-code":{"insertions":24,"deletions":0}}}]},{"date":"2023-03-28","commitResults":[{"hash":"fc4cc5a4f7d8301df59294f24efa3ee6371daf50","isMergeCommit":false,"messageTitle":"Added JUnit for Init Parser","messageBody":"","fileTypesAndContributionMap":{"functional-code":{"insertions":4,"deletions":4},"test-code":{"insertions":45,"deletions":0}}},{"hash":"c55a7b6a97819de6f692b853a1dbceaa3c7f483c","isMergeCommit":false,"messageTitle":"Added JUnit for Init Command","messageBody":"","fileTypesAndContributionMap":{"test-code":{"insertions":20,"deletions":10}}},{"hash":"a3f52ea0e52cad40c8b0bc2db64cd4d2c4f91c37","isMergeCommit":false,"messageTitle":"Converted Status Execute to a String instead of passing to UI","messageBody":"","fileTypesAndContributionMap":{"functional-code":{"insertions":6,"deletions":7}}},{"hash":"50cb562e0ac15041593614f365e0040513999c33","isMergeCommit":false,"messageTitle":"CheckStyle Update","messageBody":"","fileTypesAndContributionMap":{"test-code":{"insertions":6,"deletions":5}}}]}],"chiayuxuan":[{"date":"2023-03-02","commitResults":[{"hash":"9d9a2d591e1cfca6d9b20f51f8b46e82f9401346","isMergeCommit":false,"messageTitle":"Update AboutUs.md","messageBody":"","fileTypesAndContributionMap":{"docs":{"insertions":1,"deletions":1}}},{"hash":"df9fa4d1c9ee29ebd8934386cd0a99caf6cc4d65","isMergeCommit":true,"messageTitle":"Merge pull request #4 from chiayuxuan/AboutUs.md","messageBody":"Update AboutUs.md","fileTypesAndContributionMap":{}}]},{"date":"2023-03-13","commitResults":[{"hash":"0a53cb8bd362b5ee60082db48bea0f66f1911165","isMergeCommit":false,"messageTitle":"Add FileManagerForModuleDetails class for module details","messageBody":"","fileTypesAndContributionMap":{"functional-code":{"insertions":82,"deletions":0}}}]},{"date":"2023-03-14","commitResults":[{"hash":"5c49b6f1da95a3b3a975e9deec1c45f5798bde92","isMergeCommit":false,"messageTitle":"Rename class from FileManagerForModuleDetails to ModuleDetailsFile","messageBody":"","fileTypesAndContributionMap":{"other":{"insertions":2,"deletions":3}}},{"hash":"a3cc13875069cacc16479230c16325c056e77fa7","isMergeCommit":false,"messageTitle":"Edit Javadocs for decodeModule method","messageBody":"","fileTypesAndContributionMap":{"functional-code":{"insertions":2,"deletions":2}}},{"hash":"19aa3df8fedf6c19ce11bd20911bd8baf8d02bea","isMergeCommit":true,"messageTitle":"Merge branch \u0027master\u0027 of https://github.com/chiayuxuan/tp into Module_details_for_CEG","messageBody":"","fileTypesAndContributionMap":{}}]},{"date":"2023-03-15","commitResults":[{"hash":"032c8e887d6106bbc347ddcd8f757aacd99ff8eb","isMergeCommit":true,"messageTitle":"Merge pull request #24 from TayJiunYuan/master","messageBody":"Updated Status, refactored moduledetailsfile into filemanager","fileTypesAndContributionMap":{}}]},{"date":"2023-03-20","commitResults":[{"hash":"8cf725905a9f250c68dd208a2597752b022f3286","isMergeCommit":false,"messageTitle":"Add CAP class to calculate CAP","messageBody":"","fileTypesAndContributionMap":{"functional-code":{"insertions":31,"deletions":0}}},{"hash":"c994bcdf458e9ce3bd38cb583bac434c17ba3eea","isMergeCommit":false,"messageTitle":"Add JUnit test for CAP class","messageBody":"","fileTypesAndContributionMap":{"test-code":{"insertions":27,"deletions":0}}},{"hash":"a5c0de46d9fd6d169300f7259d1008e64fa68eb9","isMergeCommit":true,"messageTitle":"Merge branch \u0027master\u0027 of https://github.com/chiayuxuan/tp","messageBody":"","fileTypesAndContributionMap":{}},{"hash":"626ed58ec450a8be6d146eebb3cd7b6e9a0dd9a3","isMergeCommit":false,"messageTitle":"Add method to calculate and print sem CAP and overall CAP","messageBody":"","fileTypesAndContributionMap":{"functional-code":{"insertions":26,"deletions":3}}},{"hash":"09f3b0c95a8ae6da0ffb6b09c630865fba013e87","isMergeCommit":false,"messageTitle":"Add printSemCAP function to ModuleList","messageBody":"","fileTypesAndContributionMap":{"functional-code":{"insertions":13,"deletions":1}}},{"hash":"07e8cb60212951a660b3d37ae760b1a3d8218be0","isMergeCommit":false,"messageTitle":"add printOverallCAP to case LIST: in CommandParser","messageBody":"","fileTypesAndContributionMap":{"functional-code":{"insertions":2,"deletions":0}}}]},{"date":"2023-03-21","commitResults":[{"hash":"f7c4faa5a554e7583a8e0976291a51a35ce421e6","isMergeCommit":false,"messageTitle":"Add if else case for empty modules/sem","messageBody":"","fileTypesAndContributionMap":{"functional-code":{"insertions":12,"deletions":2}}},{"hash":"4ca2d0430183a460f668ac313eb7dd35d7942f61","isMergeCommit":false,"messageTitle":"Add JUnit test for calculate sem and overall sem","messageBody":"","fileTypesAndContributionMap":{"test-code":{"insertions":30,"deletions":7}}},{"hash":"07dd53a8fb73af968f5dff6e4b0fe0486e77eeb6","isMergeCommit":true,"messageTitle":"Merge branch \u0027master\u0027 into CAP","messageBody":"# Conflicts:\n#\tsrc/main/java/seedu/penus/modules/ModuleList.java\n#\tsrc/main/java/seedu/penus/parser/CommandParser.java\n","fileTypesAndContributionMap":{}},{"hash":"536981e0e8f9e0d0ce0c3dfafcf5ae9c680a395e","isMergeCommit":true,"messageTitle":"Merge branch \u0027master\u0027 of https://github.com/chiayuxuan/tp","messageBody":"","fileTypesAndContributionMap":{}},{"hash":"e3c3b411f82fc71c8fc0869464f1253f351e0d09","isMergeCommit":true,"messageTitle":"Merge branch \u0027master\u0027 into CAP","messageBody":"# Conflicts:\n#\tsrc/main/java/seedu/penus/modules/ModuleList.java\n","fileTypesAndContributionMap":{}},{"hash":"3a0c006ef08ec28aa508bb1a3002ae35180fcce3","isMergeCommit":false,"messageTitle":"Accounted for S/U and added Javadocs","messageBody":"","fileTypesAndContributionMap":{"functional-code":{"insertions":51,"deletions":17}}},{"hash":"9e882a32f056ae8ee0983c282131e6e5724324b6","isMergeCommit":false,"messageTitle":"Add print CAP in printModules() function","messageBody":"","fileTypesAndContributionMap":{"functional-code":{"insertions":3,"deletions":1}}},{"hash":"039733384e7739bca9a35be5377987eb5dd780dd","isMergeCommit":false,"messageTitle":"Removed print CAP in CommandParser","messageBody":"","fileTypesAndContributionMap":{"functional-code":{"insertions":0,"deletions":1}}},{"hash":"d6bc604fab8e971bf33f422dc325f78ba220e827","isMergeCommit":false,"messageTitle":"Handled case where CAP only accounts for taken mods","messageBody":"","fileTypesAndContributionMap":{"functional-code":{"insertions":2,"deletions":2}}},{"hash":"08a4b88e6803a5694c7e78cbb5f5d6db25e0ef5a","isMergeCommit":false,"messageTitle":"Removed unused import","messageBody":"","fileTypesAndContributionMap":{"functional-code":{"insertions":0,"deletions":1}}},{"hash":"0835f4e360df108e78a46ea8fe3302addbb69756","isMergeCommit":false,"messageTitle":"Handle checkstyle errors","messageBody":"","fileTypesAndContributionMap":{"test-code":{"insertions":2,"deletions":4}}},{"hash":"408f29225ea156b5ceb006770c323a4fceb6936e","isMergeCommit":true,"messageTitle":"Merge pull request #47 from chiayuxuan/CAP","messageBody":"Cap calculator","fileTypesAndContributionMap":{}}]},{"date":"2023-03-22","commitResults":[{"hash":"46b8be891f3b26a4c05369d1fc2478d402490d85","isMergeCommit":true,"messageTitle":"Merge pull request #50 from bentohset/add-save-user","messageBody":"Add save user","fileTypesAndContributionMap":{}},{"hash":"f3632c6b8f8c3a38241814f3ccb98835583d467f","isMergeCommit":false,"messageTitle":"Add onto Calculate CAP","messageBody":"","fileTypesAndContributionMap":{"docs":{"insertions":26,"deletions":1}}},{"hash":"9d65574b5c6ec8a556267a1eb85bdc9522ffade1","isMergeCommit":true,"messageTitle":"Merge branch \u0027master\u0027 of https://github.com/chiayuxuan/tp into Developer_Guide","messageBody":"","fileTypesAndContributionMap":{}},{"hash":"6b3ebb8a5d646476bc91bcfb3dab2a570e022e50","isMergeCommit":true,"messageTitle":"Merge branch \u0027master\u0027 of https://github.com/chiayuxuan/tp","messageBody":"","fileTypesAndContributionMap":{}},{"hash":"a532889be67f3958699f45592fb0a7fc3fdfae6b","isMergeCommit":false,"messageTitle":"Add image to calculate CAP","messageBody":"","fileTypesAndContributionMap":{"docs":{"insertions":6,"deletions":5}}},{"hash":"b3b651f046e011272331cc44709077f85f044c01","isMergeCommit":true,"messageTitle":"Merge pull request #62 from chiayuxuan/Developer_Guide","messageBody":"Implementation docs for calculate CAP","fileTypesAndContributionMap":{}}]}]},"authorFileTypeContributionMap":{"sriram-senthilkr":{"docs":38,"functional-code":118,"test-code":1,"other":2},"Ansenn":{"docs":47,"functional-code":33,"test-code":0,"other":2},"bentohset":{"docs":601,"functional-code":1890,"test-code":349,"other":10},"TayJiunYuan":{"docs":30,"functional-code":316,"test-code":105},"chiayuxuan":{"docs":28,"functional-code":78,"test-code":33}},"authorContributionVariance":{"sriram-senthilkr":8161.8,"Ansenn":21624.074,"bentohset":173017.61,"TayJiunYuan":4417.9097,"chiayuxuan":842.0745},"authorDisplayNameMap":{"sriram-senthilkr":"CS2113-T11-2 SENT..IRAM","Ansenn":"CS2113-T11-2 LEE ..SENN","bentohset":"CS2113-T11-2 BENJ.. TOH","TayJiunYuan":"CS2113-T11-2 TAY ..YUAN","chiayuxuan":"CS2113-T11-2 CHIA..XUAN"}}
