[{"path":"README.md","fileType":"docs","lines":[{"lineNumber":1,"author":{"gitId":"-"},"content":"# Duke project template","lastModifiedDate":"2020-05-25"},{"lineNumber":2,"author":{"gitId":"-"},"content":"","lastModifiedDate":"2020-05-25"},{"lineNumber":3,"author":{"gitId":"-"},"content":"This is a project template for a greenfield Java project. It\u0027s named after the Java mascot _Duke_. Given below are instructions on how to use it.","lastModifiedDate":"2020-05-25"},{"lineNumber":4,"author":{"gitId":"-"},"content":"","lastModifiedDate":"2020-05-25"},{"lineNumber":5,"author":{"gitId":"-"},"content":"## Setting up in Intellij","lastModifiedDate":"2020-05-25"},{"lineNumber":6,"author":{"gitId":"-"},"content":"","lastModifiedDate":"2020-05-25"},{"lineNumber":7,"author":{"gitId":"-"},"content":"Prerequisites: JDK 11 (use the exact version), update Intellij to the most recent version.","lastModifiedDate":"2020-05-24"},{"lineNumber":8,"author":{"gitId":"-"},"content":"","lastModifiedDate":"2020-05-24"},{"lineNumber":9,"author":{"gitId":"-"},"content":"1. **Ensure Intellij JDK 11 is defined as an SDK**, as described [here](https://www.jetbrains.com/help/idea/sdk.html#set-up-jdk) -- this step is not needed if you have used JDK 11 in a previous Intellij project.","lastModifiedDate":"2020-05-24"},{"lineNumber":10,"author":{"gitId":"-"},"content":"1. **Import the project _as a Gradle project_**, as described [here](https://se-education.org/guides/tutorials/intellijImportGradleProject.html).","lastModifiedDate":"2020-05-24"},{"lineNumber":11,"author":{"gitId":"-"},"content":"1. **Verify the set up**: After the importing is complete, locate the `src/main/java/seedu/duke/Duke.java` file, right-click it, and choose `Run Duke.main()`. If the setup is correct, you should see something like the below:","lastModifiedDate":"2020-05-24"},{"lineNumber":12,"author":{"gitId":"-"},"content":"   ```","lastModifiedDate":"2020-05-25"},{"lineNumber":13,"author":{"gitId":"-"},"content":"   \u003e Task :compileJava","lastModifiedDate":"2020-05-24"},{"lineNumber":14,"author":{"gitId":"-"},"content":"   \u003e Task :processResources NO-SOURCE","lastModifiedDate":"2020-05-24"},{"lineNumber":15,"author":{"gitId":"-"},"content":"   \u003e Task :classes","lastModifiedDate":"2020-05-24"},{"lineNumber":16,"author":{"gitId":"-"},"content":"   ","lastModifiedDate":"2020-05-24"},{"lineNumber":17,"author":{"gitId":"-"},"content":"   \u003e Task :Duke.main()","lastModifiedDate":"2020-05-24"},{"lineNumber":18,"author":{"gitId":"-"},"content":"   Hello from","lastModifiedDate":"2020-05-25"},{"lineNumber":19,"author":{"gitId":"-"},"content":"    ____        _        ","lastModifiedDate":"2020-05-25"},{"lineNumber":20,"author":{"gitId":"-"},"content":"   |  _ \\ _   _| | _____ ","lastModifiedDate":"2020-05-25"},{"lineNumber":21,"author":{"gitId":"-"},"content":"   | | | | | | | |/ / _ \\","lastModifiedDate":"2020-05-25"},{"lineNumber":22,"author":{"gitId":"-"},"content":"   | |_| | |_| |   \u003c  __/","lastModifiedDate":"2020-05-25"},{"lineNumber":23,"author":{"gitId":"-"},"content":"   |____/ \\__,_|_|\\_\\___|","lastModifiedDate":"2020-05-25"},{"lineNumber":24,"author":{"gitId":"-"},"content":"   ","lastModifiedDate":"2020-05-24"},{"lineNumber":25,"author":{"gitId":"-"},"content":"   What is your name?","lastModifiedDate":"2020-05-24"},{"lineNumber":26,"author":{"gitId":"-"},"content":"   ```","lastModifiedDate":"2020-05-25"},{"lineNumber":27,"author":{"gitId":"-"},"content":"   Type some word and press enter to let the execution proceed to the end.","lastModifiedDate":"2020-05-24"},{"lineNumber":28,"author":{"gitId":"-"},"content":"","lastModifiedDate":"2020-05-24"},{"lineNumber":29,"author":{"gitId":"-"},"content":"## Build automation using Gradle","lastModifiedDate":"2020-05-24"},{"lineNumber":30,"author":{"gitId":"-"},"content":"","lastModifiedDate":"2020-05-24"},{"lineNumber":31,"author":{"gitId":"-"},"content":"* This project uses Gradle for build automation and dependency management. It includes a basic build script as well (i.e. the `build.gradle` file).","lastModifiedDate":"2020-05-24"},{"lineNumber":32,"author":{"gitId":"-"},"content":"* If you are new to Gradle, refer to the [Gradle Tutorial at se-education.org/guides](https://se-education.org/guides/tutorials/gradle.html).","lastModifiedDate":"2020-05-24"},{"lineNumber":33,"author":{"gitId":"-"},"content":"","lastModifiedDate":"2020-05-24"},{"lineNumber":34,"author":{"gitId":"-"},"content":"## Testing","lastModifiedDate":"2020-05-24"},{"lineNumber":35,"author":{"gitId":"-"},"content":"","lastModifiedDate":"2020-05-24"},{"lineNumber":36,"author":{"gitId":"-"},"content":"### I/O redirection tests","lastModifiedDate":"2020-05-24"},{"lineNumber":37,"author":{"gitId":"-"},"content":"","lastModifiedDate":"2020-05-24"},{"lineNumber":38,"author":{"gitId":"-"},"content":"* To run _I/O redirection_ tests (aka _Text UI tests_), navigate to the `text-ui-test` and run the `runtest(.bat/.sh)` script.","lastModifiedDate":"2020-05-24"},{"lineNumber":39,"author":{"gitId":"-"},"content":"","lastModifiedDate":"2020-05-24"},{"lineNumber":40,"author":{"gitId":"-"},"content":"### JUnit tests","lastModifiedDate":"2020-05-24"},{"lineNumber":41,"author":{"gitId":"-"},"content":"","lastModifiedDate":"2020-05-24"},{"lineNumber":42,"author":{"gitId":"-"},"content":"* A skeleton JUnit test (`src/test/java/seedu/duke/DukeTest.java`) is provided with this project template. ","lastModifiedDate":"2020-05-24"},{"lineNumber":43,"author":{"gitId":"-"},"content":"* If you are new to JUnit, refer to the [JUnit Tutorial at se-education.org/guides](https://se-education.org/guides/tutorials/junit.html).","lastModifiedDate":"2020-05-24"},{"lineNumber":44,"author":{"gitId":"-"},"content":"","lastModifiedDate":"2020-05-24"},{"lineNumber":45,"author":{"gitId":"-"},"content":"## Checkstyle","lastModifiedDate":"2020-05-24"},{"lineNumber":46,"author":{"gitId":"-"},"content":"","lastModifiedDate":"2020-05-24"},{"lineNumber":47,"author":{"gitId":"-"},"content":"* A sample CheckStyle rule configuration is provided in this project.","lastModifiedDate":"2020-05-24"},{"lineNumber":48,"author":{"gitId":"-"},"content":"* If you are new to Checkstyle, refer to the [Checkstyle Tutorial at se-education.org/guides](https://se-education.org/guides/tutorials/checkstyle.html).","lastModifiedDate":"2020-05-24"},{"lineNumber":49,"author":{"gitId":"-"},"content":"","lastModifiedDate":"2020-05-24"},{"lineNumber":50,"author":{"gitId":"-"},"content":"## CI using GitHub Actions","lastModifiedDate":"2020-05-24"},{"lineNumber":51,"author":{"gitId":"-"},"content":"","lastModifiedDate":"2020-05-24"},{"lineNumber":52,"author":{"gitId":"-"},"content":"The project uses [GitHub actions](https://github.com/features/actions) for CI. When you push a commit to this repo or PR against it, GitHub actions will run automatically to build and verify the code as updated by the commit/PR.","lastModifiedDate":"2020-05-24"},{"lineNumber":53,"author":{"gitId":"-"},"content":"","lastModifiedDate":"2020-05-24"},{"lineNumber":54,"author":{"gitId":"-"},"content":"## Documentation","lastModifiedDate":"2020-05-24"},{"lineNumber":55,"author":{"gitId":"-"},"content":"","lastModifiedDate":"2020-05-24"},{"lineNumber":56,"author":{"gitId":"-"},"content":"`/docs` folder contains a skeleton version of the project documentation.","lastModifiedDate":"2020-05-24"},{"lineNumber":57,"author":{"gitId":"-"},"content":"","lastModifiedDate":"2020-05-24"},{"lineNumber":58,"author":{"gitId":"-"},"content":"Steps for publishing documentation to the public: ","lastModifiedDate":"2020-05-24"},{"lineNumber":59,"author":{"gitId":"-"},"content":"1. If you are using this project template for an individual project, go your fork on GitHub.\u003cbr\u003e","lastModifiedDate":"2020-05-24"},{"lineNumber":60,"author":{"gitId":"-"},"content":"   If you are using this project template for a team project, go to the team fork on GitHub.","lastModifiedDate":"2020-05-24"},{"lineNumber":61,"author":{"gitId":"-"},"content":"1. Click on the `settings` tab.","lastModifiedDate":"2020-05-24"},{"lineNumber":62,"author":{"gitId":"-"},"content":"1. Scroll down to the `GitHub Pages` section.","lastModifiedDate":"2020-05-24"},{"lineNumber":63,"author":{"gitId":"-"},"content":"1. Set the `source` as `master branch /docs folder`.","lastModifiedDate":"2020-05-24"},{"lineNumber":64,"author":{"gitId":"-"},"content":"1. Optionally, use the `choose a theme` button to choose a theme for your documentation.","lastModifiedDate":"2020-05-24"},{"lineNumber":65,"author":{"gitId":"L0Z1K"},"content":" ","lastModifiedDate":"2023-03-02"}],"authorContributionMap":{"L0Z1K":1,"-":64}},{"path":"docs/AboutUs.md","fileType":"docs","lines":[{"lineNumber":1,"author":{"gitId":"-"},"content":"# About us","lastModifiedDate":"2020-05-24"},{"lineNumber":2,"author":{"gitId":"-"},"content":"","lastModifiedDate":"2020-05-24"},{"lineNumber":3,"author":{"gitId":"-"},"content":"Display |          Name           |             Github Profile             | Portfolio ","lastModifiedDate":"2020-05-24"},{"lineNumber":4,"author":{"gitId":"darrenlsx"},"content":"--------|:-----------------------:|:--------------------------------------:|:---------:","lastModifiedDate":"2023-03-02"},{"lineNumber":5,"author":{"gitId":"briantjs00"},"content":"![](https://via.placeholder.com/100.png?text\u003dPhoto) | Tan Jin Sheng Brian | [Github](https://github.com/) | [Portfolio](docs/team/johndoe.md)","lastModifiedDate":"2023-03-02"},{"lineNumber":6,"author":{"gitId":"darrenlsx"},"content":"![](https://via.placeholder.com/100.png?text\u003dPhoto) | Lim Sheng Xiang, Darren | [Github](https://github.com/darrenlsx) | [Portfolio](docs/team/johndoe.md)","lastModifiedDate":"2023-03-02"},{"lineNumber":7,"author":{"gitId":"SSzeWen"},"content":"![](https://via.placeholder.com/100.png?text\u003dPhoto) | Sze Wen  | [Github](https://github.com/SSzeWen) | [Portfolio](docs/team/johndoe.md)","lastModifiedDate":"2023-03-02"},{"lineNumber":8,"author":{"gitId":"L0Z1K"},"content":"![](https://via.placeholder.com/100.png?text\u003dPhoto) | max chew | [Github](https://github.com/MuxPotato) | [Portfolio](docs/teams/muxpotato.md) ","lastModifiedDate":"2023-03-02"},{"lineNumber":9,"author":{"gitId":"L0Z1K"},"content":"![](https://via.placeholder.com/100.png?text\u003dPhoto) | Seungyun Baek | [Github](https://github.com/L0Z1K) | [Portfolio](docs/team/seungyunbaek.md)","lastModifiedDate":"2023-03-02"}],"authorContributionMap":{"darrenlsx":2,"SSzeWen":1,"L0Z1K":2,"-":3,"briantjs00":1}},{"path":"src/main/java/seedu/duke/DataReader.java","fileType":"functional-code","lines":[{"lineNumber":1,"author":{"gitId":"L0Z1K"},"content":"package seedu.duke;","lastModifiedDate":"2023-03-07"},{"lineNumber":2,"author":{"gitId":"L0Z1K"},"content":"","lastModifiedDate":"2023-03-07"},{"lineNumber":3,"author":{"gitId":"L0Z1K"},"content":"import java.io.BufferedReader;","lastModifiedDate":"2023-03-07"},{"lineNumber":4,"author":{"gitId":"L0Z1K"},"content":"import java.io.FileReader;","lastModifiedDate":"2023-03-07"},{"lineNumber":5,"author":{"gitId":"L0Z1K"},"content":"import java.io.IOException;","lastModifiedDate":"2023-03-07"},{"lineNumber":6,"author":{"gitId":"L0Z1K"},"content":"import java.util.ArrayList;","lastModifiedDate":"2023-03-07"},{"lineNumber":7,"author":{"gitId":"L0Z1K"},"content":"","lastModifiedDate":"2023-03-07"},{"lineNumber":8,"author":{"gitId":"L0Z1K"},"content":"public class DataReader {","lastModifiedDate":"2023-03-07"},{"lineNumber":9,"author":{"gitId":"L0Z1K"},"content":"    private final String MODULES_FILE_PATH \u003d \"./data/modules.csv\";","lastModifiedDate":"2023-03-07"},{"lineNumber":10,"author":{"gitId":"L0Z1K"},"content":"    private final String UNIVERSITIES_FILE_PATH \u003d \"./data/universities.csv\";","lastModifiedDate":"2023-03-07"},{"lineNumber":11,"author":{"gitId":"L0Z1K"},"content":"    private ArrayList\u003cUniversity\u003e universities;","lastModifiedDate":"2023-03-07"},{"lineNumber":12,"author":{"gitId":"L0Z1K"},"content":"    private ArrayList\u003cModule\u003e modules;","lastModifiedDate":"2023-03-07"},{"lineNumber":13,"author":{"gitId":"L0Z1K"},"content":"","lastModifiedDate":"2023-03-07"},{"lineNumber":14,"author":{"gitId":"L0Z1K"},"content":"    public DataReader() {","lastModifiedDate":"2023-03-07"},{"lineNumber":15,"author":{"gitId":"L0Z1K"},"content":"        this.universities \u003d new ArrayList\u003c\u003e();","lastModifiedDate":"2023-03-07"},{"lineNumber":16,"author":{"gitId":"L0Z1K"},"content":"        this.modules \u003d new ArrayList\u003c\u003e();","lastModifiedDate":"2023-03-07"},{"lineNumber":17,"author":{"gitId":"L0Z1K"},"content":"        readUnivData();","lastModifiedDate":"2023-03-07"},{"lineNumber":18,"author":{"gitId":"SSzeWen"},"content":"        readModData(MODULES_FILE_PATH, modules);","lastModifiedDate":"2023-03-08"},{"lineNumber":19,"author":{"gitId":"L0Z1K"},"content":"    }","lastModifiedDate":"2023-03-07"},{"lineNumber":20,"author":{"gitId":"L0Z1K"},"content":"","lastModifiedDate":"2023-03-07"},{"lineNumber":21,"author":{"gitId":"L0Z1K"},"content":"    private void readUnivData() {","lastModifiedDate":"2023-03-07"},{"lineNumber":22,"author":{"gitId":"L0Z1K"},"content":"        try (BufferedReader br \u003d new BufferedReader(new FileReader(UNIVERSITIES_FILE_PATH))) {","lastModifiedDate":"2023-03-07"},{"lineNumber":23,"author":{"gitId":"L0Z1K"},"content":"            String line;","lastModifiedDate":"2023-03-07"},{"lineNumber":24,"author":{"gitId":"L0Z1K"},"content":"            while ((line \u003d br.readLine()) !\u003d null) {","lastModifiedDate":"2023-03-07"},{"lineNumber":25,"author":{"gitId":"L0Z1K"},"content":"                String[] row \u003d line.split(\",\");","lastModifiedDate":"2023-03-07"},{"lineNumber":26,"author":{"gitId":"L0Z1K"},"content":"                University university \u003d new University(Integer.parseInt(row[0]), row[1], row[2]);","lastModifiedDate":"2023-03-07"},{"lineNumber":27,"author":{"gitId":"L0Z1K"},"content":"                universities.add(university);","lastModifiedDate":"2023-03-07"},{"lineNumber":28,"author":{"gitId":"L0Z1K"},"content":"            }","lastModifiedDate":"2023-03-07"},{"lineNumber":29,"author":{"gitId":"L0Z1K"},"content":"        } catch (IOException e) {","lastModifiedDate":"2023-03-07"},{"lineNumber":30,"author":{"gitId":"L0Z1K"},"content":"            e.printStackTrace();","lastModifiedDate":"2023-03-07"},{"lineNumber":31,"author":{"gitId":"L0Z1K"},"content":"        }","lastModifiedDate":"2023-03-07"},{"lineNumber":32,"author":{"gitId":"L0Z1K"},"content":"    }","lastModifiedDate":"2023-03-07"},{"lineNumber":33,"author":{"gitId":"L0Z1K"},"content":"","lastModifiedDate":"2023-03-07"},{"lineNumber":34,"author":{"gitId":"SSzeWen"},"content":"    public static void readModData(String modulesFilePath, ArrayList\u003cModule\u003e modules) {","lastModifiedDate":"2023-03-08"},{"lineNumber":35,"author":{"gitId":"SSzeWen"},"content":"        try (BufferedReader br \u003d new BufferedReader(new FileReader(modulesFilePath))) {","lastModifiedDate":"2023-03-08"},{"lineNumber":36,"author":{"gitId":"L0Z1K"},"content":"            String line;","lastModifiedDate":"2023-03-07"},{"lineNumber":37,"author":{"gitId":"L0Z1K"},"content":"            while ((line \u003d br.readLine()) !\u003d null) {","lastModifiedDate":"2023-03-07"},{"lineNumber":38,"author":{"gitId":"L0Z1K"},"content":"                String[] row \u003d line.split(\",\");","lastModifiedDate":"2023-03-07"},{"lineNumber":39,"author":{"gitId":"SSzeWen"},"content":"                if (row[3].equals(\"N/A\")) {","lastModifiedDate":"2023-03-08"},{"lineNumber":40,"author":{"gitId":"L0Z1K"},"content":"                    row[3] \u003d \"0\";","lastModifiedDate":"2023-03-07"},{"lineNumber":41,"author":{"gitId":"L0Z1K"},"content":"                }","lastModifiedDate":"2023-03-07"},{"lineNumber":42,"author":{"gitId":"L0Z1K"},"content":"                Module module \u003d new Module(Integer.parseInt(row[0]), row[1], row[2],","lastModifiedDate":"2023-03-07"},{"lineNumber":43,"author":{"gitId":"L0Z1K"},"content":"                        Integer.parseInt(row[3]), row[4], row[5], Integer.parseInt(row[6]));","lastModifiedDate":"2023-03-07"},{"lineNumber":44,"author":{"gitId":"L0Z1K"},"content":"                modules.add(module);","lastModifiedDate":"2023-03-07"},{"lineNumber":45,"author":{"gitId":"L0Z1K"},"content":"            }","lastModifiedDate":"2023-03-07"},{"lineNumber":46,"author":{"gitId":"L0Z1K"},"content":"        } catch (IOException e) {","lastModifiedDate":"2023-03-07"},{"lineNumber":47,"author":{"gitId":"L0Z1K"},"content":"            e.printStackTrace();","lastModifiedDate":"2023-03-07"},{"lineNumber":48,"author":{"gitId":"L0Z1K"},"content":"        }","lastModifiedDate":"2023-03-07"},{"lineNumber":49,"author":{"gitId":"L0Z1K"},"content":"    }","lastModifiedDate":"2023-03-07"},{"lineNumber":50,"author":{"gitId":"L0Z1K"},"content":"","lastModifiedDate":"2023-03-07"},{"lineNumber":51,"author":{"gitId":"L0Z1K"},"content":"    public ArrayList\u003cUniversity\u003e getUniversities() {","lastModifiedDate":"2023-03-07"},{"lineNumber":52,"author":{"gitId":"L0Z1K"},"content":"        return universities;","lastModifiedDate":"2023-03-07"},{"lineNumber":53,"author":{"gitId":"L0Z1K"},"content":"    }","lastModifiedDate":"2023-03-07"},{"lineNumber":54,"author":{"gitId":"L0Z1K"},"content":"","lastModifiedDate":"2023-03-07"},{"lineNumber":55,"author":{"gitId":"L0Z1K"},"content":"    public ArrayList\u003cModule\u003e getModules() {","lastModifiedDate":"2023-03-07"},{"lineNumber":56,"author":{"gitId":"L0Z1K"},"content":"        return modules;","lastModifiedDate":"2023-03-07"},{"lineNumber":57,"author":{"gitId":"L0Z1K"},"content":"    }","lastModifiedDate":"2023-03-07"},{"lineNumber":58,"author":{"gitId":"L0Z1K"},"content":"","lastModifiedDate":"2023-03-07"},{"lineNumber":59,"author":{"gitId":"L0Z1K"},"content":"    public ArrayList\u003cModule\u003e getModules(int univId) {","lastModifiedDate":"2023-03-07"},{"lineNumber":60,"author":{"gitId":"L0Z1K"},"content":"        ArrayList\u003cModule\u003e modules \u003d new ArrayList\u003c\u003e();","lastModifiedDate":"2023-03-07"},{"lineNumber":61,"author":{"gitId":"L0Z1K"},"content":"        for (Module module : this.modules) {","lastModifiedDate":"2023-03-07"},{"lineNumber":62,"author":{"gitId":"L0Z1K"},"content":"            if (module.getUnivId() \u003d\u003d univId) {","lastModifiedDate":"2023-03-07"},{"lineNumber":63,"author":{"gitId":"L0Z1K"},"content":"                modules.add(module);","lastModifiedDate":"2023-03-07"},{"lineNumber":64,"author":{"gitId":"L0Z1K"},"content":"            }","lastModifiedDate":"2023-03-07"},{"lineNumber":65,"author":{"gitId":"L0Z1K"},"content":"        }","lastModifiedDate":"2023-03-07"},{"lineNumber":66,"author":{"gitId":"L0Z1K"},"content":"        return modules;","lastModifiedDate":"2023-03-07"},{"lineNumber":67,"author":{"gitId":"L0Z1K"},"content":"    }","lastModifiedDate":"2023-03-07"},{"lineNumber":68,"author":{"gitId":"L0Z1K"},"content":"","lastModifiedDate":"2023-03-07"},{"lineNumber":69,"author":{"gitId":"L0Z1K"},"content":"    public void main(String[] args) {","lastModifiedDate":"2023-03-07"},{"lineNumber":70,"author":{"gitId":"L0Z1K"},"content":"        DataReader dr \u003d new DataReader();","lastModifiedDate":"2023-03-07"},{"lineNumber":71,"author":{"gitId":"L0Z1K"},"content":"        System.out.println(dr.getUniversities());","lastModifiedDate":"2023-03-07"},{"lineNumber":72,"author":{"gitId":"L0Z1K"},"content":"        System.out.println(dr.getModules());","lastModifiedDate":"2023-03-07"},{"lineNumber":73,"author":{"gitId":"L0Z1K"},"content":"    }","lastModifiedDate":"2023-03-07"},{"lineNumber":74,"author":{"gitId":"L0Z1K"},"content":"}","lastModifiedDate":"2023-03-07"}],"authorContributionMap":{"SSzeWen":4,"L0Z1K":70}},{"path":"src/main/java/seedu/duke/Duke.java","fileType":"functional-code","lines":[{"lineNumber":1,"author":{"gitId":"-"},"content":"package seedu.duke;","lastModifiedDate":"2020-05-24"},{"lineNumber":2,"author":{"gitId":"-"},"content":"","lastModifiedDate":"2020-05-24"},{"lineNumber":3,"author":{"gitId":"L0Z1K"},"content":"import java.util.Scanner;","lastModifiedDate":"2023-03-07"},{"lineNumber":4,"author":{"gitId":"-"},"content":"","lastModifiedDate":"2020-05-24"},{"lineNumber":5,"author":{"gitId":"-"},"content":"public class Duke {","lastModifiedDate":"2019-07-29"},{"lineNumber":6,"author":{"gitId":"-"},"content":"    /**","lastModifiedDate":"2020-05-24"},{"lineNumber":7,"author":{"gitId":"-"},"content":"     * Main entry-point for the java.duke.Duke application.","lastModifiedDate":"2020-05-24"},{"lineNumber":8,"author":{"gitId":"-"},"content":"     */","lastModifiedDate":"2020-05-24"},{"lineNumber":9,"author":{"gitId":"-"},"content":"    public static void main(String[] args) {","lastModifiedDate":"2019-07-29"},{"lineNumber":10,"author":{"gitId":"L0Z1K"},"content":"        String logo \u003d \" ____        _        \\n\" + \"|  _ \\\\ _   _| | _____ \\n\"","lastModifiedDate":"2023-03-07"},{"lineNumber":11,"author":{"gitId":"L0Z1K"},"content":"                + \"| | | | | | | |/ / _ \\\\\\n\" + \"| |_| | |_| |   \u003c  __/\\n\"","lastModifiedDate":"2023-03-07"},{"lineNumber":12,"author":{"gitId":"L0Z1K"},"content":"                + \"|____/ \\\\__,_|_|\\\\_\\\\___|\\n\";","lastModifiedDate":"2023-03-07"},{"lineNumber":13,"author":{"gitId":"L0Z1K"},"content":"        System.out.println(\"Hello from\\n\" + logo);","lastModifiedDate":"2023-03-07"},{"lineNumber":14,"author":{"gitId":"L0Z1K"},"content":"        System.out.println(\"What is your name?\");","lastModifiedDate":"2023-03-07"},{"lineNumber":15,"author":{"gitId":"L0Z1K"},"content":"","lastModifiedDate":"2023-03-07"},{"lineNumber":16,"author":{"gitId":"L0Z1K"},"content":"        Scanner in \u003d new Scanner(System.in);","lastModifiedDate":"2023-03-07"},{"lineNumber":17,"author":{"gitId":"L0Z1K"},"content":"        System.out.println(\"Hello \" + in.nextLine());","lastModifiedDate":"2023-03-07"},{"lineNumber":18,"author":{"gitId":"-"},"content":"    }","lastModifiedDate":"2019-07-29"},{"lineNumber":19,"author":{"gitId":"-"},"content":"}","lastModifiedDate":"2019-07-29"}],"authorContributionMap":{"L0Z1K":9,"-":10}},{"path":"src/main/java/seedu/duke/Module.java","fileType":"functional-code","lines":[{"lineNumber":1,"author":{"gitId":"L0Z1K"},"content":"package seedu.duke;","lastModifiedDate":"2023-03-07"},{"lineNumber":2,"author":{"gitId":"L0Z1K"},"content":"","lastModifiedDate":"2023-03-07"},{"lineNumber":3,"author":{"gitId":"L0Z1K"},"content":"public class Module {","lastModifiedDate":"2023-03-07"},{"lineNumber":4,"author":{"gitId":"L0Z1K"},"content":"    private int univId;","lastModifiedDate":"2023-03-07"},{"lineNumber":5,"author":{"gitId":"L0Z1K"},"content":"    private String moduleCode;","lastModifiedDate":"2023-03-07"},{"lineNumber":6,"author":{"gitId":"L0Z1K"},"content":"    private String moduleName;","lastModifiedDate":"2023-03-07"},{"lineNumber":7,"author":{"gitId":"L0Z1K"},"content":"    private int moduleMCs;","lastModifiedDate":"2023-03-07"},{"lineNumber":8,"author":{"gitId":"L0Z1K"},"content":"    private String nusModuleCode;","lastModifiedDate":"2023-03-07"},{"lineNumber":9,"author":{"gitId":"L0Z1K"},"content":"    private String nusModuleName;","lastModifiedDate":"2023-03-07"},{"lineNumber":10,"author":{"gitId":"L0Z1K"},"content":"    private int nusModuleMCs;","lastModifiedDate":"2023-03-07"},{"lineNumber":11,"author":{"gitId":"L0Z1K"},"content":"","lastModifiedDate":"2023-03-07"},{"lineNumber":12,"author":{"gitId":"L0Z1K"},"content":"    public Module(int univId, String moduleCode, String moduleName, int moduleMCs,","lastModifiedDate":"2023-03-07"},{"lineNumber":13,"author":{"gitId":"L0Z1K"},"content":"            String nusModuleCode, String nusModuleName, int nusModuleMCs) {","lastModifiedDate":"2023-03-07"},{"lineNumber":14,"author":{"gitId":"L0Z1K"},"content":"        this.univId \u003d univId;","lastModifiedDate":"2023-03-07"},{"lineNumber":15,"author":{"gitId":"L0Z1K"},"content":"        this.moduleCode \u003d moduleCode;","lastModifiedDate":"2023-03-07"},{"lineNumber":16,"author":{"gitId":"L0Z1K"},"content":"        this.moduleName \u003d moduleName;","lastModifiedDate":"2023-03-07"},{"lineNumber":17,"author":{"gitId":"L0Z1K"},"content":"        this.moduleMCs \u003d moduleMCs;","lastModifiedDate":"2023-03-07"},{"lineNumber":18,"author":{"gitId":"L0Z1K"},"content":"        this.nusModuleCode \u003d nusModuleCode;","lastModifiedDate":"2023-03-07"},{"lineNumber":19,"author":{"gitId":"L0Z1K"},"content":"        this.nusModuleName \u003d nusModuleName;","lastModifiedDate":"2023-03-07"},{"lineNumber":20,"author":{"gitId":"L0Z1K"},"content":"        this.nusModuleMCs \u003d nusModuleMCs;","lastModifiedDate":"2023-03-07"},{"lineNumber":21,"author":{"gitId":"L0Z1K"},"content":"    }","lastModifiedDate":"2023-03-07"},{"lineNumber":22,"author":{"gitId":"L0Z1K"},"content":"","lastModifiedDate":"2023-03-07"},{"lineNumber":23,"author":{"gitId":"L0Z1K"},"content":"    @Override","lastModifiedDate":"2023-03-07"},{"lineNumber":24,"author":{"gitId":"L0Z1K"},"content":"    public String toString() {","lastModifiedDate":"2023-03-07"},{"lineNumber":25,"author":{"gitId":"L0Z1K"},"content":"        return univId + \",\" + moduleCode + \",\" + moduleName + \",\" + moduleMCs + \",\" + nusModuleCode","lastModifiedDate":"2023-03-07"},{"lineNumber":26,"author":{"gitId":"L0Z1K"},"content":"                + \",\" + nusModuleName + \",\" + nusModuleMCs;","lastModifiedDate":"2023-03-07"},{"lineNumber":27,"author":{"gitId":"L0Z1K"},"content":"    }","lastModifiedDate":"2023-03-07"},{"lineNumber":28,"author":{"gitId":"L0Z1K"},"content":"","lastModifiedDate":"2023-03-07"},{"lineNumber":29,"author":{"gitId":"L0Z1K"},"content":"    public int getUnivId() {","lastModifiedDate":"2023-03-07"},{"lineNumber":30,"author":{"gitId":"L0Z1K"},"content":"        return univId;","lastModifiedDate":"2023-03-07"},{"lineNumber":31,"author":{"gitId":"L0Z1K"},"content":"    }","lastModifiedDate":"2023-03-07"},{"lineNumber":32,"author":{"gitId":"L0Z1K"},"content":"}","lastModifiedDate":"2023-03-07"}],"authorContributionMap":{"L0Z1K":32}},{"path":"src/main/java/seedu/duke/Storage.java","fileType":"functional-code","lines":[{"lineNumber":1,"author":{"gitId":"SSzeWen"},"content":"package seedu.duke;","lastModifiedDate":"2023-03-08"},{"lineNumber":2,"author":{"gitId":"SSzeWen"},"content":"","lastModifiedDate":"2023-03-08"},{"lineNumber":3,"author":{"gitId":"SSzeWen"},"content":"import java.io.File;","lastModifiedDate":"2023-03-08"},{"lineNumber":4,"author":{"gitId":"SSzeWen"},"content":"import java.io.FileWriter;","lastModifiedDate":"2023-03-08"},{"lineNumber":5,"author":{"gitId":"SSzeWen"},"content":"import java.io.IOException;","lastModifiedDate":"2023-03-08"},{"lineNumber":6,"author":{"gitId":"SSzeWen"},"content":"import java.util.ArrayList;","lastModifiedDate":"2023-03-08"},{"lineNumber":7,"author":{"gitId":"SSzeWen"},"content":"","lastModifiedDate":"2023-03-08"},{"lineNumber":8,"author":{"gitId":"SSzeWen"},"content":"public class Storage {","lastModifiedDate":"2023-03-08"},{"lineNumber":9,"author":{"gitId":"SSzeWen"},"content":"","lastModifiedDate":"2023-03-08"},{"lineNumber":10,"author":{"gitId":"SSzeWen"},"content":"    public ArrayList\u003cModule\u003e modules;","lastModifiedDate":"2023-03-08"},{"lineNumber":11,"author":{"gitId":"SSzeWen"},"content":"    private final String SAVED_MODULES_FILE_PATH \u003d \"./data/saved_modules.txt\";","lastModifiedDate":"2023-03-09"},{"lineNumber":12,"author":{"gitId":"SSzeWen"},"content":"","lastModifiedDate":"2023-03-08"},{"lineNumber":13,"author":{"gitId":"SSzeWen"},"content":"    public Storage() {","lastModifiedDate":"2023-03-08"},{"lineNumber":14,"author":{"gitId":"SSzeWen"},"content":"        this.modules \u003d new ArrayList\u003c\u003e();","lastModifiedDate":"2023-03-08"},{"lineNumber":15,"author":{"gitId":"SSzeWen"},"content":"        try {","lastModifiedDate":"2023-03-08"},{"lineNumber":16,"author":{"gitId":"SSzeWen"},"content":"            initialiseMods();","lastModifiedDate":"2023-03-08"},{"lineNumber":17,"author":{"gitId":"SSzeWen"},"content":"        } catch (IOException e) {","lastModifiedDate":"2023-03-08"},{"lineNumber":18,"author":{"gitId":"SSzeWen"},"content":"            System.out.println(\"Initialise Saved Modules Failure\");","lastModifiedDate":"2023-03-08"},{"lineNumber":19,"author":{"gitId":"SSzeWen"},"content":"        }","lastModifiedDate":"2023-03-08"},{"lineNumber":20,"author":{"gitId":"SSzeWen"},"content":"    }","lastModifiedDate":"2023-03-08"},{"lineNumber":21,"author":{"gitId":"SSzeWen"},"content":"","lastModifiedDate":"2023-03-08"},{"lineNumber":22,"author":{"gitId":"SSzeWen"},"content":"    private void initialiseMods() throws IOException {","lastModifiedDate":"2023-03-08"},{"lineNumber":23,"author":{"gitId":"SSzeWen"},"content":"        File savedModulesFile \u003d new File(SAVED_MODULES_FILE_PATH);","lastModifiedDate":"2023-03-08"},{"lineNumber":24,"author":{"gitId":"SSzeWen"},"content":"        if (!savedModulesFile.exists()) {","lastModifiedDate":"2023-03-08"},{"lineNumber":25,"author":{"gitId":"SSzeWen"},"content":"            savedModulesFile.createNewFile();","lastModifiedDate":"2023-03-08"},{"lineNumber":26,"author":{"gitId":"SSzeWen"},"content":"            return;","lastModifiedDate":"2023-03-08"},{"lineNumber":27,"author":{"gitId":"SSzeWen"},"content":"        }","lastModifiedDate":"2023-03-08"},{"lineNumber":28,"author":{"gitId":"SSzeWen"},"content":"        DataReader.readModData(SAVED_MODULES_FILE_PATH, modules);","lastModifiedDate":"2023-03-08"},{"lineNumber":29,"author":{"gitId":"SSzeWen"},"content":"    }","lastModifiedDate":"2023-03-08"},{"lineNumber":30,"author":{"gitId":"SSzeWen"},"content":"","lastModifiedDate":"2023-03-08"},{"lineNumber":31,"author":{"gitId":"SSzeWen"},"content":"    public void addModuleToModuleList(Module moduleToAdd) {","lastModifiedDate":"2023-03-08"},{"lineNumber":32,"author":{"gitId":"SSzeWen"},"content":"        modules.add(moduleToAdd);","lastModifiedDate":"2023-03-08"},{"lineNumber":33,"author":{"gitId":"SSzeWen"},"content":"        try {","lastModifiedDate":"2023-03-08"},{"lineNumber":34,"author":{"gitId":"SSzeWen"},"content":"            saveModuleToStorage(moduleToAdd.toString());","lastModifiedDate":"2023-03-08"},{"lineNumber":35,"author":{"gitId":"SSzeWen"},"content":"        } catch (IOException e) {","lastModifiedDate":"2023-03-08"},{"lineNumber":36,"author":{"gitId":"SSzeWen"},"content":"            System.out.println(\"Save Module Failed\");","lastModifiedDate":"2023-03-08"},{"lineNumber":37,"author":{"gitId":"SSzeWen"},"content":"        }","lastModifiedDate":"2023-03-08"},{"lineNumber":38,"author":{"gitId":"SSzeWen"},"content":"    }","lastModifiedDate":"2023-03-08"},{"lineNumber":39,"author":{"gitId":"SSzeWen"},"content":"","lastModifiedDate":"2023-03-08"},{"lineNumber":40,"author":{"gitId":"SSzeWen"},"content":"    private void saveModuleToStorage(String saveModuleString) throws IOException {","lastModifiedDate":"2023-03-08"},{"lineNumber":41,"author":{"gitId":"SSzeWen"},"content":"        FileWriter fw \u003d new FileWriter(SAVED_MODULES_FILE_PATH, true);","lastModifiedDate":"2023-03-08"},{"lineNumber":42,"author":{"gitId":"SSzeWen"},"content":"        fw.write(writeTaskPreparation(saveModuleString));","lastModifiedDate":"2023-03-08"},{"lineNumber":43,"author":{"gitId":"SSzeWen"},"content":"        fw.close();","lastModifiedDate":"2023-03-08"},{"lineNumber":44,"author":{"gitId":"SSzeWen"},"content":"    }","lastModifiedDate":"2023-03-08"},{"lineNumber":45,"author":{"gitId":"SSzeWen"},"content":"","lastModifiedDate":"2023-03-08"},{"lineNumber":46,"author":{"gitId":"SSzeWen"},"content":"    private static String writeTaskPreparation(String saveString) {","lastModifiedDate":"2023-03-08"},{"lineNumber":47,"author":{"gitId":"SSzeWen"},"content":"        return saveString + System.lineSeparator();","lastModifiedDate":"2023-03-08"},{"lineNumber":48,"author":{"gitId":"SSzeWen"},"content":"    }","lastModifiedDate":"2023-03-08"},{"lineNumber":49,"author":{"gitId":"SSzeWen"},"content":"","lastModifiedDate":"2023-03-08"},{"lineNumber":50,"author":{"gitId":"SSzeWen"},"content":"}","lastModifiedDate":"2023-03-08"}],"authorContributionMap":{"SSzeWen":50}},{"path":"src/main/java/seedu/duke/University.java","fileType":"functional-code","lines":[{"lineNumber":1,"author":{"gitId":"L0Z1K"},"content":"package seedu.duke;","lastModifiedDate":"2023-03-07"},{"lineNumber":2,"author":{"gitId":"L0Z1K"},"content":"","lastModifiedDate":"2023-03-07"},{"lineNumber":3,"author":{"gitId":"L0Z1K"},"content":"public class University {","lastModifiedDate":"2023-03-07"},{"lineNumber":4,"author":{"gitId":"L0Z1K"},"content":"    private int univId;","lastModifiedDate":"2023-03-07"},{"lineNumber":5,"author":{"gitId":"L0Z1K"},"content":"    private String univName;","lastModifiedDate":"2023-03-07"},{"lineNumber":6,"author":{"gitId":"L0Z1K"},"content":"    private String univAbbName;","lastModifiedDate":"2023-03-07"},{"lineNumber":7,"author":{"gitId":"L0Z1K"},"content":"","lastModifiedDate":"2023-03-07"},{"lineNumber":8,"author":{"gitId":"L0Z1K"},"content":"    public University(int univId, String univName, String univAbbName) {","lastModifiedDate":"2023-03-07"},{"lineNumber":9,"author":{"gitId":"L0Z1K"},"content":"        this.univId \u003d univId;","lastModifiedDate":"2023-03-07"},{"lineNumber":10,"author":{"gitId":"L0Z1K"},"content":"        this.univName \u003d univName;","lastModifiedDate":"2023-03-07"},{"lineNumber":11,"author":{"gitId":"L0Z1K"},"content":"        this.univAbbName \u003d univAbbName;","lastModifiedDate":"2023-03-07"},{"lineNumber":12,"author":{"gitId":"L0Z1K"},"content":"    }","lastModifiedDate":"2023-03-07"},{"lineNumber":13,"author":{"gitId":"L0Z1K"},"content":"","lastModifiedDate":"2023-03-07"},{"lineNumber":14,"author":{"gitId":"L0Z1K"},"content":"    @Override","lastModifiedDate":"2023-03-07"},{"lineNumber":15,"author":{"gitId":"L0Z1K"},"content":"    public String toString() {","lastModifiedDate":"2023-03-07"},{"lineNumber":16,"author":{"gitId":"L0Z1K"},"content":"        return univId + \",\" + univName + \",\" + univAbbName;","lastModifiedDate":"2023-03-07"},{"lineNumber":17,"author":{"gitId":"L0Z1K"},"content":"    }","lastModifiedDate":"2023-03-07"},{"lineNumber":18,"author":{"gitId":"L0Z1K"},"content":"}","lastModifiedDate":"2023-03-07"}],"authorContributionMap":{"L0Z1K":18}},{"path":"src/test/java/seedu/duke/StorageTest.java","fileType":"test-code","lines":[{"lineNumber":1,"author":{"gitId":"SSzeWen"},"content":"package seedu.duke;","lastModifiedDate":"2023-03-08"},{"lineNumber":2,"author":{"gitId":"SSzeWen"},"content":"","lastModifiedDate":"2023-03-08"},{"lineNumber":3,"author":{"gitId":"SSzeWen"},"content":"import org.junit.jupiter.api.Order;","lastModifiedDate":"2023-03-08"},{"lineNumber":4,"author":{"gitId":"SSzeWen"},"content":"import org.junit.jupiter.api.Test;","lastModifiedDate":"2023-03-08"},{"lineNumber":5,"author":{"gitId":"SSzeWen"},"content":"","lastModifiedDate":"2023-03-08"},{"lineNumber":6,"author":{"gitId":"SSzeWen"},"content":"import static org.junit.jupiter.api.Assertions.assertEquals;","lastModifiedDate":"2023-03-08"},{"lineNumber":7,"author":{"gitId":"SSzeWen"},"content":"","lastModifiedDate":"2023-03-08"},{"lineNumber":8,"author":{"gitId":"SSzeWen"},"content":"public class StorageTest {","lastModifiedDate":"2023-03-08"},{"lineNumber":9,"author":{"gitId":"SSzeWen"},"content":"    ","lastModifiedDate":"2023-03-08"},{"lineNumber":10,"author":{"gitId":"SSzeWen"},"content":"","lastModifiedDate":"2023-03-08"},{"lineNumber":11,"author":{"gitId":"SSzeWen"},"content":"    @Test","lastModifiedDate":"2023-03-08"},{"lineNumber":12,"author":{"gitId":"SSzeWen"},"content":"    @Order(1)","lastModifiedDate":"2023-03-08"},{"lineNumber":13,"author":{"gitId":"SSzeWen"},"content":"    public void addModule_correctFormat_success() {","lastModifiedDate":"2023-03-08"},{"lineNumber":14,"author":{"gitId":"SSzeWen"},"content":"        Storage storage \u003d new Storage();","lastModifiedDate":"2023-03-08"},{"lineNumber":15,"author":{"gitId":"SSzeWen"},"content":"        Module module \u003d new Module(1, \"AE320\", \"Aerodynamics II\", 3,","lastModifiedDate":"2023-03-08"},{"lineNumber":16,"author":{"gitId":"SSzeWen"},"content":"                \"ME4231\", \"Aerodynamics\", 4);","lastModifiedDate":"2023-03-08"},{"lineNumber":17,"author":{"gitId":"SSzeWen"},"content":"        storage.addModuleToModuleList(module);","lastModifiedDate":"2023-03-08"},{"lineNumber":18,"author":{"gitId":"SSzeWen"},"content":"        int lastIndex \u003d storage.modules.size() - 1;","lastModifiedDate":"2023-03-08"},{"lineNumber":19,"author":{"gitId":"SSzeWen"},"content":"        assertEquals(storage.modules.get(lastIndex).toString(), \"1,AE320,Aerodynamics II,3,ME4231,Aerodynamics,4\");","lastModifiedDate":"2023-03-08"},{"lineNumber":20,"author":{"gitId":"SSzeWen"},"content":"    }","lastModifiedDate":"2023-03-08"},{"lineNumber":21,"author":{"gitId":"SSzeWen"},"content":"","lastModifiedDate":"2023-03-08"},{"lineNumber":22,"author":{"gitId":"SSzeWen"},"content":"    @Test","lastModifiedDate":"2023-03-08"},{"lineNumber":23,"author":{"gitId":"SSzeWen"},"content":"    @Order(2)","lastModifiedDate":"2023-03-08"},{"lineNumber":24,"author":{"gitId":"SSzeWen"},"content":"    public void initialiseStorage_noModuleSaved_success() {","lastModifiedDate":"2023-03-09"},{"lineNumber":25,"author":{"gitId":"SSzeWen"},"content":"        Storage storage \u003d new Storage();","lastModifiedDate":"2023-03-08"},{"lineNumber":26,"author":{"gitId":"SSzeWen"},"content":"        assertEquals(storage.modules.size(), 0);","lastModifiedDate":"2023-03-08"},{"lineNumber":27,"author":{"gitId":"SSzeWen"},"content":"    }","lastModifiedDate":"2023-03-08"},{"lineNumber":28,"author":{"gitId":"SSzeWen"},"content":"","lastModifiedDate":"2023-03-08"},{"lineNumber":29,"author":{"gitId":"SSzeWen"},"content":"","lastModifiedDate":"2023-03-08"},{"lineNumber":30,"author":{"gitId":"SSzeWen"},"content":"}","lastModifiedDate":"2023-03-08"}],"authorContributionMap":{"SSzeWen":30}}]
