{"authorDailyContributionsMap":{"darrenlsx":[{"date":"2023-03-02","commitResults":[{"hash":"f214c7d5c48faee12deb39cb5ff7a71ac3d7dda8","isMergeCommit":false,"messageTitle":"Updated Darren\u0027s AboutUs","messageBody":"","fileTypesAndContributionMap":{"docs":{"insertions":7,"deletions":7}}}]},{"date":"2023-03-10","commitResults":[{"hash":"34c6a9bb80c061aa5e57f0bd2d630817a24d513f","isMergeCommit":false,"messageTitle":"Added Parser class, delete functionality and JUnit tests.","messageBody":"","fileTypesAndContributionMap":{"functional-code":{"insertions":61,"deletions":2},"test-code":{"insertions":25,"deletions":3}}},{"hash":"11e2fcdeeddcf52aa066883a091547b58bdb424f","isMergeCommit":false,"messageTitle":"Change Variable Order in Storage class","messageBody":"","fileTypesAndContributionMap":{"functional-code":{"insertions":2,"deletions":2}}},{"hash":"9526ab74b1eab7c73e889b563d568c07e972b169","isMergeCommit":false,"messageTitle":"Removed unused import","messageBody":"","fileTypesAndContributionMap":{"functional-code":{"insertions":1,"deletions":1},"test-code":{"insertions":0,"deletions":1}}}]},{"date":"2023-03-13","commitResults":[{"hash":"ffdedbe93dca20b7a7ece773f6311a4ffb78542a","isMergeCommit":true,"messageTitle":"Merge pull request #14 from darrenlsx/branch-RemoveAndSaveDatabase","messageBody":"Added Parser class, delete functionality and JUnit tests.","fileTypesAndContributionMap":{}}]},{"date":"2023-03-15","commitResults":[{"hash":"257a32bbc86de0fe9864cd654fd82729c5bfcb87","isMergeCommit":false,"messageTitle":"Added support to create new directory for savedmodules file when file does not exist","messageBody":"","fileTypesAndContributionMap":{"functional-code":{"insertions":1,"deletions":0}}},{"hash":"ac2f738d552fe2fdca2f4276f5d429fe1e86dc3c","isMergeCommit":false,"messageTitle":"Edited making of new directory","messageBody":"","fileTypesAndContributionMap":{"functional-code":{"insertions":3,"deletions":2}}},{"hash":"7d3899765bbb449c7f622764b3dbb640e57784cb","isMergeCommit":false,"messageTitle":"Edited file path for savedmodules","messageBody":"","fileTypesAndContributionMap":{"functional-code":{"insertions":1,"deletions":1}}},{"hash":"81c81311fb26d6aa18c658073ae6177aef8536c5","isMergeCommit":true,"messageTitle":"Merge branch \u0027master\u0027 into master","messageBody":"","fileTypesAndContributionMap":{}},{"hash":"16e1bbdc15c2615393da2cdb7795e2f208c859ab","isMergeCommit":true,"messageTitle":"Merge branch \u0027master\u0027 of https://github.com/darrenlsx/tp","messageBody":"# Conflicts:\n#\ttext-ui-test/EXPECTED.TXT\n#\ttext-ui-test/input.txt\n","fileTypesAndContributionMap":{}},{"hash":"7524c6411d613eb4126887f8b1d1abc6e1b16763","isMergeCommit":true,"messageTitle":"Merge pull request #22 from darrenlsx/master","messageBody":"Added directory for savedmodules file and changed file path","fileTypesAndContributionMap":{}},{"hash":"dce27a1cd0525be6967f2a2bea0d4658466f668c","isMergeCommit":false,"messageTitle":"Add support in UI function for delete functionality","messageBody":"","fileTypesAndContributionMap":{"functional-code":{"insertions":7,"deletions":1}}},{"hash":"eb7c27af21a68d6d942d16c05d9cdc132f377394","isMergeCommit":true,"messageTitle":"Merge pull request #23 from darrenlsx/branch-UI-delete-func","messageBody":"Add support in UI function for delete functionality","fileTypesAndContributionMap":{}},{"hash":"1ca152e139462ddc8adf6a1f1e09bea74c5e8d41","isMergeCommit":false,"messageTitle":"Added print logo when code first executes","messageBody":"","fileTypesAndContributionMap":{"functional-code":{"insertions":11,"deletions":0}}},{"hash":"ae0b9b826ccccc0e7cab327de8ea64d04288cdac","isMergeCommit":true,"messageTitle":"Merge pull request #25 from darrenlsx/branch-UI-Print-Statements","messageBody":"Added print logo when code first executes","fileTypesAndContributionMap":{}}]},{"date":"2023-03-18","commitResults":[{"hash":"febf564e7463fc5c062e0619e312559d102c588b","isMergeCommit":false,"messageTitle":"Added help function","messageBody":"","fileTypesAndContributionMap":{"functional-code":{"insertions":30,"deletions":7},"test-code":{"insertions":1,"deletions":1}}},{"hash":"2aee219d078d30cf3de392bdf1751690185c3095","isMergeCommit":true,"messageTitle":"Merge pull request #33 from darrenlsx/branch-Add-Help-Func","messageBody":"Added help function","fileTypesAndContributionMap":{}},{"hash":"1724cd31f115f675ab624e0342bd1e6dd9829717","isMergeCommit":false,"messageTitle":"Fixed bugs and relocated deletemodule func","messageBody":"","fileTypesAndContributionMap":{"functional-code":{"insertions":60,"deletions":34},"test-code":{"insertions":8,"deletions":8}}},{"hash":"bb0598dff76078e9655a80e0484d3aeb2fce637f","isMergeCommit":false,"messageTitle":"Removed unused imports","messageBody":"","fileTypesAndContributionMap":{"functional-code":{"insertions":0,"deletions":2}}},{"hash":"b51480049f34517dba3f9804df50de4e4692bf45","isMergeCommit":false,"messageTitle":"Fixed bug","messageBody":"","fileTypesAndContributionMap":{"functional-code":{"insertions":14,"deletions":15}}},{"hash":"7934646e8b42a9510751e0b5b970f0ad4e4391cb","isMergeCommit":true,"messageTitle":"Merge pull request #34 from darrenlsx/branch-Fix-Bugs-1","messageBody":"Fixed bugs and relocated deletemodule function","fileTypesAndContributionMap":{}},{"hash":"7e7585f0d603c2c07113ea718fd78c78b7f28938","isMergeCommit":false,"messageTitle":"Create Exceptions class and add exceptions in Parser class","messageBody":"","fileTypesAndContributionMap":{"functional-code":{"insertions":106,"deletions":12}}},{"hash":"981bce3a642aedfc2dafa7b459e8c54cf16673fc","isMergeCommit":true,"messageTitle":"Merge pull request #35 from darrenlsx/branch-Exceptions","messageBody":"Create Exceptions class and add exceptions in Parser class","fileTypesAndContributionMap":{}}]},{"date":"2023-03-22","commitResults":[{"hash":"3a24deaea05cda0cee5915f38fa7f2aff3106b35","isMergeCommit":false,"messageTitle":"Add JUnit testing and make minor modifications in Parser","messageBody":"","fileTypesAndContributionMap":{"functional-code":{"insertions":29,"deletions":21},"test-code":{"insertions":179,"deletions":21}}},{"hash":"67f38bb7d760a3556c59d0d68dd9865ad3f4916e","isMergeCommit":false,"messageTitle":"Remove unused import","messageBody":"","fileTypesAndContributionMap":{"functional-code":{"insertions":0,"deletions":1}}},{"hash":"3bd54d9459649d88281d1e6c04d66c3c90c3a47e","isMergeCommit":false,"messageTitle":"Fix code to match checkstyle","messageBody":"","fileTypesAndContributionMap":{"test-code":{"insertions":9,"deletions":9}}}]},{"date":"2023-03-23","commitResults":[{"hash":"874f7a098afa48e3e91480be609c41a8cb01b5b4","isMergeCommit":false,"messageTitle":"Update DG","messageBody":"","fileTypesAndContributionMap":{"docs":{"insertions":137,"deletions":0},"test-code":{"insertions":4,"deletions":1}}},{"hash":"a8a814c94115cfd6cdaa625ec23b156188799223","isMergeCommit":true,"messageTitle":"Merge branch \u0027master\u0027 of https://github.com/AY2223S2-CS2113-T12-3/tp into branch-dev-guide","messageBody":"# Conflicts:\n#\tdata/saved_modules.txt\n","fileTypesAndContributionMap":{}},{"hash":"65ec6784b162d5e377c49f0940c22fe30eef82e0","isMergeCommit":true,"messageTitle":"Merge pull request #47 from darrenlsx/branch-dev-guide","messageBody":"Update DG","fileTypesAndContributionMap":{}}]},{"date":"2023-03-25","commitResults":[{"hash":"ad033fe214ed86b454972c20467e69033a6cae9d","isMergeCommit":false,"messageTitle":"Add deadlines functionality and reminder functionality","messageBody":"","fileTypesAndContributionMap":{"functional-code":{"insertions":308,"deletions":10},"test-code":{"insertions":16,"deletions":8}}},{"hash":"15c436836f7b87e48babe9fdca9c7bff6348320f","isMergeCommit":false,"messageTitle":"Remove unused import","messageBody":"","fileTypesAndContributionMap":{"functional-code":{"insertions":0,"deletions":2}}},{"hash":"83ba28986179b38ba87cf434477d1c40794d8fa8","isMergeCommit":false,"messageTitle":"Fix bug","messageBody":"","fileTypesAndContributionMap":{"functional-code":{"insertions":1,"deletions":1}}},{"hash":"b2e9490d5b95944e6603bc7cdcc7d2984280653d","isMergeCommit":false,"messageTitle":"Fix bug","messageBody":"","fileTypesAndContributionMap":{"functional-code":{"insertions":1,"deletions":0}}},{"hash":"a5e7c4c89e218260473e9f6b6cb2e2fa4586e171","isMergeCommit":true,"messageTitle":"Merge pull request #55 from darrenlsx/branch-deadlines","messageBody":"","fileTypesAndContributionMap":{}}]},{"date":"2023-03-29","commitResults":[{"hash":"13515ed4234008214ecca07bfa5b991b89b770a5","isMergeCommit":false,"messageTitle":"Update DG and fix bug","messageBody":"","fileTypesAndContributionMap":{"functional-code":{"insertions":2,"deletions":1},"docs":{"insertions":60,"deletions":39}}},{"hash":"2812d14fc8943d580cce3c5f7f82f93286101201","isMergeCommit":true,"messageTitle":"Merge branch \u0027master\u0027 into branch-seq-diagram","messageBody":"","fileTypesAndContributionMap":{}},{"hash":"b421c5f3bb765f60b06236aca46ea86e344fac6f","isMergeCommit":false,"messageTitle":"Fix bugs","messageBody":"","fileTypesAndContributionMap":{"functional-code":{"insertions":17,"deletions":12}}},{"hash":"02316a226e9c0b0523efdf0e789215129f091f8e","isMergeCommit":true,"messageTitle":"Merge pull request #75 from darrenlsx/branch-seq-diagram","messageBody":"Update DG and fix bug #74","fileTypesAndContributionMap":{}},{"hash":"79fe2db4990b26a6f7e4d8c01125292103d9c355","isMergeCommit":false,"messageTitle":"Update help function and format code","messageBody":"","fileTypesAndContributionMap":{"functional-code":{"insertions":35,"deletions":32},"test-code":{"insertions":27,"deletions":25}}},{"hash":"e802b0bf159c9ca781fc06c399453d560ea6a3f3","isMergeCommit":false,"messageTitle":"Fix format","messageBody":"","fileTypesAndContributionMap":{"functional-code":{"insertions":48,"deletions":20}}},{"hash":"339e44326d13f8ec851421549f20c6b26b222914","isMergeCommit":false,"messageTitle":"Fix format","messageBody":"","fileTypesAndContributionMap":{"functional-code":{"insertions":7,"deletions":8},"test-code":{"insertions":27,"deletions":25}}},{"hash":"373ad0497092536124685af62f7a59aa764b9ee0","isMergeCommit":true,"messageTitle":"Merge pull request #83 from darrenlsx/branch-update-help","messageBody":"Update help function and format code","fileTypesAndContributionMap":{}},{"hash":"c0afb6b9c37aeba57596a09bccbf5cc7db8115f1","isMergeCommit":false,"messageTitle":"Fix bug in add deadline function","messageBody":"","fileTypesAndContributionMap":{"functional-code":{"insertions":40,"deletions":10},"test-code":{"insertions":2,"deletions":0}}},{"hash":"d534d526737cdd7a217cfcda98dc3389096ba050","isMergeCommit":false,"messageTitle":"Update help","messageBody":"","fileTypesAndContributionMap":{"functional-code":{"insertions":3,"deletions":1},"test-code":{"insertions":6,"deletions":2}}},{"hash":"ebebde62fd25256525d212a5bb13179ab439140e","isMergeCommit":true,"messageTitle":"Merge pull request #87 from darrenlsx/branch-update-help-2","messageBody":"Fix bug in add deadline function","tags":["v2.0"],"fileTypesAndContributionMap":{}}]},{"date":"2023-04-01","commitResults":[{"hash":"987996306cda46507c023e1ab886c0641f44be18","isMergeCommit":false,"messageTitle":"Update UG","messageBody":"","fileTypesAndContributionMap":{"docs":{"insertions":155,"deletions":26}}},{"hash":"585bd7ac9d8a92211a375b4992f98ef6e6ab04a6","isMergeCommit":true,"messageTitle":"Merge pull request #89 from darrenlsx/branch-user-guide","messageBody":"Update UG","fileTypesAndContributionMap":{}}]}],"SSzeWen":[{"date":"2023-03-02","commitResults":[{"hash":"89f1cb749040c2efdfaf37cadbbd29c1e5a2af59","isMergeCommit":false,"messageTitle":"update Aboutus","messageBody":"","fileTypesAndContributionMap":{"docs":{"insertions":7,"deletions":7}}}]},{"date":"2023-03-08","commitResults":[{"hash":"36efb220b4fc1caeda805f28da607edfa348b1b4","isMergeCommit":false,"messageTitle":"Create Storage Class","messageBody":"","fileTypesAndContributionMap":{"functional-code":{"insertions":7,"deletions":0}}},{"hash":"b4e8f36f2e6f111afe7edd28915acaa94712cb65","isMergeCommit":false,"messageTitle":"Create Storage Class","messageBody":"","fileTypesAndContributionMap":{"functional-code":{"insertions":0,"deletions":1}}},{"hash":"5c60f664a3a399e946daaba64df55c4c0231f7da","isMergeCommit":true,"messageTitle":"Merge branch \u0027master\u0027 into Add_Save_Database_Branch","messageBody":"","fileTypesAndContributionMap":{}},{"hash":"491b9a8be4076e011674a88f33321c5b0a7e7829","isMergeCommit":false,"messageTitle":"Change readModData to static and pubic to be reused for Storage Class","messageBody":"","fileTypesAndContributionMap":{"functional-code":{"insertions":4,"deletions":4}}},{"hash":"2d3bea69c909b9a48c1257ca0e87074173cc02e5","isMergeCommit":false,"messageTitle":"Add initialising of Storage and saving of newly added task to Storage","messageBody":"","fileTypesAndContributionMap":{"functional-code":{"insertions":45,"deletions":1}}},{"hash":"eb2ad905363122a531ca0038e2bf89c5890da297","isMergeCommit":false,"messageTitle":"Add JUnit tests for adding module and initialising Storage","messageBody":"","fileTypesAndContributionMap":{"test-code":{"insertions":38,"deletions":0}}},{"hash":"804dc1f9744abdaf57fb50afc940f7c44f26661d","isMergeCommit":false,"messageTitle":"Revised code to adhere to Coding Standard for StorageTest","messageBody":"","fileTypesAndContributionMap":{"test-code":{"insertions":4,"deletions":4}}}]},{"date":"2023-03-09","commitResults":[{"hash":"31457ae38ef7623af673f12860a9b9577e40ab8f","isMergeCommit":false,"messageTitle":"Change Variable Order","messageBody":"","fileTypesAndContributionMap":{"functional-code":{"insertions":1,"deletions":1}}},{"hash":"dac3a1f98570c2904ae4603aa8af1a5976b7db06","isMergeCommit":false,"messageTitle":"Change module name to fit convention of test name","messageBody":"","fileTypesAndContributionMap":{"test-code":{"insertions":1,"deletions":2}}},{"hash":"063b86dc32ec7b70b0c454ce1f870f65398485fe","isMergeCommit":false,"messageTitle":"Removed test for one module in database","messageBody":"","fileTypesAndContributionMap":{"test-code":{"insertions":1,"deletions":8}}},{"hash":"0b2d11ba4959bafa249fde48372386736b51a636","isMergeCommit":true,"messageTitle":"Merge pull request #12 from SSzeWen/Add_Save_Database_Branch","messageBody":"Add save database branch","fileTypesAndContributionMap":{}}]},{"date":"2023-03-15","commitResults":[{"hash":"0685b567c47e6bd7781c68418d002f789659ca35","isMergeCommit":false,"messageTitle":"Fix DataReader file paths and initialising in Duke main","messageBody":"","fileTypesAndContributionMap":{"functional-code":{"insertions":14,"deletions":5}}},{"hash":"31eea33dcd0cc37e6b494aeeb372d0fa6fbe0656","isMergeCommit":false,"messageTitle":"Remove commented code","messageBody":"","fileTypesAndContributionMap":{"functional-code":{"insertions":0,"deletions":1}}},{"hash":"77d06c0c5201ea744e09c51b68d3723cf5f3098d","isMergeCommit":false,"messageTitle":"Delete unused imports","messageBody":"","fileTypesAndContributionMap":{"functional-code":{"insertions":0,"deletions":2}}},{"hash":"e1dd92f8142ed93386b01f0431a03e9cce7fb603","isMergeCommit":false,"messageTitle":"Change readModData function to private void instead of public static","messageBody":"","fileTypesAndContributionMap":{"functional-code":{"insertions":1,"deletions":1}}},{"hash":"39ea4bca37cb2eb8747a9d16e9a905de86add4bb","isMergeCommit":false,"messageTitle":"Add personalised readModData function for Storage different from DataReader","messageBody":"","fileTypesAndContributionMap":{"functional-code":{"insertions":20,"deletions":1}}},{"hash":"17683413c9320896f3fabc9df07a52021b411287","isMergeCommit":true,"messageTitle":"Merge branch \u0027master\u0027 of https://github.com/AY2223S2-CS2113-T12-3/tp","messageBody":"","fileTypesAndContributionMap":{}},{"hash":"95f8941de6cec24153ca054a2abbf1cdaf4e4929","isMergeCommit":false,"messageTitle":"Add partner university abbreviation to addModule","messageBody":"","fileTypesAndContributionMap":{"functional-code":{"insertions":18,"deletions":4}}},{"hash":"f381fb43765bccf6f06779a97b2e636276cef8fc","isMergeCommit":true,"messageTitle":"Merge branch \u0027master\u0027 of https://github.com/AY2223S2-CS2113-T12-3/tp into branch-change-add-module-by-univID","messageBody":"# Conflicts:\n#\tsrc/main/java/seedu/duke/UI.java\n","fileTypesAndContributionMap":{}},{"hash":"c1fe55921b6981f0551068d3e23812ec3751edd6","isMergeCommit":false,"messageTitle":"Change JUnit testing actual and expected bugfix","messageBody":"","fileTypesAndContributionMap":{"test-code":{"insertions":3,"deletions":2}}},{"hash":"01b34c5a6cc22e151b60445f683d1a9bde392d54","isMergeCommit":false,"messageTitle":"Change listing of pu modules to be from full university name to just abbreviation","messageBody":"","fileTypesAndContributionMap":{"functional-code":{"insertions":5,"deletions":5}}},{"hash":"01afd8139ce8775637752e50b2f4129f81276e8e","isMergeCommit":false,"messageTitle":"Remove unused import","messageBody":"","fileTypesAndContributionMap":{"functional-code":{"insertions":0,"deletions":1}}}]},{"date":"2023-03-16","commitResults":[{"hash":"da373cab1c634ad05f6126efca5c8d1291b2e0ea","isMergeCommit":true,"messageTitle":"Merge pull request #29 from MuxPotato/max-refactorUIandParser","messageBody":"Refactored Code in UI and Parser Classes","fileTypesAndContributionMap":{}},{"hash":"f5d8233f3fad67aea011ccf971cd13823cd15cfe","isMergeCommit":false,"messageTitle":"Add Command class skeleton","messageBody":"","fileTypesAndContributionMap":{"functional-code":{"insertions":25,"deletions":0}}},{"hash":"a90e33b81cf9dbc7332be0f29c9622679859d6a1","isMergeCommit":false,"messageTitle":"Add Exit command","messageBody":"","fileTypesAndContributionMap":{"functional-code":{"insertions":14,"deletions":0}}},{"hash":"618c6583614d7f6c80a6562b21772bae80c009a9","isMergeCommit":false,"messageTitle":"Add Invalid Command class","messageBody":"","fileTypesAndContributionMap":{"functional-code":{"insertions":12,"deletions":0}}},{"hash":"cb9c86e0d5fa7040aa8dbbac3b75192bdd9e1c90","isMergeCommit":false,"messageTitle":"Add ListPuCommand class","messageBody":"","fileTypesAndContributionMap":{"functional-code":{"insertions":14,"deletions":0}}},{"hash":"01a34a8661e0f50346d91bc0ffff4216f52a2084","isMergeCommit":false,"messageTitle":"Add ListPuModulesCommand class","messageBody":"","fileTypesAndContributionMap":{"functional-code":{"insertions":21,"deletions":0}}},{"hash":"66148b46a4fdd8afb6c36e4af117133bad29e293","isMergeCommit":false,"messageTitle":"Remove unused import statements and rearranged printing of message","messageBody":"","fileTypesAndContributionMap":{"functional-code":{"insertions":7,"deletions":16}}},{"hash":"ba013dc9d67ede421bb858becf901791413f7ad8","isMergeCommit":false,"messageTitle":"Add ListCurrentCommand class","messageBody":"","fileTypesAndContributionMap":{"functional-code":{"insertions":19,"deletions":0}}},{"hash":"f9d3023d5fb8de2b38f0497622431d3cd62e4a06","isMergeCommit":false,"messageTitle":"ListAddModuleCommand class","messageBody":"","fileTypesAndContributionMap":{"functional-code":{"insertions":21,"deletions":0}}},{"hash":"e49567aec864072b0e1aebf673f1e47340ef8711","isMergeCommit":false,"messageTitle":"Add DeleteModuleCommand Class","messageBody":"","fileTypesAndContributionMap":{"functional-code":{"insertions":31,"deletions":0}}},{"hash":"98f3cc123d9b1ceaa707a1b16fa57dcb7f6aa297","isMergeCommit":false,"messageTitle":"Remove useless imports and change message ui order to fit correctly as before","messageBody":"","fileTypesAndContributionMap":{"functional-code":{"insertions":2,"deletions":10}}},{"hash":"c2faa1b5a5f1fdbb252acfeb83223eaff1e14998","isMergeCommit":false,"messageTitle":"Change parsing of user command to return a Command class and change logic for when the program exits","messageBody":"","fileTypesAndContributionMap":{"functional-code":{"insertions":5,"deletions":1}}},{"hash":"773503ee1c5f02271658366ca73c64a3c26b8e24","isMergeCommit":false,"messageTitle":"Change handlerUserCommand function to return a command class instead of executing all commands in Parser Class and made HandleAddModuleCommand function more defensive","messageBody":"","fileTypesAndContributionMap":{"functional-code":{"insertions":46,"deletions":47}}},{"hash":"a1eb6fd437535883501ec8557c5d01189ff239c7","isMergeCommit":false,"messageTitle":"Change message to add message to only come after adding the module","messageBody":"","fileTypesAndContributionMap":{"functional-code":{"insertions":10,"deletions":1}}},{"hash":"b69d0b50c707ddf7416e5d7ed1ed09a10bbf1abe","isMergeCommit":false,"messageTitle":"Refactor message for failing to add module to be in the UI class","messageBody":"","fileTypesAndContributionMap":{"functional-code":{"insertions":12,"deletions":1}}},{"hash":"337f69a212c75fd823de6d96b21ce5e06d9e25bb","isMergeCommit":false,"messageTitle":"Add JUnit Test for AddModuleCommand class","messageBody":"","fileTypesAndContributionMap":{"test-code":{"insertions":49,"deletions":0}}}]},{"date":"2023-03-17","commitResults":[{"hash":"6beacba63f70dadb6878c505a76e325c38683a04","isMergeCommit":false,"messageTitle":"Adhere to Checkstyle","messageBody":"","fileTypesAndContributionMap":{"test-code":{"insertions":5,"deletions":5}}},{"hash":"15c8198e7e41ed0e8e0b640514739936fdf5253a","isMergeCommit":true,"messageTitle":"Merge pull request #32 from SSzeWen/branch-add-command-class","messageBody":"Add command class to allow Parser to return commands to be executed","fileTypesAndContributionMap":{}}]},{"date":"2023-03-20","commitResults":[{"hash":"7743ad3aceaa2092c38cf41048ad071876101d00","isMergeCommit":false,"messageTitle":"Add Assertion and change junit test to accommodate assertion","messageBody":"","fileTypesAndContributionMap":{"functional-code":{"insertions":1,"deletions":0},"test-code":{"insertions":1,"deletions":1}}}]},{"date":"2023-03-21","commitResults":[{"hash":"3ca05554eec3fc3adee97cd77b109147863dd6c8","isMergeCommit":false,"messageTitle":"Create GoodsAndServices Class, where accommodation, airplaneticket, entertainment and food inherit from","messageBody":"","fileTypesAndContributionMap":{"functional-code":{"insertions":49,"deletions":0}}},{"hash":"e0ef98bf4898ad3edd6bff9838ed30fb54b5638a","isMergeCommit":false,"messageTitle":"Add budgetplanner class","messageBody":"","fileTypesAndContributionMap":{"functional-code":{"insertions":30,"deletions":0}}},{"hash":"022d67cc557058f6e6be4e0b15b371d1b0c74277","isMergeCommit":false,"messageTitle":"Add BudgetPlanner Class","messageBody":"","fileTypesAndContributionMap":{"functional-code":{"insertions":27,"deletions":18}}},{"hash":"243e7e7ffe0d4d3f7630b1167851669f4d06cc7e","isMergeCommit":false,"messageTitle":"Add interface for database initialisation to interact with both Modules storage and Budget storage","messageBody":"","fileTypesAndContributionMap":{"functional-code":{"insertions":120,"deletions":7}}},{"hash":"cd2d8e6f7cd7e39e0a5a1e17f151264dbb3b693f","isMergeCommit":false,"messageTitle":"Change naming of Classes","messageBody":"","fileTypesAndContributionMap":{"functional-code":{"insertions":4,"deletions":2}}},{"hash":"dd90b77aa5e37039a66096dbc69f4274b4e60c70","isMergeCommit":false,"messageTitle":"Adhere to coding standard for Storage Class","messageBody":"","fileTypesAndContributionMap":{"functional-code":{"insertions":2,"deletions":4}}},{"hash":"bd8b3760c5449a2a790ce3171dd829e1e40785ef","isMergeCommit":false,"messageTitle":"Add skeleton Command classes for Budget","messageBody":"","fileTypesAndContributionMap":{"functional-code":{"insertions":41,"deletions":0}}},{"hash":"278273b76780b9b1c80df46c7c43422868c9a2ff","isMergeCommit":false,"messageTitle":"Add the command support for 4 different types of expenses , airplane, accommodation, entertainment and food for Budget","messageBody":"","fileTypesAndContributionMap":{"functional-code":{"insertions":64,"deletions":0}}},{"hash":"4986c254fd488550bee98f91fce78f3b2ce44722","isMergeCommit":false,"messageTitle":"Add View Budget Command","messageBody":"","fileTypesAndContributionMap":{"functional-code":{"insertions":20,"deletions":0}}},{"hash":"ec36698ba9295c36f61f8e50e1055eb426681940","isMergeCommit":false,"messageTitle":"Add setprice function","messageBody":"","fileTypesAndContributionMap":{"functional-code":{"insertions":3,"deletions":1}}},{"hash":"a986537e12ad8e1c81a392391ae7099630cad8e9","isMergeCommit":false,"messageTitle":"Add handling of cases where the budget is negative or more than an integer value","messageBody":"","fileTypesAndContributionMap":{"functional-code":{"insertions":112,"deletions":10}}}]},{"date":"2023-03-22","commitResults":[{"hash":"a5c76d65d7a1cab987d7ee601a37a6a026504a48","isMergeCommit":true,"messageTitle":"Merge pull request #41 from MuxPotato/AddJUnitTestingUINoTrailingSpaces","messageBody":"Add JUnit testing for UI class and ListCommands, with no trailing spaces in print functions","fileTypesAndContributionMap":{}},{"hash":"01a5d276697f3e6f81211bfde1bff6080b9d94f7","isMergeCommit":true,"messageTitle":"Merge pull request #45 from darrenlsx/branch-junit-test","messageBody":"Add JUnit testing and make minor modifications in Parser","fileTypesAndContributionMap":{}},{"hash":"feb1084830ce0c4dece5ec031f90db84278be5a4","isMergeCommit":false,"messageTitle":"Add Parser for handling of Budget commands and update Edit Food Command","messageBody":"","fileTypesAndContributionMap":{"functional-code":{"insertions":45,"deletions":5}}},{"hash":"2984a759b4fbcf8357290e9143a118ac6bca9b3f","isMergeCommit":false,"messageTitle":"Add some edge cases for BudgetPlanner class","messageBody":"","fileTypesAndContributionMap":{"functional-code":{"insertions":33,"deletions":11}}},{"hash":"234d8a023c5e572aee9550e9a354d39217243bb0","isMergeCommit":false,"messageTitle":"Add budgetPlanner into when parsing the user command and moved initialisation of modules and universities out of while loop","messageBody":"","fileTypesAndContributionMap":{"functional-code":{"insertions":8,"deletions":4}}}]},{"date":"2023-03-23","commitResults":[{"hash":"4422b4dda5c84b767b1c35bebdab898f7c978b95","isMergeCommit":false,"messageTitle":"Update Developer Guide to give brief overview of Storage","messageBody":"","fileTypesAndContributionMap":{"docs":{"insertions":16,"deletions":0}}},{"hash":"a26011be359f345deb1d400f0a654684159b0c57","isMergeCommit":true,"messageTitle":"Merge pull request #48 from SSzeWen/add-DG-storage-class","messageBody":"Update Developer Guide to give brief overview of Storage","fileTypesAndContributionMap":{}},{"hash":"80c631e330c74ab01d7e67eb48ec6b66c66cec7b","isMergeCommit":false,"messageTitle":"Adhere to coding standards","messageBody":"","fileTypesAndContributionMap":{"functional-code":{"insertions":3,"deletions":1}}},{"hash":"e8bc9d8d951047435d4a8a8728490c8d33339831","isMergeCommit":true,"messageTitle":"Merge branch \u0027master\u0027 into branch-create-budget-planner","messageBody":"# Conflicts:\n#\tsrc/main/java/seedu/duke/Parser.java\n","fileTypesAndContributionMap":{}},{"hash":"670d40e0508c9f56f91fa8aa61dcc5bb91dbc1fc","isMergeCommit":false,"messageTitle":"Change output mesage for the edge case of entering an invalid command, now tells user budgets have not been changed","messageBody":"","fileTypesAndContributionMap":{"functional-code":{"insertions":35,"deletions":7}}},{"hash":"30168ac29391ffb02618d149b56d73dc10417f1b","isMergeCommit":false,"messageTitle":"Adhere to checkstyle","messageBody":"","fileTypesAndContributionMap":{"functional-code":{"insertions":5,"deletions":4}}},{"hash":"cf96786ba37f12933bcdd034602b9390b43cd37a","isMergeCommit":false,"messageTitle":"Add Junit test for Accommodation Class","messageBody":"","fileTypesAndContributionMap":{"test-code":{"insertions":24,"deletions":0}}},{"hash":"ea1b75612afc1ecf4be396e8fe6c030adc005cd0","isMergeCommit":false,"messageTitle":"Add Junit test for Airplane Ticket class","messageBody":"","fileTypesAndContributionMap":{"test-code":{"insertions":25,"deletions":0}}},{"hash":"80d821d5f31e31b24561ecf22c19833dbf1be54f","isMergeCommit":false,"messageTitle":"Add Junit test for Entertainment class","messageBody":"","fileTypesAndContributionMap":{"test-code":{"insertions":25,"deletions":0}}},{"hash":"761c486a897e2b0d0b39d9b400337850f300d854","isMergeCommit":false,"messageTitle":"Add JUnit test for Food class","messageBody":"","fileTypesAndContributionMap":{"test-code":{"insertions":37,"deletions":0}}},{"hash":"403b8fb0a822af1cf16412d371f4e0b90249fe56","isMergeCommit":false,"messageTitle":"Add BudgetPlanner Junit Test","messageBody":"","fileTypesAndContributionMap":{"test-code":{"insertions":229,"deletions":0}}},{"hash":"2dcd57c2b12cb153def247c618e5dd32de2d2ec3","isMergeCommit":false,"messageTitle":"Removed unwanted lines","messageBody":"","fileTypesAndContributionMap":{"functional-code":{"insertions":0,"deletions":1},"test-code":{"insertions":1,"deletions":0}}},{"hash":"f5ec66839abc7116c19e11db23ff178356d3817d","isMergeCommit":false,"messageTitle":"Add BudgetStorage Junit Test and added a single line to all test classes to adhere to checkstyle","messageBody":"","fileTypesAndContributionMap":{"test-code":{"insertions":157,"deletions":5}}}]},{"date":"2023-03-24","commitResults":[{"hash":"9aab6e75ae42b27608a41bfbd624e3477bcf849b","isMergeCommit":true,"messageTitle":"Merge branch \u0027master\u0027 into branch-create-budget-planner","messageBody":"","fileTypesAndContributionMap":{}},{"hash":"32d1963955c2e01384db2e84e56a2aae885d0d4f","isMergeCommit":true,"messageTitle":"Merge pull request #51 from SSzeWen/branch-create-budget-planner","messageBody":"Branch Create budget planner Class with JUnit for all classes in budget package","fileTypesAndContributionMap":{}}]},{"date":"2023-03-27","commitResults":[{"hash":"1eac5084869e7278b3615e5f089ad772b1f6a260","isMergeCommit":false,"messageTitle":"Enable assertions in build.gradle","messageBody":"","fileTypesAndContributionMap":{"other":{"insertions":1,"deletions":0}}},{"hash":"a50820af5f60b78d865033792e4b124d9f263c42","isMergeCommit":true,"messageTitle":"Merge pull request #56 from SSzeWen/branch-enable-assertions","messageBody":"Enable assertions in build.gradle","fileTypesAndContributionMap":{}},{"hash":"13e1b6007a27ede3a125bdcee34e5d1743c1f059","isMergeCommit":false,"messageTitle":"Move user messages from Command class to UI class","messageBody":"","fileTypesAndContributionMap":{"functional-code":{"insertions":3,"deletions":2}}},{"hash":"ddc51c91b7ff3f3e2dd424c5c7ef71ffae27f0c3","isMergeCommit":false,"messageTitle":"Move user messages from EditBudgetCommand class to UI class","messageBody":"","fileTypesAndContributionMap":{"functional-code":{"insertions":1,"deletions":1}}},{"hash":"07e4428419d4a1070cf192924f565845106d6a11","isMergeCommit":false,"messageTitle":"Move messages from EditCommand class to UI class","messageBody":"","fileTypesAndContributionMap":{"functional-code":{"insertions":20,"deletions":14}}},{"hash":"b19e7c81ee6e5abcbb7a1462623951ed48b6ef10","isMergeCommit":false,"messageTitle":"Update UI class to include edit budget and cost type command messages","messageBody":"","fileTypesAndContributionMap":{"functional-code":{"insertions":41,"deletions":0}}},{"hash":"24b866d713cbe46731391fae3a854315a3bc782a","isMergeCommit":true,"messageTitle":"Merge branch \u0027branch-add-budget-commands-ui\u0027 into branch-add-UG-budget-commands","messageBody":"","fileTypesAndContributionMap":{}},{"hash":"df2ec052adc27f916a89f536453c4e5e18604d74","isMergeCommit":false,"messageTitle":"Update User Guide for budget commands","messageBody":"","fileTypesAndContributionMap":{"docs":{"insertions":177,"deletions":4}}},{"hash":"1eef7cb8a024791884372658f2ff02187345c7d0","isMergeCommit":false,"messageTitle":"Move message from ViewBudgetCommand class to UI class and follow output format of UG","messageBody":"","fileTypesAndContributionMap":{"functional-code":{"insertions":15,"deletions":6}}}]},{"date":"2023-03-28","commitResults":[{"hash":"d374e3bb932ad065f0f05bbd4ebe2a4110aefbfc","isMergeCommit":true,"messageTitle":"Merge branch \u0027master\u0027 into branch-add-UG-budget-commands","messageBody":"# Conflicts:\n#\tsrc/main/java/seedu/duke/UI.java\n","fileTypesAndContributionMap":{}},{"hash":"b6e18f927c33a94ce7e845c552df5e2e6251110a","isMergeCommit":true,"messageTitle":"Merge branch \u0027master\u0027 of https://github.com/AY2223S2-CS2113-T12-3/tp into branch-add-UG-budget-commands","messageBody":"","fileTypesAndContributionMap":{}},{"hash":"2cd163ecd50247438d1f0dfda3666929b372d71a","isMergeCommit":true,"messageTitle":"Merge pull request #67 from SSzeWen/branch-add-UG-budget-commands","messageBody":"add User Guide Budget commands #68 Issues","fileTypesAndContributionMap":{}},{"hash":"0fcd6904c86f0a663ff6cd38154cae4b65b8642b","isMergeCommit":false,"messageTitle":"Add sequence diagram for initialisation of Storage Class","messageBody":"","fileTypesAndContributionMap":{"docs":{"insertions":86,"deletions":0}}},{"hash":"36c0eb48f216368473a07ef4fbe37437c76c3344","isMergeCommit":false,"messageTitle":"update DG to add in sequence diagram for Storage class initialisation","messageBody":"","fileTypesAndContributionMap":{"docs":{"insertions":4,"deletions":0}}},{"hash":"5fff46d5c23637c2113390f01df55feb4361dcf3","isMergeCommit":false,"messageTitle":"Delete test in the wrong file","messageBody":"","fileTypesAndContributionMap":{"test-code":{"insertions":1,"deletions":10}}},{"hash":"2d8590b6c19a942d856d51c074ec79da5a0e59aa","isMergeCommit":false,"messageTitle":"remove blank space","messageBody":"","fileTypesAndContributionMap":{"test-code":{"insertions":1,"deletions":1}}},{"hash":"bb9dcc1527916fefa0a19016cba3d98bc7ff2bf2","isMergeCommit":false,"messageTitle":"Add Sequence Diagram for AddModuleToStorage function","messageBody":"","fileTypesAndContributionMap":{"docs":{"insertions":45,"deletions":0}}},{"hash":"b82e5bbf26353dfa1d5692810421050fc458897d","isMergeCommit":false,"messageTitle":"Remove bug in Parser update for prepareBudgetCommand","messageBody":"","fileTypesAndContributionMap":{"functional-code":{"insertions":8,"deletions":5}}},{"hash":"4eff96447bf81d6f2d421863c73dacf892d3660a","isMergeCommit":false,"messageTitle":"Update sequence diagram to show UI as static reference instead","messageBody":"","fileTypesAndContributionMap":{"docs":{"insertions":4,"deletions":4}}},{"hash":"d871ea9b7ece0a6baac4300f277528dd444ddf75","isMergeCommit":false,"messageTitle":"Remove typo for User Guide","messageBody":"","fileTypesAndContributionMap":{"docs":{"insertions":1,"deletions":1}}},{"hash":"f2d6e43f1e79fe119183454027b96f007d3d30b4","isMergeCommit":false,"messageTitle":"Update Sequence Diagrams for AddModuleCommand","messageBody":"","fileTypesAndContributionMap":{"docs":{"insertions":21,"deletions":5}}},{"hash":"1813a85180c97654486ac62bd9c63b452ffd4cae","isMergeCommit":false,"messageTitle":"Update Developer Guide to include sequence diagrams for Storage initialisation and AddModuleCommand","messageBody":"","fileTypesAndContributionMap":{"docs":{"insertions":72,"deletions":36}}},{"hash":"9dfd147ae6568b297bf75214072ae7e349e786a3","isMergeCommit":false,"messageTitle":"Adhere to checkstyle, remove unused imports","messageBody":"","fileTypesAndContributionMap":{"test-code":{"insertions":0,"deletions":2}}},{"hash":"fa7e10fbf97cd06e0b6871dee2b0887ef82e8f4f","isMergeCommit":true,"messageTitle":"Merge branch \u0027master\u0027 of https://github.com/AY2223S2-CS2113-T12-3/tp into branch-add-DG-storage-class","messageBody":"","fileTypesAndContributionMap":{}}]},{"date":"2023-03-29","commitResults":[{"hash":"67f8abebae45a4c07ff077e64edb2d3a8e495a32","isMergeCommit":true,"messageTitle":"Merge pull request #73 from SSzeWen/branch-add-DG-storage-class","messageBody":"Add Developer Guide for storage class and AddModuleCommand ","fileTypesAndContributionMap":{}}]}],"L0Z1K":[{"date":"2023-03-02","commitResults":[{"hash":"f450c232181b7b38950428341afd8bbf2c6bd146","isMergeCommit":false,"messageTitle":"Docs: Update README","messageBody":"","fileTypesAndContributionMap":{"docs":{"insertions":1,"deletions":0}}},{"hash":"84713a15485db68912e0eb30c5d68d00a777550e","isMergeCommit":false,"messageTitle":"Docs: Add my name in AboutUs","messageBody":"","fileTypesAndContributionMap":{"docs":{"insertions":1,"deletions":5}}},{"hash":"4f83af3371fae772b0607601d7e635a7d8f6ff8c","isMergeCommit":true,"messageTitle":"Merge pull request #1 from L0Z1K/yoon-AboutUs","messageBody":"Docs: Add my name in AboutUs","fileTypesAndContributionMap":{}},{"hash":"5b976518e50922255a83a7f9b5146a6f229c5148","isMergeCommit":true,"messageTitle":"Merge branch \u0027master\u0027 into max-randomstuff","messageBody":"","fileTypesAndContributionMap":{}},{"hash":"3f3c9b00438e5d237fd3c665e5ccd3b8ba8b8ffa","isMergeCommit":true,"messageTitle":"Merge pull request #2 from MuxPotato/max-randomstuff","messageBody":"add AboutUs Detail","fileTypesAndContributionMap":{}},{"hash":"2c3604012fcd55e91cc3cd9e8991a75591d5bd82","isMergeCommit":true,"messageTitle":"Merge branch \u0027master\u0027 into SzeWen-Aboutus","messageBody":"","fileTypesAndContributionMap":{}},{"hash":"2a63a1e2762d18795961c7f28558009ce887560c","isMergeCommit":true,"messageTitle":"Merge pull request #3 from SSzeWen/SzeWen-Aboutus","messageBody":"update Aboutus","fileTypesAndContributionMap":{}},{"hash":"a3c8bbbd6e67cd37af231564864afe0591657bf4","isMergeCommit":true,"messageTitle":"Merge branch \u0027master\u0027 into DarrenLim-AboutUs","messageBody":"","fileTypesAndContributionMap":{}},{"hash":"7af9d32c5dc14bac0d9b6ad4e89a85a946fa274d","isMergeCommit":true,"messageTitle":"Merge pull request #4 from darrenlsx/DarrenLim-AboutUs","messageBody":"Updated Darren\u0027s AboutUs","fileTypesAndContributionMap":{}},{"hash":"d3395174d73632663fb614f189720326994395d5","isMergeCommit":true,"messageTitle":"Merge branch \u0027master\u0027 into johnDoe-AboutUs","messageBody":"","fileTypesAndContributionMap":{}},{"hash":"6cc4a166f7ede86c004724c2d12881e3a5f8e2e9","isMergeCommit":true,"messageTitle":"Merge pull request #5 from briantjs00/johnDoe-AboutUs","messageBody":"Update Brian-AboutUs","fileTypesAndContributionMap":{}}]},{"date":"2023-03-07","commitResults":[{"hash":"fadc5c3c3725b05666372f712d02571939acd738","isMergeCommit":false,"messageTitle":"Feat: Add university and module class","messageBody":"","fileTypesAndContributionMap":{"functional-code":{"insertions":35,"deletions":0}}},{"hash":"9df7cbe61d23e62c35d086e3907a63ce2672e977","isMergeCommit":false,"messageTitle":"Feat: Add DataReader","messageBody":"","fileTypesAndContributionMap":{"functional-code":{"insertions":94,"deletions":11}}},{"hash":"658fb8ead0ab455a41400b0951c019ee78b0bb35","isMergeCommit":false,"messageTitle":"Fix: Change how to handle N/A value in credits","messageBody":"","fileTypesAndContributionMap":{"functional-code":{"insertions":4,"deletions":6}}},{"hash":"2ab101dda974f0b1ad8599d6d5b290c962858993","isMergeCommit":false,"messageTitle":"Fix: rollback Duke.java","messageBody":"","fileTypesAndContributionMap":{"functional-code":{"insertions":9,"deletions":3}}}]},{"date":"2023-03-08","commitResults":[{"hash":"6975401e32eda507dce7dd0c3354b7f0097b9a8c","isMergeCommit":true,"messageTitle":"Merge pull request #11 from L0Z1K/feature/data-reader","messageBody":"Feature/data reader","fileTypesAndContributionMap":{}}]},{"date":"2023-03-13","commitResults":[{"hash":"52a5a62e26dff790ba5adb409db7a894b47dd4f4","isMergeCommit":false,"messageTitle":"Fix: Load data from txt file instead of csv file","messageBody":"","fileTypesAndContributionMap":{"functional-code":{"insertions":2,"deletions":2}}}]},{"date":"2023-03-28","commitResults":[{"hash":"5990161f5942df575b4629fd3fd3d3e6063d9635","isMergeCommit":false,"messageTitle":"Feat: Add filter command","messageBody":"","fileTypesAndContributionMap":{"functional-code":{"insertions":213,"deletions":126}}},{"hash":"c0cc0cb3ec1b934d4c686dc378d94fc31fa5fc3a","isMergeCommit":false,"messageTitle":"Feat: Add filter command in help","messageBody":"","fileTypesAndContributionMap":{"functional-code":{"insertions":2,"deletions":0}}}]},{"date":"2023-03-29","commitResults":[{"hash":"120583f7778a682648099c63c782dd1fb9f64e0b","isMergeCommit":false,"messageTitle":"Fix: formatting","messageBody":"","fileTypesAndContributionMap":{"functional-code":{"insertions":109,"deletions":179}}},{"hash":"f77207b3cca55efe16c97eba53ed3fca894e4ae9","isMergeCommit":false,"messageTitle":"Fix: formatting","messageBody":"","fileTypesAndContributionMap":{"functional-code":{"insertions":36,"deletions":28}}},{"hash":"5ab95d274e4e9ccd485a53c170a7a548e7419f74","isMergeCommit":true,"messageTitle":"Merge branch \u0027master\u0027 into feature/filter","messageBody":"","fileTypesAndContributionMap":{}},{"hash":"c2018e7923a44e2fa4204fd7f6d6a1f3fec51530","isMergeCommit":false,"messageTitle":"Fix: bug in parser","messageBody":"","fileTypesAndContributionMap":{"functional-code":{"insertions":2,"deletions":4}}},{"hash":"28a837285430352a656da7bcf651440a3298db08","isMergeCommit":true,"messageTitle":"Merge pull request #69 from L0Z1K/feature/filter","messageBody":"Add Filter Command","fileTypesAndContributionMap":{}}]}],"MuxPotato":[{"date":"2023-03-02","commitResults":[{"hash":"c7472ef053bd46c45ccd87e12e28837c646150c1","isMergeCommit":false,"messageTitle":"add AboutUs Detail","messageBody":"","fileTypesAndContributionMap":{"docs":{"insertions":2,"deletions":0}}}]},{"date":"2023-03-10","commitResults":[{"hash":"29abb092910036f77f6ab3923e0d8a0cb42af82e","isMergeCommit":false,"messageTitle":"Add UI, Add function, List Functions in Duke","messageBody":"","fileTypesAndContributionMap":{"functional-code":{"insertions":128,"deletions":8}}},{"hash":"32c3cde3ec37814c3e35388efadade5800183046","isMergeCommit":false,"messageTitle":"Changed Input to pass test","messageBody":"","fileTypesAndContributionMap":{"functional-code":{"insertions":1,"deletions":15}}}]},{"date":"2023-03-13","commitResults":[{"hash":"ae458700f9e53150f996741a9baaeb41bc90a64f","isMergeCommit":false,"messageTitle":"Changed Code to resolve merge conflicts with additional of Parser Class","messageBody":"","fileTypesAndContributionMap":{"functional-code":{"insertions":2,"deletions":0}}},{"hash":"b9f644daf20fcaf11c16789bc57d178a007e4b72","isMergeCommit":false,"messageTitle":"Changed code to resolve conflicts with additioanl of Parser Class","messageBody":"","fileTypesAndContributionMap":{"functional-code":{"insertions":124,"deletions":30}}},{"hash":"b8a85445d6bce55abf5f5e90b6145e26f79ea747","isMergeCommit":true,"messageTitle":"Merge branch \u0027master\u0027 into AddUI","messageBody":"# Conflicts:\n#\tsrc/main/java/seedu/duke/Parser.java\n#\tsrc/main/java/seedu/duke/Storage.java\n","fileTypesAndContributionMap":{}}]},{"date":"2023-03-14","commitResults":[{"hash":"fec3a11943c982ba9d93a41e92ca42ae46dbc0a2","isMergeCommit":true,"messageTitle":"Merge pull request #19 from L0Z1K/bugfix/load-data-from-txt","messageBody":"Fix: Load data from txt file instead of csv file","fileTypesAndContributionMap":{}},{"hash":"8746379d2dc3c91f272aeaa21c820acfcf47dfbf","isMergeCommit":true,"messageTitle":"Merge branch \u0027master\u0027 into AddUI","messageBody":"# Conflicts:\n#\tsrc/main/java/seedu/duke/DataReader.java\n","fileTypesAndContributionMap":{}}]},{"date":"2023-03-15","commitResults":[{"hash":"c9fe6ce375c0c313eb7e98303e583c495328dac0","isMergeCommit":true,"messageTitle":"Merge pull request #21 from SSzeWen/branch-fix-datareader-runtest","messageBody":"Branch fix datareader runtest","fileTypesAndContributionMap":{}},{"hash":"804138a35bd757dc13bda284ee71272e2172f95b","isMergeCommit":true,"messageTitle":"Merge branch \u0027master\u0027 into AddUI","messageBody":"# Conflicts:\n#\tsrc/main/java/seedu/duke/Duke.java\n","fileTypesAndContributionMap":{}},{"hash":"45a07feac3377d199248c25e6c2b247f95ecb19e","isMergeCommit":false,"messageTitle":"Fixing dos2uxix command cannot be found bug","messageBody":"","fileTypesAndContributionMap":{"functional-code":{"insertions":8,"deletions":7},"other":{"insertions":2,"deletions":2}}},{"hash":"5aecf78732f060fef45c0c50ceacd7cc286b031f","isMergeCommit":false,"messageTitle":"Fixed code style","messageBody":"","fileTypesAndContributionMap":{"functional-code":{"insertions":2,"deletions":9}}},{"hash":"8bf56a7ff2c6af770d3a8efb7bd92086ae13a122","isMergeCommit":false,"messageTitle":"Fixed Bug with Parser","messageBody":"","fileTypesAndContributionMap":{"functional-code":{"insertions":1,"deletions":2}}},{"hash":"a2f2522517c5422e8e7849dd1a3ed18cb0b1d33d","isMergeCommit":true,"messageTitle":"Merge pull request #13 from MuxPotato/AddUI","messageBody":"Add UI, Add function, List Functions in Duke","fileTypesAndContributionMap":{}}]},{"date":"2023-03-16","commitResults":[{"hash":"3f8e3b11d9a8ff1786d95e165a882704378f511e","isMergeCommit":false,"messageTitle":"Refactored Code in UI and Parser Classes","messageBody":"","fileTypesAndContributionMap":{"functional-code":{"insertions":176,"deletions":167}}}]},{"date":"2023-03-21","commitResults":[{"hash":"cb437e4d10278b6c386b5bad32b237fb8e18cbcd","isMergeCommit":false,"messageTitle":"Add UITesting","messageBody":"","fileTypesAndContributionMap":{"test-code":{"insertions":562,"deletions":0}}},{"hash":"ebab22f5cf843ad31d23f085dbed009e199c7d94","isMergeCommit":false,"messageTitle":"Add list commands JUNIT testing","messageBody":"","fileTypesAndContributionMap":{"test-code":{"insertions":167,"deletions":0}}},{"hash":"2025d52e1126b657f50274646b17949543fbde4c","isMergeCommit":false,"messageTitle":"Renamed JUnit5 testing functions","messageBody":"","fileTypesAndContributionMap":{"test-code":{"insertions":39,"deletions":31}}},{"hash":"c7e744fe0882dc308cdc3ea6d28a0a696257ed0f","isMergeCommit":false,"messageTitle":"Fixed JUnit5 testing from static UI object to individual ui object in each test function","messageBody":"","fileTypesAndContributionMap":{"test-code":{"insertions":13,"deletions":10}}},{"hash":"b65c5325ca82d3c8277c5745bd8bffe4222691ba","isMergeCommit":false,"messageTitle":"Fixed Testing","messageBody":"","fileTypesAndContributionMap":{"test-code":{"insertions":0,"deletions":1}}},{"hash":"ac053b2b1cf54e08d003b90090686f62ebd8f049","isMergeCommit":false,"messageTitle":"Removed bug in testing","messageBody":"","fileTypesAndContributionMap":{"test-code":{"insertions":0,"deletions":8}}},{"hash":"87fcb4f88d3ff88dd2d0c3c1fe0fa2ce1f1e8a72","isMergeCommit":false,"messageTitle":"Adjusted Trailing spaces in testing to overcome Github action removing trailing spaces","messageBody":"","fileTypesAndContributionMap":{"test-code":{"insertions":44,"deletions":41}}},{"hash":"b36c0766297078321dd440f4207c490de665d844","isMergeCommit":false,"messageTitle":"Changed static printing statement to match latest PR","messageBody":"","fileTypesAndContributionMap":{"functional-code":{"insertions":1,"deletions":1},"test-code":{"insertions":1,"deletions":1}}},{"hash":"02931c5f1d01c210b9914ba9b7e380829d5823c9","isMergeCommit":false,"messageTitle":"Fixed UI to match PR","messageBody":"","fileTypesAndContributionMap":{"functional-code":{"insertions":1,"deletions":1}}},{"hash":"bab2ef790b9f3b64babe504883457728fce2b37f","isMergeCommit":false,"messageTitle":"Fixed LINE to match PR","messageBody":"","fileTypesAndContributionMap":{"functional-code":{"insertions":1,"deletions":1},"test-code":{"insertions":1,"deletions":1}}},{"hash":"d67ab8464d6a3419abcaf9cb0833f410c6e1466e","isMergeCommit":false,"messageTitle":"Fixed add line to match PR","messageBody":"","fileTypesAndContributionMap":{"functional-code":{"insertions":1,"deletions":1},"test-code":{"insertions":1,"deletions":1}}},{"hash":"106c9a5c8f9cfccab910f8ea4bde50ec29ea34ec","isMergeCommit":true,"messageTitle":"Merge branch \u0027master\u0027 into AddJUnitTestingUINoTrailingSpaces","messageBody":"","fileTypesAndContributionMap":{}},{"hash":"2394d14d464cd2b0bffe7e66e881a499a5b631a7","isMergeCommit":false,"messageTitle":"Changed Testing classes to match latest PR","messageBody":"","fileTypesAndContributionMap":{"test-code":{"insertions":18,"deletions":17}}}]},{"date":"2023-03-22","commitResults":[{"hash":"01a86c6401ad84760dcf13d68fea6841c05a99dd","isMergeCommit":false,"messageTitle":"Added .reset() for ByteArrayOutputStream for List functions","messageBody":"","fileTypesAndContributionMap":{"test-code":{"insertions":3,"deletions":1}}},{"hash":"212c350f3bc22fef1031f927961447d5a21f6022","isMergeCommit":false,"messageTitle":"Edited Junit5 testing in UI","messageBody":"","fileTypesAndContributionMap":{"test-code":{"insertions":4,"deletions":1}}}]},{"date":"2023-03-23","commitResults":[{"hash":"9f5c184a45761493404f46ac143af563ad6188cb","isMergeCommit":false,"messageTitle":"Changed UITest to claim lines of code","messageBody":"","fileTypesAndContributionMap":{"test-code":{"insertions":1,"deletions":1}}},{"hash":"a272dfdcdfd842a89dac4024e178aae48f3db9b7","isMergeCommit":true,"messageTitle":"Merge pull request #46 from MuxPotato/FixJunitTesting","messageBody":"Edited Junit5 testing in UI","fileTypesAndContributionMap":{}},{"hash":"058982086cf9d0f2fde36571e550860d313b2f6a","isMergeCommit":false,"messageTitle":"Started on DG","messageBody":"","fileTypesAndContributionMap":{"docs":{"insertions":34,"deletions":0}}}]},{"date":"2023-03-24","commitResults":[{"hash":"6ec454cf63a167b32b3472dac10e8805167e8e2e","isMergeCommit":false,"messageTitle":"Add Development Guide for UI class, and List functions commands","messageBody":"","fileTypesAndContributionMap":{"functional-code":{"insertions":10,"deletions":10},"docs":{"insertions":342,"deletions":5},"test-code":{"insertions":0,"deletions":1}}},{"hash":"d4c01ad9c7b9eb4f12e658b55bef6f57e44f60e6","isMergeCommit":true,"messageTitle":"Merge pull request #53 from MuxPotato/DeveloperGuideUI","messageBody":"[Task] Developer guide Architecture and List Commands","fileTypesAndContributionMap":{}}]},{"date":"2023-03-25","commitResults":[{"hash":"de1fa2488eefdcc02e1b09fed4d60c3b27154fff","isMergeCommit":false,"messageTitle":"Added ListCurrentPuCommand","messageBody":"","fileTypesAndContributionMap":{"functional-code":{"insertions":99,"deletions":7}}},{"hash":"a0f82bb6c5252302fd36f718de81db940306c2cf","isMergeCommit":false,"messageTitle":"Fixed UI testing for /help command. Changed /help printing function","messageBody":"","fileTypesAndContributionMap":{"functional-code":{"insertions":42,"deletions":1},"test-code":{"insertions":2,"deletions":0}}},{"hash":"aa6b3cbb4e54d1221668a60d6ddabb82d70357a3","isMergeCommit":false,"messageTitle":"Added JUNIT5 testing for ListCurrentPuCommand","messageBody":"","fileTypesAndContributionMap":{"test-code":{"insertions":63,"deletions":0}}}]},{"date":"2023-03-27","commitResults":[{"hash":"6f286443259dfc6f7c62abfc99551e3210b3c757","isMergeCommit":true,"messageTitle":"Merge branch \u0027master\u0027 into AddSeperateListFunction","messageBody":"","fileTypesAndContributionMap":{}},{"hash":"901f970dfe1e4cb888a2633bbb2e900b4200c8a6","isMergeCommit":true,"messageTitle":"Merge pull request #57 from MuxPotato/AddSeperateListFunction","messageBody":"Add seperate list function","fileTypesAndContributionMap":{}},{"hash":"e1b2db3c12c46809c89211f8effe988dd12cfc1d","isMergeCommit":false,"messageTitle":"Revert \"Add seperate list function\"","messageBody":"","fileTypesAndContributionMap":{"functional-code":{"insertions":7,"deletions":139},"test-code":{"insertions":0,"deletions":65}}},{"hash":"b4104354177665968487e4c3c9d7f4bd84f4d87f","isMergeCommit":true,"messageTitle":"Merge pull request #58 from AY2223S2-CS2113-T12-3/revert-57-AddSeperateListFunction","messageBody":"Revert \"Add seperate list function\"","fileTypesAndContributionMap":{}},{"hash":"db20d7f1ad0bd17cee0bc9fa3c0a40a95f38397b","isMergeCommit":false,"messageTitle":"Add List Current PU COmmand","messageBody":"","fileTypesAndContributionMap":{"functional-code":{"insertions":32,"deletions":0}}},{"hash":"35fe0d4db4076fb276941a58951bedc6e8e882ba","isMergeCommit":false,"messageTitle":"Added UI class printing functions for ListCurrentPuCommand","messageBody":"","fileTypesAndContributionMap":{"functional-code":{"insertions":34,"deletions":0}}},{"hash":"3e002c32c499488805ddf67eafc0e70b4bf8cb83","isMergeCommit":false,"messageTitle":"Added parse function to process ListCurrentPuCommand","messageBody":"","fileTypesAndContributionMap":{"functional-code":{"insertions":7,"deletions":0}}},{"hash":"e09a5d1397bca61f661854d8fbf57a9488a515f5","isMergeCommit":false,"messageTitle":"Added processing functions for ListCurrentPuModule","messageBody":"","fileTypesAndContributionMap":{"functional-code":{"insertions":35,"deletions":0}}},{"hash":"8673fe47e89073d75507bc626721431c7e1da7e4","isMergeCommit":false,"messageTitle":"Parser change","messageBody":"","fileTypesAndContributionMap":{"functional-code":{"insertions":1,"deletions":0}}},{"hash":"0445afc64785ec2d93d4cc4f201bef36ff4c6d51","isMergeCommit":false,"messageTitle":"Finished ListCurrentPuCommand and added Junit5 testing","messageBody":"","fileTypesAndContributionMap":{"functional-code":{"insertions":10,"deletions":9},"test-code":{"insertions":66,"deletions":1}}},{"hash":"2d3c6b4cd631d2f98ccaccc6e4682932b3997eb9","isMergeCommit":true,"messageTitle":"Merge branch \u0027master\u0027 into AddSeperateListFunctionV2","messageBody":"","fileTypesAndContributionMap":{}},{"hash":"6265e7ff9445db5397d52401c60051ddc657292e","isMergeCommit":true,"messageTitle":"Merge pull request #59 from MuxPotato/AddSeperateListFunctionV2","messageBody":"Add seperate list function v2","fileTypesAndContributionMap":{}}]},{"date":"2023-03-28","commitResults":[{"hash":"7fa48544f5fc137704c48da9d2fe8cefaaea22db","isMergeCommit":false,"messageTitle":"Changed remove function and list current function","messageBody":"","fileTypesAndContributionMap":{"functional-code":{"insertions":91,"deletions":41},"test-code":{"insertions":57,"deletions":19}}},{"hash":"a4e9e80c1a4efbef5d07374de0d358f4e591b461","isMergeCommit":true,"messageTitle":"Merge pull request #63 from MuxPotato/RevampRemoveFunction","messageBody":"[Enchancement] Changed remove function and list current function","fileTypesAndContributionMap":{}}]},{"date":"2023-03-29","commitResults":[{"hash":"a0b0aefa19db632bfc2f32909b41cb0decad0123","isMergeCommit":false,"messageTitle":"Add and edited DG for list functions","messageBody":"","fileTypesAndContributionMap":{"functional-code":{"insertions":1,"deletions":9},"docs":{"insertions":165,"deletions":46}}},{"hash":"3aedc699c74576f32e274c4dda9ee4d9673bda12","isMergeCommit":true,"messageTitle":"Merge pull request #78 from MuxPotato/AddDGListFunctions","messageBody":"[Task] Add and edited DG for list functions","fileTypesAndContributionMap":{}},{"hash":"b40e7b404d3e91c155e5f7fea7b1a4b6ccae384c","isMergeCommit":false,"messageTitle":"Added user guide for list functions and remove function","messageBody":"","fileTypesAndContributionMap":{"docs":{"insertions":127,"deletions":2}}},{"hash":"85da79b9730e0314198a8e473c212f1bf06312e6","isMergeCommit":true,"messageTitle":"Merge pull request #79 from MuxPotato/AddUGListFunctions","messageBody":"[Task] Added user guide for list functions and remove function","fileTypesAndContributionMap":{}}]}],"briantjs00":[{"date":"2023-03-02","commitResults":[{"hash":"c98c62f1409940d21af21a2201ca6a6f69d11e38","isMergeCommit":false,"messageTitle":"johnDoe-AboutUs","messageBody":"","fileTypesAndContributionMap":{"docs":{"insertions":7,"deletions":7}}}]},{"date":"2023-03-11","commitResults":[{"hash":"2b41fbcd214116cd143ef08142efd7b65328d163","isMergeCommit":false,"messageTitle":"Add getter methods for both Module and University class","messageBody":"","fileTypesAndContributionMap":{"functional-code":{"insertions":36,"deletions":0}}},{"hash":"6ec23092d5a31a596833bacb50b993ae33ab5999","isMergeCommit":false,"messageTitle":"Add Parser class. Parser class: add parseCommand(userInput) method to read the command and execute the command accordingly Parser class: add printPUModules(univID) method to print out the list of modules under the targetted PU Parser class: add printPUList() method to print out the list of PUs Parser class: add printCurrentModList() to print out the list of modules that the user has added to his list of interest","messageBody":"","fileTypesAndContributionMap":{"functional-code":{"insertions":82,"deletions":0}}},{"hash":"b4897452c2507c5074dbe736137f067f31fcb57e","isMergeCommit":false,"messageTitle":"Edit printPUModules(univID) and printCurrentModList() to pass the gradle checks","messageBody":"","fileTypesAndContributionMap":{"functional-code":{"insertions":7,"deletions":4}}}]},{"date":"2023-03-13","commitResults":[{"hash":"a381bd748280ed238cb01f1e7b3108c07ef9baa7","isMergeCommit":true,"messageTitle":"Merge branch \u0027master\u0027 into branch-Create-Command-Parser","messageBody":"# Conflicts:\n#\tsrc/main/java/seedu/duke/Parser.java\n","fileTypesAndContributionMap":{}},{"hash":"138009868127f1aa9cf63cfdc30bc04cf215e458","isMergeCommit":true,"messageTitle":"Merge pull request #16 from briantjs00/branch-Create-Command-Parser","messageBody":"Add Parser class and Add getter methods in Module and University classes","fileTypesAndContributionMap":{}}]},{"date":"2023-03-15","commitResults":[{"hash":"25cb21055e4a7e49d3225b5c58cc39be2e10aeda","isMergeCommit":true,"messageTitle":"Merge branch \u0027master\u0027 of https://github.com/AY2223S2-CS2113-T12-3/tp","messageBody":"","fileTypesAndContributionMap":{}},{"hash":"0dde96c0b9ffaee4ee2f8de91c6267a5284f8556","isMergeCommit":true,"messageTitle":"Merge branch \u0027master\u0027 of https://github.com/AY2223S2-CS2113-T12-3/tp","messageBody":"","fileTypesAndContributionMap":{}},{"hash":"15187aad739714bfdf0892008751e52ce7755dc8","isMergeCommit":false,"messageTitle":"no message","messageBody":"","fileTypesAndContributionMap":{"functional-code":{"insertions":4,"deletions":3}}},{"hash":"40d9c1f47986840aafddf410b426a2a045e9ca7b","isMergeCommit":true,"messageTitle":"Merge branch \u0027master\u0027 of https://github.com/AY2223S2-CS2113-T12-3/tp","messageBody":"","fileTypesAndContributionMap":{}},{"hash":"88c9633562015a9cb29c077d25757cdd66714ee8","isMergeCommit":true,"messageTitle":"Merge pull request #24 from SSzeWen/branch-change-add-module-by-univID","messageBody":"Branch change add module by university abbreviation","fileTypesAndContributionMap":{}},{"hash":"db38c8ec41d72fae5c13a16e5db11e0dc47ed25d","isMergeCommit":true,"messageTitle":"Merge branch \u0027master\u0027 of https://github.com/AY2223S2-CS2113-T12-3/tp","messageBody":"","fileTypesAndContributionMap":{}},{"hash":"b0db14b5fbbd8159b44bc60a88db19ba6af85384","isMergeCommit":true,"messageTitle":"Merge branch \u0027master\u0027 of https://github.com/AY2223S2-CS2113-T12-3/tp","messageBody":"# Conflicts:\n#\tdata/saved_modules.txt\n","fileTypesAndContributionMap":{}},{"hash":"c0410f14b6c2b1535cd4442c5cdae7628adbc20e","isMergeCommit":false,"messageTitle":"Add UI print functions in executeUserCommand function","messageBody":"","fileTypesAndContributionMap":{"functional-code":{"insertions":41,"deletions":2}}}]},{"date":"2023-03-16","commitResults":[{"hash":"70928ae80ae90d415f2277791d19c8541194fcb9","isMergeCommit":true,"messageTitle":"Merge pull request #28 from briantjs00/branch-Add-UI-Print-Functions","messageBody":"Add UI print functions in executeUserCommand function","tags":["v1.0"],"fileTypesAndContributionMap":{}}]},{"date":"2023-03-20","commitResults":[{"hash":"2228f4a2a4c527744e36fa9022a5932cfb9be7d4","isMergeCommit":false,"messageTitle":"Change the UI to make it appear more coherent in command line","messageBody":"","fileTypesAndContributionMap":{"functional-code":{"insertions":2,"deletions":1}}},{"hash":"82f835dfa0e51dc3de9e54edf8c1f4669b0da0e5","isMergeCommit":false,"messageTitle":"Refractor handleUserCommand to parseUserCommand","messageBody":"","fileTypesAndContributionMap":{"functional-code":{"insertions":1,"deletions":1}}},{"hash":"fb86a589250d6a5f64fb1dbedc5886f870a33a29","isMergeCommit":false,"messageTitle":"Change parseUserCommand to be allow the userCommandFirstKeyword input to be case insensitive. Add an exception to catch invalid command input for list. Change both the prepareListPuModulesCommand() and handleListPuModulesCommand() so that the user can input list [Index] or list [Uni Abbrevations] to list out the PU modules.","messageBody":"","fileTypesAndContributionMap":{"functional-code":{"insertions":45,"deletions":35}}},{"hash":"0e116d801c48cda0109d7a4e69fabf35776967e4","isMergeCommit":false,"messageTitle":"Enhance printCurrentModList() in UI to show that the current module list is empty","messageBody":"","fileTypesAndContributionMap":{"functional-code":{"insertions":37,"deletions":26}}},{"hash":"26adcc165d0602fe4a75fe02422b502797bb2a67","isMergeCommit":false,"messageTitle":"Remove unused import - java.io.IOException. in Parser","messageBody":"","fileTypesAndContributionMap":{"functional-code":{"insertions":0,"deletions":3}}},{"hash":"12b4e84ef68c5a40d9c3eb7d2ddbc1cc7b1632d8","isMergeCommit":true,"messageTitle":"Merge pull request #36 from briantjs00/branch-Edit-Parser","messageBody":"Enhance function in Parser and UI","fileTypesAndContributionMap":{}}]},{"date":"2023-03-23","commitResults":[{"hash":"865a69f8b140a2eeba2ad65f2873ff23616a742b","isMergeCommit":false,"messageTitle":"Describe Parser Class in DG","messageBody":"","fileTypesAndContributionMap":{"docs":{"insertions":11,"deletions":0}}},{"hash":"1946dc50fa23b4fe02323cd1a17e59170f1eb20e","isMergeCommit":true,"messageTitle":"Merge pull request #50 from briantjs00/branch-Update-Developer-Guide","messageBody":"Update DG to describe the Parser Class","fileTypesAndContributionMap":{}}]},{"date":"2023-03-27","commitResults":[{"hash":"062b012dd32b809010ff9ff1ab2ca0945be9b464","isMergeCommit":false,"messageTitle":"Create a new command class: ListFoundNusModsCommand","messageBody":"","fileTypesAndContributionMap":{"functional-code":{"insertions":24,"deletions":0}}},{"hash":"c3f999c15d3ea98dac6c5225d4c2d097a62d4085","isMergeCommit":false,"messageTitle":"Add prepareSearchbyNusModCode and handleSearchByNusCode functions in parser class","messageBody":"","fileTypesAndContributionMap":{"functional-code":{"insertions":32,"deletions":0}}},{"hash":"e17b998c926e48c601de21a1e866df8a6bf6b706","isMergeCommit":false,"messageTitle":"Add printFoundNusModules and getPuAbbr functions in UI","messageBody":"","fileTypesAndContributionMap":{"functional-code":{"insertions":35,"deletions":0}}},{"hash":"e649a71fe0c3ebb06fbe82050ba58732e1b95bac","isMergeCommit":false,"messageTitle":"Add assertion for search command case","messageBody":"","fileTypesAndContributionMap":{"functional-code":{"insertions":1,"deletions":0},"other":{"insertions":1,"deletions":0}}},{"hash":"69ed573f611243e0eaf7cd0b39eecdb9e5a538ca","isMergeCommit":false,"messageTitle":"Update printFoundNusModules function in UI to appear neater in command line","messageBody":"","fileTypesAndContributionMap":{"functional-code":{"insertions":22,"deletions":16},"other":{"insertions":0,"deletions":1}}},{"hash":"66a574dde789ae6b5f9104017c63d1f5f2b8f8f9","isMergeCommit":false,"messageTitle":"Edit lines to pass checkstyle","messageBody":"","fileTypesAndContributionMap":{"functional-code":{"insertions":4,"deletions":2}}},{"hash":"158b362c9e000bceb19518d9280ff1a507d211b3","isMergeCommit":true,"messageTitle":"Merge pull request #60 from briantjs00/branch-V2-Features","messageBody":"Add search mappable PU modules from specific Nus module code functions (v2)","fileTypesAndContributionMap":{}}]},{"date":"2023-03-28","commitResults":[{"hash":"2df8cfc83b22efbc481d5435c19f9cb651cad17f","isMergeCommit":false,"messageTitle":"add Junit test for getInvalidSearchModuleMessage function","messageBody":"","fileTypesAndContributionMap":{"test-code":{"insertions":10,"deletions":0}}},{"hash":"466245babc8583b8bd3d3081489822edd28fb9a2","isMergeCommit":false,"messageTitle":"Add JUnit test for ListFoundNusModsCommand","messageBody":"","fileTypesAndContributionMap":{"test-code":{"insertions":93,"deletions":0}}},{"hash":"febe296e1f1ec98f34ba6c43911f8b63d4704395","isMergeCommit":false,"messageTitle":"Change variable declaration order to pass checkstyle","messageBody":"","fileTypesAndContributionMap":{"test-code":{"insertions":2,"deletions":3}}},{"hash":"af869df5ba83aa49bc8f244cc55807d80912813c","isMergeCommit":true,"messageTitle":"Merge pull request #62 from briantjs00/branch-V2-Features","messageBody":"Add JUnit Test for getInvalidSearchModuleMessage function and ListFoundNusModsCommand","fileTypesAndContributionMap":{}},{"hash":"8173ac4bc0f66bac7aa3d8e8f4db0cd39b05053a","isMergeCommit":false,"messageTitle":"Debugged the bug where the program crashing when \"list \" with an empty whitespace is inputted and extracted the commands in the list switch case to make the code more OOP","messageBody":"","fileTypesAndContributionMap":{"functional-code":{"insertions":36,"deletions":3}}},{"hash":"3a1458c9c1567a8d7737ae62cfc6c7f26cf96e07","isMergeCommit":false,"messageTitle":"Debugged the bug where the program crashes when input \"list [index]\" is out of bounds of the universities arraylist","messageBody":"","fileTypesAndContributionMap":{"functional-code":{"insertions":20,"deletions":14}}},{"hash":"b939b8679bd3f6f5b5fca756730248fc7f172019","isMergeCommit":false,"messageTitle":"remove redundant commented lines","messageBody":"","fileTypesAndContributionMap":{"functional-code":{"insertions":0,"deletions":15}}},{"hash":"d0f31a597054820c7ac62dc270b46318e1c1a968","isMergeCommit":false,"messageTitle":"Checkstyle amendations","messageBody":"","fileTypesAndContributionMap":{"functional-code":{"insertions":12,"deletions":11}}},{"hash":"c52de12b675511e8018c9739e4540af7e693cbf9","isMergeCommit":false,"messageTitle":"CheckStyle Edits","messageBody":"","fileTypesAndContributionMap":{"functional-code":{"insertions":2,"deletions":3}}},{"hash":"14f63fb2e8925751079da317431d2d367afc9ba1","isMergeCommit":true,"messageTitle":"Merge pull request #66 from briantjs00/branch-V2-Debugging","messageBody":"","fileTypesAndContributionMap":{}},{"hash":"67da9f98e90eaf696b3377192808329249853827","isMergeCommit":false,"messageTitle":"Update /help command and it\u0027s respective test to include the lastest program features","messageBody":"","fileTypesAndContributionMap":{"functional-code":{"insertions":20,"deletions":8},"test-code":{"insertions":40,"deletions":16}}},{"hash":"5efce1428e051c78157469fbbfa746fcfc2d8095","isMergeCommit":false,"messageTitle":"Update to the lastest features for /help","messageBody":"","fileTypesAndContributionMap":{"functional-code":{"insertions":4,"deletions":1},"test-code":{"insertions":8,"deletions":2}}},{"hash":"d7c4b31fd76bfd74383438838f5a7e5794dd126c","isMergeCommit":true,"messageTitle":"Merge pull request #70 from briantjs00/branch-Enhance-Help-Command-UI","messageBody":"[Enhancement] Update /help command ","fileTypesAndContributionMap":{}}]},{"date":"2023-03-29","commitResults":[{"hash":"3f18c202b76523452c9532301ce323ab6cba999a","isMergeCommit":false,"messageTitle":"Update UG with list [PU ABBRV] or list [PU INDEX] and search [NUS MODULE CODE]","messageBody":"","fileTypesAndContributionMap":{"docs":{"insertions":81,"deletions":14}}},{"hash":"94ae7b8a54bc02f7b691daa2f8a20e3dbee6e801","isMergeCommit":true,"messageTitle":"Merge pull request #77 from briantjs00/branch-Update-UG","messageBody":"Update UG with list [PU ABBRV] or list [PU INDEX] and search [NUS MOD…","fileTypesAndContributionMap":{}},{"hash":"eeafb6c0cc5bcba9ed520fe265e49887c81cd098","isMergeCommit":false,"messageTitle":"Add ParserSequenceDiagram in DG","messageBody":"","fileTypesAndContributionMap":{"docs":{"insertions":58,"deletions":0}}},{"hash":"cfb9a8d3d2c560ace671711b9e099ef88765ee32","isMergeCommit":false,"messageTitle":"Checkstyle exceed 120","messageBody":"","fileTypesAndContributionMap":{"functional-code":{"insertions":52,"deletions":54}}},{"hash":"5cefccbe25c558bb3c8ef3033cb39cfd6e06c7ec","isMergeCommit":true,"messageTitle":"Merge branch \u0027master\u0027 of https://github.com/AY2223S2-CS2113-T12-3/tp into branch-Update-DG-2","messageBody":"# Conflicts:\n#\tsrc/main/java/seedu/duke/Duke.java\n","fileTypesAndContributionMap":{}},{"hash":"b62fc7ec60c27c834c28eb4bdd0b4e7b41ff0eca","isMergeCommit":false,"messageTitle":"edit code to pass checkstyle","messageBody":"","fileTypesAndContributionMap":{"functional-code":{"insertions":47,"deletions":47}}},{"hash":"a1dc84671dbf4c5c9af53f09f4ab563895492dbc","isMergeCommit":true,"messageTitle":"Merge pull request #85 from briantjs00/branch-Update-DG-2","messageBody":"Add Parser Sequence Diagram in DG","fileTypesAndContributionMap":{}}]}]},"authorFileTypeContributionMap":{"darrenlsx":{"docs":316,"functional-code":607,"test-code":136},"SSzeWen":{"docs":370,"functional-code":846,"test-code":562,"other":1},"L0Z1K":{"docs":3,"functional-code":210,"test-code":0},"MuxPotato":{"docs":612,"functional-code":281,"test-code":678},"briantjs00":{"docs":144,"functional-code":216,"test-code":94}},"authorContributionVariance":{"darrenlsx":10703.023,"SSzeWen":18273.174,"L0Z1K":5760.74,"MuxPotato":31175.627,"briantjs00":5890.5186},"authorDisplayNameMap":{"darrenlsx":"CS2113-T12-3 LIM ..RREN","SSzeWen":"CS2113-T12-3 SEET.. WEN","L0Z1K":"CS2113-T12-3 BAEK..GYUN","MuxPotato":"CS2113-T12-3 CHEW.. MAX","briantjs00":"CS2113-T12-3 TAN ..RIAN"}}
