{"authorDailyContributionsMap":{"wenxin-c":[{"date":"2023-03-02","commitResults":[{"hash":"1a4bd0fd0c786a24413a534fb6b8f8825736d8d1","isMergeCommit":false,"messageTitle":"rename the app","messageBody":"","fileTypesAndContributionMap":{"functional-code":{"insertions":23,"deletions":21}}}]},{"date":"2023-03-03","commitResults":[{"hash":"66f7e978d6497fb2f0078e9892c6c398aa9f2a22","isMergeCommit":true,"messageTitle":"Merge pull request #1 from wenxin-c/master","messageBody":"rename the app","fileTypesAndContributionMap":{}},{"hash":"33a573fc6a0f5e3a5915d66e7f1fe116e996119a","isMergeCommit":false,"messageTitle":"fix logo bugs","messageBody":"","fileTypesAndContributionMap":{"functional-code":{"insertions":6,"deletions":6}}},{"hash":"d54b2ebd738ef855fca24035f5355bda474d653b","isMergeCommit":true,"messageTitle":"Merge pull request #2 from wenxin-c/master","messageBody":"fix logo bugs","fileTypesAndContributionMap":{}},{"hash":"08adbd7dbe40bbf8bbaee3166b3a7459e89e1a27","isMergeCommit":false,"messageTitle":"update wenxin aboutus","messageBody":"","fileTypesAndContributionMap":{"docs":{"insertions":8,"deletions":7}}}]},{"date":"2023-03-06","commitResults":[{"hash":"c774df4a64639eacc9f6fb4c11b0120b1bdf6f48","isMergeCommit":true,"messageTitle":"Merge pull request #8 from nichyjt/bugfix-textUiTest","messageBody":"Fix text-ui-test bug","fileTypesAndContributionMap":{}},{"hash":"ed0d592b6034f23fb7dfb872bc21effb12b248bd","isMergeCommit":true,"messageTitle":"Merge branch \u0027master\u0027 into wenxin-AboutUs","messageBody":"","fileTypesAndContributionMap":{}},{"hash":"c6a653d656b6001d174a793bddeba42927d9e9a7","isMergeCommit":false,"messageTitle":"update portfolio page","messageBody":"","fileTypesAndContributionMap":{"docs":{"insertions":6,"deletions":1}}},{"hash":"85060fa4225a7d4f20a594c00d601ec787be372c","isMergeCommit":true,"messageTitle":"Merge branch \u0027master\u0027 into haoyangw-AboutUs","messageBody":"","fileTypesAndContributionMap":{}},{"hash":"81c7fc4fad03766cf227d5b97b4c84b3b118dcdc","isMergeCommit":true,"messageTitle":"Merge pull request #9 from haoyangw/haoyangw-AboutUs","messageBody":"Create Haoyang\u0027s profile in documentation","fileTypesAndContributionMap":{}},{"hash":"93a4b48394da84aa85d23ecda1fe99ffdd335a15","isMergeCommit":true,"messageTitle":"Merge branch \u0027master\u0027 into AboutMe","messageBody":"","fileTypesAndContributionMap":{}},{"hash":"5e3266284c6907caaa2c633379d15a5070ca8add","isMergeCommit":true,"messageTitle":"Merge pull request #7 from YongbinWang/AboutMe","messageBody":"aboutme-yongbin","fileTypesAndContributionMap":{}},{"hash":"94832a69a584d64829ee12e86c550e454fa0d631","isMergeCommit":true,"messageTitle":"Merge branch \u0027master\u0027 into Bernard-AboutUs","messageBody":"","fileTypesAndContributionMap":{}}]},{"date":"2023-03-07","commitResults":[{"hash":"0ae1ec76fa7e5791238edb25fd350ea448999586","isMergeCommit":true,"messageTitle":"Merge pull request #14 from BernardLesley/BugFix-AboutUs","messageBody":"Change markdown","fileTypesAndContributionMap":{}}]},{"date":"2023-03-09","commitResults":[{"hash":"982b72eee12f2df206269af862dc3e740a803a83","isMergeCommit":false,"messageTitle":"Add UI class for input and output","messageBody":"","fileTypesAndContributionMap":{"functional-code":{"insertions":72,"deletions":0},"test-code":{"insertions":69,"deletions":0}}},{"hash":"cf9943404e9780e2e80ddf7520d7e04658820594","isMergeCommit":false,"messageTitle":"Fix test method naming format","messageBody":"","fileTypesAndContributionMap":{"test-code":{"insertions":1,"deletions":1}}},{"hash":"2bb52e5115235dc3776ee55f82be49d0d67918a0","isMergeCommit":false,"messageTitle":"Fix read input test bug","messageBody":"","fileTypesAndContributionMap":{"functional-code":{"insertions":2,"deletions":2},"test-code":{"insertions":1,"deletions":0}}},{"hash":"4f9144f8765d96a65ee38e29a3efe4400e635e84","isMergeCommit":false,"messageTitle":"Remove redundant imported file","messageBody":"","fileTypesAndContributionMap":{"test-code":{"insertions":0,"deletions":1}}},{"hash":"1cf1d0627ca1fbe9a6d47a405acc4dd43aa5630d","isMergeCommit":false,"messageTitle":"Fix test scanner bug","messageBody":"","fileTypesAndContributionMap":{"functional-code":{"insertions":18,"deletions":1},"test-code":{"insertions":4,"deletions":2}}},{"hash":"a14a29be44460c82797b5e6a7182799a81ddadd0","isMergeCommit":false,"messageTitle":"Add close method for scanner in test case","messageBody":"","fileTypesAndContributionMap":{"test-code":{"insertions":1,"deletions":0}}},{"hash":"bff9546c0ccc11986ee29ee280caa0a374a46adb","isMergeCommit":false,"messageTitle":"Remove extra spaces","messageBody":"","fileTypesAndContributionMap":{"functional-code":{"insertions":0,"deletions":1}}}]},{"date":"2023-03-10","commitResults":[{"hash":"1800da3e751e548333213f0f209f0554d29a157f","isMergeCommit":false,"messageTitle":"Add exception handler and improve code quality","messageBody":"","fileTypesAndContributionMap":{"functional-code":{"insertions":30,"deletions":36},"test-code":{"insertions":34,"deletions":22}}},{"hash":"114015d2ed93167eed105edd2127707dfe4e76b6","isMergeCommit":true,"messageTitle":"Merge branch \u0027master\u0027 into feature-CommonUIClass","messageBody":"","fileTypesAndContributionMap":{}},{"hash":"768ff2e9e93f49c652544d94aa8fd5ba88b6260e","isMergeCommit":false,"messageTitle":"Fix static declaration order bug","messageBody":"","fileTypesAndContributionMap":{"functional-code":{"insertions":8,"deletions":8}}},{"hash":"b072e47e96a6f15792ead747745c771250698e4e","isMergeCommit":false,"messageTitle":"Fix static declaration order bug","messageBody":"","fileTypesAndContributionMap":{"functional-code":{"insertions":4,"deletions":4}}},{"hash":"661834388f0d98bac3bf137920c861017513bc64","isMergeCommit":false,"messageTitle":"Fix static declaration order bug","messageBody":"","fileTypesAndContributionMap":{"functional-code":{"insertions":4,"deletions":4}}},{"hash":"223172a9050a16408b2956655d22d5ee92853cc3","isMergeCommit":false,"messageTitle":"Change method type to non-static","messageBody":"","fileTypesAndContributionMap":{"functional-code":{"insertions":1,"deletions":1}}},{"hash":"d2e95c6da50ece79578b4f7fa234fd7fefd77b79","isMergeCommit":false,"messageTitle":"Change orders of declaration in test file","messageBody":"","fileTypesAndContributionMap":{"test-code":{"insertions":1,"deletions":1}}},{"hash":"e5a77c55711654616a5a94118a3045a3969894b0","isMergeCommit":false,"messageTitle":"Fix indentation bug and inheritance bug","messageBody":"","fileTypesAndContributionMap":{"functional-code":{"insertions":54,"deletions":7},"test-code":{"insertions":14,"deletions":1}}},{"hash":"2276a2d52fe829a7f7d4d1a7b684063830d1e940","isMergeCommit":false,"messageTitle":"Remove redandunt import","messageBody":"","fileTypesAndContributionMap":{"functional-code":{"insertions":0,"deletions":1}}},{"hash":"c51b32138461a49b79adb651d6f110cc707d7232","isMergeCommit":false,"messageTitle":"Fix coding style violation","messageBody":"","fileTypesAndContributionMap":{"functional-code":{"insertions":19,"deletions":12},"test-code":{"insertions":17,"deletions":16}}},{"hash":"2407758899940a6571a13a70b7cada3b349afe46","isMergeCommit":true,"messageTitle":"Merge branch \u0027master\u0027 of https://github.com/AY2223S2-CS2113-T12-4/tp into feature-CommonUIClass","messageBody":"","fileTypesAndContributionMap":{}},{"hash":"6beaddc9336b4c6e48137ef8a78f73df9eb5d7d5","isMergeCommit":false,"messageTitle":"Fix typo issue","messageBody":"","fileTypesAndContributionMap":{"functional-code":{"insertions":3,"deletions":2}}},{"hash":"24e1ccc5a2937f015fe1b057fdf888ac92490fa7","isMergeCommit":false,"messageTitle":"Remove an extra line","messageBody":"","fileTypesAndContributionMap":{"test-code":{"insertions":0,"deletions":1}}}]},{"date":"2023-03-11","commitResults":[{"hash":"222a8ceee6f2e422d56c84eb55a2f122ab283631","isMergeCommit":false,"messageTitle":"Fix coding style violation","messageBody":"","fileTypesAndContributionMap":{"functional-code":{"insertions":3,"deletions":3},"test-code":{"insertions":3,"deletions":1}}},{"hash":"1a8944ba1d5e5d20a90d0aebb0d125507d4dc5cb","isMergeCommit":true,"messageTitle":"Merge pull request #41 from nichyjt/bugfix-MainArgumentException","messageBody":"Fix getMainException unthrowable error","fileTypesAndContributionMap":{}},{"hash":"a484764191621e6302a7ab37917ea2220bf1d3f7","isMergeCommit":true,"messageTitle":"Merge branch \u0027master\u0027 into feature-CommonUIClass","messageBody":"","fileTypesAndContributionMap":{}},{"hash":"e94c6d52230a3cbb664e18d152c8997d98f4f732","isMergeCommit":true,"messageTitle":"Merge pull request #39 from BernardLesley/Task-WellNusException","messageBody":"Add exception package and add superclass WellNusException","fileTypesAndContributionMap":{}},{"hash":"90957f1ead9c65f01c2d29bb435fa0c7e34bd701","isMergeCommit":false,"messageTitle":"Improve UI print error method","messageBody":"","fileTypesAndContributionMap":{"functional-code":{"insertions":22,"deletions":8},"test-code":{"insertions":15,"deletions":5}}},{"hash":"5a638dda9431eab098f7d56346a69ff3786b7677","isMergeCommit":true,"messageTitle":"Merge pull request #52 from nichyjt/task-Improve-Manager-Usability","messageBody":"Fix Manager bug and improve its usability","fileTypesAndContributionMap":{}}]}],"BernardLesley":[{"date":"2023-03-06","commitResults":[{"hash":"488986fac0d72056e2ae40dee70e720639177630","isMergeCommit":false,"messageTitle":"Add Bernard-About Us","messageBody":"","fileTypesAndContributionMap":{"docs":{"insertions":6,"deletions":1}}},{"hash":"80e1f9ccfb4a09d03174e30c8c2b75d591043eae","isMergeCommit":true,"messageTitle":"Merge pull request #11 from BernardLesley/Bernard-AboutUs","messageBody":"Add Bernard-About Us","fileTypesAndContributionMap":{}},{"hash":"2a471e5694f3c8a84e5c387bbebe06a3b329661e","isMergeCommit":false,"messageTitle":"Change markdown","messageBody":"","fileTypesAndContributionMap":{"docs":{"insertions":1,"deletions":1}}}]},{"date":"2023-03-10","commitResults":[{"hash":"84756ad3024c1f70092cbdd89c57e176d374373b","isMergeCommit":false,"messageTitle":"Add exception package and add superclass for exception","messageBody":"","fileTypesAndContributionMap":{"functional-code":{"insertions":12,"deletions":1},"other":{"insertions":2,"deletions":2},"test-code":{"insertions":1,"deletions":0}}}]}],"haoyangw":[{"date":"2023-03-06","commitResults":[{"hash":"828c44eca68c2f565df272193fcccfda2493ad5a","isMergeCommit":false,"messageTitle":"Create a portfolio page for Haoyang","messageBody":"","fileTypesAndContributionMap":{"docs":{"insertions":6,"deletions":6}}},{"hash":"e79bc7c07d47cbf6a802f3f11f77a28a2dd558de","isMergeCommit":false,"messageTitle":"Update AboutUs page to include Haoyang","messageBody":"","fileTypesAndContributionMap":{"docs":{"insertions":7,"deletions":7}}},{"hash":"8998e39fb90a9aea8516e560039586a40d35b638","isMergeCommit":true,"messageTitle":"Merge branch \u0027master\u0027 into haoyangw-AboutUs","messageBody":"","fileTypesAndContributionMap":{}},{"hash":"afac1fe84d99b19529b3b0dd5f6ce7ff488a0afe","isMergeCommit":true,"messageTitle":"Merge branch \u0027master\u0027 into aboutme-nichyjt","messageBody":"","fileTypesAndContributionMap":{}},{"hash":"b1772518594ce67699c4eb39218bdaa50403f5dd","isMergeCommit":true,"messageTitle":"Merge pull request #10 from nichyjt/aboutme-nichyjt","messageBody":"Add aboutme for Nicholas","fileTypesAndContributionMap":{}},{"hash":"3464fe045474aed73945aeb5c38c31b517bacb01","isMergeCommit":true,"messageTitle":"Merge pull request #13 from haoyangw/feature-gitCodeOwners","messageBody":"Protect repo with CODEOWNERS file","fileTypesAndContributionMap":{}}]},{"date":"2023-03-09","commitResults":[{"hash":"ec2dc661ff78ab9882525f5ddb52025f6d4955a2","isMergeCommit":true,"messageTitle":"Merge pull request #19 from nichyjt/feature-CommandParser","messageBody":"Add Command Parser feature","fileTypesAndContributionMap":{}},{"hash":"ae8a284818012a84075b83a3aed54b1658c1fe14","isMergeCommit":false,"messageTitle":"Define Command superclass","messageBody":"All of WellNus\u0027 supported commands shall inherit from\n  Command.class and implement shared behaviour.\n\nThis ensures that other classes such as WellNus can\n  rely on the fact that all commands will support\n  fundamental functionality such as execute().\n","fileTypesAndContributionMap":{"functional-code":{"insertions":86,"deletions":0}}},{"hash":"87edd72250ea2e3bf78077bcf829b2af6992bc69","isMergeCommit":false,"messageTitle":"Add more class-level documentation","messageBody":"While Command.class doesn\u0027t specify an isValidCommand()\n  implementation, all child classes of Command must\n  provide it so that other classes can use the corresponding\n  isValidCommand() implementation to check whether a set of\n  arguments belong to a specific feature/command.\n\nMake this expectation clear by adding an explanation\n  of this requirement to Command\u0027s class-level documentation.\n","fileTypesAndContributionMap":{"functional-code":{"insertions":4,"deletions":1}}},{"hash":"d90b16ad44693fa3bfe77a0fc4813d7594de5852","isMergeCommit":false,"messageTitle":"Remove comment for deleted attribute","messageBody":"","fileTypesAndContributionMap":{"functional-code":{"insertions":0,"deletions":1}}},{"hash":"cb5780b094008b2d35938e9c721519a2b55306c3","isMergeCommit":false,"messageTitle":"Fix JavaDoc styling","messageBody":"","fileTypesAndContributionMap":{"functional-code":{"insertions":9,"deletions":9}}}]},{"date":"2023-03-10","commitResults":[{"hash":"3c6007679a49fe0887f2960e5236403119e1f36b","isMergeCommit":false,"messageTitle":"Improve documentation/comments","messageBody":"","fileTypesAndContributionMap":{"functional-code":{"insertions":6,"deletions":1}}},{"hash":"1e808d26762b0ee4eed9ac265bf006958e38e3c8","isMergeCommit":false,"messageTitle":"Add null check","messageBody":"In the unlikely case that null is passed as arguments\n  to any Command\u0027s constructor, catch it immediately\n  and throw a BadCommandException to prevent code\n  from attempting to call methods on a null reference\n  (dangerous).\n","fileTypesAndContributionMap":{"functional-code":{"insertions":6,"deletions":1}}},{"hash":"361b01eac26a91131b4c7401eeb52e1c468d68da","isMergeCommit":false,"messageTitle":"Fix JavaDoc formatting","messageBody":"","fileTypesAndContributionMap":{"functional-code":{"insertions":1,"deletions":1}}}]},{"date":"2023-03-11","commitResults":[{"hash":"2296ff70a2741581fa3a0de2bba9e80f94fd6af0","isMergeCommit":true,"messageTitle":"Merge pull request #27 from wenxin-c/feature-CommonUIClass","messageBody":"Add UI class for input and output","fileTypesAndContributionMap":{}},{"hash":"59e86f5d9e6258b3b8a1643cdcbdbdb5b7fe765b","isMergeCommit":true,"messageTitle":"Merge branch \u0027master\u0027 into Task-WellNusException","messageBody":"","fileTypesAndContributionMap":{}},{"hash":"e46cc1168e2782682beba272b2973fc8d31f3ebd","isMergeCommit":true,"messageTitle":"Merge branch \u0027master\u0027 into add-atomic-habits","messageBody":"","fileTypesAndContributionMap":{}}]},{"date":"2023-03-12","commitResults":[{"hash":"450205211b0e741f946657aab4b058ef0d492789","isMergeCommit":true,"messageTitle":"Merge pull request #46 from nichyjt/bugfix-AboutUsPictureRender","messageBody":"Fix AboutUs picture rendering bug","fileTypesAndContributionMap":{}},{"hash":"1df5be7c196d2f545b14c060ca5b78d41c2a7132","isMergeCommit":false,"messageTitle":"Add issue template for \u0027Enhancements\u0027","messageBody":"Enhancements are meant to be for changes to existing\n  implementations, while features are meant to be new\n  additions to WellNus.\n\nDeserves to be its own separate category.\n","fileTypesAndContributionMap":{"docs":{"insertions":21,"deletions":0}}},{"hash":"fdca2f6c6c3a64ec04c150cd5e7349159412a6e8","isMergeCommit":false,"messageTitle":"Update issue template for \u0027Features\u0027","messageBody":"Enhancements are now its separate issue category,\n  so remove it from the features issue template.\n","fileTypesAndContributionMap":{"docs":{"insertions":0,"deletions":1}}}]}],"nichyjt":[{"date":"2023-03-03","commitResults":[{"hash":"2d16386ec8271adbaa60a189241206ce9c2c16dc","isMergeCommit":false,"messageTitle":"Add Issue Templates","messageBody":"","fileTypesAndContributionMap":{"docs":{"insertions":101,"deletions":0}}}]},{"date":"2023-03-06","commitResults":[{"hash":"bcaffabf25f49e70762a8621a6ee06e4865d7b8b","isMergeCommit":false,"messageTitle":" Fix text-ui-test bug","messageBody":"","fileTypesAndContributionMap":{"other":{"insertions":2,"deletions":2}}},{"hash":"12d03873b8de240793f8491ad1e6e23d754ed311","isMergeCommit":false,"messageTitle":"Add aboutme for Nicholas","messageBody":"","fileTypesAndContributionMap":{"docs":{"insertions":13,"deletions":7}}},{"hash":"9464ee71187a0c62236a6e2f9994e85532af330f","isMergeCommit":true,"messageTitle":"Merge pull request #3 from wenxin-c/wenxin-AboutUs","messageBody":"update wenxin aboutus","fileTypesAndContributionMap":{}},{"hash":"a4d00af7f6dcc68c425f29f61f31c9a2a80e4490","isMergeCommit":true,"messageTitle":"Merge branch \u0027master\u0027 into aboutme-nichyjt","messageBody":"","fileTypesAndContributionMap":{}}]},{"date":"2023-03-08","commitResults":[{"hash":"d8ce4886688a869ae35c11a64342684917a6600d","isMergeCommit":false,"messageTitle":"Add user input command parser","messageBody":"","fileTypesAndContributionMap":{"functional-code":{"insertions":84,"deletions":0}}},{"hash":"08153a16a54bdee2325d0e50051c65c0c6cfb2b8","isMergeCommit":false,"messageTitle":"Add CommandParser exception class","messageBody":"","fileTypesAndContributionMap":{"functional-code":{"insertions":7,"deletions":0}}},{"hash":"e26ec5220f1206e097f3794c3dab0675a3d255d8","isMergeCommit":false,"messageTitle":"Add JUnit test for CommandParser","messageBody":"","fileTypesAndContributionMap":{"test-code":{"insertions":107,"deletions":0}}},{"hash":"96fd20e6f4fbea243d543571dafcb538fd50d40d","isMergeCommit":false,"messageTitle":"Add edgecase checks and get MainArg utility","messageBody":"","fileTypesAndContributionMap":{"functional-code":{"insertions":43,"deletions":3}}},{"hash":"3d1dace28210e4ca34ea0b39c5e60bf5030cf6a4","isMergeCommit":false,"messageTitle":"Add JavaDoc for CommandParser","messageBody":"","fileTypesAndContributionMap":{"functional-code":{"insertions":18,"deletions":1}}},{"hash":"1564589ffe3957549a6c84bc680fc9ae11f3a9d0","isMergeCommit":false,"messageTitle":"Format code to coding standards","messageBody":"","fileTypesAndContributionMap":{"functional-code":{"insertions":1,"deletions":1},"test-code":{"insertions":18,"deletions":17}}}]},{"date":"2023-03-09","commitResults":[{"hash":"81233a4ce0c39122bb599bbaed1f349a25d07374","isMergeCommit":false,"messageTitle":"Rename variables for more clarity","messageBody":"","fileTypesAndContributionMap":{"functional-code":{"insertions":5,"deletions":7}}},{"hash":"d90b7ca05e24674a106a1a2bb116a5ee2dbb4481","isMergeCommit":false,"messageTitle":"Fix formatting nit","messageBody":"","fileTypesAndContributionMap":{"functional-code":{"insertions":1,"deletions":1}}},{"hash":"ba1524b55d90b7e8c5800ef48589735c55c37ca6","isMergeCommit":false,"messageTitle":"Fix formatting nit","messageBody":"","fileTypesAndContributionMap":{"test-code":{"insertions":0,"deletions":1}}},{"hash":"7316f0b0837e574c2868d369c41b9d977651847b","isMergeCommit":false,"messageTitle":"Edit documentation from review feedback","messageBody":"","fileTypesAndContributionMap":{"functional-code":{"insertions":13,"deletions":5}}},{"hash":"1d011383cd1b00c13d08e8a455686675cd3b93ae","isMergeCommit":false,"messageTitle":"Fix phrasing inaccuracy","messageBody":"","fileTypesAndContributionMap":{"functional-code":{"insertions":1,"deletions":1}}}]},{"date":"2023-03-10","commitResults":[{"hash":"d87b1d2f094878f0fcacff44a0707cf471468eff","isMergeCommit":true,"messageTitle":"Merge pull request #29 from haoyangw/task-commandSuperClass","messageBody":"Define Command superclass","fileTypesAndContributionMap":{}},{"hash":"3e1699cad21599f76e0894d609ba1eceace90feb","isMergeCommit":false,"messageTitle":"Add Manager class","messageBody":"","fileTypesAndContributionMap":{"functional-code":{"insertions":103,"deletions":0}}},{"hash":"13b65bd0d54c148010e65cb6f9d856fbb547eb7c","isMergeCommit":false,"messageTitle":"Fix parser off by one error","messageBody":"Ignore the main command by starting from one\n","fileTypesAndContributionMap":{"functional-code":{"insertions":2,"deletions":1}}},{"hash":"d6a0d52d46425a59ebf23070dcd1fa3b3a11bf90","isMergeCommit":true,"messageTitle":"Merge pull request #34 from nichyjt/bugfix-CommandParser-ExcludeMain","messageBody":"Fix parser off by one error","fileTypesAndContributionMap":{}},{"hash":"e8935ba7f01d3070c00cf134ed1e1193c392d1fd","isMergeCommit":true,"messageTitle":"Merge branch \u0027master\u0027 of https://github.com/nichyjt/tp into boilerplate-ManagerEventDriver","messageBody":"","fileTypesAndContributionMap":{}},{"hash":"89c84188cffd70456d757854d12c67ba6f38243b","isMergeCommit":false,"messageTitle":"Update Manager\u0027s logical structure","messageBody":"","fileTypesAndContributionMap":{"functional-code":{"insertions":82,"deletions":7}}},{"hash":"49659c6139fc6e1e349c91f244485add73d51c1e","isMergeCommit":false,"messageTitle":"Fix formatting nit","messageBody":"","fileTypesAndContributionMap":{"functional-code":{"insertions":1,"deletions":0}}},{"hash":"fa636083e075b078b3531040c96a927645a05ad1","isMergeCommit":true,"messageTitle":"Merge pull request #33 from nichyjt/boilerplate-ManagerEventDriver","messageBody":"Add Manager class","fileTypesAndContributionMap":{}},{"hash":"6daff359d990f83592b6b97cc2c53f21557589bc","isMergeCommit":false,"messageTitle":"Fix unthrown exception bug","messageBody":"","fileTypesAndContributionMap":{"functional-code":{"insertions":2,"deletions":2}}},{"hash":"5d23242bb8f8fb89a38f06f9fa80e1dfce9b2ef9","isMergeCommit":false,"messageTitle":"Add more unit tests for getMainCommand","messageBody":"","fileTypesAndContributionMap":{"test-code":{"insertions":55,"deletions":2}}},{"hash":"4b8cd27c9925c842473dffb6679d6767c6cf5e8b","isMergeCommit":false,"messageTitle":"Fix import formatting nit","messageBody":"","fileTypesAndContributionMap":{"test-code":{"insertions":7,"deletions":5}}}]},{"date":"2023-03-11","commitResults":[{"hash":"5f4a7bcd564664befceb30bb99af0664b78576cd","isMergeCommit":false,"messageTitle":"Fix picture render bug","messageBody":"","fileTypesAndContributionMap":{"docs":{"insertions":7,"deletions":7}}},{"hash":"d4dfec655d1d1f51a61885c5ce84699d08e8824e","isMergeCommit":true,"messageTitle":"Merge pull request #48 from wenxin-c/feature-ImprovePrintErrorFor","messageBody":"Improve UI print error method","fileTypesAndContributionMap":{}},{"hash":"4da8e20f1302d9c81b88570fcd4d0c0ab4e32b00","isMergeCommit":false,"messageTitle":"Fix constructor bug and clarify usage","messageBody":"","fileTypesAndContributionMap":{"functional-code":{"insertions":13,"deletions":9}}},{"hash":"e55a273b02031985906dfde6c6a748ab90fd3fd7","isMergeCommit":false,"messageTitle":"Remove unnecessary final modifiers","messageBody":"","fileTypesAndContributionMap":{"functional-code":{"insertions":3,"deletions":3}}},{"hash":"fd8349955ddc35e2891e7602aefe31f2b9a94a3c","isMergeCommit":true,"messageTitle":"Merge pull request #31 from YongbinWang/add-atomic-habits","messageBody":"Add atomic habits","fileTypesAndContributionMap":{}}]},{"date":"2023-03-12","commitResults":[{"hash":"1851dc1a3c98a5879a2e7439407f1fb906728046","isMergeCommit":true,"messageTitle":"Merge pull request #57 from haoyangw/task-githubEnhancementTemplate","messageBody":"Add GitHub issue template for \u0027Enhancements\u0027 category","fileTypesAndContributionMap":{}}]}],"YongbinWang":[{"date":"2023-03-05","commitResults":[{"hash":"320213f6e862f941b0c059c36cbd2bbc257a7eb2","isMergeCommit":false,"messageTitle":"updated aboutme task","messageBody":"","fileTypesAndContributionMap":{"docs":{"insertions":7,"deletions":7}}}]},{"date":"2023-03-06","commitResults":[{"hash":"f93ea60484016bcda0c9f6979179d4a7ceba268a","isMergeCommit":true,"messageTitle":"Merge branch \u0027master\u0027 into AboutMe","messageBody":"","fileTypesAndContributionMap":{}},{"hash":"d5919c691daf90b15e36e3fb963c5ce183c00e9e","isMergeCommit":true,"messageTitle":"Merge pull request #4 from AY2223S2-CS2113-T12-4/task-AddIssueTemplates","messageBody":"Add Issue Templates","fileTypesAndContributionMap":{}}]},{"date":"2023-03-09","commitResults":[{"hash":"f361d9a338ebc21c9b15fb3d9fb81127260a7e3e","isMergeCommit":false,"messageTitle":"Implemented base template for atomic Habit add and list","messageBody":"","fileTypesAndContributionMap":{"functional-code":{"insertions":155,"deletions":0}}},{"hash":"a44ea4573869513d4af218aa2d35e8e050cdd1f7","isMergeCommit":true,"messageTitle":"Merge branch \u0027master\u0027 into add-atomic-habits","messageBody":"","fileTypesAndContributionMap":{}}]},{"date":"2023-03-10","commitResults":[{"hash":"d5b5e7598b16e0f9f4c34e559c1162f69224d18c","isMergeCommit":false,"messageTitle":"Integrated common parser with atomic habit feature and improved base code","messageBody":"","fileTypesAndContributionMap":{"functional-code":{"insertions":168,"deletions":82},"other":{"insertions":3,"deletions":3}}},{"hash":"9d14122c94fa4dfb836a0dd557a18365d52a0850","isMergeCommit":false,"messageTitle":"Added test package and file format","messageBody":"","fileTypesAndContributionMap":{"test-code":{"insertions":17,"deletions":0}}},{"hash":"92e4ce6ad178a6b1abf3a544d65db2bca435bd7f","isMergeCommit":false,"messageTitle":"Added basic javadoc","messageBody":"","fileTypesAndContributionMap":{"functional-code":{"insertions":25,"deletions":0}}},{"hash":"3371f317f0f77df8dbf6210446555e6af3ebac85","isMergeCommit":false,"messageTitle":"Addressed reviewer comments","messageBody":"","fileTypesAndContributionMap":{"functional-code":{"insertions":32,"deletions":27},"other":{"insertions":32,"deletions":27},"test-code":{"insertions":2,"deletions":2}}},{"hash":"8ebeace8cbdf40c6231c984a59eaaef08ba41dc7","isMergeCommit":false,"messageTitle":"Resolve additional comments by reviewer","messageBody":"","fileTypesAndContributionMap":{"functional-code":{"insertions":8,"deletions":11},"test-code":{"insertions":0,"deletions":1}}},{"hash":"12edb3d9cd3abb949a54be56f2efcb23132a1e65","isMergeCommit":false,"messageTitle":"Update exception handling and included JUnit testing","messageBody":"","fileTypesAndContributionMap":{"functional-code":{"insertions":44,"deletions":8},"test-code":{"insertions":28,"deletions":3}}},{"hash":"4ef8f1f6e344d5385b014bd353f214fdfe4f07b2","isMergeCommit":true,"messageTitle":"Merge branch \u0027master\u0027 into add-atomic-habits","messageBody":"# Conflicts:\n#\tsrc/main/java/seedu/duke/command/CommandParser.java\n","fileTypesAndContributionMap":{}},{"hash":"f242fce56051da457e1d8167ddb892ee3385edd3","isMergeCommit":false,"messageTitle":"Update formatting for Java CI","messageBody":"","fileTypesAndContributionMap":{"functional-code":{"insertions":21,"deletions":17}}},{"hash":"3e2811a994a2168bd80d206365e398b1c8bbb703","isMergeCommit":false,"messageTitle":"Address Java CI formatting","messageBody":"","fileTypesAndContributionMap":{"functional-code":{"insertions":2,"deletions":3}}},{"hash":"8a31a4790952496b9222cb189d34e35bdb4da2d9","isMergeCommit":false,"messageTitle":"Adhere to Java CI","messageBody":"","fileTypesAndContributionMap":{"test-code":{"insertions":1,"deletions":1}}},{"hash":"6b6328d353d1ecd5998834b34db5097f76725c23","isMergeCommit":false,"messageTitle":"Remove AtomicHabitManager.run() command that causes infinite loop during gradle test","messageBody":"","fileTypesAndContributionMap":{"functional-code":{"insertions":0,"deletions":2}}},{"hash":"6ad2394e2909297477d176dde321158880034a9e","isMergeCommit":false,"messageTitle":"Remove unused import","messageBody":"","fileTypesAndContributionMap":{"functional-code":{"insertions":0,"deletions":2}}}]},{"date":"2023-03-11","commitResults":[{"hash":"bcf03ed2403629099b77dfc8b687cd5f76ec718c","isMergeCommit":true,"messageTitle":"Merge branch \u0027master\u0027 into add-atomic-habits","messageBody":"","fileTypesAndContributionMap":{}},{"hash":"62c16ae0af23b8e5b8983c2cbb0bfb2dac340393","isMergeCommit":false,"messageTitle":"Refactor exception to inherit main \"WellNus\" exception","messageBody":"","fileTypesAndContributionMap":{"functional-code":{"insertions":13,"deletions":9},"test-code":{"insertions":1,"deletions":1}}},{"hash":"82a5e4cc8902cda6e310d9a23ba68531b1fbc158","isMergeCommit":false,"messageTitle":"Integrated with UI class","messageBody":"","fileTypesAndContributionMap":{"functional-code":{"insertions":4,"deletions":5}}},{"hash":"97c61128e50193e28bc62e5c289b9f2528897edf","isMergeCommit":false,"messageTitle":"Remove unused package","messageBody":"","fileTypesAndContributionMap":{"functional-code":{"insertions":0,"deletions":2}}},{"hash":"b0784cfeadd039801b7822f12a00ce46c326f99e","isMergeCommit":false,"messageTitle":"Fix missing space in printing","messageBody":"","fileTypesAndContributionMap":{"functional-code":{"insertions":1,"deletions":1}}},{"hash":"9f905ee91e9d0641026fbcad71475a9cf10ecd12","isMergeCommit":false,"messageTitle":"Fix formatting issues and added additional JavaDoc","messageBody":"","fileTypesAndContributionMap":{"functional-code":{"insertions":26,"deletions":6}}},{"hash":"e0b25861432e20d982bb2a82194737faec48f5c6","isMergeCommit":false,"messageTitle":"Update code to address latest review comments","messageBody":"","fileTypesAndContributionMap":{"functional-code":{"insertions":19,"deletions":12},"test-code":{"insertions":8,"deletions":3}}},{"hash":"a2aef48adf8a8f2328ddc604bbff97e0b6956e0b","isMergeCommit":true,"messageTitle":"Merge branch \u0027master\u0027 into add-atomic-habits","messageBody":"","fileTypesAndContributionMap":{}},{"hash":"da11bd449b2b9a1f58b8fee2fef33cf8df1490cc","isMergeCommit":false,"messageTitle":"Update code according to new TextUi","messageBody":"","fileTypesAndContributionMap":{"functional-code":{"insertions":1,"deletions":1}}}]}]},"authorFileTypeContributionMap":{"wenxin-c":{"docs":7,"functional-code":173,"test-code":109},"BernardLesley":{"docs":5,"functional-code":14,"test-code":1},"haoyangw":{"docs":27,"functional-code":98,"test-code":0},"nichyjt":{"docs":112,"functional-code":335,"test-code":162,"other":2},"YongbinWang":{"docs":6,"functional-code":336,"test-code":46}},"authorContributionVariance":{"wenxin-c":4764.5815,"BernardLesley":15.609375,"haoyangw":510.60416,"nichyjt":6306.6094,"YongbinWang":13907.745},"authorDisplayNameMap":{"wenxin-c":"CS2113-T12-4 CHEN..NXIN","BernardLesley":"CS2113-T12-4 BERN..ENDY","haoyangw":"CS2113-T12-4 WANG..YANG","nichyjt":"CS2113-T12-4 YEK ..OLAS","YongbinWang":"CS2113-T12-4 WANG..GBIN"}}
