{"authorDailyContributionsMap":{"NicholasChungJunJie":[{"date":"2023-03-02","commitResults":[{"hash":"ec3d69686732e162b852992cc60ea56723d193b3","isMergeCommit":false,"messageTitle":"Update AboutUs docs","messageBody":"","fileTypesAndContributionMap":{"docs":{"insertions":7,"deletions":7}}},{"hash":"7a83a1a82422def0ab0f6d4d0b5151e901734d09","isMergeCommit":true,"messageTitle":"Merge branch \u0027master\u0027 of https://github.com/AY2223S2-CS2113T-T09-2/tp into nicholaschungjunjie-AboutUs","messageBody":"# Conflicts:\n#\tdocs/AboutUs.md\n#\tdocs/team/johndoe.md\n#\tdocs/team/nicholaschungjunjie.md\n#\tdocs/team/sansders.md\n","fileTypesAndContributionMap":{}},{"hash":"31a84661ff5d3d1be453a7f1d902c9f857c81673","isMergeCommit":true,"messageTitle":"Merge branch \u0027master\u0027 of https://github.com/AY2223S2-CS2113T-T09-2/tp into nicholaschungjunjie-AboutUs","messageBody":"# Conflicts:\n#\tdocs/AboutUs.md\n","fileTypesAndContributionMap":{}},{"hash":"0b0ca59cb5dabb3249f2fa4cd3c8c3db832130ad","isMergeCommit":true,"messageTitle":"Merge pull request #2 from NicholasChungJunJie/nicholaschungjunjie-AboutUs","messageBody":"Update AboutUs docs","fileTypesAndContributionMap":{}},{"hash":"f4c060c7512cc77533833130c3dc6909040e99e2","isMergeCommit":false,"messageTitle":"Refactor AboutUs.md","messageBody":"","fileTypesAndContributionMap":{"docs":{"insertions":1,"deletions":0}}},{"hash":"8290f722b16a99be6e0cce9552d0142a551dbe15","isMergeCommit":false,"messageTitle":"Refactor AboutUs.md for better readability","messageBody":"","fileTypesAndContributionMap":{"docs":{"insertions":5,"deletions":6}}},{"hash":"4adae911f7a3af6e91f8985016be4289c6fc5d97","isMergeCommit":true,"messageTitle":"Merge pull request #6 from NicholasChungJunJie/nicholaschungjunjie-AboutUs","messageBody":"Refactor AboutUs.md","fileTypesAndContributionMap":{}}]},{"date":"2023-03-06","commitResults":[{"hash":"86d4778da3e99cfc4cd34916aaad91aa7f006b17","isMergeCommit":false,"messageTitle":"Add ItemException class","messageBody":"","fileTypesAndContributionMap":{"functional-code":{"insertions":8,"deletions":0}}},{"hash":"bb47f27e1dcbc898d281c5574862c5047c6b33a5","isMergeCommit":false,"messageTitle":"Add validation class","messageBody":"","fileTypesAndContributionMap":{"functional-code":{"insertions":4,"deletions":0}}},{"hash":"6d0a5993f20fc148392b143e11f1eebf0e6b7e7b","isMergeCommit":false,"messageTitle":"Correct typo","messageBody":"","fileTypesAndContributionMap":{"docs":{"insertions":1,"deletions":1}}},{"hash":"121e0d4d0d6d9bb2410937254e1dca96e5b8f06e","isMergeCommit":true,"messageTitle":"Merge pull request #12 from NicholasChungJunJie/nicholaschungjunjie-AboutUs","messageBody":"Add validation class and ItemException class","fileTypesAndContributionMap":{}},{"hash":"a82aa8e85a0c6dbbd14dea833723302e88928349","isMergeCommit":false,"messageTitle":"Add methods for printing","messageBody":"","fileTypesAndContributionMap":{"functional-code":{"insertions":14,"deletions":0}}},{"hash":"b8a08ffb80af115538a5a8acc130cd63119223c3","isMergeCommit":true,"messageTitle":"Merge pull request #21 from NicholasChungJunJie/nicholaschungjunjie-AboutUs","messageBody":"Add UI methods for printing","fileTypesAndContributionMap":{}}]},{"date":"2023-03-07","commitResults":[{"hash":"e1b758cc96c346d34e157504308ebfd83d547dee","isMergeCommit":false,"messageTitle":"Add validation package","messageBody":"","fileTypesAndContributionMap":{"functional-code":{"insertions":157,"deletions":0}}},{"hash":"8f22308f2ab823047742cc5ba1d3c9b4470f87f4","isMergeCommit":false,"messageTitle":"Refactor constructor","messageBody":"","fileTypesAndContributionMap":{"functional-code":{"insertions":6,"deletions":1}}},{"hash":"92e7e2ec4036a5ce1932cecb6da0ce19769121e9","isMergeCommit":false,"messageTitle":"Add execution for \"additem\" command","messageBody":"","fileTypesAndContributionMap":{"functional-code":{"insertions":15,"deletions":2}}},{"hash":"ad38f38c45484b63fbcdce25e7b86da438654df7","isMergeCommit":true,"messageTitle":"Merge branch \u0027master\u0027 of https://github.com/AY2223S2-CS2113T-T09-2/tp into nicholaschungjunjie-AboutUs","messageBody":"# Conflicts:\n#\tsrc/main/java/validation/invalidArgumentException.java\n#\tsrc/main/java/validation/invalidCommandException.java\n#\tsrc/main/java/validation/invalidFlagException.java\n","fileTypesAndContributionMap":{}},{"hash":"54c2d930fe37afb777fa4959dce59c9aa10efc1c","isMergeCommit":true,"messageTitle":"Merge pull request #1 from NicholasChungJunJie/nicholaschungjunjie-AboutUs","messageBody":"Add \"additem\" command and validation","fileTypesAndContributionMap":{}},{"hash":"05f94dbfd82c3f7f68805ec6934b4fce30419e4c","isMergeCommit":false,"messageTitle":"Refactor additem feature and validation","messageBody":"","fileTypesAndContributionMap":{"functional-code":{"insertions":68,"deletions":33}}},{"hash":"b104de366882a3c19d0eba11ac81c816e1c3e554","isMergeCommit":false,"messageTitle":"Add JUnit test for \"additem\" feature","messageBody":"","fileTypesAndContributionMap":{"test-code":{"insertions":45,"deletions":0}}},{"hash":"9291a21f15308cf11020171cdf0aca567cc29cf9","isMergeCommit":false,"messageTitle":"Refactor access level of methods for JUnit testing","messageBody":"","fileTypesAndContributionMap":{"functional-code":{"insertions":2,"deletions":2}}},{"hash":"35724df4d14f771e214777067b2d80d5d45402fb","isMergeCommit":false,"messageTitle":"Refactor price validation method to trim whitespace","messageBody":"","fileTypesAndContributionMap":{"functional-code":{"insertions":1,"deletions":0}}},{"hash":"4c34b3190c0f7a50cab1dbeb5e22e42576c52218","isMergeCommit":true,"messageTitle":"Merge branch \u0027master\u0027 of https://github.com/AY2223S2-CS2113T-T09-2/tp","messageBody":"# Conflicts:\n#\tsrc/main/java/app/MoneyGoWhere.java\n","fileTypesAndContributionMap":{}},{"hash":"d4dbc8bdd9ad693cc543d32576253c079726e0b5","isMergeCommit":true,"messageTitle":"Merge pull request #36 from yuanners/yuan","messageBody":"Refactor order validation class","fileTypesAndContributionMap":{}},{"hash":"157adad1fee98247c6a1e42c19e20224092617eb","isMergeCommit":true,"messageTitle":"Merge pull request #38 from yuanners/yuan","messageBody":"Add JUnit tests for add order feature","fileTypesAndContributionMap":{}},{"hash":"1460bfae20d682136733637c48284313fa598b96","isMergeCommit":false,"messageTitle":"Refactor code according to coding standards","messageBody":"","fileTypesAndContributionMap":{"functional-code":{"insertions":57,"deletions":57}}},{"hash":"5327c4c60c62e20dbdcedce5ac168648bf6a9f41","isMergeCommit":true,"messageTitle":"Merge branch \u0027master\u0027 of https://github.com/NicholasChungJunJie/tp","messageBody":"# Conflicts:\n#\tsrc/main/java/app/MoneyGoWhere.java\n","fileTypesAndContributionMap":{}},{"hash":"4997b5c3276052f721b6aafd56c4a0daf7e57be0","isMergeCommit":true,"messageTitle":"Merge branch \u0027master\u0027 of https://github.com/AY2223S2-CS2113T-T09-2/tp","messageBody":"# Conflicts:\n#\tsrc/main/java/app/MoneyGoWhere.java\n","fileTypesAndContributionMap":{}},{"hash":"9c5534e992136bcf33914e7f0a0bd6a96b442869","isMergeCommit":false,"messageTitle":"Refactor according to coding standards","messageBody":"","fileTypesAndContributionMap":{"functional-code":{"insertions":21,"deletions":29}}},{"hash":"e7992f97e7d714e839696c244c6d531d14fea320","isMergeCommit":false,"messageTitle":"Refactor static modifier","messageBody":"","fileTypesAndContributionMap":{"functional-code":{"insertions":13,"deletions":13}}},{"hash":"3c1904cf9f990fb5d77bbdcc01386322ffb14619","isMergeCommit":false,"messageTitle":"Refactor code","messageBody":"","fileTypesAndContributionMap":{"functional-code":{"insertions":2,"deletions":2}}}]},{"date":"2023-03-10","commitResults":[{"hash":"fe54798a00b8b26cefac85cb7e2652e11338556e","isMergeCommit":true,"messageTitle":"Merge pull request #51 from yuanners/yuan","messageBody":"Refactor code according to the style checks","fileTypesAndContributionMap":{}},{"hash":"a79a059f43c4fa0abff65db394626187d840ca34","isMergeCommit":true,"messageTitle":"Merge branch \u0027master\u0027 of https://github.com/AY2223S2-CS2113T-T09-2/tp","messageBody":"# Conflicts:\n#\tsrc/main/java/app/MoneyGoWhere.java\n#\tsrc/main/java/item/Item.java\n#\tsrc/main/java/order/OrderInterface.java\n#\tsrc/main/java/utility/Ui.java\n","fileTypesAndContributionMap":{}},{"hash":"ebfabec91131dba61d5022bbc99416567175985f","isMergeCommit":false,"messageTitle":"Refactor Validation classes","messageBody":"","fileTypesAndContributionMap":{"functional-code":{"insertions":178,"deletions":151},"other":{"insertions":2,"deletions":1}}},{"hash":"bf0bb2f53476b0ea8b7eec6f4b3742dcb7df8600","isMergeCommit":true,"messageTitle":"Merge pull request #55 from NicholasChungJunJie/master","messageBody":"Refactor validation package","fileTypesAndContributionMap":{}}]},{"date":"2023-03-13","commitResults":[{"hash":"f8a743f6517758ee7aaf66f911613e35cf96b67a","isMergeCommit":true,"messageTitle":"Merge pull request #82 from yuanners/yuan","messageBody":"Fix check style failure","fileTypesAndContributionMap":{}},{"hash":"9d05ceeba0e5f26e4d2dab95de22be9b716ca959","isMergeCommit":false,"messageTitle":"Add duplicate item name checks","messageBody":"","fileTypesAndContributionMap":{"functional-code":{"insertions":18,"deletions":4},"test-code":{"insertions":1,"deletions":1}}},{"hash":"d41c6db5ca2c437147af276615095461938c95ff","isMergeCommit":false,"messageTitle":"Refactor code","messageBody":"","fileTypesAndContributionMap":{"test-code":{"insertions":1,"deletions":1}}},{"hash":"377ee29908867927076e699a1157826acbee525a","isMergeCommit":true,"messageTitle":"Merge pull request #2 from NicholasChungJunJie/NicholasChungJunJie","messageBody":"Add duplicate item name checks","fileTypesAndContributionMap":{}}]},{"date":"2023-03-14","commitResults":[{"hash":"9664b4da62cfcf2f8ff739112485528c4400fe35","isMergeCommit":false,"messageTitle":"Refactor additem","messageBody":"","fileTypesAndContributionMap":{"functional-code":{"insertions":12,"deletions":16}}},{"hash":"7211b5edeb2b6306a06736dbfdd05d00b4f7dff4","isMergeCommit":false,"messageTitle":"Remove unused import","messageBody":"","fileTypesAndContributionMap":{"functional-code":{"insertions":1,"deletions":1}}},{"hash":"707330b24d8aa4c95cb16cae0d2f9d9036b93d06","isMergeCommit":true,"messageTitle":"Merge pull request #3 from NicholasChungJunJie/NicholasChungJunJie","messageBody":"Refactor additem","fileTypesAndContributionMap":{}},{"hash":"8238672d49e1620b1b0baf4b329f879579f40347","isMergeCommit":false,"messageTitle":"Correct typo","messageBody":"","fileTypesAndContributionMap":{"docs":{"insertions":1,"deletions":1}}},{"hash":"ef73cc962e61b262ee600f20eed9b5125a356a5c","isMergeCommit":false,"messageTitle":"Abstract Moneygowhere.java to make it more readable. Wrap handleCommand() in Moneygowhere.java in a try catch block.","messageBody":"","fileTypesAndContributionMap":{"functional-code":{"insertions":200,"deletions":191},"test-code":{"insertions":17,"deletions":6}}},{"hash":"b004dc97d7424bb52fba90f2d27ba18cfce9ae2b","isMergeCommit":false,"messageTitle":"Refactor according to checkstyle","messageBody":"","fileTypesAndContributionMap":{"functional-code":{"insertions":2,"deletions":8}}},{"hash":"bc787c44efd67f436e474b25527f8d658342752a","isMergeCommit":false,"messageTitle":"Refactor code standards","messageBody":"","fileTypesAndContributionMap":{"functional-code":{"insertions":1,"deletions":1}}},{"hash":"9c087c925eeb518758226b4bfa0744da29b25b4e","isMergeCommit":false,"messageTitle":"Edit name of chicken rice","messageBody":"","fileTypesAndContributionMap":{"test-code":{"insertions":2,"deletions":2}}},{"hash":"027c646b4593a763d466be5bf47aa55a4a551f8b","isMergeCommit":false,"messageTitle":"edit name of chicken rice","messageBody":"","fileTypesAndContributionMap":{"test-code":{"insertions":2,"deletions":2}}},{"hash":"7cbaf3f71f58958744e0175a44f5649cd19f4372","isMergeCommit":false,"messageTitle":"Remove duplicate constants","messageBody":"","fileTypesAndContributionMap":{"functional-code":{"insertions":0,"deletions":1}}},{"hash":"2599740cd08c0d03a512f694f1ed86894d4b966f","isMergeCommit":false,"messageTitle":"Refactor test cases","messageBody":"","fileTypesAndContributionMap":{"test-code":{"insertions":5,"deletions":5}}},{"hash":"44094915279d7ff7e819c25a23f3e0ee49c105e4","isMergeCommit":true,"messageTitle":"Merge pull request #4 from NicholasChungJunJie/NicholasChungJunJie","messageBody":"Nicholas chung jun jie","fileTypesAndContributionMap":{}},{"hash":"ee6fb1f18c102b452ede943e93b5e46465a8b251","isMergeCommit":true,"messageTitle":"Merge pull request #88 from NicholasChungJunJie/master","messageBody":"Refactor and abstract operations out of `Moneygowhere.java`","fileTypesAndContributionMap":{}}]},{"date":"2023-03-15","commitResults":[{"hash":"ac8d4c7eb8e6ff0cc337c4638d66ad0242f4934a","isMergeCommit":false,"messageTitle":"Refactor to use getter methods","messageBody":"","fileTypesAndContributionMap":{"functional-code":{"insertions":109,"deletions":33}}},{"hash":"4c4d991ab63d561a3539e0e02e81f63a8af2c055","isMergeCommit":false,"messageTitle":"Remove unused imports that cause CI to fail","messageBody":"","fileTypesAndContributionMap":{"functional-code":{"insertions":0,"deletions":1}}},{"hash":"0dbe8687b198a063ab9ffde480ff98256bf76ddb","isMergeCommit":false,"messageTitle":"Refactor getter method name","messageBody":"","fileTypesAndContributionMap":{"functional-code":{"insertions":31,"deletions":31}}},{"hash":"3e570c160a2edec822be367841669750be4f15f6","isMergeCommit":false,"messageTitle":"Remove `.trim()` as NULL cannot be trimmed","messageBody":"","fileTypesAndContributionMap":{"functional-code":{"insertions":1,"deletions":1},"test-code":{"insertions":3,"deletions":1}}},{"hash":"2b36139a5d2540fd68fa83a94965a27cb051b028","isMergeCommit":false,"messageTitle":"Refactor comment","messageBody":"","fileTypesAndContributionMap":{"test-code":{"insertions":6,"deletions":2}}},{"hash":"70f678bd7261af0c4adea67d053fe02664befd48","isMergeCommit":true,"messageTitle":"Merge pull request #5 from NicholasChungJunJie/NicholasChungJunJie","messageBody":"Refactor `Ui.java` to use getter methods","fileTypesAndContributionMap":{}},{"hash":"230e9da0a33f8e1c60a1fd0e4d229de446c31d3c","isMergeCommit":false,"messageTitle":"Undo refactoring","messageBody":"","fileTypesAndContributionMap":{"functional-code":{"insertions":1,"deletions":1}}},{"hash":"411d0a918f01923885bbd60d9e05ff5525562ca2","isMergeCommit":true,"messageTitle":"Merge pull request #94 from yuanners/yuan","messageBody":"Refactor order validation","fileTypesAndContributionMap":{}},{"hash":"63612ddc8de2be0780ba1a73193726081f3bb2d9","isMergeCommit":true,"messageTitle":"Merge branch \u0027master\u0027 of https://github.com/AY2223S2-CS2113T-T09-2/tp into NicholasChungJunJie","messageBody":"# Conflicts:\n#\tsrc/main/java/validation/order/OrderValidation.java\n","fileTypesAndContributionMap":{}},{"hash":"178ec9ef80a6e58a37282c276c2fc5e07842bc86","isMergeCommit":false,"messageTitle":"Add newline at the end of file","messageBody":"","fileTypesAndContributionMap":{"test-code":{"insertions":1,"deletions":1}}},{"hash":"adc9a7a0738f2e2cc548f7cd5be1fb66affa6571","isMergeCommit":false,"messageTitle":"Add newline at the end of file","messageBody":"","fileTypesAndContributionMap":{"test-code":{"insertions":1,"deletions":1}}},{"hash":"287c6c5fcc93b498b3a369b73ba0a54ef4f9354d","isMergeCommit":true,"messageTitle":"Merge pull request #100 from yuanners/yuan","messageBody":"Add assertion in validation class to check for unhandled null inputs","fileTypesAndContributionMap":{}},{"hash":"26d51d4dccef263d2de7e52b3b7a16addd894721","isMergeCommit":false,"messageTitle":"Add assertions","messageBody":"","fileTypesAndContributionMap":{"test-code":{"insertions":14,"deletions":2}}},{"hash":"8f048d1518281f74272db57a303a17f41314d2c7","isMergeCommit":false,"messageTitle":"Refactor additem validation","messageBody":"","fileTypesAndContributionMap":{"functional-code":{"insertions":8,"deletions":0}}},{"hash":"76038c09ecbb10cecd1c63f9c215dbdf2bd095bd","isMergeCommit":true,"messageTitle":"Merge branch \u0027master\u0027 of https://github.com/AY2223S2-CS2113T-T09-2/tp into NicholasChungJunJie","messageBody":"","fileTypesAndContributionMap":{}},{"hash":"822de282d2f764794f8984af35701810b030ea2c","isMergeCommit":false,"messageTitle":"Refactor line 43 length","messageBody":"","fileTypesAndContributionMap":{"functional-code":{"insertions":2,"deletions":1}}},{"hash":"adbd079cf063ad01577317f8003a2c768a6047cc","isMergeCommit":false,"messageTitle":"Refactor line 43 length","messageBody":"","fileTypesAndContributionMap":{"functional-code":{"insertions":2,"deletions":1}}},{"hash":"7abd9c340d5361d677f5f140e86a81b1eaa879d0","isMergeCommit":false,"messageTitle":"Refactor ItemTest.java","messageBody":"","fileTypesAndContributionMap":{"test-code":{"insertions":3,"deletions":9}}},{"hash":"219c4887944d874689ad94368a47cf944695215f","isMergeCommit":false,"messageTitle":"Add newline at the end of file","messageBody":"","fileTypesAndContributionMap":{"test-code":{"insertions":2,"deletions":2}}},{"hash":"0709d994f1363d9ad4120a31306e46dde92e49e2","isMergeCommit":true,"messageTitle":"Merge branch \u0027master\u0027 of https://github.com/AY2223S2-CS2113T-T09-2/tp into NicholasChungJunJie","messageBody":"# Conflicts:\n#\tsrc/main/java/utility/Parser.java\n","fileTypesAndContributionMap":{}},{"hash":"3ef4e3fcf9e431d6d1945b2ed3a5c34b6de869d3","isMergeCommit":false,"messageTitle":"Refactor line 40 length","messageBody":"","fileTypesAndContributionMap":{"test-code":{"insertions":2,"deletions":1}}},{"hash":"7641afe2becd1ecb08ee339a2da20f414f71f769","isMergeCommit":false,"messageTitle":"Comment out OrderTest.java methods","messageBody":"","fileTypesAndContributionMap":{"test-code":{"insertions":3,"deletions":3}}},{"hash":"a97d6c8368a4f16eb218fc3088ecb06b0358eb14","isMergeCommit":false,"messageTitle":"Comment out OrderTest.java","messageBody":"","fileTypesAndContributionMap":{"test-code":{"insertions":2,"deletions":2}}},{"hash":"4b9d739a0d57ba6db4761afba52b485b19a7e9d1","isMergeCommit":false,"messageTitle":"Refactor OrderTest.java","messageBody":"","fileTypesAndContributionMap":{"test-code":{"insertions":135,"deletions":134}}},{"hash":"5f43d43c8247cf2513ff3dc096cc6f54448c038e","isMergeCommit":false,"messageTitle":"Reactor OrderTest.java","messageBody":"","fileTypesAndContributionMap":{"test-code":{"insertions":10,"deletions":12}}},{"hash":"31d4622f4f8f83e16708ce172a110b62de215844","isMergeCommit":false,"messageTitle":"Delete OrderTest.java","messageBody":"","fileTypesAndContributionMap":{"test-code":{"insertions":0,"deletions":141}}}]}],"nigelhao":[{"date":"2023-03-02","commitResults":[{"hash":"5b6ddc6547dd798a08697ac3de79693ae9eb7303","isMergeCommit":false,"messageTitle":"Update README","messageBody":"","fileTypesAndContributionMap":{"docs":{"insertions":1,"deletions":1}}},{"hash":"feccc908f69061c9ff8681aa8e444a4e6c5628c4","isMergeCommit":false,"messageTitle":"Update README","messageBody":"","fileTypesAndContributionMap":{"docs":{"insertions":2,"deletions":2}}},{"hash":"7fcd5776727e0bab22310b1a40dd8f4e67037acd","isMergeCommit":false,"messageTitle":"Update AboutUs Docs","messageBody":"","fileTypesAndContributionMap":{"docs":{"insertions":0,"deletions":0}}},{"hash":"f267b16a5c192eb304f9ce56b4fbc47ca0aef007","isMergeCommit":false,"messageTitle":"Revert \"Update AboutUs Docs\"","messageBody":"This reverts commit 7fcd5776727e0bab22310b1a40dd8f4e67037acd.\n","fileTypesAndContributionMap":{"docs":{"insertions":0,"deletions":0}}},{"hash":"28672fad66f2bef8d4e1a7c5c38070627cab6f8c","isMergeCommit":false,"messageTitle":"Update AboutUs Docs","messageBody":"","fileTypesAndContributionMap":{"docs":{"insertions":4,"deletions":8}}},{"hash":"565d233553f52964998939df631afef883be4cf8","isMergeCommit":true,"messageTitle":"Merge pull request #1 from sansders/sansders-AboutUs","messageBody":"Update AboutUs","fileTypesAndContributionMap":{}},{"hash":"def393840d24525b06fdbfb22be76e9a27df87e9","isMergeCommit":true,"messageTitle":"Merge branch \u0027master\u0027 into nigelhao","messageBody":"* master:\n  Update AboutUs\n  Update README\n\n# Conflicts:\n#\tdocs/AboutUs.md\n#\tdocs/team/sansders.md\n","fileTypesAndContributionMap":{}}]},{"date":"2023-03-03","commitResults":[{"hash":"69c8669bdc4cb875048c0e0986ba7277a449779e","isMergeCommit":true,"messageTitle":"Merge remote-tracking branch \u0027upstream/master\u0027 into nigelhao","messageBody":"","fileTypesAndContributionMap":{}}]},{"date":"2023-03-05","commitResults":[{"hash":"5e98c19d8f132b8313d4c243b95959a06fd9d6ce","isMergeCommit":false,"messageTitle":"Add general project structure","messageBody":"","fileTypesAndContributionMap":{"functional-code":{"insertions":191,"deletions":21}}},{"hash":"f0a8ee97a21bd9d55bd22f49fd5b8257ad500b45","isMergeCommit":true,"messageTitle":"Merge pull request #7 from nigelhao/master","messageBody":"Add general project structure","fileTypesAndContributionMap":{}},{"hash":"9c6f87f3285ec635d1dc684ff4974aaa83552bf0","isMergeCommit":false,"messageTitle":"Add command and argument formatting","messageBody":"","fileTypesAndContributionMap":{"functional-code":{"insertions":45,"deletions":3}}},{"hash":"76ba9a24fc469adc24d9c1977228e14698ca3735","isMergeCommit":true,"messageTitle":"Merge pull request #8 from nigelhao/nigelhao","messageBody":"Add command and argument formatting","fileTypesAndContributionMap":{}},{"hash":"b582016be8edfbc82bcbbabf5d4dc57f5bf52395","isMergeCommit":false,"messageTitle":"Update code quality","messageBody":"","fileTypesAndContributionMap":{"functional-code":{"insertions":2,"deletions":2}}},{"hash":"1cdce82f75ae2e16a6ede6e4e52b8706fc8e4de3","isMergeCommit":true,"messageTitle":"Merge pull request #9 from nigelhao/nigelhao","messageBody":"Update code quality","fileTypesAndContributionMap":{}},{"hash":"60574c9fefce4847e9e5ffe85eccde7efe1eb27b","isMergeCommit":false,"messageTitle":"Update code quality again","messageBody":"","fileTypesAndContributionMap":{"functional-code":{"insertions":1,"deletions":1}}},{"hash":"9a147962207c181b378f1c203dec69d5d9dcba2a","isMergeCommit":true,"messageTitle":"Merge pull request #10 from nigelhao/nigelhao","messageBody":"Update code quality again","fileTypesAndContributionMap":{}}]},{"date":"2023-03-06","commitResults":[{"hash":"88b8e301e6d5be2a24f5b18164bf30aa24d0a30e","isMergeCommit":false,"messageTitle":"Add command object","messageBody":"","fileTypesAndContributionMap":{"functional-code":{"insertions":130,"deletions":11}}},{"hash":"07d88c22f687094bd9340e5d40a6eea329a6d426","isMergeCommit":true,"messageTitle":"Merge pull request #11 from nigelhao/nigelhao","messageBody":"Add command object","fileTypesAndContributionMap":{}}]},{"date":"2023-03-08","commitResults":[{"hash":"6e87a2e348aaa00b5e6e0d68f7a63c4d5cfc6fee","isMergeCommit":false,"messageTitle":"Add proper save and load to/from JSON","messageBody":"","fileTypesAndContributionMap":{"functional-code":{"insertions":64,"deletions":11},"other":{"insertions":1,"deletions":0}}},{"hash":"e884d38f9f630579aac3eb9da8e15845befdbea4","isMergeCommit":true,"messageTitle":"Merge branch \u0027save-and-load\u0027","messageBody":"* save-and-load:\n  Add proper save and load to/from JSON\n\n# Conflicts:\n#\tsrc/main/java/app/MoneyGoWhere.java\n#\tsrc/main/java/utility/Parser.java\n","fileTypesAndContributionMap":{}},{"hash":"ddd9d5b62394804d91a68114cc9530a3e6618340","isMergeCommit":false,"messageTitle":"Update code quality","messageBody":"","fileTypesAndContributionMap":{"functional-code":{"insertions":179,"deletions":175},"other":{"insertions":1,"deletions":1},"test-code":{"insertions":4,"deletions":8}}},{"hash":"7975e611723b83eeed9cd546920632220fb32075","isMergeCommit":true,"messageTitle":"Merge pull request #45 from nigelhao/master","messageBody":"Update code quality","fileTypesAndContributionMap":{}},{"hash":"9e183d6d41c2e712232e896b60d99a803f2b8c4f","isMergeCommit":false,"messageTitle":"Update load from json function","messageBody":"","fileTypesAndContributionMap":{"functional-code":{"insertions":41,"deletions":13}}},{"hash":"757be90d6db848f9a31d7c431c2d959fdc2d1f65","isMergeCommit":true,"messageTitle":"Merge pull request #46 from nigelhao/master","messageBody":"Update load from json function","fileTypesAndContributionMap":{}}]},{"date":"2023-03-10","commitResults":[{"hash":"8df22fcafd94379ae57605e3cc30482e5b9db649","isMergeCommit":false,"messageTitle":"Add save and load for orders","messageBody":"","fileTypesAndContributionMap":{"functional-code":{"insertions":167,"deletions":41},"other":{"insertions":1,"deletions":1}}},{"hash":"3221b76624a14b6705ddc63ac4c69f1535c395b3","isMergeCommit":true,"messageTitle":"Merge commit \u0027fe54798a00b8b26cefac85cb7e2652e11338556e\u0027","messageBody":"* commit \u0027fe54798a00b8b26cefac85cb7e2652e11338556e\u0027:\n  Remove unused imports and edit method name to follow checkstyle\n  Remove commented code blocks\n  Correct indentation and comment spacing\n  Edit code according to correct coding style\n  Refactor code according to the style checks 1. Remove static variables 2. Call non-static classes by instance 3. Add javadocs comments for exception and order validation classes\n\n# Conflicts:\n#\tsrc/main/java/item/Item.java\n#\tsrc/main/java/item/ItemList.java\n#\tsrc/main/java/order/OrderInterface.java\n#\tstore/menu.json\n","fileTypesAndContributionMap":{}},{"hash":"72a9e273fb06450b1f2f9418fa4dfda46bafcfd2","isMergeCommit":false,"messageTitle":"Add .gitignore for /store folder","messageBody":"","fileTypesAndContributionMap":{"functional-code":{"insertions":15,"deletions":14}}},{"hash":"fa8617f822fc6d67aa89bb55e11907c116ecebda","isMergeCommit":true,"messageTitle":"Merge pull request #52 from nigelhao/master","messageBody":" Add .gitignore for store folder ","fileTypesAndContributionMap":{}},{"hash":"a92fbe1d754bded5714cc5bf4cd966dbd288f639","isMergeCommit":false,"messageTitle":"Update code quality","messageBody":"","fileTypesAndContributionMap":{"functional-code":{"insertions":5,"deletions":2}}},{"hash":"44397646a07ad2e29a1a2dd1008a348095f13a61","isMergeCommit":true,"messageTitle":"Merge pull request #53 from nigelhao/master","messageBody":"Update code quality","fileTypesAndContributionMap":{}},{"hash":"7744cd03cce47e4825155e283d76e0920280559f","isMergeCommit":false,"messageTitle":"Add javadocs for store class","messageBody":"","fileTypesAndContributionMap":{"functional-code":{"insertions":44,"deletions":3}}},{"hash":"ae3ea2423908032f839df1021dd5d522a1bdf5ab","isMergeCommit":true,"messageTitle":"Merge pull request #54 from nigelhao/master","messageBody":"Add javadocs for store class","fileTypesAndContributionMap":{}}]},{"date":"2023-03-11","commitResults":[{"hash":"15f1b19d9c1d4b18b57aa4364bfbb1a5aee5b8d8","isMergeCommit":false,"messageTitle":"Update dependency version","messageBody":"","fileTypesAndContributionMap":{"functional-code":{"insertions":4,"deletions":6},"other":{"insertions":1,"deletions":1}}},{"hash":"a1b3ab7bda6786e6962375f284cffe80733ef439","isMergeCommit":true,"messageTitle":"Merge commit \u0027124015c4a26069dfa40a757ca3f23faf28706174\u0027 into router","messageBody":"* commit \u0027124015c4a26069dfa40a757ca3f23faf28706174\u0027:\n  Remove comments\n  Remove unused imports\n  Remove JUnit test temporarily\n  Update  JUnit test\n  Remove unused import\n  Removed unused import\n  Remove unused import\n  Update code quality\n  Update addorder method\n  Run and passed JUnit tests\n  Refactor Validation classes\n  Refactor code\n  Refactor static modifier\n  Refactor according to coding standards\n  Refactor code according to coding standards\n","fileTypesAndContributionMap":{}}]},{"date":"2023-03-13","commitResults":[{"hash":"656edbb163966d9db37e19378f1f67873ae1d6ec","isMergeCommit":false,"messageTitle":"Add store junit test","messageBody":"","fileTypesAndContributionMap":{"functional-code":{"insertions":40,"deletions":2},"other":{"insertions":3,"deletions":3},"test-code":{"insertions":31,"deletions":0}}},{"hash":"60db0a98bc93cfd54bd557940327c00a57681002","isMergeCommit":true,"messageTitle":"Merge branch \u0027router\u0027","messageBody":"* router:\n  Add store junit test\n  Update dependency version\n\n# Conflicts:\n#\tstore/menu.json\n","fileTypesAndContributionMap":{}},{"hash":"961bb42c11bf2ad2f0d30065178f9651c439f901","isMergeCommit":true,"messageTitle":"Merge commit \u0027f32517541428ebdaf217a0e2129ff902d60d2ac0\u0027","messageBody":"* commit \u0027f32517541428ebdaf217a0e2129ff902d60d2ac0\u0027:\n  Refactor Code: Rename itemList to Menu, orderList to Transactions\n  Add structure to UG\n  Fix error message\n","fileTypesAndContributionMap":{}}]},{"date":"2023-03-14","commitResults":[{"hash":"1a02d6e6319db65e7b0733e667df4df9c09cb694","isMergeCommit":true,"messageTitle":"Merge commit \u0027d2020aadd6116394b49899d6eef0f8ce3a91c468\u0027","messageBody":"* commit \u0027d2020aadd6116394b49899d6eef0f8ce3a91c468\u0027:\n  Refactor code\n  Add duplicate item name checks\n  Fix order test\n  Remove special character validation check\n  Remove unused exception message\n  Fix order test\n  Edit price validation\n  Fix javadoc comment position\n  Fix check style failure\n  Add integer overflow handling\n  Tidy up UI, Validation\n  Tidy the UI slightly\n  Add default case error\n  Update json files\n  Refactor code\n  Fix naming issues, refactor test code\n  Fix item deletion\n\n# Conflicts:\n#\tsrc/main/java/app/MoneyGoWhere.java\n#\tsrc/main/java/order/Transaction.java\n#\tstore/menu.json\n#\tstore/orders.json\n","fileTypesAndContributionMap":{}}]},{"date":"2023-03-15","commitResults":[{"hash":"31ae57eef1cfc74e194160957881fb9c61dd0f01","isMergeCommit":false,"messageTitle":"Update format argument parser","messageBody":"","fileTypesAndContributionMap":{"functional-code":{"insertions":28,"deletions":9},"test-code":{"insertions":47,"deletions":20}}},{"hash":"aa24d9e026768071257e82dc81bcbc2c9cf71f5e","isMergeCommit":true,"messageTitle":"Merge commit \u0027411d0a918f01923885bbd60d9e05ff5525562ca2\u0027","messageBody":"* commit \u0027411d0a918f01923885bbd60d9e05ff5525562ca2\u0027: (31 commits)\n  Fix order test\n  Remove unused import in itemTest\n  Remove unused import\n  Remove deleted exceptions\n  Handle addorder -i validation\n  Refactor comment\n  Remove `.trim()` as NULL cannot be trimmed\n  Refactor getter method name\n  Remove unused imports that cause CI to fail\n  Refactor to use getter methods\n  Remove unused argument\n  Test files\n  Refactor test cases\n  Remove duplicate constants\n  edit name of chicken rice\n  Edit name of chicken rice\n  Refactor code standards\n  Refactor according to checkstyle\n  Abstract Moneygowhere.java to make it more readable. Wrap handleCommand() in Moneygowhere.java in a try catch block.\n  Correct typo\n  ...\n\n# Conflicts:\n#\tsrc/main/java/app/MoneyGoWhere.java\n#\tstore/menu.json\n#\tstore/orders.json\n","fileTypesAndContributionMap":{}},{"hash":"861a36d5b5ac17f184c1f97355a9d9d3a215edbd","isMergeCommit":true,"messageTitle":"Merge pull request #95 from nigelhao/master","messageBody":"Update format argument parser","fileTypesAndContributionMap":{}},{"hash":"ce8b59008ce471af36b7491cd76299a97e019352","isMergeCommit":false,"messageTitle":"Update .gitigonore to ignore datastore folder","messageBody":"","fileTypesAndContributionMap":{"functional-code":{"insertions":1,"deletions":1}}},{"hash":"1afec6001a0c608d06793aa1c0583ff360f5e15d","isMergeCommit":true,"messageTitle":"Merge commit \u0027861a36d5b5ac17f184c1f97355a9d9d3a215edbd\u0027","messageBody":"* commit \u0027861a36d5b5ac17f184c1f97355a9d9d3a215edbd\u0027:\n","fileTypesAndContributionMap":{}},{"hash":"16ae23c73e20046b1810b7b638c4376328e0c549","isMergeCommit":true,"messageTitle":"Merge pull request #96 from nigelhao/master","messageBody":"Update .gitigonore to ignore datastore folder","fileTypesAndContributionMap":{}},{"hash":"2ec5d3322514d1b4b481d6cd097d1f82fc264043","isMergeCommit":true,"messageTitle":"Merge commit \u0027caaac431f7c91a145e894fe3e2a96df08caa3d27\u0027","messageBody":"* commit \u0027caaac431f7c91a145e894fe3e2a96df08caa3d27\u0027:\n  Add assertions\n  Add assertion in validation class to check for unhandled null inputs\n  Add new line in parser test\n  Add newline at the end of file\n  Add newline at the end of file\n  Remove unused imports\n  Fix failing CI\n  Handle validation for add multiple orders\n  Undo refactoring\n","fileTypesAndContributionMap":{}},{"hash":"6702ee75e418075f2bd73baf7efcad08422fcc6b","isMergeCommit":false,"messageTitle":"Fix format argument parser bug","messageBody":"","fileTypesAndContributionMap":{"functional-code":{"insertions":1,"deletions":2},"test-code":{"insertions":11,"deletions":0}}},{"hash":"92941e371edabb52c81c7832beb1080b19fff030","isMergeCommit":true,"messageTitle":"Merge pull request #104 from nigelhao/master","messageBody":"Fix format argument parser bug","fileTypesAndContributionMap":{}},{"hash":"040e7ca4e985728bf36c53669ee5c1408a482ee7","isMergeCommit":false,"messageTitle":"Fix another format argument parser bug","messageBody":"","fileTypesAndContributionMap":{"functional-code":{"insertions":1,"deletions":1}}},{"hash":"474d9aa35ea4f6fc172cb202e79ea0469fd33d86","isMergeCommit":true,"messageTitle":"Merge commit \u0027587ad977e740e22961518ae5adb51935e0ecd623\u0027","messageBody":"* commit \u0027587ad977e740e22961518ae5adb51935e0ecd623\u0027:\n  Update handleMultipleOrder to take in : instead of space\n","fileTypesAndContributionMap":{}},{"hash":"e27aaa953043856090632298e91e885364a49693","isMergeCommit":true,"messageTitle":"Merge pull request #107 from nigelhao/master","messageBody":"Fix another format argument parser fix","fileTypesAndContributionMap":{}}]}],"natashatanyt":[{"date":"2023-03-02","commitResults":[{"hash":"73fb85386402d2e70df193b10a0a32175fda81bd","isMergeCommit":false,"messageTitle":"Edit AboutUs","messageBody":"","fileTypesAndContributionMap":{"docs":{"insertions":4,"deletions":8}}},{"hash":"d4d669777e2f8eebe03100c205ea2152c1c2cac5","isMergeCommit":true,"messageTitle":"Merge branch \u0027master\u0027 of https://github.com/AY2223S2-CS2113T-T09-2/tp into Natasha-AboutUs","messageBody":"# Conflicts:\n#\tdocs/AboutUs.md\n#\tdocs/team/johndoe.md\n#\tdocs/team/natashatanyt.md\n#\tdocs/team/sansders.md\n","fileTypesAndContributionMap":{}},{"hash":"964514746b23af04acaf48713e53a67a2f85819b","isMergeCommit":true,"messageTitle":"Merge pull request #4 from natashatanyt/Natasha-AboutUs","messageBody":"Edit AboutUs","fileTypesAndContributionMap":{}}]},{"date":"2023-03-06","commitResults":[{"hash":"1f529a8b34aaeef51bbbd25ee9cdac6d577c0fb7","isMergeCommit":false,"messageTitle":"Add listitem and deleteitem","messageBody":"","fileTypesAndContributionMap":{"functional-code":{"insertions":23,"deletions":3}}},{"hash":"8563f94f70d6ce1d2923b8579d6236de7cc7edf7","isMergeCommit":false,"messageTitle":"Fix formatting for listitem","messageBody":"","fileTypesAndContributionMap":{"functional-code":{"insertions":1,"deletions":1}}},{"hash":"c3f5e38ac810f6def3bfc0c5da433454db4da373","isMergeCommit":true,"messageTitle":"Merge pull request #16 from sansders/master","messageBody":"Add Order template and variables and methods","fileTypesAndContributionMap":{}},{"hash":"5aa77894ffffeddf91904f6b5a05998e4ac69173","isMergeCommit":true,"messageTitle":"Merge branch \u0027master\u0027 into master","messageBody":"","fileTypesAndContributionMap":{}},{"hash":"c56fd8f13f8fa52d79be5eb8e96f4d5eb0e7dc90","isMergeCommit":true,"messageTitle":"Merge pull request #18 from natashatanyt/master","messageBody":"Add listitem and deleteitem","fileTypesAndContributionMap":{}},{"hash":"4b1611855533ad82b8031f11c70896406bb18e4b","isMergeCommit":true,"messageTitle":"Merge pull request #22 from yuanners/yuan","messageBody":"Update validation class and add custom exceptions","fileTypesAndContributionMap":{}}]},{"date":"2023-03-07","commitResults":[{"hash":"568eaca8fb5af56af6a6550c6f36210589d5ce0e","isMergeCommit":false,"messageTitle":"Edit listitem and additem","messageBody":"","fileTypesAndContributionMap":{"functional-code":{"insertions":96,"deletions":43}}},{"hash":"08773aad17aad6bf4ae5be67aab13fdb98bb0680","isMergeCommit":true,"messageTitle":"Merge pull request #41 from natashatanyt/master","messageBody":"Edit listitem, additem and deleteitem","fileTypesAndContributionMap":{}}]},{"date":"2023-03-09","commitResults":[{"hash":"2b99d6df06a9655536a936e60862a4cee7175042","isMergeCommit":false,"messageTitle":"Add to ItemTest","messageBody":"","fileTypesAndContributionMap":{"test-code":{"insertions":4,"deletions":1}}},{"hash":"7ff7ca557a310fdce43452a7083bf148c6454746","isMergeCommit":true,"messageTitle":"Merge pull request #48 from natashatanyt/master","messageBody":"Add to ItemTest","fileTypesAndContributionMap":{}}]},{"date":"2023-03-11","commitResults":[{"hash":"e21e91658acc89e18c79e148b7d7487ed9c988c7","isMergeCommit":false,"messageTitle":"Format DateTime for printing Orders","messageBody":"","fileTypesAndContributionMap":{"functional-code":{"insertions":4,"deletions":4}}},{"hash":"5d9af92277226670d5f87d832854d8c203ad3999","isMergeCommit":true,"messageTitle":"Merge branch \u0027master\u0027 into master","messageBody":"","fileTypesAndContributionMap":{}},{"hash":"f6b94e8abdded0197f2ff8dd15812c577353db7f","isMergeCommit":false,"messageTitle":"Fix style issue","messageBody":"","fileTypesAndContributionMap":{"functional-code":{"insertions":1,"deletions":1}}},{"hash":"2fefb4c3331ef4ebffd4f67dc900e08a316ef5c9","isMergeCommit":true,"messageTitle":"Merge pull request #60 from natashatanyt/master","messageBody":"Format DateTime for printing Orders","fileTypesAndContributionMap":{}},{"hash":"534fccf875c49333f325184fcd480b067e4324d3","isMergeCommit":false,"messageTitle":"Fix formatting for datetime","messageBody":"","fileTypesAndContributionMap":{"functional-code":{"insertions":1,"deletions":1}}},{"hash":"292af7e40b025b0b60b071c1018badf80382346d","isMergeCommit":true,"messageTitle":"Merge pull request #62 from natashatanyt/master","messageBody":"Fix formatting for datetime","fileTypesAndContributionMap":{}}]},{"date":"2023-03-13","commitResults":[{"hash":"3978080608eedb646331246eb578ecf9b64ffba5","isMergeCommit":false,"messageTitle":"Fix error message","messageBody":"","fileTypesAndContributionMap":{"functional-code":{"insertions":1,"deletions":1}}},{"hash":"dc2192e3625afbca3cc766de6d39c048e51f201d","isMergeCommit":false,"messageTitle":"Add structure to UG","messageBody":"","fileTypesAndContributionMap":{"docs":{"insertions":30,"deletions":20}}},{"hash":"62cfc46cb257a72b3dfefa23f8002ed919df5c03","isMergeCommit":true,"messageTitle":"Merge pull request #72 from natashatanyt/master","messageBody":"Fix error message and Add structure to UG","fileTypesAndContributionMap":{}},{"hash":"5401e8b3fcd0081174336c9bcb58981df2f96d8a","isMergeCommit":false,"messageTitle":"Refactor Code: Rename itemList to Menu, orderList to Transactions","messageBody":"","fileTypesAndContributionMap":{"functional-code":{"insertions":12,"deletions":12},"other":{"insertions":4,"deletions":4}}},{"hash":"f32517541428ebdaf217a0e2129ff902d60d2ac0","isMergeCommit":true,"messageTitle":"Merge pull request #76 from natashatanyt/master","messageBody":"Refactor Code: Rename itemList to Menu, orderList to Transactions","fileTypesAndContributionMap":{}},{"hash":"0af90b668944daa25e1e215a936ff17797aa04c8","isMergeCommit":false,"messageTitle":"Fix item deletion","messageBody":"","fileTypesAndContributionMap":{"functional-code":{"insertions":2,"deletions":0}}},{"hash":"66d3c18c1fb84fadf2629477ea4331a3156e35ed","isMergeCommit":true,"messageTitle":"Merge pull request #78 from natashatanyt/fix-item-deletion","messageBody":"Fix item deletion","fileTypesAndContributionMap":{}},{"hash":"b12989b2d0879d551f58d49e88888b2408abda6c","isMergeCommit":false,"messageTitle":"Fix naming issues, refactor test code","messageBody":"","fileTypesAndContributionMap":{"functional-code":{"insertions":8,"deletions":8},"test-code":{"insertions":48,"deletions":48}}},{"hash":"8826443b58214c544056dc21d4b9a016572aeada","isMergeCommit":false,"messageTitle":"Refactor code","messageBody":"","fileTypesAndContributionMap":{"functional-code":{"insertions":3,"deletions":3},"other":{"insertions":11,"deletions":11}}},{"hash":"7d2ac2e34920ba7fe82252bb1cc8491dc1ce02b8","isMergeCommit":true,"messageTitle":"Merge branch \u0027master\u0027 of https://github.com/AY2223S2-CS2113T-T09-2/tp","messageBody":"","fileTypesAndContributionMap":{}},{"hash":"4e84af11b85734af13103d508054e70cec051eb4","isMergeCommit":true,"messageTitle":"Merge pull request #79 from natashatanyt/master","messageBody":"Fix naming issues, refactor test code","fileTypesAndContributionMap":{}},{"hash":"32f95ecc443f62d79e2933b637c59f2d0e7b3140","isMergeCommit":false,"messageTitle":"Add default case error","messageBody":"","fileTypesAndContributionMap":{"functional-code":{"insertions":4,"deletions":1}}},{"hash":"2471034791d4de9936d74688e21e88b871976a75","isMergeCommit":false,"messageTitle":"Tidy the UI slightly","messageBody":"","fileTypesAndContributionMap":{"functional-code":{"insertions":99,"deletions":84}}},{"hash":"b3b5876961577ac82275036dc9e22fa47bcefc1b","isMergeCommit":false,"messageTitle":"Tidy up UI, Validation","messageBody":"","fileTypesAndContributionMap":{"functional-code":{"insertions":115,"deletions":138},"test-code":{"insertions":2,"deletions":2}}},{"hash":"bfe627c25cfbb7c8b86fa7b3b6f2f38e24a3d4e2","isMergeCommit":false,"messageTitle":"Add integer overflow handling","messageBody":"","fileTypesAndContributionMap":{"functional-code":{"insertions":10,"deletions":2}}},{"hash":"2732f2d651e12c9ad7a07567aab8d393d5ce7e2f","isMergeCommit":false,"messageTitle":"Edit price validation","messageBody":"","fileTypesAndContributionMap":{"functional-code":{"insertions":18,"deletions":3}}},{"hash":"83d7100d95a74b0f98bcc47737f1e151084ba328","isMergeCommit":true,"messageTitle":"Merge pull request #83 from natashatanyt/master","messageBody":"Edit price validation","fileTypesAndContributionMap":{}}]},{"date":"2023-03-16","commitResults":[{"hash":"1816e8f0677d9c120a0747f70d351a8db04709b2","isMergeCommit":false,"messageTitle":"Add table of contents","messageBody":"","fileTypesAndContributionMap":{"docs":{"insertions":26,"deletions":5}}},{"hash":"6163efe25e8a0dec28d78f4876bdbb258812d156","isMergeCommit":false,"messageTitle":"Add find item","messageBody":"","fileTypesAndContributionMap":{"functional-code":{"insertions":110,"deletions":35},"test-code":{"insertions":7,"deletions":7}}},{"hash":"48120b61263cb1ec4190d6e2c65a8e094b969faf","isMergeCommit":false,"messageTitle":"Fix styling issue","messageBody":"","fileTypesAndContributionMap":{"functional-code":{"insertions":32,"deletions":32}}},{"hash":"b9a3db068199e16ecf1169c3689671b44c5714e2","isMergeCommit":false,"messageTitle":"change command name","messageBody":"","fileTypesAndContributionMap":{"functional-code":{"insertions":1,"deletions":1}}}]}],"sansders":[{"date":"2023-03-02","commitResults":[{"hash":"72d8558982f97416b88d9c51f58f6c7e06d93ac6","isMergeCommit":false,"messageTitle":"Update AboutUs","messageBody":"","fileTypesAndContributionMap":{"docs":{"insertions":4,"deletions":8}}},{"hash":"bda551ceb8c93caa4c865878c7ac28aba723d6d5","isMergeCommit":true,"messageTitle":"Merge pull request #5 from nigelhao/nigelhao","messageBody":"Add AboutUs","fileTypesAndContributionMap":{}}]},{"date":"2023-03-06","commitResults":[{"hash":"38ffc6c487f5c591574b1baf5757f87f2b5cae0e","isMergeCommit":false,"messageTitle":"Add Order template and variables and methods","messageBody":"","fileTypesAndContributionMap":{"functional-code":{"insertions":44,"deletions":5}}}]},{"date":"2023-03-07","commitResults":[{"hash":"ba995567019ed49553a888c10628af1aae2518d3","isMergeCommit":false,"messageTitle":"Update code to adhere to Coding Conventions","messageBody":"","fileTypesAndContributionMap":{"functional-code":{"insertions":59,"deletions":59}}},{"hash":"8b078bf1b78198a5aba6ad9956e469de941d3bef","isMergeCommit":true,"messageTitle":"Merge pull request #35 from sansders/master","messageBody":"Update code to adhere to Coding Conventions","fileTypesAndContributionMap":{}},{"hash":"a2a5e108291d39b1ee859c6228d98352471007c5","isMergeCommit":false,"messageTitle":"Add functionality to add OrderEntry and Order","messageBody":"","fileTypesAndContributionMap":{"functional-code":{"insertions":191,"deletions":37}}},{"hash":"b3bed632378b5bb98971efdf20596191047a9f80","isMergeCommit":false,"messageTitle":"Add print order list method","messageBody":"","fileTypesAndContributionMap":{"functional-code":{"insertions":32,"deletions":28}}},{"hash":"6d8befb95ada1cf9d9eff4e8220ddf1167e9d6ed","isMergeCommit":true,"messageTitle":"Merge branch \u0027master\u0027 into master","messageBody":"","fileTypesAndContributionMap":{}},{"hash":"d340dc7b085e13f169e3ea0acb45ac66af6e2cd4","isMergeCommit":true,"messageTitle":"Merge pull request #43 from sansders/master","messageBody":"Add functionality to add OrderEntry and Order","fileTypesAndContributionMap":{}}]},{"date":"2023-03-10","commitResults":[{"hash":"7a5e441e7c5da69d017b6c9a4c93ecd45cf6c7d4","isMergeCommit":false,"messageTitle":"Update addorder method","messageBody":"","fileTypesAndContributionMap":{"functional-code":{"insertions":47,"deletions":37}}},{"hash":"739f91d6c5d784c8893a3355e4add5bfa23d07f6","isMergeCommit":false,"messageTitle":"Update code quality","messageBody":"","fileTypesAndContributionMap":{"functional-code":{"insertions":8,"deletions":40}}},{"hash":"b07622cb8bc82b485546b2da48e4846cc032c41f","isMergeCommit":true,"messageTitle":"Merge pull request #57 from sansders/master","messageBody":"Update addorder method","fileTypesAndContributionMap":{}},{"hash":"0a24fc6963f5f0aa8199d1b0a2599504571782ff","isMergeCommit":false,"messageTitle":"Remove unused import","messageBody":"","fileTypesAndContributionMap":{"functional-code":{"insertions":0,"deletions":1}}},{"hash":"4f5f6695a3643d304968318fc4b95276c3e3fe3f","isMergeCommit":false,"messageTitle":"Removed unused import","messageBody":"","fileTypesAndContributionMap":{"functional-code":{"insertions":0,"deletions":1}}},{"hash":"43bede8f5db32f926ec5ecfbd33e8a2b53c0357f","isMergeCommit":false,"messageTitle":"Remove unused import","messageBody":"","fileTypesAndContributionMap":{"functional-code":{"insertions":0,"deletions":1}}},{"hash":"29709dd9e9528bb92ad50bbb8c119507e6f7916e","isMergeCommit":false,"messageTitle":"Update  JUnit test","messageBody":"","fileTypesAndContributionMap":{"test-code":{"insertions":4,"deletions":3}}},{"hash":"8879b10cf59aa1940eccfdff5cb29c694587b0b2","isMergeCommit":false,"messageTitle":"Remove JUnit test temporarily","messageBody":"","fileTypesAndContributionMap":{"test-code":{"insertions":7,"deletions":7}}}]},{"date":"2023-03-11","commitResults":[{"hash":"be036bd46ac70847bc07ed24b3690c3877e3e9a5","isMergeCommit":false,"messageTitle":"Remove unused imports","messageBody":"","fileTypesAndContributionMap":{"test-code":{"insertions":3,"deletions":3}}},{"hash":"009ed9eb883e04f05ae13fb58d6002c27852d30a","isMergeCommit":false,"messageTitle":"Remove comments","messageBody":"","fileTypesAndContributionMap":{"test-code":{"insertions":0,"deletions":12}}},{"hash":"124015c4a26069dfa40a757ca3f23faf28706174","isMergeCommit":true,"messageTitle":"Merge pull request #58 from sansders/master","messageBody":"Remove unused import","fileTypesAndContributionMap":{}},{"hash":"ecf4ad2f209f5079900dfbe13b113e015f7db99c","isMergeCommit":false,"messageTitle":"Add OrderTest methods","messageBody":"","fileTypesAndContributionMap":{"test-code":{"insertions":118,"deletions":10}}},{"hash":"6b068829c4f8567df3113643836ecc6ae2182e35","isMergeCommit":true,"messageTitle":"Merge remote-tracking branch \u0027origin/master\u0027","messageBody":"","fileTypesAndContributionMap":{}},{"hash":"1ae953bfca82eaa797ff6830cec4980326dcb2f5","isMergeCommit":false,"messageTitle":"Add OrderTest methods","messageBody":"","fileTypesAndContributionMap":{"functional-code":{"insertions":1,"deletions":5},"test-code":{"insertions":3,"deletions":0}}},{"hash":"e1238b68e6865e7fd340ae3b2a9bd1292c4de10e","isMergeCommit":false,"messageTitle":"Remove unused comment","messageBody":"","fileTypesAndContributionMap":{"test-code":{"insertions":0,"deletions":3}}},{"hash":"00cc1743289c6582fda5686d3ed6933410c2ceb7","isMergeCommit":true,"messageTitle":"Merge pull request #61 from sansders/master","messageBody":"Add OrderTest methods","fileTypesAndContributionMap":{}}]},{"date":"2023-03-12","commitResults":[{"hash":"352c63f987e43980ce18d64229245da464db0ba5","isMergeCommit":false,"messageTitle":"Add javadocs to classes in `order` package","messageBody":"","fileTypesAndContributionMap":{"functional-code":{"insertions":131,"deletions":4}}},{"hash":"d6c897c2021a9abd298ea21a27d050b45f3edd55","isMergeCommit":true,"messageTitle":"Merge pull request #63 from sansders/master","messageBody":"Add javadocs to classes in `order` package","fileTypesAndContributionMap":{}}]},{"date":"2023-03-15","commitResults":[{"hash":"2dee53cabe7d5c589eab056bd8300df9b49f7829","isMergeCommit":false,"messageTitle":"Remove unused argument","messageBody":"","fileTypesAndContributionMap":{"functional-code":{"insertions":14,"deletions":15}}},{"hash":"7a686d1bb0890773bdd0b605bec3d9d856d43e6d","isMergeCommit":true,"messageTitle":"Merge pull request #90 from sansders/master","messageBody":"Remove unused argument","fileTypesAndContributionMap":{}},{"hash":"b903ea4da4d02d08f451e00599b02fb29eab77ee","isMergeCommit":false,"messageTitle":"Update handleMultipleOrder to take in : instead of space","messageBody":"","fileTypesAndContributionMap":{"functional-code":{"insertions":2,"deletions":2},"test-code":{"insertions":2,"deletions":2}}},{"hash":"587ad977e740e22961518ae5adb51935e0ecd623","isMergeCommit":true,"messageTitle":"Merge pull request #105 from sansders/master","messageBody":"Update handleMultipleOrder to take in : instead of space","fileTypesAndContributionMap":{}}]},{"date":"2023-03-16","commitResults":[{"hash":"878db494d4f8b48255db7326f8cc3ffd6c04ddd1","isMergeCommit":true,"messageTitle":"Merge pull request #109 from natashatanyt/find","messageBody":"Add find item","fileTypesAndContributionMap":{}},{"hash":"50dc3b40fb132732e356b7012d8babf20735a5ae","isMergeCommit":false,"messageTitle":"Update findItem Methods","messageBody":"","fileTypesAndContributionMap":{"functional-code":{"insertions":34,"deletions":12}}},{"hash":"f0993515c09cc383809aa833be1264bcb7dd4891","isMergeCommit":false,"messageTitle":"Remove unused import","messageBody":"","fileTypesAndContributionMap":{"functional-code":{"insertions":0,"deletions":1}}}]},{"date":"2023-03-17","commitResults":[{"hash":"eb86f5ffc6af1ac636512f8f188aa4dcc344b712","isMergeCommit":false,"messageTitle":"Add function to add item to order by substring","messageBody":"","fileTypesAndContributionMap":{"functional-code":{"insertions":94,"deletions":38}}},{"hash":"27128a88089d26120564ea6ada498337bafe6c4d","isMergeCommit":false,"messageTitle":"Remove unused imports","messageBody":"","fileTypesAndContributionMap":{"functional-code":{"insertions":0,"deletions":2}}},{"hash":"738815db58f029b198cb99108134b92d8362c08a","isMergeCommit":false,"messageTitle":"Update to fix indentation issue","messageBody":"","fileTypesAndContributionMap":{"functional-code":{"insertions":3,"deletions":3}}},{"hash":"341df8f877fc74c8f4b726875e31a13074d00b8d","isMergeCommit":true,"messageTitle":"Merge pull request #110 from sansders/master","messageBody":"Add functionality to enter item name into order with single menu items","fileTypesAndContributionMap":{}}]}],"yuanners":[{"date":"2023-03-02","commitResults":[{"hash":"650f12e3e8203cf028c6fe6290545c5c71b33d8c","isMergeCommit":false,"messageTitle":"Add about us","messageBody":"","fileTypesAndContributionMap":{"docs":{"insertions":4,"deletions":7}}},{"hash":"ca5ad46bd8c3fbff59555f8fb6329940ec30cbf0","isMergeCommit":true,"messageTitle":"Merge branch \u0027master\u0027 of https://github.com/AY2223S2-CS2113T-T09-2/tp","messageBody":"* \u0027master\u0027 of https://github.com/AY2223S2-CS2113T-T09-2/tp:\n  Update AboutUs\n  Update README\n","fileTypesAndContributionMap":{}},{"hash":"4cf9b34d0c3ce6f2fee1c028e4bbcbed2984fa1a","isMergeCommit":true,"messageTitle":"Merge commit \u0027bda551ceb8c93caa4c865878c7ac28aba723d6d5\u0027 into yuan","messageBody":"* commit \u0027bda551ceb8c93caa4c865878c7ac28aba723d6d5\u0027:\n  Update AboutUs Docs\n  Revert \"Update AboutUs Docs\"\n  Update AboutUs Docs\n  Update AboutUs\n  Update README\n\n# Conflicts:\n#\tdocs/AboutUs.md\n#\tdocs/team/johndoe.md\n#\tdocs/team/sansders.md\n#\tdocs/team/yuanners.md\n","fileTypesAndContributionMap":{}},{"hash":"f3c29e9572609d90b10f6278bdd6e14c33c8e5ea","isMergeCommit":true,"messageTitle":"Merge pull request #3 from yuanners/yuan","messageBody":"Add about us","fileTypesAndContributionMap":{}},{"hash":"7b1f3753fbfc425e553d04ba4d44a938e39339ac","isMergeCommit":true,"messageTitle":"Merge branch \u0027master\u0027 into yuan","messageBody":"* master:\n","fileTypesAndContributionMap":{}}]},{"date":"2023-03-06","commitResults":[{"hash":"69a8683f0ce5420c734688f9318cfc4f72b0292d","isMergeCommit":true,"messageTitle":"Merge branch \u0027master\u0027 of https://github.com/AY2223S2-CS2113T-T09-2/tp into yuan","messageBody":"* \u0027master\u0027 of https://github.com/AY2223S2-CS2113T-T09-2/tp:\n  Correct typo\n  Add validation class\n  Add ItemException class\n  Add command object\n  Update code quality again\n  Update code quality\n  Add command and argument formatting\n  Add general project structure\n  Refactor AboutUs.md for better readability\n  Refactor AboutUs.md\n  Update AboutUs docs\n  Edit AboutUs\n","fileTypesAndContributionMap":{}},{"hash":"bfcea3bddf55a35a7407b2c975f117121a3f15a4","isMergeCommit":false,"messageTitle":"Add skeleton codes for validation class and custom exceptions","messageBody":"","fileTypesAndContributionMap":{"functional-code":{"insertions":29,"deletions":0}}},{"hash":"9a9ed82ff898aeaf64457200f0240ccef50985e8","isMergeCommit":false,"messageTitle":"Add constructor and methods for validation class to handle null, special character and number format exceptions","messageBody":"","fileTypesAndContributionMap":{"functional-code":{"insertions":19,"deletions":2}}}]},{"date":"2023-03-07","commitResults":[{"hash":"5b90a97af01a232a0b096f31e97fdda9d0266502","isMergeCommit":false,"messageTitle":"Add custom error message in Ui class for input validation","messageBody":"","fileTypesAndContributionMap":{"functional-code":{"insertions":17,"deletions":13}}},{"hash":"a4491e8d595f40df6e0aca0296bdc9aec21d1ce6","isMergeCommit":true,"messageTitle":"Merge branch \u0027master\u0027 of https://github.com/AY2223S2-CS2113T-T09-2/tp into yuan","messageBody":"* \u0027master\u0027 of https://github.com/AY2223S2-CS2113T-T09-2/tp:\n  Add methods for printing\n  Fix formatting for listitem\n  Remove UI Test Content\n  Add listitem and deleteitem\n  Add Order template and variables and methods\n","fileTypesAndContributionMap":{}},{"hash":"fe3dfc968a9d67e43b8b2fecd3515435899fb4e8","isMergeCommit":true,"messageTitle":"Merge pull request #27 from yuanners/yuan","messageBody":"Add custom error message in Ui class for input validation","fileTypesAndContributionMap":{}},{"hash":"5f720253608ee305716046c30e2a4e6e474b64c6","isMergeCommit":true,"messageTitle":"Merge branch \u0027master\u0027 into master","messageBody":"","fileTypesAndContributionMap":{}},{"hash":"515ff295fa1c90088751f0cdfcfaae285ff5022d","isMergeCommit":true,"messageTitle":"Merge pull request #25 from NicholasChungJunJie/master","messageBody":"Add \"additem\" feature and validation of input","fileTypesAndContributionMap":{}},{"hash":"04ddcfd22e934572316bc5f3b48f3869d1468832","isMergeCommit":true,"messageTitle":"Merge branch \u0027master\u0027 of https://github.com/AY2223S2-CS2113T-T09-2/tp into yuan","messageBody":"* \u0027master\u0027 of https://github.com/AY2223S2-CS2113T-T09-2/tp:\n  Add execution for \"additem\" command\n  Refactor constructor\n  Add validation package\n","fileTypesAndContributionMap":{}},{"hash":"15758641785529c24030f6120766cddc230beab6","isMergeCommit":true,"messageTitle":"Merge pull request #29 from NicholasChungJunJie/master","messageBody":"Refactor additem feature and validation","fileTypesAndContributionMap":{}},{"hash":"08b03e37d04372fae8698a05f5b4cb85800eb649","isMergeCommit":false,"messageTitle":"Update orderValidation class to validate command, arguments and  flag arguments for addorder.","messageBody":"","fileTypesAndContributionMap":{"functional-code":{"insertions":13,"deletions":11}}},{"hash":"db93ec86bb53ac29820caa464bf7c113a829ebb3","isMergeCommit":true,"messageTitle":"Merge branch \u0027master\u0027 of https://github.com/AY2223S2-CS2113T-T09-2/tp into yuan","messageBody":"* \u0027master\u0027 of https://github.com/AY2223S2-CS2113T-T09-2/tp:\n  Refactor additem feature and validation\n\n# Conflicts:\n#\tsrc/main/java/utility/Ui.java\n#\tsrc/main/java/validation/orderValidation.java\n","fileTypesAndContributionMap":{}},{"hash":"ea03c06b1b563e7378557bc3e5d108f625cc0fc4","isMergeCommit":true,"messageTitle":"Merge pull request #30 from yuanners/yuan","messageBody":"Refactor orderValidation ","fileTypesAndContributionMap":{}},{"hash":"aad12ad50a6a88d6fcc05fb5d823d64d7bd199b4","isMergeCommit":false,"messageTitle":"Add addorder command for the handCommmand method in MoneyGoWhere. It will perform validation of inputs before adding the order entry.","messageBody":"","fileTypesAndContributionMap":{"functional-code":{"insertions":103,"deletions":71}}},{"hash":"c050a9f0872ff44ec00441f4da996ba9c1731243","isMergeCommit":true,"messageTitle":"Merge pull request #31 from yuanners/yuan","messageBody":"Add addorder command for the handleCommmand method in MoneyGoWhere","fileTypesAndContributionMap":{}},{"hash":"9d7fd9f17b25da6b723956618ce4e4fb01fa6eeb","isMergeCommit":false,"messageTitle":"Refactor orderValidation to override validateArgument function and call it in handleCommand function","messageBody":"","fileTypesAndContributionMap":{"functional-code":{"insertions":40,"deletions":12}}},{"hash":"7fe1aefe4c3a8480e61b26e854fd8e6fe90897a6","isMergeCommit":true,"messageTitle":"Merge branch \u0027master\u0027 into master","messageBody":"","fileTypesAndContributionMap":{}},{"hash":"bcb06e452842d2ef1844f77151ca1e2166434fb4","isMergeCommit":true,"messageTitle":"Merge pull request #32 from NicholasChungJunJie/master","messageBody":"Refactor additem feature validation and add JUnit test","fileTypesAndContributionMap":{}},{"hash":"65245e58d13e626bed5876631dd6212de42b55a7","isMergeCommit":true,"messageTitle":"Merge branch \u0027master\u0027 of https://github.com/AY2223S2-CS2113T-T09-2/tp into yuan","messageBody":"* \u0027master\u0027 of https://github.com/AY2223S2-CS2113T-T09-2/tp:\n  Update code to adhere to Coding Conventions\n  Refactor price validation method to trim whitespace\n  Refactor access level of methods for JUnit testing\n  Add JUnit test for \"additem\" feature\n\n# Conflicts Resolved:\n#\tsrc/main/java/app/MoneyGoWhere.java\n","fileTypesAndContributionMap":{}},{"hash":"3537d435ef9b1c11e06059b4854a419ae34fb137","isMergeCommit":false,"messageTitle":"Add JUnit tests for add order feature","messageBody":"","fileTypesAndContributionMap":{"functional-code":{"insertions":2,"deletions":1},"test-code":{"insertions":52,"deletions":0}}}]},{"date":"2023-03-08","commitResults":[{"hash":"536d30e40d75b1779c708e0228557a8099dffadb","isMergeCommit":false,"messageTitle":"Refactor code according to the style checks 1. Remove static variables 2. Call non-static classes by instance 3. Add javadocs comments for exception and order validation classes","messageBody":"","fileTypesAndContributionMap":{"functional-code":{"insertions":129,"deletions":81}}}]},{"date":"2023-03-09","commitResults":[{"hash":"82cb8949627541e10eb1cf2352b397e462262cdd","isMergeCommit":false,"messageTitle":"Edit code according to correct coding style","messageBody":"","fileTypesAndContributionMap":{"functional-code":{"insertions":85,"deletions":80},"test-code":{"insertions":10,"deletions":15}}}]},{"date":"2023-03-10","commitResults":[{"hash":"82ca5c32ff3719504a81852296e2d43811596d74","isMergeCommit":true,"messageTitle":"Merge branch \u0027master\u0027 of https://github.com/AY2223S2-CS2113T-T09-2/tp into yuan","messageBody":"* \u0027master\u0027 of https://github.com/AY2223S2-CS2113T-T09-2/tp:\n  Add to ItemTest\n","fileTypesAndContributionMap":{}},{"hash":"73e609309286c4269ecafb7d4eda7a55c5ed2145","isMergeCommit":false,"messageTitle":"Correct indentation and comment spacing","messageBody":"","fileTypesAndContributionMap":{"functional-code":{"insertions":57,"deletions":56}}},{"hash":"fdcc2b519db1062c1eb9d39e71c3cb1a9cd58d96","isMergeCommit":false,"messageTitle":"Remove commented code blocks","messageBody":"","fileTypesAndContributionMap":{"functional-code":{"insertions":0,"deletions":6}}},{"hash":"a6b31c16a1d3d3ad02b0bf2883ea8b4ac289c55d","isMergeCommit":false,"messageTitle":"Remove unused imports and edit method name to follow checkstyle","messageBody":"","fileTypesAndContributionMap":{"test-code":{"insertions":5,"deletions":5}}}]},{"date":"2023-03-13","commitResults":[{"hash":"cb9eff10d65f1e317519a7a24bc291b5889e3ed2","isMergeCommit":true,"messageTitle":"Merge pull request #80 from natashatanyt/tidy-ui","messageBody":"Tidy UI","fileTypesAndContributionMap":{}},{"hash":"2dd717e068ee8c11ae32b285f7aa136c4ac78cce","isMergeCommit":true,"messageTitle":"Merge pull request #81 from natashatanyt/tidy-ui","messageBody":"Add integer overflow handling","fileTypesAndContributionMap":{}},{"hash":"2f3844cd1a1b1e9689eee63a10d26d6975901705","isMergeCommit":false,"messageTitle":"Fix check style failure","messageBody":"","fileTypesAndContributionMap":{"functional-code":{"insertions":54,"deletions":58}}},{"hash":"b53531935605e4d4c53d7a6314356af54eb2836a","isMergeCommit":false,"messageTitle":"Fix javadoc comment position","messageBody":"","fileTypesAndContributionMap":{"functional-code":{"insertions":4,"deletions":2}}},{"hash":"6c80ea4ecfcb42aa28d6b2f43bef9f1249ffb5ee","isMergeCommit":false,"messageTitle":"Fix order test","messageBody":"","fileTypesAndContributionMap":{"test-code":{"insertions":4,"deletions":4}}},{"hash":"47966a6842a0985ffc7cd837d01ea307f5430b47","isMergeCommit":false,"messageTitle":"Remove unused exception message","messageBody":"","fileTypesAndContributionMap":{"functional-code":{"insertions":0,"deletions":1},"test-code":{"insertions":4,"deletions":4}}},{"hash":"a01352f6ea800d86bcbb486205add0fbd7f78d53","isMergeCommit":false,"messageTitle":"Remove special character validation check","messageBody":"","fileTypesAndContributionMap":{"functional-code":{"insertions":0,"deletions":2}}},{"hash":"195c0154490114d7406fdb43a3d470834b7ef243","isMergeCommit":false,"messageTitle":"Fix order test","messageBody":"","fileTypesAndContributionMap":{"test-code":{"insertions":4,"deletions":4}}}]},{"date":"2023-03-14","commitResults":[{"hash":"73a6c4621ac1505d0c7a8d96a3efb57fd4a34b45","isMergeCommit":false,"messageTitle":"Add exit message","messageBody":"","fileTypesAndContributionMap":{"functional-code":{"insertions":4,"deletions":0}}},{"hash":"d2020aadd6116394b49899d6eef0f8ce3a91c468","isMergeCommit":true,"messageTitle":"Merge pull request #84 from NicholasChungJunJie/master","messageBody":"Add duplicate item name checks","fileTypesAndContributionMap":{}},{"hash":"7dc21ba72b5f70acd471450fe4b3be46df257793","isMergeCommit":false,"messageTitle":"Handle addorder validation 1. Handle invalid flag 2. Handle invalid argument 3. Handle invalid index","messageBody":"","fileTypesAndContributionMap":{"functional-code":{"insertions":183,"deletions":50},"test-code":{"insertions":5,"deletions":1}}},{"hash":"2d004729d0b99d03d9225e989a6a392587f5d08e","isMergeCommit":false,"messageTitle":"Fix checkstyle","messageBody":"","fileTypesAndContributionMap":{"functional-code":{"insertions":8,"deletions":7}}},{"hash":"e9ac15304c1569364c6460543ed0111775e15a00","isMergeCommit":false,"messageTitle":"Fix indentation","messageBody":"","fileTypesAndContributionMap":{"functional-code":{"insertions":3,"deletions":2}}},{"hash":"1a8e66bbd811767f5c2170bf53e7026a2dfb3bbe","isMergeCommit":false,"messageTitle":"Fix coding style","messageBody":"","fileTypesAndContributionMap":{"functional-code":{"insertions":14,"deletions":0},"test-code":{"insertions":2,"deletions":2}}},{"hash":"2673c7ea036d7373d580b6f8568ce12b13ee41d6","isMergeCommit":false,"messageTitle":"Update ordertest assertion condition","messageBody":"","fileTypesAndContributionMap":{"test-code":{"insertions":3,"deletions":3}}},{"hash":"ac8fb6391973eb5971c19778ee56354a72bbaa8c","isMergeCommit":false,"messageTitle":"Update ordertest assert condition","messageBody":"","fileTypesAndContributionMap":{"test-code":{"insertions":3,"deletions":3}}},{"hash":"5547159dd08c0c67e6ebaed4aa02baec0745ec10","isMergeCommit":false,"messageTitle":"Update orderTest 2","messageBody":"","fileTypesAndContributionMap":{"test-code":{"insertions":3,"deletions":3}}},{"hash":"af82542946c3e4eebe740257693f6cadd07d2687","isMergeCommit":false,"messageTitle":"Fix ordertest 4","messageBody":"","fileTypesAndContributionMap":{"test-code":{"insertions":3,"deletions":3}}},{"hash":"f1a5b04806004b187888d0fc52c87ccde39b13b5","isMergeCommit":true,"messageTitle":"Merge pull request #87 from yuanners/yuan","messageBody":"Handle addorder -i validation","fileTypesAndContributionMap":{}},{"hash":"d55ee6092bd69b2460c3d745548c8807623ebfc4","isMergeCommit":true,"messageTitle":"Merge pull request #86 from NicholasChungJunJie/master","messageBody":"Refactor item validation to remove using parent class","fileTypesAndContributionMap":{}}]},{"date":"2023-03-15","commitResults":[{"hash":"fc14c3f30f9bb77b8e07cc5dd1bbad81b49e08b1","isMergeCommit":true,"messageTitle":"Merge pull request #92 from NicholasChungJunJie/master","messageBody":"Refactor `Ui.java` and fix failed CI","fileTypesAndContributionMap":{}},{"hash":"537dd521547265c8a19f62249c9a4a479c01b939","isMergeCommit":false,"messageTitle":"Handle addorder -i validation","messageBody":"","fileTypesAndContributionMap":{"functional-code":{"insertions":93,"deletions":109}}},{"hash":"33d04f3fcf161f5e1d0a683e1897bd3cdee8f988","isMergeCommit":false,"messageTitle":"Remove deleted exceptions","messageBody":"","fileTypesAndContributionMap":{"functional-code":{"insertions":0,"deletions":4}}},{"hash":"87c70dc7d1afe50e24b1d951d90ac96433a38dad","isMergeCommit":true,"messageTitle":"Refactor order validation 1. Creat orderException class to handle order validation 2. Use addOrderValidation for single add order operations 3. Use getter methods from Ui to print exception messages 4. All thrown exceptions are in try-catch blocks","messageBody":"","fileTypesAndContributionMap":{}},{"hash":"c9a35a24ea8f6aebbd0f40cdc78b097631eb3c9a","isMergeCommit":false,"messageTitle":"Remove unused import","messageBody":"","fileTypesAndContributionMap":{"functional-code":{"insertions":0,"deletions":1}}},{"hash":"54e288abca56888edf0a3b264785decdbcd5b2ce","isMergeCommit":false,"messageTitle":"Remove unused import in itemTest","messageBody":"","fileTypesAndContributionMap":{"test-code":{"insertions":0,"deletions":1}}},{"hash":"dd62cb34809d7aedb9f798b98533c4064c4d3133","isMergeCommit":false,"messageTitle":"Fix order test","messageBody":"","fileTypesAndContributionMap":{"functional-code":{"insertions":20,"deletions":17}}},{"hash":"aff6d6fb254f92cd99a4a421f9fb79a85ea7e659","isMergeCommit":false,"messageTitle":"Handle validation for add multiple orders","messageBody":"","fileTypesAndContributionMap":{"functional-code":{"insertions":71,"deletions":22}}},{"hash":"2ece41a8a633955afffc48868b80ff344ba2bf10","isMergeCommit":true,"messageTitle":"Merge branch \u0027master\u0027 of https://github.com/AY2223S2-CS2113T-T09-2/tp into yuan","messageBody":"* \u0027master\u0027 of https://github.com/AY2223S2-CS2113T-T09-2/tp:\n  Update .gitigonore to ignore datastore folder\n  Update format argument parser\n  Add store junit test\n  Update dependency version\n\n# Conflicts:\n#\tstore/orders.json\n","fileTypesAndContributionMap":{}},{"hash":"67802411cf05a9b4b1701f19c079f87a15707766","isMergeCommit":false,"messageTitle":"Fix failing CI","messageBody":"","fileTypesAndContributionMap":{"functional-code":{"insertions":2,"deletions":3}}},{"hash":"dc6acbff868b9cc50cf763950b5e0c8cb2606948","isMergeCommit":false,"messageTitle":"Remove unused imports","messageBody":"","fileTypesAndContributionMap":{"test-code":{"insertions":1,"deletions":2}}},{"hash":"c748c3b7d3b2abd473e836bc41834e58265c1fd5","isMergeCommit":false,"messageTitle":"Add new line in parser test","messageBody":"","fileTypesAndContributionMap":{"test-code":{"insertions":5,"deletions":5}}},{"hash":"8b4d0f47dbba472b84472fc9f622d2a56b457432","isMergeCommit":true,"messageTitle":"Merge pull request #98 from yuanners/yuan","messageBody":"Handle add multiple orders validation","fileTypesAndContributionMap":{}},{"hash":"79681441218008f95c2f3d00150443e99ff040d5","isMergeCommit":false,"messageTitle":"Add assertion in validation class to check for unhandled null inputs","messageBody":"","fileTypesAndContributionMap":{"functional-code":{"insertions":1,"deletions":0},"test-code":{"insertions":0,"deletions":1}}},{"hash":"caaac431f7c91a145e894fe3e2a96df08caa3d27","isMergeCommit":true,"messageTitle":"Merge pull request #101 from NicholasChungJunJie/NicholasChungJunJie","messageBody":"Add assertions to `ItemTest.java`","fileTypesAndContributionMap":{}},{"hash":"9b8056cf2d87e8e388b6218098ad9c5a7c11b6fb","isMergeCommit":false,"messageTitle":"Update addMultipleOrderValidation according to new input format","messageBody":"","fileTypesAndContributionMap":{"functional-code":{"insertions":12,"deletions":21}}},{"hash":"d346fb5e014a9dd0901bcda980f5bc409087f18d","isMergeCommit":true,"messageTitle":"Merge pull request #102 from yuanners/yuan","messageBody":"Update addMultipleOrderValidation according to new input format","fileTypesAndContributionMap":{}},{"hash":"c34e740853840c1b8de52229067549a59fa7ab5f","isMergeCommit":true,"messageTitle":"Merge pull request #106 from NicholasChungJunJie/NicholasChungJunJie","messageBody":"Refactor additem validation","tags":["v1.0"],"fileTypesAndContributionMap":{}}]}]},"authorFileTypeContributionMap":{"NicholasChungJunJie":{"docs":8,"functional-code":339,"test-code":52},"nigelhao":{"docs":5,"functional-code":603,"test-code":69,"other":1},"natashatanyt":{"docs":51,"functional-code":183,"test-code":11},"sansders":{"docs":1,"functional-code":390,"test-code":0},"yuanners":{"docs":0,"functional-code":309,"test-code":1}},"authorContributionVariance":{"NicholasChungJunJie":33538.938,"nigelhao":12954.065,"natashatanyt":18465.154,"sansders":7354.1445,"yuanners":12795.679},"authorDisplayNameMap":{"NicholasChungJunJie":"CS2113T-T09-2 NICH.. JIE","nigelhao":"CS2113T-T09-2 NIGE.. HAO","natashatanyt":"CS2113T-T09-2 NATA.. TZE","sansders":"CS2113T-T09-2 SEAN..IAYI","yuanners":"CS2113T-T09-2 ONG ..YUAN"}}
