[{"path":"docs/AboutUs.md","fileType":"docs","lines":[{"lineNumber":1,"author":{"gitId":"-"},"content":"# About us","lastModifiedDate":"2020-05-24"},{"lineNumber":2,"author":{"gitId":"-"},"content":"","lastModifiedDate":"2020-05-24"},{"lineNumber":3,"author":{"gitId":"ERJUNZE"},"content":"| Display                                             |      Name      |               Github Profile                |             Portfolio             |","lastModifiedDate":"2023-03-02"},{"lineNumber":4,"author":{"gitId":"ERJUNZE"},"content":"|-----------------------------------------------------|:--------------:|:-------------------------------------------:|:---------------------------------:|","lastModifiedDate":"2023-03-02"},{"lineNumber":5,"author":{"gitId":"ERJUNZE"},"content":"| ![](https://via.placeholder.com/100.png?text\u003dPhoto) |  Clement Siut  |   [Github](https://github.com/clement559)   | [Portfolio](docs/team/clement.md) |","lastModifiedDate":"2023-03-02"},{"lineNumber":6,"author":{"gitId":"ERJUNZE"},"content":"| ![](https://via.placeholder.com/100.png?text\u003dPhoto) |     Jerome     | [Github](https://github.com/jeromeongithub) |     [Portfolio](NOPORTFOLIO)      |","lastModifiedDate":"2023-03-02"},{"lineNumber":7,"author":{"gitId":"ERJUNZE"},"content":"| ![](https://via.placeholder.com/100.png?text\u003dPhoto) | Seow Rui Sheng |  [Github](https://github.com/RuiShengGit)   | [Portfolio](docs/team/johndoe.md) |","lastModifiedDate":"2023-03-02"},{"lineNumber":8,"author":{"gitId":"ERJUNZE"},"content":"| ![](https://via.placeholder.com/100.png?text\u003dPhoto) |  Kedrian Loh   |   [Github](https://github.com/KedrianLoh)   | [Portfolio](docs/team/johndoe.md) |","lastModifiedDate":"2023-03-02"},{"lineNumber":9,"author":{"gitId":"ERJUNZE"},"content":"| ![](https://via.placeholder.com/100.png?text\u003dPhoto) |   Er Jun Ze    |    [Github](https://github.com/ERJUNZE)     | [Portfolio](docs/team/johndoe.md) |","lastModifiedDate":"2023-03-02"}],"authorContributionMap":{"ERJUNZE":7,"-":2}},{"path":"src/main/java/seedu/duke/Duke.java","fileType":"functional-code","lines":[{"lineNumber":1,"author":{"gitId":"-"},"content":"package seedu.duke;","lastModifiedDate":"2020-05-24"},{"lineNumber":2,"author":{"gitId":"-"},"content":"","lastModifiedDate":"2020-05-24"},{"lineNumber":3,"author":{"gitId":"ERJUNZE"},"content":"import seedu.duke.command.Parser;","lastModifiedDate":"2023-03-08"},{"lineNumber":4,"author":{"gitId":"ERJUNZE"},"content":"import seedu.duke.task.Task;","lastModifiedDate":"2023-03-09"},{"lineNumber":5,"author":{"gitId":"ERJUNZE"},"content":"","lastModifiedDate":"2023-03-08"},{"lineNumber":6,"author":{"gitId":"-"},"content":"import java.util.Scanner;","lastModifiedDate":"2020-05-24"},{"lineNumber":7,"author":{"gitId":"jeromeongithub"},"content":"import java.util.ArrayList;","lastModifiedDate":"2023-03-08"},{"lineNumber":8,"author":{"gitId":"-"},"content":"","lastModifiedDate":"2020-05-24"},{"lineNumber":9,"author":{"gitId":"-"},"content":"public class Duke {","lastModifiedDate":"2019-07-29"},{"lineNumber":10,"author":{"gitId":"jeromeongithub"},"content":"    private static Ui ui;","lastModifiedDate":"2023-03-08"},{"lineNumber":11,"author":{"gitId":"jeromeongithub"},"content":"    private static Parser parser;","lastModifiedDate":"2023-03-08"},{"lineNumber":12,"author":{"gitId":"jeromeongithub"},"content":"    private static boolean isInUse \u003d true;","lastModifiedDate":"2023-03-08"},{"lineNumber":13,"author":{"gitId":"-"},"content":"","lastModifiedDate":"2020-05-24"},{"lineNumber":14,"author":{"gitId":"jeromeongithub"},"content":"    public static void main(String[] args) {","lastModifiedDate":"2023-03-08"},{"lineNumber":15,"author":{"gitId":"jeromeongithub"},"content":"        ui \u003d new Ui();","lastModifiedDate":"2023-03-08"},{"lineNumber":16,"author":{"gitId":"jeromeongithub"},"content":"        parser \u003d new Parser();","lastModifiedDate":"2023-03-08"},{"lineNumber":17,"author":{"gitId":"jeromeongithub"},"content":"        ui.printWelcomeMessage();","lastModifiedDate":"2023-03-08"},{"lineNumber":18,"author":{"gitId":"-"},"content":"        Scanner in \u003d new Scanner(System.in);","lastModifiedDate":"2020-05-24"},{"lineNumber":19,"author":{"gitId":"jeromeongithub"},"content":"        ArrayList\u003cTask\u003e tasks \u003d new ArrayList\u003cTask\u003e();","lastModifiedDate":"2023-03-08"},{"lineNumber":20,"author":{"gitId":"jeromeongithub"},"content":"        while (isInUse) {","lastModifiedDate":"2023-03-08"},{"lineNumber":21,"author":{"gitId":"jeromeongithub"},"content":"            String userInput \u003d in.nextLine();","lastModifiedDate":"2023-03-08"},{"lineNumber":22,"author":{"gitId":"jeromeongithub"},"content":"            String[] parsedCommand \u003d parser.parseCommand(userInput);","lastModifiedDate":"2023-03-08"},{"lineNumber":23,"author":{"gitId":"jeromeongithub"},"content":"            performUserRequest(parsedCommand, in, tasks);","lastModifiedDate":"2023-03-08"},{"lineNumber":24,"author":{"gitId":"jeromeongithub"},"content":"        }","lastModifiedDate":"2023-03-08"},{"lineNumber":25,"author":{"gitId":"-"},"content":"    }","lastModifiedDate":"2019-07-29"},{"lineNumber":26,"author":{"gitId":"jeromeongithub"},"content":"    private static void performUserRequest(String[] parsedCommand, Scanner in, ArrayList\u003cTask\u003e tasks) {","lastModifiedDate":"2023-03-08"},{"lineNumber":27,"author":{"gitId":"jeromeongithub"},"content":"        switch (parsedCommand[0]) {","lastModifiedDate":"2023-03-08"},{"lineNumber":28,"author":{"gitId":"jeromeongithub"},"content":"        case \"add\":","lastModifiedDate":"2023-03-08"},{"lineNumber":29,"author":{"gitId":"jeromeongithub"},"content":"            tasks.add(new Task(parsedCommand[1]));","lastModifiedDate":"2023-03-08"},{"lineNumber":30,"author":{"gitId":"jeromeongithub"},"content":"            ui.printAddTaskNotification(parsedCommand[1]);","lastModifiedDate":"2023-03-08"},{"lineNumber":31,"author":{"gitId":"jeromeongithub"},"content":"            break;","lastModifiedDate":"2023-03-08"},{"lineNumber":32,"author":{"gitId":"jeromeongithub"},"content":"        case \"mark\":","lastModifiedDate":"2023-03-08"},{"lineNumber":33,"author":{"gitId":"jeromeongithub"},"content":"            tasks.get(Integer.parseInt(parsedCommand[1]) - 1).setDone(true);","lastModifiedDate":"2023-03-08"},{"lineNumber":34,"author":{"gitId":"jeromeongithub"},"content":"            ui.printMarkTaskNotification(tasks.get(Integer.parseInt(parsedCommand[1]) - 1)","lastModifiedDate":"2023-03-08"},{"lineNumber":35,"author":{"gitId":"jeromeongithub"},"content":"                    .getDescription());","lastModifiedDate":"2023-03-08"},{"lineNumber":36,"author":{"gitId":"jeromeongithub"},"content":"            break;","lastModifiedDate":"2023-03-08"},{"lineNumber":37,"author":{"gitId":"jeromeongithub"},"content":"        case \"unmark\":","lastModifiedDate":"2023-03-08"},{"lineNumber":38,"author":{"gitId":"jeromeongithub"},"content":"            tasks.get(Integer.parseInt(parsedCommand[1]) - 1).setDone(false);","lastModifiedDate":"2023-03-08"},{"lineNumber":39,"author":{"gitId":"jeromeongithub"},"content":"            ui.printUnmarkTaskNotification(tasks.get(Integer.parseInt(parsedCommand[1]) - 1)","lastModifiedDate":"2023-03-08"},{"lineNumber":40,"author":{"gitId":"jeromeongithub"},"content":"                    .getDescription());","lastModifiedDate":"2023-03-08"},{"lineNumber":41,"author":{"gitId":"jeromeongithub"},"content":"            break;","lastModifiedDate":"2023-03-08"},{"lineNumber":42,"author":{"gitId":"RuiShengGit"},"content":"        case \"delete\":","lastModifiedDate":"2023-03-08"},{"lineNumber":43,"author":{"gitId":"RuiShengGit"},"content":"            int index \u003d Integer.parseInt(parsedCommand[1]) - 1;","lastModifiedDate":"2023-03-08"},{"lineNumber":44,"author":{"gitId":"RuiShengGit"},"content":"            String description \u003d tasks.get(index).getDescription();","lastModifiedDate":"2023-03-08"},{"lineNumber":45,"author":{"gitId":"RuiShengGit"},"content":"            boolean isDone \u003d tasks.get(index).getIsDone();","lastModifiedDate":"2023-03-08"},{"lineNumber":46,"author":{"gitId":"RuiShengGit"},"content":"            ui.printDeleteTaskNotification(index + 1, description, isDone);","lastModifiedDate":"2023-03-08"},{"lineNumber":47,"author":{"gitId":"RuiShengGit"},"content":"            tasks.remove(index);","lastModifiedDate":"2023-03-08"},{"lineNumber":48,"author":{"gitId":"RuiShengGit"},"content":"            break;","lastModifiedDate":"2023-03-08"},{"lineNumber":49,"author":{"gitId":"jeromeongithub"},"content":"        case \"list\":","lastModifiedDate":"2023-03-08"},{"lineNumber":50,"author":{"gitId":"jeromeongithub"},"content":"            ui.listTasks(tasks);","lastModifiedDate":"2023-03-08"},{"lineNumber":51,"author":{"gitId":"jeromeongithub"},"content":"            break;","lastModifiedDate":"2023-03-08"},{"lineNumber":52,"author":{"gitId":"jeromeongithub"},"content":"        case \"bye\":","lastModifiedDate":"2023-03-08"},{"lineNumber":53,"author":{"gitId":"jeromeongithub"},"content":"            in.close();","lastModifiedDate":"2023-03-08"},{"lineNumber":54,"author":{"gitId":"jeromeongithub"},"content":"            ui.printGoodbyeMessage();","lastModifiedDate":"2023-03-08"},{"lineNumber":55,"author":{"gitId":"jeromeongithub"},"content":"            isInUse \u003d false;","lastModifiedDate":"2023-03-08"},{"lineNumber":56,"author":{"gitId":"jeromeongithub"},"content":"            break;","lastModifiedDate":"2023-03-08"},{"lineNumber":57,"author":{"gitId":"jeromeongithub"},"content":"        default:","lastModifiedDate":"2023-03-08"},{"lineNumber":58,"author":{"gitId":"jeromeongithub"},"content":"            ui.printErrorMessage();","lastModifiedDate":"2023-03-08"},{"lineNumber":59,"author":{"gitId":"-"},"content":"        }","lastModifiedDate":"2019-07-29"},{"lineNumber":60,"author":{"gitId":"jeromeongithub"},"content":"    }","lastModifiedDate":"2023-03-08"},{"lineNumber":61,"author":{"gitId":"jeromeongithub"},"content":"}","lastModifiedDate":"2023-03-08"},{"lineNumber":62,"author":{"gitId":"jeromeongithub"},"content":"","lastModifiedDate":"2023-03-08"}],"authorContributionMap":{"jeromeongithub":43,"ERJUNZE":3,"-":9,"RuiShengGit":7}},{"path":"src/main/java/seedu/duke/Ui.java","fileType":"functional-code","lines":[{"lineNumber":1,"author":{"gitId":"jeromeongithub"},"content":"package seedu.duke;","lastModifiedDate":"2023-03-08"},{"lineNumber":2,"author":{"gitId":"jeromeongithub"},"content":"","lastModifiedDate":"2023-03-08"},{"lineNumber":3,"author":{"gitId":"ERJUNZE"},"content":"import seedu.duke.task.Task;","lastModifiedDate":"2023-03-09"},{"lineNumber":4,"author":{"gitId":"ERJUNZE"},"content":"import seedu.duke.task.TaskList;","lastModifiedDate":"2023-03-09"},{"lineNumber":5,"author":{"gitId":"ERJUNZE"},"content":"","lastModifiedDate":"2023-03-09"},{"lineNumber":6,"author":{"gitId":"jeromeongithub"},"content":"import java.util.ArrayList;","lastModifiedDate":"2023-03-08"},{"lineNumber":7,"author":{"gitId":"jeromeongithub"},"content":"","lastModifiedDate":"2023-03-08"},{"lineNumber":8,"author":{"gitId":"jeromeongithub"},"content":"public class Ui {","lastModifiedDate":"2023-03-08"},{"lineNumber":9,"author":{"gitId":"ERJUNZE"},"content":"    public void printWelcomeMessage() {","lastModifiedDate":"2023-03-09"},{"lineNumber":10,"author":{"gitId":"jeromeongithub"},"content":"        System.out.println(\"Hello, I am Duke and I will help you remember the tasks you need to do!\");","lastModifiedDate":"2023-03-08"},{"lineNumber":11,"author":{"gitId":"jeromeongithub"},"content":"        System.out.println(\"For now, you can do the following:\");","lastModifiedDate":"2023-03-08"},{"lineNumber":12,"author":{"gitId":"jeromeongithub"},"content":"        System.out.println(\"Add a task using: add \u003cdescription\u003e\");","lastModifiedDate":"2023-03-08"},{"lineNumber":13,"author":{"gitId":"jeromeongithub"},"content":"        System.out.println(\"List all tasks using: list\");","lastModifiedDate":"2023-03-08"},{"lineNumber":14,"author":{"gitId":"jeromeongithub"},"content":"        System.out.println(\"Mark a task as done using: mark \u003cindex\u003e\");","lastModifiedDate":"2023-03-08"},{"lineNumber":15,"author":{"gitId":"jeromeongithub"},"content":"        System.out.println(\"Mark a task as undone using: unmark \u003cindex\u003e\");","lastModifiedDate":"2023-03-08"},{"lineNumber":16,"author":{"gitId":"RuiShengGit"},"content":"        System.out.println(\"Delete a task using: delete \u003cindex\u003e\");","lastModifiedDate":"2023-03-08"},{"lineNumber":17,"author":{"gitId":"jeromeongithub"},"content":"        System.out.println(\"Exit the program using: bye\");","lastModifiedDate":"2023-03-08"},{"lineNumber":18,"author":{"gitId":"jeromeongithub"},"content":"    }","lastModifiedDate":"2023-03-08"},{"lineNumber":19,"author":{"gitId":"jeromeongithub"},"content":"","lastModifiedDate":"2023-03-08"},{"lineNumber":20,"author":{"gitId":"ERJUNZE"},"content":"    public void printAddTaskNotification(String description) {","lastModifiedDate":"2023-03-09"},{"lineNumber":21,"author":{"gitId":"jeromeongithub"},"content":"        System.out.println(\"Got it, I have added the following task:\");","lastModifiedDate":"2023-03-08"},{"lineNumber":22,"author":{"gitId":"jeromeongithub"},"content":"        System.out.println(description);","lastModifiedDate":"2023-03-08"},{"lineNumber":23,"author":{"gitId":"jeromeongithub"},"content":"    }","lastModifiedDate":"2023-03-08"},{"lineNumber":24,"author":{"gitId":"jeromeongithub"},"content":"","lastModifiedDate":"2023-03-08"},{"lineNumber":25,"author":{"gitId":"ERJUNZE"},"content":"    public void printMarkTaskNotification(String description) {","lastModifiedDate":"2023-03-09"},{"lineNumber":26,"author":{"gitId":"jeromeongithub"},"content":"        System.out.println(\"Got it, I have marked the following task as done:\");","lastModifiedDate":"2023-03-08"},{"lineNumber":27,"author":{"gitId":"jeromeongithub"},"content":"        System.out.println(description);","lastModifiedDate":"2023-03-08"},{"lineNumber":28,"author":{"gitId":"jeromeongithub"},"content":"    }","lastModifiedDate":"2023-03-08"},{"lineNumber":29,"author":{"gitId":"jeromeongithub"},"content":"","lastModifiedDate":"2023-03-08"},{"lineNumber":30,"author":{"gitId":"ERJUNZE"},"content":"    public void printUnmarkTaskNotification(String description) {","lastModifiedDate":"2023-03-09"},{"lineNumber":31,"author":{"gitId":"jeromeongithub"},"content":"        System.out.println(\"Got it, I have marked the following task as undone:\");","lastModifiedDate":"2023-03-08"},{"lineNumber":32,"author":{"gitId":"jeromeongithub"},"content":"        System.out.println(description);","lastModifiedDate":"2023-03-08"},{"lineNumber":33,"author":{"gitId":"jeromeongithub"},"content":"    }","lastModifiedDate":"2023-03-08"},{"lineNumber":34,"author":{"gitId":"jeromeongithub"},"content":"","lastModifiedDate":"2023-03-08"},{"lineNumber":35,"author":{"gitId":"ERJUNZE"},"content":"    public void printDeleteTaskNotification(int index, String description, boolean isDone) {","lastModifiedDate":"2023-03-09"},{"lineNumber":36,"author":{"gitId":"RuiShengGit"},"content":"        System.out.println(\"Noted. I\u0027ve removed this task:\");","lastModifiedDate":"2023-03-08"},{"lineNumber":37,"author":{"gitId":"RuiShengGit"},"content":"        System.out.print(index + \". \" + \"description: \" + description + \", \");","lastModifiedDate":"2023-03-08"},{"lineNumber":38,"author":{"gitId":"RuiShengGit"},"content":"        System.out.print(\"status: \");","lastModifiedDate":"2023-03-08"},{"lineNumber":39,"author":{"gitId":"RuiShengGit"},"content":"        if (isDone) {","lastModifiedDate":"2023-03-08"},{"lineNumber":40,"author":{"gitId":"RuiShengGit"},"content":"            System.out.println(\"done\");","lastModifiedDate":"2023-03-08"},{"lineNumber":41,"author":{"gitId":"RuiShengGit"},"content":"        } else {","lastModifiedDate":"2023-03-08"},{"lineNumber":42,"author":{"gitId":"RuiShengGit"},"content":"            System.out.println(\"undone\");","lastModifiedDate":"2023-03-08"},{"lineNumber":43,"author":{"gitId":"RuiShengGit"},"content":"        }","lastModifiedDate":"2023-03-08"},{"lineNumber":44,"author":{"gitId":"RuiShengGit"},"content":"    }","lastModifiedDate":"2023-03-08"},{"lineNumber":45,"author":{"gitId":"RuiShengGit"},"content":"","lastModifiedDate":"2023-03-08"},{"lineNumber":46,"author":{"gitId":"ERJUNZE"},"content":"    public void listTasks(ArrayList\u003cTask\u003e tasks) {","lastModifiedDate":"2023-03-09"},{"lineNumber":47,"author":{"gitId":"RuiShengGit"},"content":"        if (tasks.size() \u003d\u003d 0) {","lastModifiedDate":"2023-03-08"},{"lineNumber":48,"author":{"gitId":"RuiShengGit"},"content":"            printEmptyList();","lastModifiedDate":"2023-03-08"},{"lineNumber":49,"author":{"gitId":"RuiShengGit"},"content":"        } else {","lastModifiedDate":"2023-03-08"},{"lineNumber":50,"author":{"gitId":"jeromeongithub"},"content":"            for (int i \u003d 0; i \u003c tasks.size(); i++) {","lastModifiedDate":"2023-03-08"},{"lineNumber":51,"author":{"gitId":"jeromeongithub"},"content":"                System.out.print(i + 1 + \". \");","lastModifiedDate":"2023-03-08"},{"lineNumber":52,"author":{"gitId":"jeromeongithub"},"content":"                System.out.print(\"description: \" + tasks.get(i).getDescription() + \", \");","lastModifiedDate":"2023-03-08"},{"lineNumber":53,"author":{"gitId":"jeromeongithub"},"content":"                System.out.print(\"status: \");","lastModifiedDate":"2023-03-08"},{"lineNumber":54,"author":{"gitId":"jeromeongithub"},"content":"                if (tasks.get(i).getIsDone()) {","lastModifiedDate":"2023-03-08"},{"lineNumber":55,"author":{"gitId":"jeromeongithub"},"content":"                    System.out.println(\"done\");","lastModifiedDate":"2023-03-08"},{"lineNumber":56,"author":{"gitId":"jeromeongithub"},"content":"                } else {","lastModifiedDate":"2023-03-08"},{"lineNumber":57,"author":{"gitId":"jeromeongithub"},"content":"                    System.out.println(\"undone\");","lastModifiedDate":"2023-03-08"},{"lineNumber":58,"author":{"gitId":"jeromeongithub"},"content":"                }","lastModifiedDate":"2023-03-08"},{"lineNumber":59,"author":{"gitId":"jeromeongithub"},"content":"            }","lastModifiedDate":"2023-03-08"},{"lineNumber":60,"author":{"gitId":"jeromeongithub"},"content":"        }","lastModifiedDate":"2023-03-08"},{"lineNumber":61,"author":{"gitId":"RuiShengGit"},"content":"    }","lastModifiedDate":"2023-03-08"},{"lineNumber":62,"author":{"gitId":"jeromeongithub"},"content":"","lastModifiedDate":"2023-03-08"},{"lineNumber":63,"author":{"gitId":"ERJUNZE"},"content":"    public void listTasks(TaskList taskList) {","lastModifiedDate":"2023-03-09"},{"lineNumber":64,"author":{"gitId":"ERJUNZE"},"content":"        System.out.println(taskList.toString());","lastModifiedDate":"2023-03-09"},{"lineNumber":65,"author":{"gitId":"ERJUNZE"},"content":"    }","lastModifiedDate":"2023-03-09"},{"lineNumber":66,"author":{"gitId":"ERJUNZE"},"content":"","lastModifiedDate":"2023-03-09"},{"lineNumber":67,"author":{"gitId":"ERJUNZE"},"content":"    public void printGoodbyeMessage() {","lastModifiedDate":"2023-03-09"},{"lineNumber":68,"author":{"gitId":"jeromeongithub"},"content":"        System.out.print(\"See you again, bye!\");","lastModifiedDate":"2023-03-08"},{"lineNumber":69,"author":{"gitId":"jeromeongithub"},"content":"    }","lastModifiedDate":"2023-03-08"},{"lineNumber":70,"author":{"gitId":"jeromeongithub"},"content":"","lastModifiedDate":"2023-03-08"},{"lineNumber":71,"author":{"gitId":"ERJUNZE"},"content":"    public void printErrorMessage() {","lastModifiedDate":"2023-03-09"},{"lineNumber":72,"author":{"gitId":"jeromeongithub"},"content":"        System.out.println(\"Error encountered! Please type in a valid command!\");","lastModifiedDate":"2023-03-08"},{"lineNumber":73,"author":{"gitId":"jeromeongithub"},"content":"    }","lastModifiedDate":"2023-03-08"},{"lineNumber":74,"author":{"gitId":"RuiShengGit"},"content":"","lastModifiedDate":"2023-03-08"},{"lineNumber":75,"author":{"gitId":"ERJUNZE"},"content":"    public void printEmptyList(){","lastModifiedDate":"2023-03-09"},{"lineNumber":76,"author":{"gitId":"RuiShengGit"},"content":"        System.out.println(\"There are no tasks in the list.\");","lastModifiedDate":"2023-03-08"},{"lineNumber":77,"author":{"gitId":"RuiShengGit"},"content":"    }","lastModifiedDate":"2023-03-08"},{"lineNumber":78,"author":{"gitId":"jeromeongithub"},"content":"}","lastModifiedDate":"2023-03-08"}],"authorContributionMap":{"jeromeongithub":44,"ERJUNZE":16,"RuiShengGit":18}},{"path":"src/main/java/seedu/duke/command/Command.java","fileType":"functional-code","lines":[{"lineNumber":1,"author":{"gitId":"ERJUNZE"},"content":"package seedu.duke.command;","lastModifiedDate":"2023-03-08"},{"lineNumber":2,"author":{"gitId":"ERJUNZE"},"content":"","lastModifiedDate":"2023-03-08"},{"lineNumber":3,"author":{"gitId":"ERJUNZE"},"content":"import seedu.duke.Ui;","lastModifiedDate":"2023-03-09"},{"lineNumber":4,"author":{"gitId":"ERJUNZE"},"content":"import seedu.duke.task.TaskList;","lastModifiedDate":"2023-03-09"},{"lineNumber":5,"author":{"gitId":"ERJUNZE"},"content":"","lastModifiedDate":"2023-03-09"},{"lineNumber":6,"author":{"gitId":"ERJUNZE"},"content":"/**","lastModifiedDate":"2023-03-08"},{"lineNumber":7,"author":{"gitId":"ERJUNZE"},"content":" * Parent class for Command objects.","lastModifiedDate":"2023-03-08"},{"lineNumber":8,"author":{"gitId":"ERJUNZE"},"content":" */","lastModifiedDate":"2023-03-08"},{"lineNumber":9,"author":{"gitId":"ERJUNZE"},"content":"public abstract class Command {","lastModifiedDate":"2023-03-08"},{"lineNumber":10,"author":{"gitId":"ERJUNZE"},"content":"    /**","lastModifiedDate":"2023-03-08"},{"lineNumber":11,"author":{"gitId":"ERJUNZE"},"content":"     * Executes the command.","lastModifiedDate":"2023-03-08"},{"lineNumber":12,"author":{"gitId":"ERJUNZE"},"content":"     */","lastModifiedDate":"2023-03-08"},{"lineNumber":13,"author":{"gitId":"ERJUNZE"},"content":"    public abstract void execute(TaskList taskList, Ui ui);","lastModifiedDate":"2023-03-09"},{"lineNumber":14,"author":{"gitId":"ERJUNZE"},"content":"","lastModifiedDate":"2023-03-08"},{"lineNumber":15,"author":{"gitId":"ERJUNZE"},"content":"    /**","lastModifiedDate":"2023-03-08"},{"lineNumber":16,"author":{"gitId":"ERJUNZE"},"content":"     * Returns whether a command, by default, should terminate the program.","lastModifiedDate":"2023-03-09"},{"lineNumber":17,"author":{"gitId":"ERJUNZE"},"content":"     *","lastModifiedDate":"2023-03-08"},{"lineNumber":18,"author":{"gitId":"ERJUNZE"},"content":"     * @return \u003ccode\u003eFalse\u003c/code\u003e, since most commands should not terminate the program.","lastModifiedDate":"2023-03-09"},{"lineNumber":19,"author":{"gitId":"ERJUNZE"},"content":"     */","lastModifiedDate":"2023-03-08"},{"lineNumber":20,"author":{"gitId":"ERJUNZE"},"content":"    public boolean isExit() {","lastModifiedDate":"2023-03-08"},{"lineNumber":21,"author":{"gitId":"ERJUNZE"},"content":"        return false;","lastModifiedDate":"2023-03-08"},{"lineNumber":22,"author":{"gitId":"ERJUNZE"},"content":"    }","lastModifiedDate":"2023-03-08"},{"lineNumber":23,"author":{"gitId":"ERJUNZE"},"content":"}","lastModifiedDate":"2023-03-08"}],"authorContributionMap":{"ERJUNZE":23}},{"path":"src/main/java/seedu/duke/command/CommandParser.java","fileType":"functional-code","lines":[{"lineNumber":1,"author":{"gitId":"ERJUNZE"},"content":"package seedu.duke.command;","lastModifiedDate":"2023-03-08"},{"lineNumber":2,"author":{"gitId":"ERJUNZE"},"content":"","lastModifiedDate":"2023-03-08"},{"lineNumber":3,"author":{"gitId":"ERJUNZE"},"content":"import java.util.HashMap;","lastModifiedDate":"2023-03-08"},{"lineNumber":4,"author":{"gitId":"ERJUNZE"},"content":"import java.util.HashSet;","lastModifiedDate":"2023-03-08"},{"lineNumber":5,"author":{"gitId":"ERJUNZE"},"content":"import java.util.StringJoiner;","lastModifiedDate":"2023-03-08"},{"lineNumber":6,"author":{"gitId":"ERJUNZE"},"content":"","lastModifiedDate":"2023-03-08"},{"lineNumber":7,"author":{"gitId":"ERJUNZE"},"content":"/**","lastModifiedDate":"2023-03-08"},{"lineNumber":8,"author":{"gitId":"ERJUNZE"},"content":" * Class containing a method for parsing the commands.","lastModifiedDate":"2023-03-08"},{"lineNumber":9,"author":{"gitId":"ERJUNZE"},"content":" */","lastModifiedDate":"2023-03-08"},{"lineNumber":10,"author":{"gitId":"ERJUNZE"},"content":"public class CommandParser {","lastModifiedDate":"2023-03-08"},{"lineNumber":11,"author":{"gitId":"ERJUNZE"},"content":"    /**","lastModifiedDate":"2023-03-08"},{"lineNumber":12,"author":{"gitId":"ERJUNZE"},"content":"     * Splits the initial command string into its arguments.","lastModifiedDate":"2023-03-08"},{"lineNumber":13,"author":{"gitId":"ERJUNZE"},"content":"     *","lastModifiedDate":"2023-03-08"},{"lineNumber":14,"author":{"gitId":"ERJUNZE"},"content":"     * @param splitInput The command string, split into words.","lastModifiedDate":"2023-03-08"},{"lineNumber":15,"author":{"gitId":"ERJUNZE"},"content":"     * @param flags Map of flags of the arguments that the command string are expected to contain.","lastModifiedDate":"2023-03-08"},{"lineNumber":16,"author":{"gitId":"ERJUNZE"},"content":"     * @return Map of flags to arguments extracted from the command string.","lastModifiedDate":"2023-03-08"},{"lineNumber":17,"author":{"gitId":"ERJUNZE"},"content":"     */","lastModifiedDate":"2023-03-08"},{"lineNumber":18,"author":{"gitId":"ERJUNZE"},"content":"    public static HashMap\u003cString, String\u003e getArguments(String[] splitInput, HashSet\u003cString\u003e flags) {","lastModifiedDate":"2023-03-08"},{"lineNumber":19,"author":{"gitId":"ERJUNZE"},"content":"        HashMap\u003cString, String\u003e arguments \u003d new HashMap\u003c\u003e();","lastModifiedDate":"2023-03-08"},{"lineNumber":20,"author":{"gitId":"ERJUNZE"},"content":"        StringJoiner currentArgument \u003d new StringJoiner(\" \");","lastModifiedDate":"2023-03-08"},{"lineNumber":21,"author":{"gitId":"ERJUNZE"},"content":"        String currentFlag \u003d splitInput[0];","lastModifiedDate":"2023-03-08"},{"lineNumber":22,"author":{"gitId":"ERJUNZE"},"content":"","lastModifiedDate":"2023-03-08"},{"lineNumber":23,"author":{"gitId":"ERJUNZE"},"content":"        for (String word : splitInput) {","lastModifiedDate":"2023-03-08"},{"lineNumber":24,"author":{"gitId":"ERJUNZE"},"content":"            // Append to current argument if current word is not a new flag.","lastModifiedDate":"2023-03-08"},{"lineNumber":25,"author":{"gitId":"ERJUNZE"},"content":"            if (!flags.contains(word)) {","lastModifiedDate":"2023-03-08"},{"lineNumber":26,"author":{"gitId":"ERJUNZE"},"content":"                currentArgument.add(word);","lastModifiedDate":"2023-03-08"},{"lineNumber":27,"author":{"gitId":"ERJUNZE"},"content":"                continue;","lastModifiedDate":"2023-03-08"},{"lineNumber":28,"author":{"gitId":"ERJUNZE"},"content":"            }","lastModifiedDate":"2023-03-08"},{"lineNumber":29,"author":{"gitId":"ERJUNZE"},"content":"","lastModifiedDate":"2023-03-08"},{"lineNumber":30,"author":{"gitId":"ERJUNZE"},"content":"            // Repeating flags are not allowed.","lastModifiedDate":"2023-03-08"},{"lineNumber":31,"author":{"gitId":"ERJUNZE"},"content":"            if (arguments.containsKey(word) || currentFlag.equals(word)) {","lastModifiedDate":"2023-03-08"},{"lineNumber":32,"author":{"gitId":"ERJUNZE"},"content":"                // Unimplemented exception, break as placeholder","lastModifiedDate":"2023-03-08"},{"lineNumber":33,"author":{"gitId":"ERJUNZE"},"content":"                break;","lastModifiedDate":"2023-03-08"},{"lineNumber":34,"author":{"gitId":"ERJUNZE"},"content":"            }","lastModifiedDate":"2023-03-08"},{"lineNumber":35,"author":{"gitId":"ERJUNZE"},"content":"","lastModifiedDate":"2023-03-08"},{"lineNumber":36,"author":{"gitId":"ERJUNZE"},"content":"            // Add current flag-argument combo to argument list if current word is a new flag.","lastModifiedDate":"2023-03-08"},{"lineNumber":37,"author":{"gitId":"ERJUNZE"},"content":"            arguments.put(currentFlag, currentArgument.toString());","lastModifiedDate":"2023-03-08"},{"lineNumber":38,"author":{"gitId":"ERJUNZE"},"content":"            currentArgument \u003d new StringJoiner(\" \");","lastModifiedDate":"2023-03-08"},{"lineNumber":39,"author":{"gitId":"ERJUNZE"},"content":"            currentFlag \u003d word;","lastModifiedDate":"2023-03-08"},{"lineNumber":40,"author":{"gitId":"ERJUNZE"},"content":"        }","lastModifiedDate":"2023-03-08"},{"lineNumber":41,"author":{"gitId":"ERJUNZE"},"content":"        // Add last flag-argument combo to argument list.","lastModifiedDate":"2023-03-08"},{"lineNumber":42,"author":{"gitId":"ERJUNZE"},"content":"        arguments.put(currentFlag, currentArgument.toString());","lastModifiedDate":"2023-03-08"},{"lineNumber":43,"author":{"gitId":"ERJUNZE"},"content":"","lastModifiedDate":"2023-03-08"},{"lineNumber":44,"author":{"gitId":"ERJUNZE"},"content":"        return arguments;","lastModifiedDate":"2023-03-08"},{"lineNumber":45,"author":{"gitId":"ERJUNZE"},"content":"    }","lastModifiedDate":"2023-03-08"},{"lineNumber":46,"author":{"gitId":"ERJUNZE"},"content":"","lastModifiedDate":"2023-03-08"},{"lineNumber":47,"author":{"gitId":"ERJUNZE"},"content":"    /**","lastModifiedDate":"2023-03-08"},{"lineNumber":48,"author":{"gitId":"ERJUNZE"},"content":"     * Parses the given command string into a command that can be executed.","lastModifiedDate":"2023-03-08"},{"lineNumber":49,"author":{"gitId":"ERJUNZE"},"content":"     *","lastModifiedDate":"2023-03-08"},{"lineNumber":50,"author":{"gitId":"ERJUNZE"},"content":"     * @param input The unparsed command string.","lastModifiedDate":"2023-03-08"},{"lineNumber":51,"author":{"gitId":"ERJUNZE"},"content":"     * @return A command that can be executed by calling the run() method.","lastModifiedDate":"2023-03-08"},{"lineNumber":52,"author":{"gitId":"ERJUNZE"},"content":"     */","lastModifiedDate":"2023-03-08"},{"lineNumber":53,"author":{"gitId":"ERJUNZE"},"content":"    public Command parseCommand(String input) {","lastModifiedDate":"2023-03-09"},{"lineNumber":54,"author":{"gitId":"ERJUNZE"},"content":"        String[] splitInput \u003d input.trim().replaceAll(\"\\\\s+\", \" \").split(\" \");","lastModifiedDate":"2023-03-08"},{"lineNumber":55,"author":{"gitId":"ERJUNZE"},"content":"","lastModifiedDate":"2023-03-08"},{"lineNumber":56,"author":{"gitId":"ERJUNZE"},"content":"        switch (splitInput[0]) {","lastModifiedDate":"2023-03-08"},{"lineNumber":57,"author":{"gitId":"ERJUNZE"},"content":"        case ListTasksCommand.KEYWORD:","lastModifiedDate":"2023-03-09"},{"lineNumber":58,"author":{"gitId":"ERJUNZE"},"content":"            return new ListTasksCommand();","lastModifiedDate":"2023-03-09"},{"lineNumber":59,"author":{"gitId":"ERJUNZE"},"content":"        case ExitCommand.KEYWORD:","lastModifiedDate":"2023-03-09"},{"lineNumber":60,"author":{"gitId":"ERJUNZE"},"content":"            return new ExitCommand();","lastModifiedDate":"2023-03-09"},{"lineNumber":61,"author":{"gitId":"ERJUNZE"},"content":"        default:","lastModifiedDate":"2023-03-08"},{"lineNumber":62,"author":{"gitId":"ERJUNZE"},"content":"            return new InvalidCommand();","lastModifiedDate":"2023-03-08"},{"lineNumber":63,"author":{"gitId":"ERJUNZE"},"content":"        }","lastModifiedDate":"2023-03-08"},{"lineNumber":64,"author":{"gitId":"ERJUNZE"},"content":"    }","lastModifiedDate":"2023-03-08"},{"lineNumber":65,"author":{"gitId":"ERJUNZE"},"content":"}","lastModifiedDate":"2023-03-08"}],"authorContributionMap":{"ERJUNZE":65}},{"path":"src/main/java/seedu/duke/command/ExitCommand.java","fileType":"functional-code","lines":[{"lineNumber":1,"author":{"gitId":"ERJUNZE"},"content":"package seedu.duke.command;","lastModifiedDate":"2023-03-09"},{"lineNumber":2,"author":{"gitId":"ERJUNZE"},"content":"","lastModifiedDate":"2023-03-09"},{"lineNumber":3,"author":{"gitId":"ERJUNZE"},"content":"import seedu.duke.Ui;","lastModifiedDate":"2023-03-09"},{"lineNumber":4,"author":{"gitId":"ERJUNZE"},"content":"import seedu.duke.task.TaskList;","lastModifiedDate":"2023-03-09"},{"lineNumber":5,"author":{"gitId":"ERJUNZE"},"content":"","lastModifiedDate":"2023-03-09"},{"lineNumber":6,"author":{"gitId":"ERJUNZE"},"content":"/**","lastModifiedDate":"2023-03-09"},{"lineNumber":7,"author":{"gitId":"ERJUNZE"},"content":" * Command for terminating the program.","lastModifiedDate":"2023-03-09"},{"lineNumber":8,"author":{"gitId":"ERJUNZE"},"content":" */","lastModifiedDate":"2023-03-09"},{"lineNumber":9,"author":{"gitId":"ERJUNZE"},"content":"public class ExitCommand extends Command {","lastModifiedDate":"2023-03-09"},{"lineNumber":10,"author":{"gitId":"ERJUNZE"},"content":"    public static final String KEYWORD \u003d \"exit\";","lastModifiedDate":"2023-03-09"},{"lineNumber":11,"author":{"gitId":"ERJUNZE"},"content":"","lastModifiedDate":"2023-03-09"},{"lineNumber":12,"author":{"gitId":"ERJUNZE"},"content":"    /**","lastModifiedDate":"2023-03-09"},{"lineNumber":13,"author":{"gitId":"ERJUNZE"},"content":"     * Displays the program\u0027s shutdown message.","lastModifiedDate":"2023-03-09"},{"lineNumber":14,"author":{"gitId":"ERJUNZE"},"content":"     */","lastModifiedDate":"2023-03-09"},{"lineNumber":15,"author":{"gitId":"ERJUNZE"},"content":"    public void execute(TaskList taskList, Ui ui) {","lastModifiedDate":"2023-03-09"},{"lineNumber":16,"author":{"gitId":"ERJUNZE"},"content":"        ui.printGoodbyeMessage();","lastModifiedDate":"2023-03-09"},{"lineNumber":17,"author":{"gitId":"ERJUNZE"},"content":"    }","lastModifiedDate":"2023-03-09"},{"lineNumber":18,"author":{"gitId":"ERJUNZE"},"content":"","lastModifiedDate":"2023-03-09"},{"lineNumber":19,"author":{"gitId":"ERJUNZE"},"content":"    /**","lastModifiedDate":"2023-03-09"},{"lineNumber":20,"author":{"gitId":"ERJUNZE"},"content":"     * Returns whether this command should terminate the program.","lastModifiedDate":"2023-03-09"},{"lineNumber":21,"author":{"gitId":"ERJUNZE"},"content":"     *","lastModifiedDate":"2023-03-09"},{"lineNumber":22,"author":{"gitId":"ERJUNZE"},"content":"     * @return \u003ccode\u003eTrue\u003c/code\u003e, since this is the exit command.","lastModifiedDate":"2023-03-09"},{"lineNumber":23,"author":{"gitId":"ERJUNZE"},"content":"     */","lastModifiedDate":"2023-03-09"},{"lineNumber":24,"author":{"gitId":"ERJUNZE"},"content":"    @Override","lastModifiedDate":"2023-03-09"},{"lineNumber":25,"author":{"gitId":"ERJUNZE"},"content":"    public boolean isExit() {","lastModifiedDate":"2023-03-09"},{"lineNumber":26,"author":{"gitId":"ERJUNZE"},"content":"        return true;","lastModifiedDate":"2023-03-09"},{"lineNumber":27,"author":{"gitId":"ERJUNZE"},"content":"    }","lastModifiedDate":"2023-03-09"},{"lineNumber":28,"author":{"gitId":"ERJUNZE"},"content":"}","lastModifiedDate":"2023-03-09"}],"authorContributionMap":{"ERJUNZE":28}},{"path":"src/main/java/seedu/duke/command/InvalidCommand.java","fileType":"functional-code","lines":[{"lineNumber":1,"author":{"gitId":"ERJUNZE"},"content":"package seedu.duke.command;","lastModifiedDate":"2023-03-08"},{"lineNumber":2,"author":{"gitId":"ERJUNZE"},"content":"","lastModifiedDate":"2023-03-08"},{"lineNumber":3,"author":{"gitId":"ERJUNZE"},"content":"import seedu.duke.Ui;","lastModifiedDate":"2023-03-08"},{"lineNumber":4,"author":{"gitId":"ERJUNZE"},"content":"import seedu.duke.task.TaskList;","lastModifiedDate":"2023-03-09"},{"lineNumber":5,"author":{"gitId":"ERJUNZE"},"content":"","lastModifiedDate":"2023-03-08"},{"lineNumber":6,"author":{"gitId":"ERJUNZE"},"content":"/**","lastModifiedDate":"2023-03-09"},{"lineNumber":7,"author":{"gitId":"ERJUNZE"},"content":" * Command generated and run when there is an error with parsing the command.","lastModifiedDate":"2023-03-09"},{"lineNumber":8,"author":{"gitId":"ERJUNZE"},"content":" */","lastModifiedDate":"2023-03-09"},{"lineNumber":9,"author":{"gitId":"ERJUNZE"},"content":"public class InvalidCommand extends Command {","lastModifiedDate":"2023-03-08"},{"lineNumber":10,"author":{"gitId":"ERJUNZE"},"content":"    /**","lastModifiedDate":"2023-03-09"},{"lineNumber":11,"author":{"gitId":"ERJUNZE"},"content":"     * Displays a generic error message.","lastModifiedDate":"2023-03-09"},{"lineNumber":12,"author":{"gitId":"ERJUNZE"},"content":"     */","lastModifiedDate":"2023-03-09"},{"lineNumber":13,"author":{"gitId":"ERJUNZE"},"content":"    public void execute(TaskList taskList, Ui ui) {","lastModifiedDate":"2023-03-09"},{"lineNumber":14,"author":{"gitId":"ERJUNZE"},"content":"        ui.printErrorMessage();","lastModifiedDate":"2023-03-09"},{"lineNumber":15,"author":{"gitId":"ERJUNZE"},"content":"    }","lastModifiedDate":"2023-03-08"},{"lineNumber":16,"author":{"gitId":"ERJUNZE"},"content":"}","lastModifiedDate":"2023-03-08"}],"authorContributionMap":{"ERJUNZE":16}},{"path":"src/main/java/seedu/duke/command/ListTasksCommand.java","fileType":"functional-code","lines":[{"lineNumber":1,"author":{"gitId":"ERJUNZE"},"content":"package seedu.duke.command;","lastModifiedDate":"2023-03-09"},{"lineNumber":2,"author":{"gitId":"ERJUNZE"},"content":"","lastModifiedDate":"2023-03-09"},{"lineNumber":3,"author":{"gitId":"ERJUNZE"},"content":"import seedu.duke.Ui;","lastModifiedDate":"2023-03-09"},{"lineNumber":4,"author":{"gitId":"ERJUNZE"},"content":"import seedu.duke.task.TaskList;","lastModifiedDate":"2023-03-09"},{"lineNumber":5,"author":{"gitId":"ERJUNZE"},"content":"","lastModifiedDate":"2023-03-09"},{"lineNumber":6,"author":{"gitId":"ERJUNZE"},"content":"/**","lastModifiedDate":"2023-03-09"},{"lineNumber":7,"author":{"gitId":"ERJUNZE"},"content":" * Command for displaying the current task list.","lastModifiedDate":"2023-03-09"},{"lineNumber":8,"author":{"gitId":"ERJUNZE"},"content":" */","lastModifiedDate":"2023-03-09"},{"lineNumber":9,"author":{"gitId":"ERJUNZE"},"content":"public class ListTasksCommand extends Command {","lastModifiedDate":"2023-03-09"},{"lineNumber":10,"author":{"gitId":"ERJUNZE"},"content":"    public static final String KEYWORD \u003d \"list\";","lastModifiedDate":"2023-03-09"},{"lineNumber":11,"author":{"gitId":"ERJUNZE"},"content":"","lastModifiedDate":"2023-03-09"},{"lineNumber":12,"author":{"gitId":"ERJUNZE"},"content":"    /**","lastModifiedDate":"2023-03-09"},{"lineNumber":13,"author":{"gitId":"ERJUNZE"},"content":"     * Displays the current task list.","lastModifiedDate":"2023-03-09"},{"lineNumber":14,"author":{"gitId":"ERJUNZE"},"content":"     */","lastModifiedDate":"2023-03-09"},{"lineNumber":15,"author":{"gitId":"ERJUNZE"},"content":"    public void execute(TaskList taskList, Ui ui) {","lastModifiedDate":"2023-03-09"},{"lineNumber":16,"author":{"gitId":"ERJUNZE"},"content":"        ui.listTasks(taskList);","lastModifiedDate":"2023-03-09"},{"lineNumber":17,"author":{"gitId":"ERJUNZE"},"content":"    }","lastModifiedDate":"2023-03-09"},{"lineNumber":18,"author":{"gitId":"ERJUNZE"},"content":"}","lastModifiedDate":"2023-03-09"}],"authorContributionMap":{"ERJUNZE":18}},{"path":"src/main/java/seedu/duke/command/Parser.java","fileType":"functional-code","lines":[{"lineNumber":1,"author":{"gitId":"ERJUNZE"},"content":"package seedu.duke.command;","lastModifiedDate":"2023-03-08"},{"lineNumber":2,"author":{"gitId":"jeromeongithub"},"content":"","lastModifiedDate":"2023-03-08"},{"lineNumber":3,"author":{"gitId":"jeromeongithub"},"content":"public class Parser {","lastModifiedDate":"2023-03-08"},{"lineNumber":4,"author":{"gitId":"jeromeongithub"},"content":"    public Parser() {","lastModifiedDate":"2023-03-08"},{"lineNumber":5,"author":{"gitId":"jeromeongithub"},"content":"    }","lastModifiedDate":"2023-03-08"},{"lineNumber":6,"author":{"gitId":"ERJUNZE"},"content":"","lastModifiedDate":"2023-03-08"},{"lineNumber":7,"author":{"gitId":"jeromeongithub"},"content":"    public String[] parseCommand(String userInput) {","lastModifiedDate":"2023-03-08"},{"lineNumber":8,"author":{"gitId":"jeromeongithub"},"content":"        String userCommand \u003d userInput.split(\" \", 2)[0];","lastModifiedDate":"2023-03-08"},{"lineNumber":9,"author":{"gitId":"jeromeongithub"},"content":"        String providedInformation \u003d \"\";","lastModifiedDate":"2023-03-08"},{"lineNumber":10,"author":{"gitId":"jeromeongithub"},"content":"        switch (userCommand) {","lastModifiedDate":"2023-03-08"},{"lineNumber":11,"author":{"gitId":"jeromeongithub"},"content":"        case \"list\":","lastModifiedDate":"2023-03-08"},{"lineNumber":12,"author":{"gitId":"jeromeongithub"},"content":"            // Fallthrough","lastModifiedDate":"2023-03-08"},{"lineNumber":13,"author":{"gitId":"jeromeongithub"},"content":"        case \"bye\":","lastModifiedDate":"2023-03-08"},{"lineNumber":14,"author":{"gitId":"jeromeongithub"},"content":"            break;","lastModifiedDate":"2023-03-08"},{"lineNumber":15,"author":{"gitId":"jeromeongithub"},"content":"        case \"mark\":","lastModifiedDate":"2023-03-08"},{"lineNumber":16,"author":{"gitId":"jeromeongithub"},"content":"            // Fallthrough","lastModifiedDate":"2023-03-08"},{"lineNumber":17,"author":{"gitId":"jeromeongithub"},"content":"        case \"unmark\":","lastModifiedDate":"2023-03-08"},{"lineNumber":18,"author":{"gitId":"jeromeongithub"},"content":"            // Fallthrough","lastModifiedDate":"2023-03-08"},{"lineNumber":19,"author":{"gitId":"RuiShengGit"},"content":"        case \"delete\":","lastModifiedDate":"2023-03-08"},{"lineNumber":20,"author":{"gitId":"RuiShengGit"},"content":"            //Fallthrough","lastModifiedDate":"2023-03-08"},{"lineNumber":21,"author":{"gitId":"jeromeongithub"},"content":"        case \"add\":","lastModifiedDate":"2023-03-08"},{"lineNumber":22,"author":{"gitId":"jeromeongithub"},"content":"            providedInformation \u003d userInput.split(\" \", 2)[1];","lastModifiedDate":"2023-03-08"},{"lineNumber":23,"author":{"gitId":"jeromeongithub"},"content":"            break;","lastModifiedDate":"2023-03-08"},{"lineNumber":24,"author":{"gitId":"jeromeongithub"},"content":"        default:","lastModifiedDate":"2023-03-08"},{"lineNumber":25,"author":{"gitId":"jeromeongithub"},"content":"            userCommand \u003d \"unknown command\";","lastModifiedDate":"2023-03-08"},{"lineNumber":26,"author":{"gitId":"jeromeongithub"},"content":"            break;","lastModifiedDate":"2023-03-08"},{"lineNumber":27,"author":{"gitId":"jeromeongithub"},"content":"        }","lastModifiedDate":"2023-03-08"},{"lineNumber":28,"author":{"gitId":"jeromeongithub"},"content":"        String[] parsedCommand \u003d {userCommand, providedInformation};","lastModifiedDate":"2023-03-08"},{"lineNumber":29,"author":{"gitId":"jeromeongithub"},"content":"        return parsedCommand;","lastModifiedDate":"2023-03-08"},{"lineNumber":30,"author":{"gitId":"jeromeongithub"},"content":"    }","lastModifiedDate":"2023-03-08"},{"lineNumber":31,"author":{"gitId":"jeromeongithub"},"content":"}","lastModifiedDate":"2023-03-08"}],"authorContributionMap":{"jeromeongithub":27,"ERJUNZE":2,"RuiShengGit":2}},{"path":"src/main/java/seedu/duke/task/Task.java","fileType":"functional-code","lines":[{"lineNumber":1,"author":{"gitId":"ERJUNZE"},"content":"package seedu.duke.task;","lastModifiedDate":"2023-03-09"},{"lineNumber":2,"author":{"gitId":"jeromeongithub"},"content":"","lastModifiedDate":"2023-03-08"},{"lineNumber":3,"author":{"gitId":"jeromeongithub"},"content":"public class Task {","lastModifiedDate":"2023-03-08"},{"lineNumber":4,"author":{"gitId":"jeromeongithub"},"content":"    private String description;","lastModifiedDate":"2023-03-08"},{"lineNumber":5,"author":{"gitId":"jeromeongithub"},"content":"    private boolean isDone;","lastModifiedDate":"2023-03-08"},{"lineNumber":6,"author":{"gitId":"ERJUNZE"},"content":"","lastModifiedDate":"2023-03-09"},{"lineNumber":7,"author":{"gitId":"jeromeongithub"},"content":"    public Task(String description) {","lastModifiedDate":"2023-03-08"},{"lineNumber":8,"author":{"gitId":"jeromeongithub"},"content":"        this.description \u003d description;","lastModifiedDate":"2023-03-08"},{"lineNumber":9,"author":{"gitId":"jeromeongithub"},"content":"        this.isDone \u003d false;","lastModifiedDate":"2023-03-08"},{"lineNumber":10,"author":{"gitId":"jeromeongithub"},"content":"    }","lastModifiedDate":"2023-03-08"},{"lineNumber":11,"author":{"gitId":"jeromeongithub"},"content":"","lastModifiedDate":"2023-03-08"},{"lineNumber":12,"author":{"gitId":"jeromeongithub"},"content":"    public String getDescription() {","lastModifiedDate":"2023-03-08"},{"lineNumber":13,"author":{"gitId":"jeromeongithub"},"content":"        return this.description;","lastModifiedDate":"2023-03-08"},{"lineNumber":14,"author":{"gitId":"jeromeongithub"},"content":"    }","lastModifiedDate":"2023-03-08"},{"lineNumber":15,"author":{"gitId":"jeromeongithub"},"content":"","lastModifiedDate":"2023-03-08"},{"lineNumber":16,"author":{"gitId":"jeromeongithub"},"content":"    public boolean getIsDone() {","lastModifiedDate":"2023-03-08"},{"lineNumber":17,"author":{"gitId":"jeromeongithub"},"content":"        return this.isDone;","lastModifiedDate":"2023-03-08"},{"lineNumber":18,"author":{"gitId":"jeromeongithub"},"content":"    }","lastModifiedDate":"2023-03-08"},{"lineNumber":19,"author":{"gitId":"ERJUNZE"},"content":"","lastModifiedDate":"2023-03-09"},{"lineNumber":20,"author":{"gitId":"jeromeongithub"},"content":"    public void setDone(boolean isDone) {","lastModifiedDate":"2023-03-08"},{"lineNumber":21,"author":{"gitId":"jeromeongithub"},"content":"        this.isDone \u003d isDone;","lastModifiedDate":"2023-03-08"},{"lineNumber":22,"author":{"gitId":"jeromeongithub"},"content":"    }","lastModifiedDate":"2023-03-08"},{"lineNumber":23,"author":{"gitId":"ERJUNZE"},"content":"","lastModifiedDate":"2023-03-09"},{"lineNumber":24,"author":{"gitId":"ERJUNZE"},"content":"    public String toString() {","lastModifiedDate":"2023-03-09"},{"lineNumber":25,"author":{"gitId":"ERJUNZE"},"content":"        return \"[\" + (isDone ? \"X\" : \" \") + \"] \" + description;","lastModifiedDate":"2023-03-09"},{"lineNumber":26,"author":{"gitId":"ERJUNZE"},"content":"    }","lastModifiedDate":"2023-03-09"},{"lineNumber":27,"author":{"gitId":"jeromeongithub"},"content":"}","lastModifiedDate":"2023-03-08"}],"authorContributionMap":{"jeromeongithub":20,"ERJUNZE":7}},{"path":"src/main/java/seedu/duke/task/TaskList.java","fileType":"functional-code","lines":[{"lineNumber":1,"author":{"gitId":"ERJUNZE"},"content":"package seedu.duke.task;","lastModifiedDate":"2023-03-09"},{"lineNumber":2,"author":{"gitId":"ERJUNZE"},"content":"","lastModifiedDate":"2023-03-09"},{"lineNumber":3,"author":{"gitId":"ERJUNZE"},"content":"import java.util.ArrayList;","lastModifiedDate":"2023-03-09"},{"lineNumber":4,"author":{"gitId":"ERJUNZE"},"content":"import java.util.StringJoiner;","lastModifiedDate":"2023-03-09"},{"lineNumber":5,"author":{"gitId":"ERJUNZE"},"content":"","lastModifiedDate":"2023-03-09"},{"lineNumber":6,"author":{"gitId":"ERJUNZE"},"content":"/**","lastModifiedDate":"2023-03-09"},{"lineNumber":7,"author":{"gitId":"ERJUNZE"},"content":" * A list of Task objects representing the current list of tasks.","lastModifiedDate":"2023-03-09"},{"lineNumber":8,"author":{"gitId":"ERJUNZE"},"content":" */","lastModifiedDate":"2023-03-09"},{"lineNumber":9,"author":{"gitId":"ERJUNZE"},"content":"public class TaskList {","lastModifiedDate":"2023-03-09"},{"lineNumber":10,"author":{"gitId":"ERJUNZE"},"content":"    private ArrayList\u003cTask\u003e tasks \u003d new ArrayList\u003c\u003e();","lastModifiedDate":"2023-03-09"},{"lineNumber":11,"author":{"gitId":"ERJUNZE"},"content":"","lastModifiedDate":"2023-03-09"},{"lineNumber":12,"author":{"gitId":"ERJUNZE"},"content":"    /**","lastModifiedDate":"2023-03-09"},{"lineNumber":13,"author":{"gitId":"ERJUNZE"},"content":"     * Returns the number of tasks in this task list.","lastModifiedDate":"2023-03-09"},{"lineNumber":14,"author":{"gitId":"ERJUNZE"},"content":"     *","lastModifiedDate":"2023-03-09"},{"lineNumber":15,"author":{"gitId":"ERJUNZE"},"content":"     * @return The number of tasks in this task list.","lastModifiedDate":"2023-03-09"},{"lineNumber":16,"author":{"gitId":"ERJUNZE"},"content":"     */","lastModifiedDate":"2023-03-09"},{"lineNumber":17,"author":{"gitId":"ERJUNZE"},"content":"    public int size() {","lastModifiedDate":"2023-03-09"},{"lineNumber":18,"author":{"gitId":"ERJUNZE"},"content":"        return tasks.size();","lastModifiedDate":"2023-03-09"},{"lineNumber":19,"author":{"gitId":"ERJUNZE"},"content":"    }","lastModifiedDate":"2023-03-09"},{"lineNumber":20,"author":{"gitId":"ERJUNZE"},"content":"","lastModifiedDate":"2023-03-09"},{"lineNumber":21,"author":{"gitId":"ERJUNZE"},"content":"    /**","lastModifiedDate":"2023-03-09"},{"lineNumber":22,"author":{"gitId":"ERJUNZE"},"content":"     * Returns the task at the given index of the task list.","lastModifiedDate":"2023-03-09"},{"lineNumber":23,"author":{"gitId":"ERJUNZE"},"content":"     *","lastModifiedDate":"2023-03-09"},{"lineNumber":24,"author":{"gitId":"ERJUNZE"},"content":"     * @param index The index of the task to return.","lastModifiedDate":"2023-03-09"},{"lineNumber":25,"author":{"gitId":"ERJUNZE"},"content":"     *              Must be between 1 and the size of the task list.","lastModifiedDate":"2023-03-09"},{"lineNumber":26,"author":{"gitId":"ERJUNZE"},"content":"     * @return The task at the given index of the task list.","lastModifiedDate":"2023-03-09"},{"lineNumber":27,"author":{"gitId":"ERJUNZE"},"content":"     */","lastModifiedDate":"2023-03-09"},{"lineNumber":28,"author":{"gitId":"ERJUNZE"},"content":"    public Task getTask(int index) {","lastModifiedDate":"2023-03-09"},{"lineNumber":29,"author":{"gitId":"ERJUNZE"},"content":"        return tasks.get(index);","lastModifiedDate":"2023-03-09"},{"lineNumber":30,"author":{"gitId":"ERJUNZE"},"content":"    }","lastModifiedDate":"2023-03-09"},{"lineNumber":31,"author":{"gitId":"ERJUNZE"},"content":"","lastModifiedDate":"2023-03-09"},{"lineNumber":32,"author":{"gitId":"ERJUNZE"},"content":"    /**","lastModifiedDate":"2023-03-09"},{"lineNumber":33,"author":{"gitId":"ERJUNZE"},"content":"     * Appends the given task to the task list.","lastModifiedDate":"2023-03-09"},{"lineNumber":34,"author":{"gitId":"ERJUNZE"},"content":"     *","lastModifiedDate":"2023-03-09"},{"lineNumber":35,"author":{"gitId":"ERJUNZE"},"content":"     * @param task The task to be added to the task list.","lastModifiedDate":"2023-03-09"},{"lineNumber":36,"author":{"gitId":"ERJUNZE"},"content":"     * @return String representation of the task that was added.","lastModifiedDate":"2023-03-09"},{"lineNumber":37,"author":{"gitId":"ERJUNZE"},"content":"     */","lastModifiedDate":"2023-03-09"},{"lineNumber":38,"author":{"gitId":"ERJUNZE"},"content":"    public String addTask(Task task) {","lastModifiedDate":"2023-03-09"},{"lineNumber":39,"author":{"gitId":"ERJUNZE"},"content":"        tasks.add(task);","lastModifiedDate":"2023-03-09"},{"lineNumber":40,"author":{"gitId":"ERJUNZE"},"content":"        return task.toString();","lastModifiedDate":"2023-03-09"},{"lineNumber":41,"author":{"gitId":"ERJUNZE"},"content":"    }","lastModifiedDate":"2023-03-09"},{"lineNumber":42,"author":{"gitId":"ERJUNZE"},"content":"","lastModifiedDate":"2023-03-09"},{"lineNumber":43,"author":{"gitId":"ERJUNZE"},"content":"    /**","lastModifiedDate":"2023-03-09"},{"lineNumber":44,"author":{"gitId":"ERJUNZE"},"content":"     * Sets the completion status of the task at the given index of the task list.","lastModifiedDate":"2023-03-09"},{"lineNumber":45,"author":{"gitId":"ERJUNZE"},"content":"     *","lastModifiedDate":"2023-03-09"},{"lineNumber":46,"author":{"gitId":"ERJUNZE"},"content":"     * @param index The index of the task whose completion status should be set.","lastModifiedDate":"2023-03-09"},{"lineNumber":47,"author":{"gitId":"ERJUNZE"},"content":"     *              Must be between 1 and the size of the task list.","lastModifiedDate":"2023-03-09"},{"lineNumber":48,"author":{"gitId":"ERJUNZE"},"content":"     * @param isDone Whether the task should be marked as completed.","lastModifiedDate":"2023-03-09"},{"lineNumber":49,"author":{"gitId":"ERJUNZE"},"content":"     * @return String representation of the task whose completion status was set.","lastModifiedDate":"2023-03-09"},{"lineNumber":50,"author":{"gitId":"ERJUNZE"},"content":"     */","lastModifiedDate":"2023-03-09"},{"lineNumber":51,"author":{"gitId":"ERJUNZE"},"content":"    public String setDone(int index, boolean isDone) {","lastModifiedDate":"2023-03-09"},{"lineNumber":52,"author":{"gitId":"ERJUNZE"},"content":"        tasks.get(index).setDone(isDone);","lastModifiedDate":"2023-03-09"},{"lineNumber":53,"author":{"gitId":"ERJUNZE"},"content":"        return tasks.get(index).toString();","lastModifiedDate":"2023-03-09"},{"lineNumber":54,"author":{"gitId":"ERJUNZE"},"content":"    }","lastModifiedDate":"2023-03-09"},{"lineNumber":55,"author":{"gitId":"ERJUNZE"},"content":"","lastModifiedDate":"2023-03-09"},{"lineNumber":56,"author":{"gitId":"ERJUNZE"},"content":"    /**","lastModifiedDate":"2023-03-09"},{"lineNumber":57,"author":{"gitId":"ERJUNZE"},"content":"     * Deletes the task at the given index of the task list.","lastModifiedDate":"2023-03-09"},{"lineNumber":58,"author":{"gitId":"ERJUNZE"},"content":"     *","lastModifiedDate":"2023-03-09"},{"lineNumber":59,"author":{"gitId":"ERJUNZE"},"content":"     * @param index The index of the task to be deleted.","lastModifiedDate":"2023-03-09"},{"lineNumber":60,"author":{"gitId":"ERJUNZE"},"content":"     *              Must be between 1 and the size of the task list.","lastModifiedDate":"2023-03-09"},{"lineNumber":61,"author":{"gitId":"ERJUNZE"},"content":"     * @return String representation of the task that was deleted.","lastModifiedDate":"2023-03-09"},{"lineNumber":62,"author":{"gitId":"ERJUNZE"},"content":"     */","lastModifiedDate":"2023-03-09"},{"lineNumber":63,"author":{"gitId":"ERJUNZE"},"content":"    public String deleteTask(int index) {","lastModifiedDate":"2023-03-09"},{"lineNumber":64,"author":{"gitId":"ERJUNZE"},"content":"        String taskString \u003d tasks.get(index).toString();","lastModifiedDate":"2023-03-09"},{"lineNumber":65,"author":{"gitId":"ERJUNZE"},"content":"        tasks.remove(index);","lastModifiedDate":"2023-03-09"},{"lineNumber":66,"author":{"gitId":"ERJUNZE"},"content":"        return taskString;","lastModifiedDate":"2023-03-09"},{"lineNumber":67,"author":{"gitId":"ERJUNZE"},"content":"    }","lastModifiedDate":"2023-03-09"},{"lineNumber":68,"author":{"gitId":"ERJUNZE"},"content":"","lastModifiedDate":"2023-03-09"},{"lineNumber":69,"author":{"gitId":"ERJUNZE"},"content":"    /**","lastModifiedDate":"2023-03-09"},{"lineNumber":70,"author":{"gitId":"ERJUNZE"},"content":"     * Converts the task list into its string representation.","lastModifiedDate":"2023-03-09"},{"lineNumber":71,"author":{"gitId":"ERJUNZE"},"content":"     *","lastModifiedDate":"2023-03-09"},{"lineNumber":72,"author":{"gitId":"ERJUNZE"},"content":"     * @return String representation of the task list.","lastModifiedDate":"2023-03-09"},{"lineNumber":73,"author":{"gitId":"ERJUNZE"},"content":"     */","lastModifiedDate":"2023-03-09"},{"lineNumber":74,"author":{"gitId":"ERJUNZE"},"content":"    public String toString() {","lastModifiedDate":"2023-03-09"},{"lineNumber":75,"author":{"gitId":"ERJUNZE"},"content":"        StringJoiner taskListString \u003d new StringJoiner(System.lineSeparator());","lastModifiedDate":"2023-03-09"},{"lineNumber":76,"author":{"gitId":"ERJUNZE"},"content":"        for (int i \u003d 0; i \u003c size(); i++) {","lastModifiedDate":"2023-03-09"},{"lineNumber":77,"author":{"gitId":"ERJUNZE"},"content":"            taskListString.add((i + 1) + \".\" + getTask(i).toString());","lastModifiedDate":"2023-03-09"},{"lineNumber":78,"author":{"gitId":"ERJUNZE"},"content":"        }","lastModifiedDate":"2023-03-09"},{"lineNumber":79,"author":{"gitId":"ERJUNZE"},"content":"        return taskListString.toString();","lastModifiedDate":"2023-03-09"},{"lineNumber":80,"author":{"gitId":"ERJUNZE"},"content":"    }","lastModifiedDate":"2023-03-09"},{"lineNumber":81,"author":{"gitId":"ERJUNZE"},"content":"}","lastModifiedDate":"2023-03-09"}],"authorContributionMap":{"ERJUNZE":81}}]
