{"authorDailyContributionsMap":{"jeromeongithub":[{"date":"2023-03-02","commitResults":[{"hash":"511370162e2a7f37561ca0ed2fee22a44d4f3906","isMergeCommit":false,"messageTitle":"Update AboutUs","messageBody":"","fileTypesAndContributionMap":{"docs":{"insertions":7,"deletions":7}}},{"hash":"6212998bef8666deeeb92c22459aa3d935deeec6","isMergeCommit":true,"messageTitle":"Merge pull request #1 from jeromeongithub/jerome-AboutUs","messageBody":"Update AboutUs","fileTypesAndContributionMap":{}}]},{"date":"2023-03-08","commitResults":[{"hash":"ebe1d9d04a3fd79cc9ef7b815ced5ac7ea78d45e","isMergeCommit":false,"messageTitle":"Implement add task and list tasks functionality","messageBody":"","fileTypesAndContributionMap":{"functional-code":{"insertions":147,"deletions":12}}}]},{"date":"2023-03-09","commitResults":[{"hash":"57a986226c0328fbfe23d4a254bdc485f7718d06","isMergeCommit":true,"messageTitle":"Merge pull request #20 from RuiShengGit/Update_Commands","messageBody":"Add new commands","fileTypesAndContributionMap":{}},{"hash":"494b625de17c52aa1b833dc1f823c1eff5f31810","isMergeCommit":false,"messageTitle":"Add Storage class and saving functionality.","messageBody":"","fileTypesAndContributionMap":{"functional-code":{"insertions":123,"deletions":4}}},{"hash":"14eb02c36d48dcdd4bd95063de3c40e1cec20bca","isMergeCommit":false,"messageTitle":"Revert \"Add Storage class and saving functionality.\"","messageBody":"This reverts commit 494b625de17c52aa1b833dc1f823c1eff5f31810.\n","fileTypesAndContributionMap":{"functional-code":{"insertions":4,"deletions":123}}},{"hash":"98628eeafdb1d076034a3911a4c01f681e1fd963","isMergeCommit":false,"messageTitle":"Add Storage class and saving functionality","messageBody":"","fileTypesAndContributionMap":{"functional-code":{"insertions":120,"deletions":3}}},{"hash":"61c967ca5c3a7dffb7c59663e377049448bd93d3","isMergeCommit":false,"messageTitle":"Remove unnecessary import","messageBody":"","fileTypesAndContributionMap":{"functional-code":{"insertions":0,"deletions":2}}},{"hash":"3fe7beb619d3ef7f027aba7c02a00941a72cb433","isMergeCommit":true,"messageTitle":"Merge pull request #21 from clement559/branch-DeadlineCreation","messageBody":"Deadline Creation","fileTypesAndContributionMap":{}},{"hash":"f5675f9629eb8565579f432fd5b6a9b4b1e7b7b3","isMergeCommit":true,"messageTitle":"Resolve merge conflicts and remove unused extra Task class","messageBody":"","fileTypesAndContributionMap":{}},{"hash":"9878a205421ecd1a0f43bdda7ed4ccea32e28ca8","isMergeCommit":false,"messageTitle":"Update text-ui-test and make printWelcomeMessage() method of Ui class not static","messageBody":"","fileTypesAndContributionMap":{"functional-code":{"insertions":3,"deletions":4}}},{"hash":"bcd3baff57ba92a224230cc27f334a4f32dc74c6","isMergeCommit":true,"messageTitle":"Merge pull request #22 from jeromeongithub/branch-Storage","messageBody":"Branch storage","fileTypesAndContributionMap":{}}]},{"date":"2023-03-10","commitResults":[{"hash":"01155fd916ce2ea83c0f2f69193ffc4bf2d035d6","isMergeCommit":false,"messageTitle":"Add JUnit tests for Storage class","messageBody":"","fileTypesAndContributionMap":{"functional-code":{"insertions":35,"deletions":20},"other":{"insertions":12,"deletions":11},"test-code":{"insertions":114,"deletions":0}}},{"hash":"b7050d37be82472608e53cf0d5195b832f33cdb9","isMergeCommit":true,"messageTitle":"Merge pull request #24 from clement559/branch-DeadlineCreation","messageBody":"Added JUnit Testing for EditDeadlineCommand and AddTaskCommand","fileTypesAndContributionMap":{}},{"hash":"57e87a2768370ee5fa093a1514f154846a91b30e","isMergeCommit":true,"messageTitle":"Resolve merge conflicts and gitignore some txt files","messageBody":"","fileTypesAndContributionMap":{}},{"hash":"4fee0760af2ad508407419f3a426541018a6c25d","isMergeCommit":false,"messageTitle":"Remove unnecessary imports and specified actual imports","messageBody":"","fileTypesAndContributionMap":{"test-code":{"insertions":4,"deletions":5}}},{"hash":"3cc3416d8825346aa6de619e864a6dda90028b7a","isMergeCommit":true,"messageTitle":"Merge pull request #25 from jeromeongithub/branch-Storage","messageBody":"Add JUnit tests for Storage class","fileTypesAndContributionMap":{}}]},{"date":"2023-03-12","commitResults":[{"hash":"06acb7d18265c5c5e08c7a943b805d39a7216170","isMergeCommit":true,"messageTitle":"Merge pull request #27 from ERJUNZE/Formatting","messageBody":"Fix some formatting","fileTypesAndContributionMap":{}}]}],"KedrianLoh":[{"date":"2023-03-02","commitResults":[{"hash":"b7ad2d850c83603ec4c3749c1755be82ed32ff52","isMergeCommit":false,"messageTitle":"Updated AboutUs","messageBody":"","fileTypesAndContributionMap":{"docs":{"insertions":5,"deletions":5}}},{"hash":"780044ef0b10cc8d94aeff936190815bee930336","isMergeCommit":true,"messageTitle":"Merge branch \u0027master\u0027 of https://github.com/AY2223S2-CS2113-T11-4/tp into Kedrian-AboutUs","messageBody":"# Conflicts:\n#\tdocs/AboutUs.md\n","fileTypesAndContributionMap":{}},{"hash":"d74c357c81a4d54b3c93a7b91c7069f19153cc6d","isMergeCommit":true,"messageTitle":"Merge pull request #4 from KedrianLoh/Kedrian-AboutUs","messageBody":"Updated AboutUs","fileTypesAndContributionMap":{}}]},{"date":"2023-03-10","commitResults":[{"hash":"c549095e74885b2be578fc64e3c653905d1bc254","isMergeCommit":false,"messageTitle":"Added sorting tasks by deadline function","messageBody":"","fileTypesAndContributionMap":{"functional-code":{"insertions":20,"deletions":0}}},{"hash":"00748660f30df1ab2a6e8dc810fe9db18a00fe1a","isMergeCommit":false,"messageTitle":"Removed unnecessary import","messageBody":"","fileTypesAndContributionMap":{"functional-code":{"insertions":0,"deletions":1}}},{"hash":"80cf088c03e50d42ec9296a75158f06d9bf10fd4","isMergeCommit":false,"messageTitle":"Moved static method to the top","messageBody":"","fileTypesAndContributionMap":{"functional-code":{"insertions":11,"deletions":9}}},{"hash":"9c074d2753aaaed516f47e762559222477fd2cae","isMergeCommit":false,"messageTitle":"Corrected checkstyle error","messageBody":"","fileTypesAndContributionMap":{"functional-code":{"insertions":4,"deletions":4}}},{"hash":"36a77389f1c0948f888849d20b79f586ff9683a5","isMergeCommit":true,"messageTitle":"Merge pull request #23 from KedrianLoh/ascending-list","messageBody":"Added sorting tasks by deadline function","fileTypesAndContributionMap":{}}]}],"ERJUNZE":[{"date":"2023-03-02","commitResults":[{"hash":"e3253bfd47b50260e12e25df836665c4a06d5427","isMergeCommit":false,"messageTitle":"Update the About Us with my infomation","messageBody":"","fileTypesAndContributionMap":{"docs":{"insertions":7,"deletions":7}}},{"hash":"05222bc0ce6b68cc4bcbe3ac4e52037e92723850","isMergeCommit":true,"messageTitle":"Merge branch \u0027master\u0027 of github.com:AY2223S2-CS2113-T11-4/tp into JunZe-AboutUs","messageBody":"# Conflicts:\n#\tdocs/AboutUs.md\n","fileTypesAndContributionMap":{}},{"hash":"c28e8e3c6c1a1d293f314196c20b68b141ce6b45","isMergeCommit":true,"messageTitle":"Merge pull request #5 from ERJUNZE/JunZe-AboutUs","messageBody":"Update the About Us","fileTypesAndContributionMap":{}}]},{"date":"2023-03-08","commitResults":[{"hash":"769fc48de8b6cd69b38d5952fce922b595338e2b","isMergeCommit":false,"messageTitle":"Added base command object and moved parser to package","messageBody":"","fileTypesAndContributionMap":{"functional-code":{"insertions":22,"deletions":0},"other":{"insertions":29,"deletions":28}}},{"hash":"7936943a545339c0fcdcad9a16b76753f8da7497","isMergeCommit":false,"messageTitle":"Add command parser","messageBody":"","fileTypesAndContributionMap":{"functional-code":{"insertions":70,"deletions":0}}},{"hash":"108faf09e5c4ac187a6c5b6a738769f9da6ec707","isMergeCommit":true,"messageTitle":"Merge remote-tracking branch \u0027upstream/master\u0027 into CommandSystem","messageBody":"# Conflicts:\n#\tsrc/main/java/seedu/duke/command/Parser.java\n","fileTypesAndContributionMap":{}}]},{"date":"2023-03-09","commitResults":[{"hash":"e314f45852c64b987dcf171a711f3a86e4e365c3","isMergeCommit":false,"messageTitle":"Add commands without arguments to new parser","messageBody":"","fileTypesAndContributionMap":{"functional-code":{"insertions":73,"deletions":3}}},{"hash":"e7ffb9d5916a34ea85d706b47987e28beb0bcaf5","isMergeCommit":true,"messageTitle":"Merge pull request #17 from ERJUNZE/CommandSystem","messageBody":"Command system","fileTypesAndContributionMap":{}},{"hash":"8fa9ef75c084209be6a480ea61600b5f67db3402","isMergeCommit":false,"messageTitle":"Add task list class","messageBody":"","fileTypesAndContributionMap":{"functional-code":{"insertions":86,"deletions":2},"other":{"insertions":27,"deletions":21}}},{"hash":"858006414caa0c9f79503abf84b656d293628834","isMergeCommit":false,"messageTitle":"Make methods of some classes not static","messageBody":"","fileTypesAndContributionMap":{"functional-code":{"insertions":30,"deletions":31}}},{"hash":"4e3c569d9bbab0cbb3aa9b2c681fdf8bc823cc61","isMergeCommit":false,"messageTitle":"Fix unused imports","messageBody":"","fileTypesAndContributionMap":{"functional-code":{"insertions":0,"deletions":7}}}]},{"date":"2023-03-11","commitResults":[{"hash":"8aec7dcccc4006869b3c6e02e703f73a896835de","isMergeCommit":true,"messageTitle":"Merge pull request #26 from RuiShengGit/Delete-Command","messageBody":"Add Junit test for delete command","fileTypesAndContributionMap":{}},{"hash":"6a98c08ced60b4ffabb12c3473ca701388e23bf8","isMergeCommit":false,"messageTitle":"Fix extra/missing newlines","messageBody":"","fileTypesAndContributionMap":{"functional-code":{"insertions":6,"deletions":9}}},{"hash":"38ed554d52ae829f521a8bc0898ba48ad53a6aba","isMergeCommit":false,"messageTitle":"Remove deprecated code, condense main function","messageBody":"","fileTypesAndContributionMap":{"functional-code":{"insertions":15,"deletions":91},"other":{"insertions":1,"deletions":0}}},{"hash":"036939332da42e84a4ca6796d12b2094c4655311","isMergeCommit":false,"messageTitle":"Update test ui testing","messageBody":"","fileTypesAndContributionMap":{"other":{"insertions":2,"deletions":3}}}]},{"date":"2023-03-13","commitResults":[{"hash":"9d5915e5afedc6d3a276c751d6442260df3f37b1","isMergeCommit":false,"messageTitle":"Setup exception classes","messageBody":"","fileTypesAndContributionMap":{"functional-code":{"insertions":52,"deletions":0}}},{"hash":"708c73589397805650473bba74061fd728440802","isMergeCommit":false,"messageTitle":"Enforce usage of parser and exception classes","messageBody":"","fileTypesAndContributionMap":{"functional-code":{"insertions":121,"deletions":120},"test-code":{"insertions":107,"deletions":157}}},{"hash":"d84c2aeb215974aa88df79350a5a75f3a0c8e2f5","isMergeCommit":false,"messageTitle":"Rename some variables and files, remove deprecated code","messageBody":"","fileTypesAndContributionMap":{"functional-code":{"insertions":37,"deletions":56},"other":{"insertions":1,"deletions":1},"test-code":{"insertions":0,"deletions":12}}},{"hash":"beec0287512c42e44428c5c995ca4206e0f3a7a5","isMergeCommit":true,"messageTitle":"Merge pull request #29 from ERJUNZE/Commands","messageBody":"Enforce new command parser and add some exceptions round 2","fileTypesAndContributionMap":{}},{"hash":"ef094a46933a9f29a7e0985b0d5e7d173f70e26e","isMergeCommit":true,"messageTitle":"Merge pull request #30 from RuiShengGit/Delete-Command","messageBody":"Add new delete command","fileTypesAndContributionMap":{}}]}],"RuiShengGit":[{"date":"2023-03-02","commitResults":[{"hash":"f7013b2694526febce89de740f9c5ce2067d8ac1","isMergeCommit":false,"messageTitle":"Updated the AboutUs.md","messageBody":"","fileTypesAndContributionMap":{"docs":{"insertions":7,"deletions":7}}},{"hash":"830a899ee68e89873e9a3601ce701f127bf1ad36","isMergeCommit":true,"messageTitle":"Merge branch \u0027master\u0027 of https://github.com/AY2223S2-CS2113-T11-4/tp into RuiSheng-AboutUs","messageBody":"# Conflicts:\n#\tdocs/AboutUs.md\n","fileTypesAndContributionMap":{}},{"hash":"ae5888b972a96e61324ec4e6874719a9a5f2fe1c","isMergeCommit":true,"messageTitle":"Merge pull request #3 from RuiShengGit/RuiSheng-AboutUs","messageBody":"Updated the AboutUs.md","fileTypesAndContributionMap":{}}]},{"date":"2023-03-08","commitResults":[{"hash":"7570306396260f24a35a3cfe90843cf6c641bf68","isMergeCommit":true,"messageTitle":"Merge pull request #1 from AY2223S2-CS2113-T11-4/master","messageBody":"Pulling updated AboutUs.md","fileTypesAndContributionMap":{}},{"hash":"6b9f8f42448fc6ca6423fb4a1c13aa599d97bfee","isMergeCommit":true,"messageTitle":"Merge branch \u0027master\u0027 of https://github.com/AY2223S2-CS2113-T11-4/tp","messageBody":"","fileTypesAndContributionMap":{}},{"hash":"852f6633f9f84882551a3b3cc16d734f5aebbfac","isMergeCommit":false,"messageTitle":"Add Delete Task Command to tp","messageBody":"","fileTypesAndContributionMap":{"functional-code":{"insertions":41,"deletions":8}}},{"hash":"76343c276cf58bc49b068bc6a463fa757efecd38","isMergeCommit":false,"messageTitle":"Delete unused line of code","messageBody":"","fileTypesAndContributionMap":{"functional-code":{"insertions":0,"deletions":1}}},{"hash":"4541e65cc954ff1a5dc30af6dd1da0fadb4a502f","isMergeCommit":false,"messageTitle":"Adjust order of static variable","messageBody":"","fileTypesAndContributionMap":{"functional-code":{"insertions":1,"deletions":1}}},{"hash":"3f2b804487176710fe2488dd22f1045ad1111680","isMergeCommit":false,"messageTitle":"Delete unnecessary lines of code","messageBody":"","fileTypesAndContributionMap":{"functional-code":{"insertions":0,"deletions":4}}},{"hash":"96ba76bd0dfae9bbeaac1d10b938375b597cb5aa","isMergeCommit":true,"messageTitle":"Merge pull request #15 from RuiShengGit/Delete-Command","messageBody":"Delete command","fileTypesAndContributionMap":{}}]},{"date":"2023-03-09","commitResults":[{"hash":"ba3ddcfa85daf4b6327f29b6a3c3f640da419acf","isMergeCommit":true,"messageTitle":"Merge pull request #19 from ERJUNZE/TaskList","messageBody":"Add task list","fileTypesAndContributionMap":{}},{"hash":"47c3f4404b9d698a0351433c18fbc69a3aedd405","isMergeCommit":false,"messageTitle":"Update and add new command classes for add, mark and delete to fit the new format","messageBody":"","fileTypesAndContributionMap":{"functional-code":{"insertions":121,"deletions":108}}},{"hash":"20c09c91538e83bdf8a90f49ea468c4b718306f5","isMergeCommit":false,"messageTitle":"Remove unnecessary import","messageBody":"","fileTypesAndContributionMap":{"functional-code":{"insertions":0,"deletions":2}}},{"hash":"f4b59529e8faf16c5390e2611bd4dd2aad6d15c6","isMergeCommit":false,"messageTitle":"Rearrange order of variables","messageBody":"","fileTypesAndContributionMap":{"functional-code":{"insertions":4,"deletions":4}}}]},{"date":"2023-03-10","commitResults":[{"hash":"dbc9c995b32ac9cda85f9ba689763832a28a6201","isMergeCommit":false,"messageTitle":"Add Junit test for delete command","messageBody":"","fileTypesAndContributionMap":{"functional-code":{"insertions":13,"deletions":4},"test-code":{"insertions":58,"deletions":0}}},{"hash":"a94f838b6931067eccd094dc7e777991b7995147","isMergeCommit":false,"messageTitle":"Update to fix checkstyle error","messageBody":"","fileTypesAndContributionMap":{"test-code":{"insertions":3,"deletions":3}}},{"hash":"456c36c3f7430dcac8737d3720cf558775745742","isMergeCommit":false,"messageTitle":"Add newline at the end of the class","messageBody":"","fileTypesAndContributionMap":{"test-code":{"insertions":3,"deletions":3}}}]},{"date":"2023-03-11","commitResults":[{"hash":"4e27ece3429b81c041728b95cef5ffee14cf2de8","isMergeCommit":false,"messageTitle":"Make improvements to the code","messageBody":"","fileTypesAndContributionMap":{"functional-code":{"insertions":2,"deletions":3}}}]},{"date":"2023-03-13","commitResults":[{"hash":"222c03c3b058e809b79fd64a3b78499f30716f77","isMergeCommit":false,"messageTitle":"Add new delete command","messageBody":"","fileTypesAndContributionMap":{"functional-code":{"insertions":33,"deletions":0},"test-code":{"insertions":59,"deletions":0}}}]}],"clement559":[{"date":"2023-03-02","commitResults":[{"hash":"8f24ae6a4634db456eb0a0a5bc28f375d8b095f7","isMergeCommit":false,"messageTitle":"Update About Us to add Clement (merge conflict incoming)","messageBody":"","fileTypesAndContributionMap":{"docs":{"insertions":7,"deletions":7}}},{"hash":"e7c2fe32b124c8ec372f5653e5a0aa0c9b2cb29f","isMergeCommit":true,"messageTitle":"Merge branch \u0027master\u0027 of https://github.com/AY2223S2-CS2113-T11-4/tp into clement-AboutUs","messageBody":"# Conflicts:\n#\tdocs/AboutUs.md\n","fileTypesAndContributionMap":{}},{"hash":"8b9c1f668cacc7dfc288ed0cedb75fa774c74649","isMergeCommit":true,"messageTitle":"Merge pull request #2 from clement559/clement-AboutUs","messageBody":"Update About Us to add Clement (merge conflict incoming)","fileTypesAndContributionMap":{}}]},{"date":"2023-03-08","commitResults":[{"hash":"2d2bffe1f31a549ef0a9c923f4b2f6bfc9f2a3e0","isMergeCommit":true,"messageTitle":"Merge pull request #13 from jeromeongithub/branch-addTask","messageBody":"Implement add task and list tasks functionality","fileTypesAndContributionMap":{}},{"hash":"666c295a8cc390be742f55e2e5d57f19aa794851","isMergeCommit":true,"messageTitle":"Merge branch \u0027master\u0027 of https://github.com/AY2223S2-CS2113-T11-4/tp","messageBody":"","fileTypesAndContributionMap":{}},{"hash":"91cc0b30f4dcc189ff328a820d23c14a6f38801e","isMergeCommit":false,"messageTitle":"Implemented deadlines to tasks addition. Implemented function to edit deadline of existing tasks. Caught IndexOutOfBounds exception when invalid parameters are passed from command input.","messageBody":"","fileTypesAndContributionMap":{"functional-code":{"insertions":117,"deletions":47}}},{"hash":"f9880db4f13bdb43bf2e1c0e538316c52d08a01d","isMergeCommit":false,"messageTitle":"Edited line indentation for failing Github checks.","messageBody":"","fileTypesAndContributionMap":{"functional-code":{"insertions":52,"deletions":57}}},{"hash":"c4ccb69a36da48f5b8f4a82d1960c71b35c5f9a7","isMergeCommit":false,"messageTitle":"Adjusting indentation and line lengths.","messageBody":"","fileTypesAndContributionMap":{"functional-code":{"insertions":4,"deletions":2}}},{"hash":"d694ac8c0dec9fcfac1e112559fd41a198cc57f2","isMergeCommit":false,"messageTitle":"Final indentation fix.","messageBody":"","fileTypesAndContributionMap":{"functional-code":{"insertions":1,"deletions":1}}},{"hash":"5773a08ea26c4cd248d8af5419712a56cf2ef39c","isMergeCommit":false,"messageTitle":"Attempt to remove NoSuchElementException.","messageBody":"","fileTypesAndContributionMap":{"functional-code":{"insertions":2,"deletions":1}}}]},{"date":"2023-03-09","commitResults":[{"hash":"7cec334a656d05157d33822a0f81413cece94124","isMergeCommit":true,"messageTitle":"Merge branch \u0027master\u0027 of https://github.com/AY2223S2-CS2113-T11-4/tp into branch-DeadlineCreation","messageBody":"# Conflicts:\n#\tsrc/main/java/seedu/duke/Duke.java\n#\tsrc/main/java/seedu/duke/Ui.java\n#\tsrc/main/java/seedu/duke/command/Parser.java\n#\tsrc/main/java/seedu/duke/task/Task.java\n","fileTypesAndContributionMap":{}},{"hash":"c2a2e81dfc57bda7e93506757bf5d42a4e524ff0","isMergeCommit":false,"messageTitle":"Half-attempted merge conflict","messageBody":"","fileTypesAndContributionMap":{"functional-code":{"insertions":97,"deletions":0}}},{"hash":"e7eed93d5d9a8e5877ca271386270b384861c197","isMergeCommit":true,"messageTitle":"Merge branch \u0027master\u0027 of https://github.com/AY2223S2-CS2113-T11-4/tp into branch-DeadlineCreation","messageBody":"# Conflicts:\n#\tsrc/main/java/seedu/duke/Duke.java\n#\tsrc/main/java/seedu/duke/Ui.java\n#\tsrc/main/java/seedu/duke/command/Parser.java\n","fileTypesAndContributionMap":{}},{"hash":"6700817139f22cd7ae2efba8c8965e8e7561ce57","isMergeCommit":false,"messageTitle":"Fix Indentation","messageBody":"","fileTypesAndContributionMap":{"functional-code":{"insertions":21,"deletions":21}}},{"hash":"f79ee820e9da8516f8db176aca6918de752dd4d3","isMergeCommit":false,"messageTitle":"Added new line at end of file","messageBody":"","fileTypesAndContributionMap":{"functional-code":{"insertions":1,"deletions":1}}},{"hash":"a6686d308b9a20db3bb86e64155ee500321d9074","isMergeCommit":false,"messageTitle":"Added line to close scanner before exiting while loop","messageBody":"","fileTypesAndContributionMap":{"functional-code":{"insertions":3,"deletions":0}}}]},{"date":"2023-03-10","commitResults":[{"hash":"bc11fceb38063f99806512345c4019c33ba11c40","isMergeCommit":false,"messageTitle":"Added JUnit Test to EditDeadlineCommand","messageBody":"","fileTypesAndContributionMap":{"functional-code":{"insertions":18,"deletions":7},"test-code":{"insertions":74,"deletions":0}}},{"hash":"3785368e70ad7ca45c25489cdee97f862e411d93","isMergeCommit":false,"messageTitle":"Added JUnit testing for AddTaskCommand","messageBody":"","fileTypesAndContributionMap":{"functional-code":{"insertions":36,"deletions":25},"test-code":{"insertions":68,"deletions":2}}},{"hash":"1b281d1e6f54cdbd95c1423f312c823831514b46","isMergeCommit":true,"messageTitle":"Merge branch \u0027master\u0027 of https://github.com/AY2223S2-CS2113-T11-4/tp into branch-DeadlineCreation","messageBody":"","fileTypesAndContributionMap":{}},{"hash":"eddd92599f50ed9167c6eeb5841cd9af0c89ed2b","isMergeCommit":false,"messageTitle":"Amended indentation","messageBody":"","fileTypesAndContributionMap":{"functional-code":{"insertions":3,"deletions":3}}},{"hash":"a04a16596c3cc8f086f9289c5d4308cb4a366309","isMergeCommit":false,"messageTitle":"Updated import statement to remove * Changed static initialisation of some variables","messageBody":"","fileTypesAndContributionMap":{"test-code":{"insertions":8,"deletions":8}}}]}]},"authorFileTypeContributionMap":{"jeromeongithub":{"docs":0,"functional-code":183,"test-code":105},"KedrianLoh":{"docs":0,"functional-code":19,"test-code":0},"ERJUNZE":{"docs":7,"functional-code":418,"test-code":102,"other":3},"RuiShengGit":{"docs":0,"functional-code":93,"test-code":59},"clement559":{"docs":0,"functional-code":63,"test-code":54}},"authorContributionVariance":{"jeromeongithub":7670.8,"KedrianLoh":94.47039,"ERJUNZE":19876.47,"RuiShengGit":2671.5615,"clement559":5833.063},"authorDisplayNameMap":{"jeromeongithub":"CS2113-T11-4 FOO ..ROME","KedrianLoh":"CS2113-T11-4 LOH ..RIAN","ERJUNZE":"CS2113-T11-4 ER J..N ZE","RuiShengGit":"CS2113-T11-4 SEOW..HENG","clement559":"CS2113-T11-4 SIUT..MENT"}}
