{"authorDailyContributionsMap":{"jeromeongithub":[{"date":"2023-03-02","commitResults":[{"hash":"511370162e2a7f37561ca0ed2fee22a44d4f3906","isMergeCommit":false,"messageTitle":"Update AboutUs","messageBody":"","fileTypesAndContributionMap":{"docs":{"insertions":7,"deletions":7}}},{"hash":"6212998bef8666deeeb92c22459aa3d935deeec6","isMergeCommit":true,"messageTitle":"Merge pull request #1 from jeromeongithub/jerome-AboutUs","messageBody":"Update AboutUs","fileTypesAndContributionMap":{}}]},{"date":"2023-03-08","commitResults":[{"hash":"ebe1d9d04a3fd79cc9ef7b815ced5ac7ea78d45e","isMergeCommit":false,"messageTitle":"Implement add task and list tasks functionality","messageBody":"","fileTypesAndContributionMap":{"functional-code":{"insertions":147,"deletions":12}}}]},{"date":"2023-03-09","commitResults":[{"hash":"57a986226c0328fbfe23d4a254bdc485f7718d06","isMergeCommit":true,"messageTitle":"Merge pull request #20 from RuiShengGit/Update_Commands","messageBody":"Add new commands","fileTypesAndContributionMap":{}},{"hash":"494b625de17c52aa1b833dc1f823c1eff5f31810","isMergeCommit":false,"messageTitle":"Add Storage class and saving functionality.","messageBody":"","fileTypesAndContributionMap":{"functional-code":{"insertions":123,"deletions":4}}},{"hash":"14eb02c36d48dcdd4bd95063de3c40e1cec20bca","isMergeCommit":false,"messageTitle":"Revert \"Add Storage class and saving functionality.\"","messageBody":"This reverts commit 494b625de17c52aa1b833dc1f823c1eff5f31810.\n","fileTypesAndContributionMap":{"functional-code":{"insertions":4,"deletions":123}}},{"hash":"98628eeafdb1d076034a3911a4c01f681e1fd963","isMergeCommit":false,"messageTitle":"Add Storage class and saving functionality","messageBody":"","fileTypesAndContributionMap":{"functional-code":{"insertions":120,"deletions":3}}},{"hash":"61c967ca5c3a7dffb7c59663e377049448bd93d3","isMergeCommit":false,"messageTitle":"Remove unnecessary import","messageBody":"","fileTypesAndContributionMap":{"functional-code":{"insertions":0,"deletions":2}}},{"hash":"3fe7beb619d3ef7f027aba7c02a00941a72cb433","isMergeCommit":true,"messageTitle":"Merge pull request #21 from clement559/branch-DeadlineCreation","messageBody":"Deadline Creation","fileTypesAndContributionMap":{}},{"hash":"f5675f9629eb8565579f432fd5b6a9b4b1e7b7b3","isMergeCommit":true,"messageTitle":"Resolve merge conflicts and remove unused extra Task class","messageBody":"","fileTypesAndContributionMap":{}},{"hash":"9878a205421ecd1a0f43bdda7ed4ccea32e28ca8","isMergeCommit":false,"messageTitle":"Update text-ui-test and make printWelcomeMessage() method of Ui class not static","messageBody":"","fileTypesAndContributionMap":{"functional-code":{"insertions":3,"deletions":4}}},{"hash":"bcd3baff57ba92a224230cc27f334a4f32dc74c6","isMergeCommit":true,"messageTitle":"Merge pull request #22 from jeromeongithub/branch-Storage","messageBody":"Branch storage","fileTypesAndContributionMap":{}}]},{"date":"2023-03-10","commitResults":[{"hash":"01155fd916ce2ea83c0f2f69193ffc4bf2d035d6","isMergeCommit":false,"messageTitle":"Add JUnit tests for Storage class","messageBody":"","fileTypesAndContributionMap":{"functional-code":{"insertions":35,"deletions":20},"other":{"insertions":12,"deletions":11},"test-code":{"insertions":114,"deletions":0}}},{"hash":"b7050d37be82472608e53cf0d5195b832f33cdb9","isMergeCommit":true,"messageTitle":"Merge pull request #24 from clement559/branch-DeadlineCreation","messageBody":"Added JUnit Testing for EditDeadlineCommand and AddTaskCommand","fileTypesAndContributionMap":{}},{"hash":"57e87a2768370ee5fa093a1514f154846a91b30e","isMergeCommit":true,"messageTitle":"Resolve merge conflicts and gitignore some txt files","messageBody":"","fileTypesAndContributionMap":{}},{"hash":"4fee0760af2ad508407419f3a426541018a6c25d","isMergeCommit":false,"messageTitle":"Remove unnecessary imports and specified actual imports","messageBody":"","fileTypesAndContributionMap":{"test-code":{"insertions":4,"deletions":5}}},{"hash":"3cc3416d8825346aa6de619e864a6dda90028b7a","isMergeCommit":true,"messageTitle":"Merge pull request #25 from jeromeongithub/branch-Storage","messageBody":"Add JUnit tests for Storage class","fileTypesAndContributionMap":{}},{"hash":"bf7e13ec39240f19da810c72028edbd6b6479b03","isMergeCommit":true,"messageTitle":"Merge branch \u0027master\u0027 of https://github.com/AY2223S2-CS2113-T11-4/tp","messageBody":"","fileTypesAndContributionMap":{}}]},{"date":"2023-03-12","commitResults":[{"hash":"06acb7d18265c5c5e08c7a943b805d39a7216170","isMergeCommit":true,"messageTitle":"Merge pull request #27 from ERJUNZE/Formatting","messageBody":"Fix some formatting","fileTypesAndContributionMap":{}}]},{"date":"2023-03-17","commitResults":[{"hash":"cf97d2baea7bedebb8b94fe362849f5c4857dedf","isMergeCommit":true,"messageTitle":"Merge pull request #31 from clement559/branch-AssertionsLogging","messageBody":"Added Assertions","fileTypesAndContributionMap":{}},{"hash":"8809aeecf192446f176c3300b6222db6f59f6114","isMergeCommit":true,"messageTitle":"Merge branch \u0027master\u0027 of https://github.com/AY2223S2-CS2113-T11-4/tp","messageBody":"","fileTypesAndContributionMap":{}},{"hash":"21bc17f6510d4c0bd57d42eca9464d3c26a43f09","isMergeCommit":false,"messageTitle":"Use assertions to handle errors made by programmer and reduce use of magic literals","messageBody":"","fileTypesAndContributionMap":{"functional-code":{"insertions":7,"deletions":9}}},{"hash":"ab75a172ec7d604a1baab9169a8e9774fa7b65e4","isMergeCommit":false,"messageTitle":"Fix to pass Github tests","messageBody":"","fileTypesAndContributionMap":{"functional-code":{"insertions":1,"deletions":1},"test-code":{"insertions":4,"deletions":4}}},{"hash":"3ab0f8cf6f0f90a51d375340d30285cc47c74246","isMergeCommit":false,"messageTitle":"Further fix to pass Github tests","messageBody":"","fileTypesAndContributionMap":{"functional-code":{"insertions":1,"deletions":1}}}]},{"date":"2023-03-18","commitResults":[{"hash":"b3d563d0e5325da6aa1d97c9dbe9d89550bf41a0","isMergeCommit":false,"messageTitle":"Implement storage using Serializable from Java","messageBody":"","fileTypesAndContributionMap":{"functional-code":{"insertions":22,"deletions":31}}},{"hash":"adeee4d8c68ba475752e3964521a76391d0805dd","isMergeCommit":false,"messageTitle":"Change Task and TaskList class to implement Serializable","messageBody":"","fileTypesAndContributionMap":{"functional-code":{"insertions":4,"deletions":2}}},{"hash":"1105dbf63e2a88d3a92fc88f442bcb74817a29ed","isMergeCommit":false,"messageTitle":"Handle new errors from new implementation of storage","messageBody":"","fileTypesAndContributionMap":{"functional-code":{"insertions":22,"deletions":5},"test-code":{"insertions":1,"deletions":3}}},{"hash":"4d8d0d3c8fc530e6af50ced83a89a549101943c4","isMergeCommit":false,"messageTitle":"Remove unused imports","messageBody":"","fileTypesAndContributionMap":{"functional-code":{"insertions":0,"deletions":3}}},{"hash":"e25e7ad74e39fea5d2856c4ca62708af51f2111c","isMergeCommit":false,"messageTitle":"Remove unnecessary method and fix JUnit tests for storage class","messageBody":"","fileTypesAndContributionMap":{"functional-code":{"insertions":0,"deletions":8},"test-code":{"insertions":7,"deletions":10}}},{"hash":"9acd44edf6d4d493ca3e02ce483a4556697da3a4","isMergeCommit":false,"messageTitle":"Fix indentation","messageBody":"","fileTypesAndContributionMap":{"functional-code":{"insertions":1,"deletions":2}}},{"hash":"9dbc5c4ff93d57a048fce7627f521ba58613fea0","isMergeCommit":false,"messageTitle":"Fix formatting","messageBody":"","fileTypesAndContributionMap":{"test-code":{"insertions":2,"deletions":2}}},{"hash":"9aea5e917a3a38900707f7f56869e6388b7de2d7","isMergeCommit":false,"messageTitle":"Edit for JUnit test","messageBody":"","fileTypesAndContributionMap":{"functional-code":{"insertions":3,"deletions":4}}},{"hash":"8a1a22b769ea2ef82d91ae0f6fe2e56488f5d6f2","isMergeCommit":false,"messageTitle":"Improve error handling, change Storage to non-abstract class and change methods in Storage class to no longer be static","messageBody":"","fileTypesAndContributionMap":{"functional-code":{"insertions":40,"deletions":38},"test-code":{"insertions":12,"deletions":12}}},{"hash":"934ac45b4ab818ec9b47cbc7c80ac4b2ca9f2048","isMergeCommit":false,"messageTitle":"Fixes for checkstyle test in Github","messageBody":"","fileTypesAndContributionMap":{"functional-code":{"insertions":1,"deletions":26}}},{"hash":"28cb8679cd23df2bcecbc47addc7017ad446e282","isMergeCommit":false,"messageTitle":"Fix for checkstyle test in Github","messageBody":"","fileTypesAndContributionMap":{"test-code":{"insertions":0,"deletions":1}}},{"hash":"5e73a31eb302d0cd542b19dcb87c91f8fe1d0617","isMergeCommit":false,"messageTitle":"Edit error message by removing a space","messageBody":"","fileTypesAndContributionMap":{"functional-code":{"insertions":1,"deletions":1}}}]},{"date":"2023-03-20","commitResults":[{"hash":"6023ae07e0b8eca8ca35b4ca4fce843c0f028e93","isMergeCommit":false,"messageTitle":"Update developer guide","messageBody":"","fileTypesAndContributionMap":{"docs":{"insertions":28,"deletions":5}}}]},{"date":"2023-03-22","commitResults":[{"hash":"7a4fa3561fa1ed3d232c034c7d3f8da66c990e1b","isMergeCommit":true,"messageTitle":"Merge branch \u0027master\u0027 of https://github.com/AY2223S2-CS2113-T11-4/tp","messageBody":"","fileTypesAndContributionMap":{}},{"hash":"f43776cedaae88d61b9512bc67113466f645f974","isMergeCommit":false,"messageTitle":"Add PlantUML sequence diagram for Storage class","messageBody":"","fileTypesAndContributionMap":{"docs":{"insertions":11,"deletions":0}}},{"hash":"471657d261bc60264587a553fa9d825a446fe995","isMergeCommit":false,"messageTitle":"Update PlantUML diagram for Storage class","messageBody":"","fileTypesAndContributionMap":{"docs":{"insertions":51,"deletions":4}}},{"hash":"e71d284c411b74fa418b9c64bf0689e9acec0fac","isMergeCommit":false,"messageTitle":"Update developer guide with Storage component, Storage feature and proposed History feature","messageBody":"","fileTypesAndContributionMap":{"docs":{"insertions":75,"deletions":1}}},{"hash":"57c6d436321cf248ef8fd396f2fc1cd85c08ec83","isMergeCommit":false,"messageTitle":"Split Storage sequence diagram into 4 steps","messageBody":"","fileTypesAndContributionMap":{"docs":{"insertions":70,"deletions":5}}},{"hash":"97812fb2d7e43550eac09a2fc526aaa6761912fd","isMergeCommit":false,"messageTitle":"Update developer guide sequence diagrams for Storage feature","messageBody":"","fileTypesAndContributionMap":{"docs":{"insertions":24,"deletions":14}}}]},{"date":"2023-03-23","commitResults":[{"hash":"5913c23f8354f42c63972e3c6cafdbe0a896b5d6","isMergeCommit":false,"messageTitle":"Add JUnit tests that are easy to maintain for Storage class","messageBody":"","fileTypesAndContributionMap":{"functional-code":{"insertions":4,"deletions":4},"test-code":{"insertions":77,"deletions":0}}},{"hash":"a1284275e12ca143e690371ddcd0c373e65e1719","isMergeCommit":false,"messageTitle":"Add assertion for Storage class","messageBody":"","fileTypesAndContributionMap":{"functional-code":{"insertions":1,"deletions":1}}},{"hash":"a468fe1ef4ef2ff4d190ab8ca745190a9e5d0355","isMergeCommit":false,"messageTitle":"Remove unused imports","messageBody":"","fileTypesAndContributionMap":{"test-code":{"insertions":0,"deletions":4}}},{"hash":"dbef6306d013b18c150a72283bcf1b1f42595f73","isMergeCommit":true,"messageTitle":"Merge pull request #52 from ERJUNZE/DeveloperGuide","messageBody":"Format developer guide","fileTypesAndContributionMap":{}},{"hash":"21a921e146fc727b47a4ea4f09f0b3fcc04d5e15","isMergeCommit":false,"messageTitle":"Add new class for progress bar (not finished)","messageBody":"","fileTypesAndContributionMap":{"functional-code":{"insertions":38,"deletions":0}}},{"hash":"72da634a8660f4081b373ad00453673050aea321","isMergeCommit":false,"messageTitle":"Update developer guide and sequence diagrams and delete unnecessary file","messageBody":"","fileTypesAndContributionMap":{"docs":{"insertions":118,"deletions":96}}},{"hash":"304d11c56fc893e0fc1d6ff7fcac501dbfad231e","isMergeCommit":true,"messageTitle":"Merge branch \u0027master\u0027 into branch-developerGuide2","messageBody":"","fileTypesAndContributionMap":{}}]},{"date":"2023-03-24","commitResults":[{"hash":"4812bb844df019d6ccd4e1000bf02559fc3343d6","isMergeCommit":true,"messageTitle":"Merge pull request #54 from ERJUNZE/DeveloperGuide","messageBody":"Update architecture section of developer guide and add colour to diagrams","fileTypesAndContributionMap":{}},{"hash":"2a3ebb648582e67094fcfe2a82de99e68a9a42e3","isMergeCommit":false,"messageTitle":"Add progress bar feature","messageBody":"","fileTypesAndContributionMap":{"functional-code":{"insertions":53,"deletions":24}}},{"hash":"4751afb1114729c4f4439b13a38efa806508dc11","isMergeCommit":false,"messageTitle":"Rename constant and remove unnecessary comments","messageBody":"","fileTypesAndContributionMap":{"functional-code":{"insertions":7,"deletions":6}}},{"hash":"79963fb3923119b3f7684ac227edd76af9ab73c7","isMergeCommit":false,"messageTitle":"Remove unused imports","messageBody":"","fileTypesAndContributionMap":{"functional-code":{"insertions":0,"deletions":1}}},{"hash":"722a1e600e9107f37dc2b2df300e203d5fc44ac7","isMergeCommit":true,"messageTitle":"Merge pull request #56 from clement559/branch-RepeatingTask","messageBody":"Branch repeating task","fileTypesAndContributionMap":{}}]},{"date":"2023-03-25","commitResults":[{"hash":"ce827cdf037229fcbdd30fbecc49515649b5af8a","isMergeCommit":true,"messageTitle":"Merge pull request #59 from ERJUNZE/Tagging","messageBody":"Tag System","fileTypesAndContributionMap":{}}]},{"date":"2023-03-27","commitResults":[{"hash":"d32f2a87984b36ee9e0e841f04a3acfbd273fc44","isMergeCommit":true,"messageTitle":"Merge pull request #61 from ERJUNZE/StartupReminders","messageBody":"Implement startup reminders, fix progress bar","fileTypesAndContributionMap":{}}]}],"KedrianLoh":[{"date":"2023-03-02","commitResults":[{"hash":"b7ad2d850c83603ec4c3749c1755be82ed32ff52","isMergeCommit":false,"messageTitle":"Updated AboutUs","messageBody":"","fileTypesAndContributionMap":{"docs":{"insertions":5,"deletions":5}}},{"hash":"780044ef0b10cc8d94aeff936190815bee930336","isMergeCommit":true,"messageTitle":"Merge branch \u0027master\u0027 of https://github.com/AY2223S2-CS2113-T11-4/tp into Kedrian-AboutUs","messageBody":"# Conflicts:\n#\tdocs/AboutUs.md\n","fileTypesAndContributionMap":{}},{"hash":"d74c357c81a4d54b3c93a7b91c7069f19153cc6d","isMergeCommit":true,"messageTitle":"Merge pull request #4 from KedrianLoh/Kedrian-AboutUs","messageBody":"Updated AboutUs","fileTypesAndContributionMap":{}}]},{"date":"2023-03-10","commitResults":[{"hash":"c549095e74885b2be578fc64e3c653905d1bc254","isMergeCommit":false,"messageTitle":"Added sorting tasks by deadline function","messageBody":"","fileTypesAndContributionMap":{"functional-code":{"insertions":20,"deletions":0}}},{"hash":"00748660f30df1ab2a6e8dc810fe9db18a00fe1a","isMergeCommit":false,"messageTitle":"Removed unnecessary import","messageBody":"","fileTypesAndContributionMap":{"functional-code":{"insertions":0,"deletions":1}}},{"hash":"80cf088c03e50d42ec9296a75158f06d9bf10fd4","isMergeCommit":false,"messageTitle":"Moved static method to the top","messageBody":"","fileTypesAndContributionMap":{"functional-code":{"insertions":11,"deletions":9}}},{"hash":"9c074d2753aaaed516f47e762559222477fd2cae","isMergeCommit":false,"messageTitle":"Corrected checkstyle error","messageBody":"","fileTypesAndContributionMap":{"functional-code":{"insertions":4,"deletions":4}}},{"hash":"36a77389f1c0948f888849d20b79f586ff9683a5","isMergeCommit":true,"messageTitle":"Merge pull request #23 from KedrianLoh/ascending-list","messageBody":"Added sorting tasks by deadline function","fileTypesAndContributionMap":{}}]},{"date":"2023-03-24","commitResults":[{"hash":"3e30532ca03f4717d0242df62301f828c1b8c175","isMergeCommit":false,"messageTitle":"Created plantUML for list tasks command","messageBody":"","fileTypesAndContributionMap":{"docs":{"insertions":46,"deletions":0}}},{"hash":"b4c86db5710a0e6fe9c05a8b764dc26169fabc80","isMergeCommit":false,"messageTitle":"Updated DeveloperGuide for list tasks feature","messageBody":"","fileTypesAndContributionMap":{"docs":{"insertions":25,"deletions":0}}},{"hash":"fa998f804f205ae2e620efe1ccdaa97e943e660c","isMergeCommit":false,"messageTitle":"Corrected diagram error","messageBody":"","fileTypesAndContributionMap":{"docs":{"insertions":6,"deletions":6}}},{"hash":"82a99e92f25b8b05d285fbbb249cf584ff619835","isMergeCommit":true,"messageTitle":"Merge pull request #53 from KedrianLoh/DeveloperGuide3","messageBody":"Developer guide3","fileTypesAndContributionMap":{}}]}],"ERJUNZE":[{"date":"2023-03-02","commitResults":[{"hash":"e3253bfd47b50260e12e25df836665c4a06d5427","isMergeCommit":false,"messageTitle":"Update the About Us with my infomation","messageBody":"","fileTypesAndContributionMap":{"docs":{"insertions":7,"deletions":7}}},{"hash":"05222bc0ce6b68cc4bcbe3ac4e52037e92723850","isMergeCommit":true,"messageTitle":"Merge branch \u0027master\u0027 of github.com:AY2223S2-CS2113-T11-4/tp into JunZe-AboutUs","messageBody":"# Conflicts:\n#\tdocs/AboutUs.md\n","fileTypesAndContributionMap":{}},{"hash":"c28e8e3c6c1a1d293f314196c20b68b141ce6b45","isMergeCommit":true,"messageTitle":"Merge pull request #5 from ERJUNZE/JunZe-AboutUs","messageBody":"Update the About Us","fileTypesAndContributionMap":{}}]},{"date":"2023-03-08","commitResults":[{"hash":"769fc48de8b6cd69b38d5952fce922b595338e2b","isMergeCommit":false,"messageTitle":"Added base command object and moved parser to package","messageBody":"","fileTypesAndContributionMap":{"functional-code":{"insertions":22,"deletions":0},"other":{"insertions":29,"deletions":28}}},{"hash":"7936943a545339c0fcdcad9a16b76753f8da7497","isMergeCommit":false,"messageTitle":"Add command parser","messageBody":"","fileTypesAndContributionMap":{"functional-code":{"insertions":70,"deletions":0}}},{"hash":"108faf09e5c4ac187a6c5b6a738769f9da6ec707","isMergeCommit":true,"messageTitle":"Merge remote-tracking branch \u0027upstream/master\u0027 into CommandSystem","messageBody":"# Conflicts:\n#\tsrc/main/java/seedu/duke/command/Parser.java\n","fileTypesAndContributionMap":{}}]},{"date":"2023-03-09","commitResults":[{"hash":"e314f45852c64b987dcf171a711f3a86e4e365c3","isMergeCommit":false,"messageTitle":"Add commands without arguments to new parser","messageBody":"","fileTypesAndContributionMap":{"functional-code":{"insertions":73,"deletions":3}}},{"hash":"e7ffb9d5916a34ea85d706b47987e28beb0bcaf5","isMergeCommit":true,"messageTitle":"Merge pull request #17 from ERJUNZE/CommandSystem","messageBody":"Command system","fileTypesAndContributionMap":{}},{"hash":"8fa9ef75c084209be6a480ea61600b5f67db3402","isMergeCommit":false,"messageTitle":"Add task list class","messageBody":"","fileTypesAndContributionMap":{"functional-code":{"insertions":86,"deletions":2},"other":{"insertions":27,"deletions":21}}},{"hash":"858006414caa0c9f79503abf84b656d293628834","isMergeCommit":false,"messageTitle":"Make methods of some classes not static","messageBody":"","fileTypesAndContributionMap":{"functional-code":{"insertions":30,"deletions":31}}},{"hash":"4e3c569d9bbab0cbb3aa9b2c681fdf8bc823cc61","isMergeCommit":false,"messageTitle":"Fix unused imports","messageBody":"","fileTypesAndContributionMap":{"functional-code":{"insertions":0,"deletions":7}}}]},{"date":"2023-03-11","commitResults":[{"hash":"8aec7dcccc4006869b3c6e02e703f73a896835de","isMergeCommit":true,"messageTitle":"Merge pull request #26 from RuiShengGit/Delete-Command","messageBody":"Add Junit test for delete command","fileTypesAndContributionMap":{}},{"hash":"6a98c08ced60b4ffabb12c3473ca701388e23bf8","isMergeCommit":false,"messageTitle":"Fix extra/missing newlines","messageBody":"","fileTypesAndContributionMap":{"functional-code":{"insertions":6,"deletions":9}}},{"hash":"38ed554d52ae829f521a8bc0898ba48ad53a6aba","isMergeCommit":false,"messageTitle":"Remove deprecated code, condense main function","messageBody":"","fileTypesAndContributionMap":{"functional-code":{"insertions":15,"deletions":91},"other":{"insertions":1,"deletions":0}}},{"hash":"036939332da42e84a4ca6796d12b2094c4655311","isMergeCommit":false,"messageTitle":"Update test ui testing","messageBody":"","fileTypesAndContributionMap":{"other":{"insertions":2,"deletions":3}}}]},{"date":"2023-03-13","commitResults":[{"hash":"9d5915e5afedc6d3a276c751d6442260df3f37b1","isMergeCommit":false,"messageTitle":"Setup exception classes","messageBody":"","fileTypesAndContributionMap":{"functional-code":{"insertions":52,"deletions":0}}},{"hash":"708c73589397805650473bba74061fd728440802","isMergeCommit":false,"messageTitle":"Enforce usage of parser and exception classes","messageBody":"","fileTypesAndContributionMap":{"functional-code":{"insertions":121,"deletions":120},"test-code":{"insertions":107,"deletions":157}}},{"hash":"d84c2aeb215974aa88df79350a5a75f3a0c8e2f5","isMergeCommit":false,"messageTitle":"Rename some variables and files, remove deprecated code","messageBody":"","fileTypesAndContributionMap":{"functional-code":{"insertions":37,"deletions":56},"other":{"insertions":1,"deletions":1},"test-code":{"insertions":0,"deletions":12}}},{"hash":"beec0287512c42e44428c5c995ca4206e0f3a7a5","isMergeCommit":true,"messageTitle":"Merge pull request #29 from ERJUNZE/Commands","messageBody":"Enforce new command parser and add some exceptions round 2","fileTypesAndContributionMap":{}},{"hash":"ef094a46933a9f29a7e0985b0d5e7d173f70e26e","isMergeCommit":true,"messageTitle":"Merge pull request #30 from RuiShengGit/Delete-Command","messageBody":"Add new delete command","tags":["v1.0"],"fileTypesAndContributionMap":{}}]},{"date":"2023-03-18","commitResults":[{"hash":"c5122d6774212d6d3e8dee9c8d298a75a526a556","isMergeCommit":true,"messageTitle":"Merge pull request #33 from jeromeongithub/StorageImprovements","messageBody":"Storage improvements","fileTypesAndContributionMap":{}}]},{"date":"2023-03-20","commitResults":[{"hash":"829287cf80a97d4ed3c17372e4ea11853da6dfe4","isMergeCommit":true,"messageTitle":"Merge pull request #34 from jeromeongithub/branch-developerGuide","messageBody":"Update developer guide","fileTypesAndContributionMap":{}}]},{"date":"2023-03-21","commitResults":[{"hash":"78da1880a4329a93a330e820c682c869acaf0726","isMergeCommit":false,"messageTitle":"Restructure the code with packages and renaming","messageBody":"","fileTypesAndContributionMap":{"functional-code":{"insertions":386,"deletions":295},"other":{"insertions":126,"deletions":108},"test-code":{"insertions":0,"deletions":105}}},{"hash":"2b451dd8390f3a479cd623925676fd41b5771ac6","isMergeCommit":false,"messageTitle":"Fix checkstyle issues","messageBody":"","fileTypesAndContributionMap":{"functional-code":{"insertions":16,"deletions":10}}},{"hash":"ed1e1b37a052281c6b98459cfa1b514626a210f2","isMergeCommit":false,"messageTitle":"Fix failing tests","messageBody":"","fileTypesAndContributionMap":{"test-code":{"insertions":2,"deletions":2}}}]},{"date":"2023-03-23","commitResults":[{"hash":"db2a9569d003959b58a6c6939cba09c32fc01092","isMergeCommit":true,"messageTitle":"Merge pull request #49 from jeromeongithub/branch-newJUnitTests","messageBody":"Branch new JUnit tests for storage class","fileTypesAndContributionMap":{}},{"hash":"2b80c36553ac748a02cc3d8a49395c47d6709b84","isMergeCommit":true,"messageTitle":"Merge pull request #48 from clement559/branch-Diagrams","messageBody":"Updated Developer Guide for EditDeadlineCommand","fileTypesAndContributionMap":{}},{"hash":"93c2e9faa7b83c432d831fbf9cd41899ad607a7d","isMergeCommit":false,"messageTitle":"Format developer guide","messageBody":"","fileTypesAndContributionMap":{"docs":{"insertions":58,"deletions":27}}},{"hash":"5a89b1db2915ba71016cbad6e7b7488bd0f00e2b","isMergeCommit":true,"messageTitle":"Merge pull request #51 from RuiShengGit/branch-DeveloperGuide-v1.0","messageBody":"Update Delete task diagram and add Mark or Unmark task diagram","fileTypesAndContributionMap":{}},{"hash":"ab0437a73825e5c872c2f73c402f1db5e576b079","isMergeCommit":true,"messageTitle":"Merge remote-tracking branch \u0027upstream/master\u0027 into DeveloperGuide","messageBody":"# Conflicts:\n#\tdocs/DeveloperGuide.md\n","fileTypesAndContributionMap":{}},{"hash":"3c135cbbbcdb6e9ab320b6e2281fadeab449eb35","isMergeCommit":false,"messageTitle":"Add colour to UML diagrams","messageBody":"","fileTypesAndContributionMap":{"docs":{"insertions":117,"deletions":57}}},{"hash":"c69e1db4fa0a65cf16b14a114304dcda4ca6fa65","isMergeCommit":true,"messageTitle":"Merge remote-tracking branch \u0027upstream/master\u0027 into DeveloperGuide","messageBody":"","fileTypesAndContributionMap":{}}]},{"date":"2023-03-24","commitResults":[{"hash":"b8502b1b584f1ae30c29323c5d8d9bc8e8f4444a","isMergeCommit":false,"messageTitle":"Update architecture section of developer guide","messageBody":"","fileTypesAndContributionMap":{"functional-code":{"insertions":3,"deletions":3},"docs":{"insertions":133,"deletions":44}}},{"hash":"3658e7424cf9eac45f90c709f247ab9c0e9c3745","isMergeCommit":true,"messageTitle":"Merge remote-tracking branch \u0027upstream/master\u0027 into DeveloperGuide","messageBody":"# Conflicts:\n#\tdocs/DeveloperGuide.md\n","fileTypesAndContributionMap":{}}]},{"date":"2023-03-25","commitResults":[{"hash":"f7f9c9a62751b502ed579068eb2f5083bc17621d","isMergeCommit":true,"messageTitle":"Merge pull request #58 from clement559/branch-RepeatingTask","messageBody":"Improvement to repeating task functionality","fileTypesAndContributionMap":{}},{"hash":"b053c41570ab2bb34571127e7754d8b5415776d8","isMergeCommit":false,"messageTitle":"Implement tagging and combined edit commands","messageBody":"","fileTypesAndContributionMap":{"functional-code":{"insertions":634,"deletions":440},"other":{"insertions":14,"deletions":15},"test-code":{"insertions":16,"deletions":14}}},{"hash":"7ca6e64de1cbdf828faed9172cd704d578f99ca9","isMergeCommit":true,"messageTitle":"Merge remote-tracking branch \u0027upstream/master\u0027 into Tagging","messageBody":"# Conflicts:\n#\tsrc/main/java/seedu/todolist/logic/command/AddTaskCommand.java\n#\tsrc/main/java/seedu/todolist/logic/command/CheckRepeatingTaskCommand.java\n","fileTypesAndContributionMap":{}},{"hash":"535bd08d1f7176c0de8e197d19df8049fb4f2ee5","isMergeCommit":false,"messageTitle":"Fix checkstyle issues","messageBody":"","fileTypesAndContributionMap":{"functional-code":{"insertions":23,"deletions":20}}}]},{"date":"2023-03-26","commitResults":[{"hash":"862bef465197c7dc5db04c9a75c782566fd51714","isMergeCommit":false,"messageTitle":"Implement startup reminders, fix progress bar","messageBody":"","fileTypesAndContributionMap":{"functional-code":{"insertions":309,"deletions":218},"other":{"insertions":1,"deletions":0},"test-code":{"insertions":11,"deletions":32}}},{"hash":"f28634777eb3cb2ddc6a0c74081ec66e212f664c","isMergeCommit":false,"messageTitle":"Fix unused imports","messageBody":"","fileTypesAndContributionMap":{"functional-code":{"insertions":0,"deletions":5}}}]},{"date":"2023-03-27","commitResults":[{"hash":"d6685132e9c1d3454eb86481c9cabf9a1db3cad4","isMergeCommit":false,"messageTitle":"Split edit command, add JUnit tests","messageBody":"","fileTypesAndContributionMap":{"functional-code":{"insertions":355,"deletions":180},"other":{"insertions":19,"deletions":19},"docs":{"insertions":54,"deletions":91},"test-code":{"insertions":120,"deletions":9}}},{"hash":"671732fbaf10b377130962e22ecad3f1a81f25ab","isMergeCommit":false,"messageTitle":"Update text ui testing","messageBody":"","fileTypesAndContributionMap":{"functional-code":{"insertions":0,"deletions":2}}},{"hash":"74d2f26c8aabd38894881d061485aeea0c7b8bc9","isMergeCommit":false,"messageTitle":"Fix checkstyle issues","messageBody":"","fileTypesAndContributionMap":{"test-code":{"insertions":18,"deletions":18}}}]},{"date":"2023-03-28","commitResults":[{"hash":"271e59d8b5320d53b63922bfb3da174c22ab54d7","isMergeCommit":true,"messageTitle":"Merge pull request #62 from ERJUNZE/EditCommands","messageBody":"Implement various edit commands","fileTypesAndContributionMap":{}},{"hash":"1c4ff14fd23ca833558495925e0f1ec6995372e9","isMergeCommit":true,"messageTitle":"Merge pull request #63 from RuiShengGit/branch-UserGuide","messageBody":"Update User Guide","fileTypesAndContributionMap":{}}]},{"date":"2023-03-29","commitResults":[{"hash":"1d804ee14f07659809d5aba4c3bdd1e98f1e9fed","isMergeCommit":false,"messageTitle":"Update developer and user guide","messageBody":"","fileTypesAndContributionMap":{"functional-code":{"insertions":11,"deletions":9},"docs":{"insertions":148,"deletions":103},"test-code":{"insertions":4,"deletions":3}}},{"hash":"b03908b2448bc09b675a09733521ea8a28ba1cbc","isMergeCommit":false,"messageTitle":"Fix table of contents","messageBody":"","fileTypesAndContributionMap":{"docs":{"insertions":0,"deletions":2}}},{"hash":"29edb0f2dfee9b9a17e7358588dff39fc2798cd1","isMergeCommit":false,"messageTitle":"Fix table of contents for user guide","messageBody":"","fileTypesAndContributionMap":{"docs":{"insertions":1,"deletions":1}}},{"hash":"bc5ab6dd404356608759591bcee26947ca3e3b34","isMergeCommit":false,"messageTitle":"Remove emoji","messageBody":"","fileTypesAndContributionMap":{"docs":{"insertions":11,"deletions":11}}}]}],"RuiShengGit":[{"date":"2023-03-02","commitResults":[{"hash":"f7013b2694526febce89de740f9c5ce2067d8ac1","isMergeCommit":false,"messageTitle":"Updated the AboutUs.md","messageBody":"","fileTypesAndContributionMap":{"docs":{"insertions":7,"deletions":7}}},{"hash":"830a899ee68e89873e9a3601ce701f127bf1ad36","isMergeCommit":true,"messageTitle":"Merge branch \u0027master\u0027 of https://github.com/AY2223S2-CS2113-T11-4/tp into RuiSheng-AboutUs","messageBody":"# Conflicts:\n#\tdocs/AboutUs.md\n","fileTypesAndContributionMap":{}},{"hash":"ae5888b972a96e61324ec4e6874719a9a5f2fe1c","isMergeCommit":true,"messageTitle":"Merge pull request #3 from RuiShengGit/RuiSheng-AboutUs","messageBody":"Updated the AboutUs.md","fileTypesAndContributionMap":{}}]},{"date":"2023-03-08","commitResults":[{"hash":"7570306396260f24a35a3cfe90843cf6c641bf68","isMergeCommit":true,"messageTitle":"Merge pull request #1 from AY2223S2-CS2113-T11-4/master","messageBody":"Pulling updated AboutUs.md","fileTypesAndContributionMap":{}},{"hash":"6b9f8f42448fc6ca6423fb4a1c13aa599d97bfee","isMergeCommit":true,"messageTitle":"Merge branch \u0027master\u0027 of https://github.com/AY2223S2-CS2113-T11-4/tp","messageBody":"","fileTypesAndContributionMap":{}},{"hash":"852f6633f9f84882551a3b3cc16d734f5aebbfac","isMergeCommit":false,"messageTitle":"Add Delete Task Command to tp","messageBody":"","fileTypesAndContributionMap":{"functional-code":{"insertions":41,"deletions":8}}},{"hash":"76343c276cf58bc49b068bc6a463fa757efecd38","isMergeCommit":false,"messageTitle":"Delete unused line of code","messageBody":"","fileTypesAndContributionMap":{"functional-code":{"insertions":0,"deletions":1}}},{"hash":"4541e65cc954ff1a5dc30af6dd1da0fadb4a502f","isMergeCommit":false,"messageTitle":"Adjust order of static variable","messageBody":"","fileTypesAndContributionMap":{"functional-code":{"insertions":1,"deletions":1}}},{"hash":"3f2b804487176710fe2488dd22f1045ad1111680","isMergeCommit":false,"messageTitle":"Delete unnecessary lines of code","messageBody":"","fileTypesAndContributionMap":{"functional-code":{"insertions":0,"deletions":4}}},{"hash":"96ba76bd0dfae9bbeaac1d10b938375b597cb5aa","isMergeCommit":true,"messageTitle":"Merge pull request #15 from RuiShengGit/Delete-Command","messageBody":"Delete command","fileTypesAndContributionMap":{}}]},{"date":"2023-03-09","commitResults":[{"hash":"ba3ddcfa85daf4b6327f29b6a3c3f640da419acf","isMergeCommit":true,"messageTitle":"Merge pull request #19 from ERJUNZE/TaskList","messageBody":"Add task list","fileTypesAndContributionMap":{}},{"hash":"47c3f4404b9d698a0351433c18fbc69a3aedd405","isMergeCommit":false,"messageTitle":"Update and add new command classes for add, mark and delete to fit the new format","messageBody":"","fileTypesAndContributionMap":{"functional-code":{"insertions":121,"deletions":108}}},{"hash":"20c09c91538e83bdf8a90f49ea468c4b718306f5","isMergeCommit":false,"messageTitle":"Remove unnecessary import","messageBody":"","fileTypesAndContributionMap":{"functional-code":{"insertions":0,"deletions":2}}},{"hash":"f4b59529e8faf16c5390e2611bd4dd2aad6d15c6","isMergeCommit":false,"messageTitle":"Rearrange order of variables","messageBody":"","fileTypesAndContributionMap":{"functional-code":{"insertions":4,"deletions":4}}}]},{"date":"2023-03-10","commitResults":[{"hash":"dbc9c995b32ac9cda85f9ba689763832a28a6201","isMergeCommit":false,"messageTitle":"Add Junit test for delete command","messageBody":"","fileTypesAndContributionMap":{"functional-code":{"insertions":13,"deletions":4},"test-code":{"insertions":58,"deletions":0}}},{"hash":"a94f838b6931067eccd094dc7e777991b7995147","isMergeCommit":false,"messageTitle":"Update to fix checkstyle error","messageBody":"","fileTypesAndContributionMap":{"test-code":{"insertions":3,"deletions":3}}},{"hash":"456c36c3f7430dcac8737d3720cf558775745742","isMergeCommit":false,"messageTitle":"Add newline at the end of the class","messageBody":"","fileTypesAndContributionMap":{"test-code":{"insertions":3,"deletions":3}}}]},{"date":"2023-03-11","commitResults":[{"hash":"4e27ece3429b81c041728b95cef5ffee14cf2de8","isMergeCommit":false,"messageTitle":"Make improvements to the code","messageBody":"","fileTypesAndContributionMap":{"functional-code":{"insertions":2,"deletions":3}}}]},{"date":"2023-03-13","commitResults":[{"hash":"222c03c3b058e809b79fd64a3b78499f30716f77","isMergeCommit":false,"messageTitle":"Add new delete command","messageBody":"","fileTypesAndContributionMap":{"functional-code":{"insertions":33,"deletions":0},"test-code":{"insertions":59,"deletions":0}}}]},{"date":"2023-03-22","commitResults":[{"hash":"f327a3edb70414dc952c7cbee462dc5d3a4cca23","isMergeCommit":true,"messageTitle":"Merge pull request #45 from ERJUNZE/Restructuring","messageBody":"Restructure the code","fileTypesAndContributionMap":{}},{"hash":"9fe68e97cea979691a34703cf9a8cff803fba1ec","isMergeCommit":false,"messageTitle":"Add and update the author tags for the code","messageBody":"","fileTypesAndContributionMap":{"functional-code":{"insertions":2,"deletions":2},"test-code":{"insertions":3,"deletions":0}}},{"hash":"13583cab795f59d8b6f0cd773607f21ef6cdfb1d","isMergeCommit":false,"messageTitle":"Add assertions","messageBody":"","fileTypesAndContributionMap":{"functional-code":{"insertions":3,"deletions":0}}},{"hash":"972dd70541e5be5f501b6837b7a1b4c97fce53ab","isMergeCommit":false,"messageTitle":"Update author tags","messageBody":"","fileTypesAndContributionMap":{"functional-code":{"insertions":9,"deletions":9},"test-code":{"insertions":3,"deletions":3}}},{"hash":"f54286730a453ab85c6be739e35aff9f8eb45c38","isMergeCommit":true,"messageTitle":"Merge pull request #46 from RuiShengGit/branch-Author_Tags","messageBody":"Add author tags and assertion for the code","fileTypesAndContributionMap":{}},{"hash":"a55682e16bb41d21961298c3ae0315e7212e8b65","isMergeCommit":false,"messageTitle":"Update Developer Guide with Delete Command implementation","messageBody":"","fileTypesAndContributionMap":{"docs":{"insertions":91,"deletions":6}}}]},{"date":"2023-03-23","commitResults":[{"hash":"68f9de42db0a428ee1b876ff39d978e163ccb45a","isMergeCommit":false,"messageTitle":"Update Delete task diagram and add Mark or Unmark task diagram","messageBody":"","fileTypesAndContributionMap":{"docs":{"insertions":83,"deletions":4}}}]},{"date":"2023-03-24","commitResults":[{"hash":"75a7664cb9d45ef47c4eef2f8a793d2c54577dbd","isMergeCommit":false,"messageTitle":"Add Email Command","messageBody":"","fileTypesAndContributionMap":{"functional-code":{"insertions":157,"deletions":1}}},{"hash":"57a3ce12fdf0eeeda441714c98c6d24809780568","isMergeCommit":true,"messageTitle":"Merge branch \u0027master\u0027 into branch-AddEmailCommand","messageBody":"","fileTypesAndContributionMap":{}},{"hash":"46a699c5493273c369e3c8a60c129efde755990c","isMergeCommit":false,"messageTitle":"Fix minor error of missing close brackets","messageBody":"","fileTypesAndContributionMap":{"functional-code":{"insertions":8,"deletions":6}}},{"hash":"e5f74cfb2e9e52f84d8f213171101e080b3a255b","isMergeCommit":false,"messageTitle":"Fix order of variables","messageBody":"","fileTypesAndContributionMap":{"functional-code":{"insertions":15,"deletions":13}}},{"hash":"e29d9c346362a59c4bae3ba3c3b5346b9e789e09","isMergeCommit":false,"messageTitle":"Attempt at fixing intendation","messageBody":"","fileTypesAndContributionMap":{"functional-code":{"insertions":1,"deletions":2}}},{"hash":"74f9b4eab174ed106665b41f9861812657cfc966","isMergeCommit":false,"messageTitle":"Reattempt at fixing intendation level","messageBody":"","fileTypesAndContributionMap":{"functional-code":{"insertions":1,"deletions":1}}}]},{"date":"2023-03-28","commitResults":[{"hash":"5051c778031296ae90a469fc813bec72e274db52","isMergeCommit":false,"messageTitle":"Update User Guide","messageBody":"","fileTypesAndContributionMap":{"docs":{"insertions":97,"deletions":0}}}]},{"date":"2023-03-29","commitResults":[{"hash":"ff8587a36153ac266bc6f522c7c06b04973ba05c","isMergeCommit":true,"messageTitle":"Merge pull request #64 from ERJUNZE/UserGuide","messageBody":"User guide","fileTypesAndContributionMap":{}}]}],"clement559":[{"date":"2023-03-02","commitResults":[{"hash":"8f24ae6a4634db456eb0a0a5bc28f375d8b095f7","isMergeCommit":false,"messageTitle":"Update About Us to add Clement (merge conflict incoming)","messageBody":"","fileTypesAndContributionMap":{"docs":{"insertions":7,"deletions":7}}},{"hash":"e7c2fe32b124c8ec372f5653e5a0aa0c9b2cb29f","isMergeCommit":true,"messageTitle":"Merge branch \u0027master\u0027 of https://github.com/AY2223S2-CS2113-T11-4/tp into clement-AboutUs","messageBody":"# Conflicts:\n#\tdocs/AboutUs.md\n","fileTypesAndContributionMap":{}},{"hash":"8b9c1f668cacc7dfc288ed0cedb75fa774c74649","isMergeCommit":true,"messageTitle":"Merge pull request #2 from clement559/clement-AboutUs","messageBody":"Update About Us to add Clement (merge conflict incoming)","fileTypesAndContributionMap":{}}]},{"date":"2023-03-08","commitResults":[{"hash":"2d2bffe1f31a549ef0a9c923f4b2f6bfc9f2a3e0","isMergeCommit":true,"messageTitle":"Merge pull request #13 from jeromeongithub/branch-addTask","messageBody":"Implement add task and list tasks functionality","fileTypesAndContributionMap":{}},{"hash":"666c295a8cc390be742f55e2e5d57f19aa794851","isMergeCommit":true,"messageTitle":"Merge branch \u0027master\u0027 of https://github.com/AY2223S2-CS2113-T11-4/tp","messageBody":"","fileTypesAndContributionMap":{}},{"hash":"91cc0b30f4dcc189ff328a820d23c14a6f38801e","isMergeCommit":false,"messageTitle":"Implemented deadlines to tasks addition. Implemented function to edit deadline of existing tasks. Caught IndexOutOfBounds exception when invalid parameters are passed from command input.","messageBody":"","fileTypesAndContributionMap":{"functional-code":{"insertions":117,"deletions":47}}},{"hash":"f9880db4f13bdb43bf2e1c0e538316c52d08a01d","isMergeCommit":false,"messageTitle":"Edited line indentation for failing Github checks.","messageBody":"","fileTypesAndContributionMap":{"functional-code":{"insertions":52,"deletions":57}}},{"hash":"c4ccb69a36da48f5b8f4a82d1960c71b35c5f9a7","isMergeCommit":false,"messageTitle":"Adjusting indentation and line lengths.","messageBody":"","fileTypesAndContributionMap":{"functional-code":{"insertions":4,"deletions":2}}},{"hash":"d694ac8c0dec9fcfac1e112559fd41a198cc57f2","isMergeCommit":false,"messageTitle":"Final indentation fix.","messageBody":"","fileTypesAndContributionMap":{"functional-code":{"insertions":1,"deletions":1}}},{"hash":"5773a08ea26c4cd248d8af5419712a56cf2ef39c","isMergeCommit":false,"messageTitle":"Attempt to remove NoSuchElementException.","messageBody":"","fileTypesAndContributionMap":{"functional-code":{"insertions":2,"deletions":1}}}]},{"date":"2023-03-09","commitResults":[{"hash":"7cec334a656d05157d33822a0f81413cece94124","isMergeCommit":true,"messageTitle":"Merge branch \u0027master\u0027 of https://github.com/AY2223S2-CS2113-T11-4/tp into branch-DeadlineCreation","messageBody":"# Conflicts:\n#\tsrc/main/java/seedu/duke/Duke.java\n#\tsrc/main/java/seedu/duke/Ui.java\n#\tsrc/main/java/seedu/duke/command/Parser.java\n#\tsrc/main/java/seedu/duke/task/Task.java\n","fileTypesAndContributionMap":{}},{"hash":"c2a2e81dfc57bda7e93506757bf5d42a4e524ff0","isMergeCommit":false,"messageTitle":"Half-attempted merge conflict","messageBody":"","fileTypesAndContributionMap":{"functional-code":{"insertions":97,"deletions":0}}},{"hash":"e7eed93d5d9a8e5877ca271386270b384861c197","isMergeCommit":true,"messageTitle":"Merge branch \u0027master\u0027 of https://github.com/AY2223S2-CS2113-T11-4/tp into branch-DeadlineCreation","messageBody":"# Conflicts:\n#\tsrc/main/java/seedu/duke/Duke.java\n#\tsrc/main/java/seedu/duke/Ui.java\n#\tsrc/main/java/seedu/duke/command/Parser.java\n","fileTypesAndContributionMap":{}},{"hash":"6700817139f22cd7ae2efba8c8965e8e7561ce57","isMergeCommit":false,"messageTitle":"Fix Indentation","messageBody":"","fileTypesAndContributionMap":{"functional-code":{"insertions":21,"deletions":21}}},{"hash":"f79ee820e9da8516f8db176aca6918de752dd4d3","isMergeCommit":false,"messageTitle":"Added new line at end of file","messageBody":"","fileTypesAndContributionMap":{"functional-code":{"insertions":1,"deletions":1}}},{"hash":"a6686d308b9a20db3bb86e64155ee500321d9074","isMergeCommit":false,"messageTitle":"Added line to close scanner before exiting while loop","messageBody":"","fileTypesAndContributionMap":{"functional-code":{"insertions":3,"deletions":0}}}]},{"date":"2023-03-10","commitResults":[{"hash":"bc11fceb38063f99806512345c4019c33ba11c40","isMergeCommit":false,"messageTitle":"Added JUnit Test to EditDeadlineCommand","messageBody":"","fileTypesAndContributionMap":{"functional-code":{"insertions":18,"deletions":7},"test-code":{"insertions":74,"deletions":0}}},{"hash":"3785368e70ad7ca45c25489cdee97f862e411d93","isMergeCommit":false,"messageTitle":"Added JUnit testing for AddTaskCommand","messageBody":"","fileTypesAndContributionMap":{"functional-code":{"insertions":36,"deletions":25},"test-code":{"insertions":68,"deletions":2}}},{"hash":"1b281d1e6f54cdbd95c1423f312c823831514b46","isMergeCommit":true,"messageTitle":"Merge branch \u0027master\u0027 of https://github.com/AY2223S2-CS2113-T11-4/tp into branch-DeadlineCreation","messageBody":"","fileTypesAndContributionMap":{}},{"hash":"eddd92599f50ed9167c6eeb5841cd9af0c89ed2b","isMergeCommit":false,"messageTitle":"Amended indentation","messageBody":"","fileTypesAndContributionMap":{"functional-code":{"insertions":3,"deletions":3}}},{"hash":"a04a16596c3cc8f086f9289c5d4308cb4a366309","isMergeCommit":false,"messageTitle":"Updated import statement to remove * Changed static initialisation of some variables","messageBody":"","fileTypesAndContributionMap":{"test-code":{"insertions":8,"deletions":8}}},{"hash":"0da5bc42fdba482619235be5fb729727bd5b8f2f","isMergeCommit":true,"messageTitle":"Merge branch \u0027master\u0027 of https://github.com/AY2223S2-CS2113-T11-4/tp","messageBody":"","fileTypesAndContributionMap":{}}]},{"date":"2023-03-15","commitResults":[{"hash":"cf965d25b4875a4dd9da95d3f9372374f74f64be","isMergeCommit":true,"messageTitle":"Merge branch \u0027master\u0027 of https://github.com/AY2223S2-CS2113-T11-4/tp","messageBody":"","fileTypesAndContributionMap":{}}]},{"date":"2023-03-16","commitResults":[{"hash":"4eb1fc86f1705024ecab666be78af33feff85dce","isMergeCommit":false,"messageTitle":"Added a few assert statements for EditDeadlineCommand","messageBody":"","fileTypesAndContributionMap":{"functional-code":{"insertions":3,"deletions":0}}}]},{"date":"2023-03-17","commitResults":[{"hash":"ebe2fa7093705bebcfaa028ffdfa79658c3006fc","isMergeCommit":true,"messageTitle":"Merge pull request #32 from jeromeongithub/master","messageBody":"Assertions","fileTypesAndContributionMap":{}}]},{"date":"2023-03-22","commitResults":[{"hash":"e13c973b248d52f2021a2bca1cd55652d378cd08","isMergeCommit":true,"messageTitle":"Merge branch \u0027master\u0027 of https://github.com/AY2223S2-CS2113-T11-4/tp","messageBody":"","fileTypesAndContributionMap":{}},{"hash":"420ac1130124b0bf0264aa8c9be9c5f72392ff07","isMergeCommit":false,"messageTitle":"Created sequence diagram for EditDeadlineCommand Added implementation of EditDeadlineCommand to Developer Guide","messageBody":"","fileTypesAndContributionMap":{"docs":{"insertions":59,"deletions":23}}},{"hash":"a996b302bc1b5b3953fc578aad1e116181489938","isMergeCommit":false,"messageTitle":"Updated DG to include AddressBook acknowledgement","messageBody":"","fileTypesAndContributionMap":{"docs":{"insertions":1,"deletions":1}}},{"hash":"95a75728460ead13084efdf6d74052ff8ddffe5c","isMergeCommit":false,"messageTitle":"Edited Sequence Diagram Exported as PNG instead and changed filepath in DG","messageBody":"","fileTypesAndContributionMap":{"docs":{"insertions":19,"deletions":6}}},{"hash":"bf6da01042de6213d3922b8c2fea077df9c1ebf3","isMergeCommit":true,"messageTitle":"Merge pull request #47 from RuiShengGit/branch-DeveloperGuide-v1.0","messageBody":"Update Developer Guide with Delete Command implementation","fileTypesAndContributionMap":{}},{"hash":"53451a4f96558fca43b4dd3eaab0e0a776a80556","isMergeCommit":true,"messageTitle":"Merge branch \u0027master\u0027 of https://github.com/AY2223S2-CS2113-T11-4/tp into branch-Diagrams","messageBody":"# Conflicts:\n#\tdocs/DeveloperGuide.md\n","fileTypesAndContributionMap":{}},{"hash":"1ec27d1a4ad447a9c21c620e666716349e46dd5c","isMergeCommit":false,"messageTitle":"Renamed sequence diagram file","messageBody":"","fileTypesAndContributionMap":{"docs":{"insertions":1,"deletions":1}}}]},{"date":"2023-03-23","commitResults":[{"hash":"89023a5dda8aab8e1986b63ff8efb4846b36b4d2","isMergeCommit":false,"messageTitle":"Updated sequence diagram to include input from user","messageBody":"","fileTypesAndContributionMap":{"docs":{"insertions":1,"deletions":0}}},{"hash":"6093cbd007834ad0e310e865341b7b48bdc33295","isMergeCommit":true,"messageTitle":"Merge branch \u0027master\u0027 of https://github.com/AY2223S2-CS2113-T11-4/tp","messageBody":"","fileTypesAndContributionMap":{}},{"hash":"5f127db958c55e0501d3865bf54884d379abc8f4","isMergeCommit":true,"messageTitle":"Merge pull request #50 from jeromeongithub/branch-developerGuide2","messageBody":"Branch developer guide update","fileTypesAndContributionMap":{}}]},{"date":"2023-03-24","commitResults":[{"hash":"4c2d3b8f9f7257e020594fe5b71fb3645885cac0","isMergeCommit":false,"messageTitle":"Added repeating tasks functionality Users will now need to use -add \u003cdescription\u003e -due \u003cdeadline\u003e -rep \u003crepeat count\u003e to add a task Users can use -check to manually check through list and auto-add tasks that are overdue and have a repeat count of more than 1 Program will check for tasks that are overdue and have a repeat count of mroe than 1 and add a task with a deadline of a week later on launch","messageBody":"","fileTypesAndContributionMap":{"functional-code":{"insertions":96,"deletions":5}}},{"hash":"5f9056ca799cd6ec7820e7ec7323411b0ffb8933","isMergeCommit":false,"messageTitle":"Fix formatting errors","messageBody":"","fileTypesAndContributionMap":{"functional-code":{"insertions":3,"deletions":8}}},{"hash":"5c6a5b933978dd6c6b80475e8aff86b1a1bf325f","isMergeCommit":false,"messageTitle":"Fix JUnit tests to add repeat count when adding task","messageBody":"","fileTypesAndContributionMap":{"test-code":{"insertions":9,"deletions":7}}},{"hash":"79471b2c9be283ca6a1437a5db7fe11de129c398","isMergeCommit":false,"messageTitle":"more formatting errors","messageBody":"","fileTypesAndContributionMap":{"test-code":{"insertions":2,"deletions":1}}},{"hash":"b4e84a3f13a3e794a43e00acca23b2accc206ec4","isMergeCommit":true,"messageTitle":"Merge pull request #55 from jeromeongithub/branch-progressBar","messageBody":"Branch progress bar","fileTypesAndContributionMap":{}},{"hash":"924d85a93bbc4640ef30e84e7d1fd902984c68b3","isMergeCommit":false,"messageTitle":"Fixed by adding repeat count param","messageBody":"","fileTypesAndContributionMap":{"test-code":{"insertions":7,"deletions":5}}},{"hash":"80891736fb73fed13afa8023f7906616c72ecf08","isMergeCommit":true,"messageTitle":"Merge branch \u0027master\u0027 of https://github.com/AY2223S2-CS2113-T11-4/tp into branch-RepeatingTask","messageBody":"# Conflicts:\n#\tsrc/main/java/seedu/todolist/logic/Parser.java\n#\tsrc/main/java/seedu/todolist/task/Task.java\n","fileTypesAndContributionMap":{}},{"hash":"480e36b901ec9f58c31c386756f31c307fe51981","isMergeCommit":false,"messageTitle":"Remove unused index variable in CheckRepeatingTaskCommand Allow users to leave repeat frequency blank when adding task - will assume that repeat frequency \u003d 0 if not given. else if non-integer is provided, InvalidDurationException will be thrown","messageBody":"","fileTypesAndContributionMap":{"functional-code":{"insertions":5,"deletions":3}}},{"hash":"15f175655fdefa524a16e1c1b2b663b37dad121b","isMergeCommit":true,"messageTitle":"Merge pull request #57 from RuiShengGit/branch-AddEmailCommand","messageBody":"Add Email Command","fileTypesAndContributionMap":{}}]}]},"authorFileTypeContributionMap":{"jeromeongithub":{"docs":255,"functional-code":241,"test-code":66},"KedrianLoh":{"docs":65,"functional-code":39,"test-code":0},"ERJUNZE":{"docs":347,"functional-code":998,"test-code":111,"other":6},"RuiShengGit":{"docs":159,"functional-code":187,"test-code":62},"clement559":{"docs":56,"functional-code":168,"test-code":148}},"authorContributionVariance":{"jeromeongithub":9771.71,"KedrianLoh":217.02916,"ERJUNZE":87024.28,"RuiShengGit":3113.3293,"clement559":4335.269},"authorDisplayNameMap":{"jeromeongithub":"CS2113-T11-4 FOO ..ROME","KedrianLoh":"CS2113-T11-4 LOH ..RIAN","ERJUNZE":"CS2113-T11-4 ER J..N ZE","RuiShengGit":"CS2113-T11-4 SEOW..HENG","clement559":"CS2113-T11-4 SIUT..MENT"}}
