{"authorDailyContributionsMap":{"GraceZhuXY":[{"date":"2023-03-02","commitResults":[{"hash":"89ecdfefae3823760fd2b6cfcab9b88751fcd876","isMergeCommit":false,"messageTitle":"Change name to AboutUs.md","messageBody":"","fileTypesAndContributionMap":{"docs":{"insertions":7,"deletions":7}}}]},{"date":"2023-03-03","commitResults":[{"hash":"212f66bad489a549888fe93cb96b0cf3e5da6954","isMergeCommit":true,"messageTitle":"Merge remote-tracking branch \u0027upstream1/master\u0027 into GraceZhu-AboutUs","messageBody":"# Conflicts:\n#\tdocs/AboutUs.md\n","fileTypesAndContributionMap":{}},{"hash":"b59fe6f82e568cd3f0a88aeab77742a320f42e4c","isMergeCommit":true,"messageTitle":"Merge pull request #6 from GraceZhuXY/GraceZhu-AboutUs","messageBody":"Change name to AboutUs.md","fileTypesAndContributionMap":{}}]},{"date":"2023-03-09","commitResults":[{"hash":"ccce1d8b50ef581b06d542f7e46821889417ab1f","isMergeCommit":false,"messageTitle":"Add addPet, removePet and list methods","messageBody":"","fileTypesAndContributionMap":{"functional-code":{"insertions":50,"deletions":0},"test-code":{"insertions":2,"deletions":0}}},{"hash":"e1ebf4a3344acccdb6cc2469867ae9eeedfe1773","isMergeCommit":false,"messageTitle":"Add JUnit test on initialisation of PetList","messageBody":"","fileTypesAndContributionMap":{"test-code":{"insertions":11,"deletions":1}}},{"hash":"f337516ca2327289d78ad9ae80ee96bc9b2c4937","isMergeCommit":true,"messageTitle":"Merge pull request #27 from GraceZhuXY/GraceZhu-PetList","messageBody":"Add PetList Class","fileTypesAndContributionMap":{}}]},{"date":"2023-03-17","commitResults":[{"hash":"90a467cc07910d1b96b7ad75a77df0a2dd3dba2b","isMergeCommit":false,"messageTitle":"Add assertion and logging for removing pet from list","messageBody":"","fileTypesAndContributionMap":{"functional-code":{"insertions":5,"deletions":1}}},{"hash":"dd4e2d2cabc42271ecc533be8dfb4a514ce3aba7","isMergeCommit":false,"messageTitle":"Change variable declaration order in PetList","messageBody":"","fileTypesAndContributionMap":{"functional-code":{"insertions":1,"deletions":1}}},{"hash":"96edd2c043e3aee58d5c8570dc3144941b811739","isMergeCommit":false,"messageTitle":"Move logger declaration before constructor","messageBody":"","fileTypesAndContributionMap":{"functional-code":{"insertions":1,"deletions":1}}},{"hash":"3b830470daaf87868f31190a4d15f442fda5bc44","isMergeCommit":true,"messageTitle":"Merge pull request #43 from GraceZhuXY/GraceZhu-Assertions","messageBody":"Add assertion and logging for removing pet from list","fileTypesAndContributionMap":{}}]},{"date":"2023-03-23","commitResults":[{"hash":"692fd329d695052ecd5c7c5abaf99008c441b51c","isMergeCommit":false,"messageTitle":"Update developer guide for list pet command implementation","messageBody":"","fileTypesAndContributionMap":{"docs":{"insertions":67,"deletions":0}}},{"hash":"685f6b7bc32cc8f24de617e0b6ef866308bfe815","isMergeCommit":false,"messageTitle":"Update formatting","messageBody":"","fileTypesAndContributionMap":{"docs":{"insertions":6,"deletions":0}}},{"hash":"93644150928403cbe24a64a9ddbb60760d786f5d","isMergeCommit":true,"messageTitle":"Merge pull request #66 from GraceZhuXY/GraceZhu-DGDraft","messageBody":"Add ListPetCommand Implementation into DG","fileTypesAndContributionMap":{}}]},{"date":"2023-03-24","commitResults":[{"hash":"d6e219f31c188e05f7e81359bfb4342066cca244","isMergeCommit":false,"messageTitle":"Implement edit stat command","messageBody":"","fileTypesAndContributionMap":{"functional-code":{"insertions":93,"deletions":13}}},{"hash":"30dade6ed4781c0b9a5264e41cffafcaf8d0f478","isMergeCommit":false,"messageTitle":"Edit star import","messageBody":"","fileTypesAndContributionMap":{"functional-code":{"insertions":14,"deletions":1}}},{"hash":"805630542a555da0106d57db577dbf8d7d76b5d8","isMergeCommit":true,"messageTitle":"Merge pull request #67 from GraceZhuXY/GraceZhu-EditStats","messageBody":"Implement edit stat command","fileTypesAndContributionMap":{}}]},{"date":"2023-03-29","commitResults":[{"hash":"890532f18d74f60fc3c127c430100699565fa8c9","isMergeCommit":false,"messageTitle":"Implement reminders and update UG","messageBody":"","fileTypesAndContributionMap":{"functional-code":{"insertions":19,"deletions":0},"docs":{"insertions":16,"deletions":0}}},{"hash":"3789f71c53759d5e27c60078ef15c907ed617465","isMergeCommit":true,"messageTitle":"Merge pull request #82 from GraceZhuXY/GraceZhu-Reminders","messageBody":"Implement reminders and update UG","tags":["PetTrackerV2.0"],"fileTypesAndContributionMap":{}}]},{"date":"2023-04-06","commitResults":[{"hash":"61b79a457bb12bcdfb1586e8a3544a487734c318","isMergeCommit":false,"messageTitle":"Update UI to have dividers","messageBody":"","fileTypesAndContributionMap":{"functional-code":{"insertions":40,"deletions":0}}},{"hash":"7df39faaff75651f764c5273fbee64b7776dfc39","isMergeCommit":false,"messageTitle":"Catch null inputs and trailing arguments","messageBody":"","fileTypesAndContributionMap":{"functional-code":{"insertions":57,"deletions":21}}},{"hash":"d5a773356231afb52f3adec38f14052654a8d454","isMergeCommit":false,"messageTitle":"Fix checkstyle violations","messageBody":"","fileTypesAndContributionMap":{"functional-code":{"insertions":8,"deletions":6}}},{"hash":"2a5c9a2368acc6634dedb7d19f85f8d9dfdeec68","isMergeCommit":false,"messageTitle":"Update tests, remove dead code","messageBody":"","fileTypesAndContributionMap":{"functional-code":{"insertions":0,"deletions":1},"test-code":{"insertions":2,"deletions":1}}},{"hash":"8afbb26018a28b944680ef95aa4bd116fc0ebc27","isMergeCommit":false,"messageTitle":"Change whitespaces to dashes","messageBody":"","fileTypesAndContributionMap":{"functional-code":{"insertions":16,"deletions":4}}}]},{"date":"2023-04-07","commitResults":[{"hash":"d4405a539e1a838820402db71730da9e36a8389a","isMergeCommit":true,"messageTitle":"Merge branch \u0027master\u0027 into GraceZhu-UIFixes","messageBody":"","fileTypesAndContributionMap":{}},{"hash":"85ca79c065d885907011aac4dd8d32bdc856e76c","isMergeCommit":false,"messageTitle":"Resolve merge conflicts, add PPP","messageBody":"","fileTypesAndContributionMap":{"functional-code":{"insertions":6,"deletions":2},"docs":{"insertions":46,"deletions":7}}},{"hash":"891284605b087d7ba79e35a0ee9698ed8b6acd1d","isMergeCommit":true,"messageTitle":"Merge pull request #193 from GraceZhuXY/GraceZhu-UIFixes","messageBody":"Update UI and catch null inputs/trailing arguments","fileTypesAndContributionMap":{}}]},{"date":"2023-04-09","commitResults":[{"hash":"3096725f8ea0385264f1f1b0550868c397e5dbe8","isMergeCommit":false,"messageTitle":"Update PPP","messageBody":"","fileTypesAndContributionMap":{"docs":{"insertions":26,"deletions":14}}},{"hash":"27f51ca677dff3b489e4edc5a35bd1a0aacd0eec","isMergeCommit":true,"messageTitle":"Merge pull request #210 from GraceZhuXY/GraceZhu-PPP","messageBody":"Update PPP","fileTypesAndContributionMap":{}},{"hash":"204c13f5d4f4445f01703480754e914ed4f25de6","isMergeCommit":false,"messageTitle":"Update List Pet Command in DG","messageBody":"","fileTypesAndContributionMap":{"docs":{"insertions":11,"deletions":4}}},{"hash":"c1c9912b2517b007ad969d78ef73c0ce5ae39536","isMergeCommit":true,"messageTitle":"Merge pull request #211 from GraceZhuXY/GraceZhu-EditDiagram","messageBody":"Update List Pet Command in DG","fileTypesAndContributionMap":{}}]}],"shawntangy":[{"date":"2023-03-02","commitResults":[{"hash":"ee239e80ede5acc1b19a4498f0afc6113b65e106","isMergeCommit":false,"messageTitle":"Add Shawn to team members","messageBody":"","fileTypesAndContributionMap":{"docs":{"insertions":13,"deletions":7}}},{"hash":"ba1bf4796748bc9e4b22284bd3dd7f61e02ba285","isMergeCommit":true,"messageTitle":"Merge commit \u00279ede63f85f585196f0f0c1e69967e0563ce5ccd4\u0027 into shawn-AboutUs","messageBody":"* commit \u00279ede63f85f585196f0f0c1e69967e0563ce5ccd4\u0027:\n  Update AboutUs.md\n\n# Conflicts:\n#\tdocs/AboutUs.md\nfix merge conflicts\n","fileTypesAndContributionMap":{}},{"hash":"ce5c180e15417442749cfc6aad5dc6adab7c33e5","isMergeCommit":true,"messageTitle":"Merge commit \u0027710c27913cd51b1599cfb9ae301ca801ef094cb8\u0027 into shawn-AboutUs","messageBody":"* commit \u0027710c27913cd51b1599cfb9ae301ca801ef094cb8\u0027:\n  About Me\n\n# Conflicts:\n#\tdocs/AboutUs.md\nfix merge conflict again\n","fileTypesAndContributionMap":{}},{"hash":"d1abc61d17b5658b7bc0e87fae5e049b5a6a52f0","isMergeCommit":true,"messageTitle":"Merge pull request #3 from shawntangy/shawn-AboutUs","messageBody":"Add Shawn to team members","fileTypesAndContributionMap":{}}]},{"date":"2023-03-08","commitResults":[{"hash":"4cce019dd1c128bd8819f4efaeeb943f27877c3a","isMergeCommit":false,"messageTitle":"Add Pet and PetList class skeleton","messageBody":"","fileTypesAndContributionMap":{"functional-code":{"insertions":8,"deletions":0}}},{"hash":"3c4c9cc7b62cc25a52cf4440ec0c427bb101d45e","isMergeCommit":false,"messageTitle":"Add Command class","messageBody":"","fileTypesAndContributionMap":{"functional-code":{"insertions":15,"deletions":0}}},{"hash":"21c30d6cb6a1773072b4820f6cf9c8a639f7fab2","isMergeCommit":false,"messageTitle":"Add ExitCommand for the program to exit","messageBody":"","fileTypesAndContributionMap":{"functional-code":{"insertions":27,"deletions":0}}},{"hash":"70920a13fa2977fb1a428ce6a58d6c8980389e8c","isMergeCommit":false,"messageTitle":"Rename Duke to Main, Add UI and CommandParser skeleton files, program is able to exit","messageBody":"","fileTypesAndContributionMap":{"functional-code":{"insertions":97,"deletions":21},"other":{"insertions":2,"deletions":2}}},{"hash":"6ef3e57504bf9727f66ddc71c6740f2afdbb4243","isMergeCommit":false,"messageTitle":"Add more JavaDocs and fix formatting issues","messageBody":"","fileTypesAndContributionMap":{"functional-code":{"insertions":33,"deletions":6}}},{"hash":"45e1306f18f4a763afde7d95955995b23164716a","isMergeCommit":true,"messageTitle":"Merge pull request #16 from shawntangy/shawn-ImplementMain","messageBody":"Implement main method and create skeleton code for other classes","fileTypesAndContributionMap":{}},{"hash":"3c278b0a8b89098c8414fc40262650ad96635df0","isMergeCommit":false,"messageTitle":"Fix gradle file not being updated to new filenames, updated text-ui-testing","messageBody":"","fileTypesAndContributionMap":{"other":{"insertions":2,"deletions":2}}},{"hash":"d0adb933e1d891a104cd77c49c4dc3979749ed32","isMergeCommit":true,"messageTitle":"Merge pull request #17 from shawntangy/master","messageBody":"Fix gradle file not being updated to new filenames, updated text-ui","fileTypesAndContributionMap":{}},{"hash":"a8870692338f23d71e9f3b9c7bf074566bb68b06","isMergeCommit":false,"messageTitle":"Fix gradle checkstyle errors","messageBody":"","fileTypesAndContributionMap":{"functional-code":{"insertions":10,"deletions":9}}},{"hash":"f1338139b30b56adb0edb0adc861d1e99d005116","isMergeCommit":true,"messageTitle":"Merge pull request #18 from shawntangy/master","messageBody":"Fix gradle checkstyle errors","fileTypesAndContributionMap":{}}]},{"date":"2023-03-09","commitResults":[{"hash":"3c3a13d773f69275af97f78f7f2b1b4980ab6c5d","isMergeCommit":false,"messageTitle":"Add JUnit test for ExitCommand","messageBody":"","fileTypesAndContributionMap":{"test-code":{"insertions":15,"deletions":0}}},{"hash":"6037ba33736fd878e25253293ec4fe10acf5b1a2","isMergeCommit":true,"messageTitle":"Merge pull request #25 from shawntangy/shawn-ExitCommandJUnit","messageBody":"Add JUnit test for ExitCommand","fileTypesAndContributionMap":{}}]},{"date":"2023-03-14","commitResults":[{"hash":"e2fd7da15a54ea9481d0a0b2fe2bcc354ffd26af","isMergeCommit":true,"messageTitle":"Merge commit \u00274ea4cb7b4fe65b1349e22b1419f025197f73956e\u0027","messageBody":"* commit \u00274ea4cb7b4fe65b1349e22b1419f025197f73956e\u0027:\n  Add JUnit test to test for adding stat command\n  Add calls to Ui methods throughout each command\u0027s execute method\n  Replace exitCommandMessage with showEndingMessage\n  Add JavaDoc comments\n  Initialize Scanner and implement getUserInput method\n  Implement remove stat command message\n  Implement remove pet command message\n  Add messages for welcome, exit, add pet, add stat, and invalid command to Ui.java\n  Add JUnit test on initialisation of PetList\n  Add addPet, removePet and list methods\n  Add a JUnit test on test string conversion for Pet\n  Add JavaDoc for toString method in Pet\n  Change attributes to Private\n  Add string formatting when listing the details/stats of Pet\n  Add getters and setters for Pet\n  Add variables and constructor for Pet\n","fileTypesAndContributionMap":{}},{"hash":"d59c6867174da67f28dfd86e8504b3c58c087e75","isMergeCommit":true,"messageTitle":"Merge commit \u00273b178f671abc041726323eb3429852b07a0789ba\u0027","messageBody":"* commit \u00273b178f671abc041726323eb3429852b07a0789ba\u0027:\n  Replace UI JUnnit Test with Add Pet test\n  Add toLowerCase for removeStat\n  Add New Line to End of UiTest\n  Fix Missing Break\n  Add Default Block to Second Switch\n  Add Default Block\n  Update Text UI Tests\n  Add Break Statement\n  Don\u0027t Parse Remove Pet\n  Initialize PetList ArrayList\n  Implement Remove Stat\n  Implement Add Stat within PetList\n  Add Stat Method in Pet\n  Add Pet\n  Make PetList static\n","fileTypesAndContributionMap":{}}]},{"date":"2023-03-15","commitResults":[{"hash":"63bae655302d3a9de86d6edf7080cbe87825187b","isMergeCommit":false,"messageTitle":"Update Intro and Quick Start for User Guide, fix indentation for ExitCommandTest","messageBody":"","fileTypesAndContributionMap":{"docs":{"insertions":13,"deletions":5},"test-code":{"insertions":1,"deletions":1}}},{"hash":"d2a0a5362f60b5d80ab2988ede11cf9eb2191a27","isMergeCommit":false,"messageTitle":"Update Features and add-pet, remove-pet for Command Summary for User Guide","messageBody":"","fileTypesAndContributionMap":{"docs":{"insertions":53,"deletions":16}}},{"hash":"ab61414036ef66f79cfe67817450604b961be238","isMergeCommit":false,"messageTitle":"Add FAQ and add-stat command summary to user guide","messageBody":"","fileTypesAndContributionMap":{"docs":{"insertions":32,"deletions":8}}},{"hash":"be406b3820bdec35ab3bae5b9ab810fb6326a010","isMergeCommit":false,"messageTitle":"Add remove-stat and list command to User Guide","messageBody":"","fileTypesAndContributionMap":{"docs":{"insertions":31,"deletions":2}}},{"hash":"15624c08cc847d10c47e32dbc90b9da71fa6ed4c","isMergeCommit":true,"messageTitle":"Merge pull request #38 from shawntangy/shawn-UpdateUG","messageBody":"Create a User Guide","fileTypesAndContributionMap":{}}]},{"date":"2023-03-16","commitResults":[{"hash":"a1f3c7b51fa50b32aebae1dc92dcd3237bd8599c","isMergeCommit":false,"messageTitle":"Add Assertion checks for Pet class and Logger for main","messageBody":"","fileTypesAndContributionMap":{"functional-code":{"insertions":8,"deletions":3}}},{"hash":"486d14292ef83790a1733bc18d74318efc2574c3","isMergeCommit":false,"messageTitle":"Fix variable definition ordering","messageBody":"","fileTypesAndContributionMap":{"functional-code":{"insertions":1,"deletions":2}}},{"hash":"b7b2d95ffedab74afa4ee31c91008e53c9db9f3b","isMergeCommit":true,"messageTitle":"Merge pull request #41 from shawntangy/shawn-AssertionAndLogging","messageBody":"Add Assertion checks for Pet class and Logger for main","fileTypesAndContributionMap":{}}]},{"date":"2023-03-22","commitResults":[{"hash":"965a78670bf324bb92ff415435a48b497652ffe0","isMergeCommit":false,"messageTitle":"Add implementation of Exit Command","messageBody":"","fileTypesAndContributionMap":{"docs":{"insertions":36,"deletions":0}}},{"hash":"e3b020c37e3b0fdfb9eb51851969aec103ca609b","isMergeCommit":false,"messageTitle":"Rename command variable in Main to match DG","messageBody":"","fileTypesAndContributionMap":{"functional-code":{"insertions":3,"deletions":3}}},{"hash":"006e238a1e33be10edc27764cc95c30082522e64","isMergeCommit":false,"messageTitle":"Create ExitCommand sequence diagram in DG, reference stylesheet from addressbook level 3","messageBody":"","fileTypesAndContributionMap":{"docs":{"insertions":126,"deletions":0}}},{"hash":"c87539bce8cf4fb57b1b9a36b71d64a617fb8d8e","isMergeCommit":false,"messageTitle":"Add ExitCommandSequenceDiagram to DG","messageBody":"","fileTypesAndContributionMap":{"docs":{"insertions":6,"deletions":0}}},{"hash":"85e6cbbb5088cda3b0c6e385cd408af1e35fd499","isMergeCommit":false,"messageTitle":"Enable assertions in build.gradle","messageBody":"","fileTypesAndContributionMap":{"other":{"insertions":1,"deletions":0}}},{"hash":"85a89bf3823677374a58af8547efd3c285797fca","isMergeCommit":true,"messageTitle":"Merge pull request #63 from shawntangy/shawn-InitialDG","messageBody":"Add ExitCommand Implementation into DG","fileTypesAndContributionMap":{}}]},{"date":"2023-03-25","commitResults":[{"hash":"e6e52a79306b694b7b651ae050c524d452c63a4b","isMergeCommit":false,"messageTitle":"Add pet save format","messageBody":"","fileTypesAndContributionMap":{"functional-code":{"insertions":6,"deletions":0}}},{"hash":"c7c95a61b891fef7b63ff5ae8217582502bd32dd","isMergeCommit":false,"messageTitle":"Add Storage file to save pets","messageBody":"","fileTypesAndContributionMap":{"functional-code":{"insertions":54,"deletions":1}}},{"hash":"d71657e24816f4065da5482282a821b3e4254a45","isMergeCommit":false,"messageTitle":"Add printing messages to Ui and initiate storage in main","messageBody":"","fileTypesAndContributionMap":{"functional-code":{"insertions":14,"deletions":0}}},{"hash":"bd31a1f1d85c5c1c23744a4756e555d723ade81d","isMergeCommit":false,"messageTitle":"Change PetList to include storage and ui classes","messageBody":"","fileTypesAndContributionMap":{"functional-code":{"insertions":6,"deletions":0}}},{"hash":"3107a0cb45cd4923345e6f8ce5ddeae5ab4880ae","isMergeCommit":false,"messageTitle":"Modify command class to include storage when executing","messageBody":"","fileTypesAndContributionMap":{"functional-code":{"insertions":5,"deletions":2}}},{"hash":"9d602e9f59a3182b2f8fbd463ac204171cee1264","isMergeCommit":false,"messageTitle":"Update all commands to include storage class when executing","messageBody":"","fileTypesAndContributionMap":{"functional-code":{"insertions":39,"deletions":19}}},{"hash":"5ced5919a9637cb77f74007553c9323a862c086f","isMergeCommit":false,"messageTitle":"Abstract ui from initialisation of storage class","messageBody":"","fileTypesAndContributionMap":{"functional-code":{"insertions":15,"deletions":15}}},{"hash":"0b83f8457c758d7a4ab994dd8ef2b024b1380d96","isMergeCommit":true,"messageTitle":"Merge pull request #73 from shawntangy/shawn-PetStorage","messageBody":"Add saving of pet list to storage","fileTypesAndContributionMap":{}},{"hash":"b7fd7ac6890627b77a94b711d390751cc76003f0","isMergeCommit":false,"messageTitle":"Add functions to save tasks to storage class","messageBody":"","fileTypesAndContributionMap":{"functional-code":{"insertions":43,"deletions":6}}},{"hash":"f849f7c78dd5fc9a54880eba0d90c52a2e17f965","isMergeCommit":false,"messageTitle":"Modify main to include new file","messageBody":"","fileTypesAndContributionMap":{"functional-code":{"insertions":11,"deletions":6}}},{"hash":"0ea8b144a106d3f2ab968887d0b0541ebe80e4fb","isMergeCommit":false,"messageTitle":"Add function to translate task details to save formatting","messageBody":"","fileTypesAndContributionMap":{"functional-code":{"insertions":7,"deletions":0}}},{"hash":"1f837ec7d5b6a53629747b81a227dbc60b67a988","isMergeCommit":false,"messageTitle":"Implement function to save tasks to storage in tasklist","messageBody":"","fileTypesAndContributionMap":{"functional-code":{"insertions":8,"deletions":0}}},{"hash":"16dd5205830d3c5a529849fb938cbb70f5ef4748","isMergeCommit":false,"messageTitle":"Modify task-related commands to save any updates to the storage","messageBody":"","fileTypesAndContributionMap":{"functional-code":{"insertions":5,"deletions":0}}},{"hash":"f7f0d246f089bd102240284965c30d66fb7549e0","isMergeCommit":true,"messageTitle":"Merge pull request #74 from shawntangy/shawn-TaskStorage","messageBody":"Add saving of task list to storage","fileTypesAndContributionMap":{}}]},{"date":"2023-03-28","commitResults":[{"hash":"3ff6b8a0e2d8e7a9fcf194756b6951b6f8146d91","isMergeCommit":false,"messageTitle":"Add user stories to DG and update figure numbers","messageBody":"","fileTypesAndContributionMap":{"docs":{"insertions":24,"deletions":11}}},{"hash":"73d87aa05ffa62d9b8773e8227a16b804b505d64","isMergeCommit":true,"messageTitle":"Merge pull request #75 from shawntangy/shawn-UpdateDG","messageBody":"Add user stories to DG and update figure numbers","fileTypesAndContributionMap":{}}]},{"date":"2023-03-31","commitResults":[{"hash":"ecf92695ca671f6435424faa4a6f283224980ac9","isMergeCommit":false,"messageTitle":"Update JavaDocs for execute function for all commands","messageBody":"","fileTypesAndContributionMap":{"functional-code":{"insertions":19,"deletions":1}}},{"hash":"93686ef99b326556ef6cf3867b467e5211a476fd","isMergeCommit":false,"messageTitle":"Add Help Command","messageBody":"","fileTypesAndContributionMap":{"functional-code":{"insertions":62,"deletions":7}}},{"hash":"cd2599495450e232b7b08fa31c9f32edd822083d","isMergeCommit":false,"messageTitle":"Add add-pet help","messageBody":"","fileTypesAndContributionMap":{"functional-code":{"insertions":14,"deletions":2}}},{"hash":"ad88180c5d25a1f1556afe9f484e7885f4e21085","isMergeCommit":false,"messageTitle":"Add pet related help messages","messageBody":"","fileTypesAndContributionMap":{"functional-code":{"insertions":67,"deletions":2}}},{"hash":"d7d141058b36f03399f1b133cad33ee69dde7566","isMergeCommit":false,"messageTitle":"add Task-related help messages","messageBody":"","fileTypesAndContributionMap":{"functional-code":{"insertions":92,"deletions":7}}},{"hash":"16ef3e4fe47781899e0c6e844b363addd7feb6eb","isMergeCommit":false,"messageTitle":"update text-ui test to reflect help command","messageBody":"","fileTypesAndContributionMap":{"functional-code":{"insertions":2,"deletions":0}}},{"hash":"cbf47ca84ab717f8c541795cb0964a7d37e2b1d5","isMergeCommit":true,"messageTitle":"Merge pull request #86 from shawntangy/shawn-helpCommand","messageBody":"Add help command","fileTypesAndContributionMap":{}},{"hash":"0c68bdaad5ff0e502eb828831720572e7150ebad","isMergeCommit":false,"messageTitle":"Fix reminder not checking if deadline exists","messageBody":"","fileTypesAndContributionMap":{"functional-code":{"insertions":1,"deletions":1}}},{"hash":"3044ad9cceb53a7aaa928e1a2db5f01481991d16","isMergeCommit":false,"messageTitle":"Update text-ui tests, save deadline to tasks if available, add javadoc for storage methods","messageBody":"","fileTypesAndContributionMap":{"functional-code":{"insertions":21,"deletions":2}}},{"hash":"ed1d8495ebf7096f5f1aa22739ec7dd5848040a1","isMergeCommit":true,"messageTitle":"Merge pull request #87 from shawntangy/shawn-DeadlineStorage","messageBody":"Add deadline to storage and fix minor reminder bug","fileTypesAndContributionMap":{}}]},{"date":"2023-04-02","commitResults":[{"hash":"63d7bb904dc0da9940203df193fe0316d9864200","isMergeCommit":false,"messageTitle":"Add Exit command to both Help command and UG","messageBody":"","fileTypesAndContributionMap":{"functional-code":{"insertions":10,"deletions":0},"docs":{"insertions":15,"deletions":0}}},{"hash":"afed76fc768df3fa1d1d626a0258a75e950d640c","isMergeCommit":false,"messageTitle":"Fix UG formatting for list-tasks to match actual output","messageBody":"","fileTypesAndContributionMap":{"docs":{"insertions":1,"deletions":2}}},{"hash":"f3ac811f6547d00c5c168a60c89fa5bf8ae9a5ed","isMergeCommit":false,"messageTitle":"Remove FAQ question since feature is implemented","messageBody":"","fileTypesAndContributionMap":{"docs":{"insertions":1,"deletions":4}}},{"hash":"d19ce643b34fdbfaab74daf80526ff752abd0cf7","isMergeCommit":false,"messageTitle":"Update add-stat to mention that only type/age/weight is supported","messageBody":"","fileTypesAndContributionMap":{"docs":{"insertions":1,"deletions":0}}},{"hash":"f4f6a8139fc3791afebdccdfa379f2b72aa57fe1","isMergeCommit":false,"messageTitle":"Update UG to reflect what NUMBER variable means","messageBody":"","fileTypesAndContributionMap":{"docs":{"insertions":4,"deletions":3}}},{"hash":"5a60c661862a034bcc78ae7b4425ebaa9050adab","isMergeCommit":false,"messageTitle":"Update View to Views to fix grammer in UG","messageBody":"","fileTypesAndContributionMap":{"docs":{"insertions":4,"deletions":4}}},{"hash":"b08c7e38bae70545f44b7e6664d19ca87c6f2e4a","isMergeCommit":false,"messageTitle":"Fix Grammer in UG and update Quick start guide","messageBody":"","fileTypesAndContributionMap":{"docs":{"insertions":4,"deletions":3}}},{"hash":"dea8ca7786c190e99316d96e5eb72c78222639a0","isMergeCommit":true,"messageTitle":"Merge pull request #172 from shawntangy/shawn-BugFixes","messageBody":"Fix Bugs provided in PE Dry run","fileTypesAndContributionMap":{}},{"hash":"c676a773b56c763d454afe8441d812ad39a1e9c0","isMergeCommit":false,"messageTitle":"Fix age/weight for stat to be positive and only integer, and update text-ui test","messageBody":"","fileTypesAndContributionMap":{"functional-code":{"insertions":76,"deletions":30},"test-code":{"insertions":2,"deletions":1}}},{"hash":"0d710b948a5133db196e5ab17754ce0186c24f7c","isMergeCommit":false,"messageTitle":"Fix success message showing when pet does not exist or when stat is not age/weight/type, update text-ui test","messageBody":"","fileTypesAndContributionMap":{"functional-code":{"insertions":49,"deletions":13}}},{"hash":"356955cb15767f165e9c910d9ed50f9e5eea9f0b","isMergeCommit":false,"messageTitle":"Fix missing braces for if statement","messageBody":"","fileTypesAndContributionMap":{"functional-code":{"insertions":10,"deletions":4}}},{"hash":"c6322c9bede7affd2d29a9985fa4ef6dd63c2672","isMergeCommit":false,"messageTitle":"Fix missing checks on whether pet/stat exists in edit-stat and remove-stat","messageBody":"","fileTypesAndContributionMap":{"functional-code":{"insertions":32,"deletions":12}}},{"hash":"278fe918d90935de75e3db788630a87af4520baa","isMergeCommit":false,"messageTitle":"Remove unused imports","messageBody":"","fileTypesAndContributionMap":{"functional-code":{"insertions":0,"deletions":2}}},{"hash":"0548aaede395cab6c3f0cdb3b787a1029e6f00c6","isMergeCommit":true,"messageTitle":"Merge pull request #173 from shawntangy/shawn-StatBugFixes","messageBody":"Fix stat related bugs","fileTypesAndContributionMap":{}},{"hash":"dbe86833970332e3c0a850f7539694bc93caeb88","isMergeCommit":false,"messageTitle":"Fix missing check for empty name","messageBody":"","fileTypesAndContributionMap":{"functional-code":{"insertions":26,"deletions":8}}},{"hash":"d170202c8e6c920d59a94c2ea9bbf0d8c2784b31","isMergeCommit":false,"messageTitle":"Add Missing throw","messageBody":"","fileTypesAndContributionMap":{"test-code":{"insertions":3,"deletions":1}}},{"hash":"0e01cc0452834fcde0ba93d5bdd7b65c640e55ea","isMergeCommit":false,"messageTitle":"Fix removing non existent pets crashing the program, update text-ui test","messageBody":"","fileTypesAndContributionMap":{"functional-code":{"insertions":18,"deletions":8}}},{"hash":"174319592e993876f391be3fd378447132df3d1b","isMergeCommit":false,"messageTitle":"Update UG to reduce ambiguity in NAME variable","messageBody":"","fileTypesAndContributionMap":{"docs":{"insertions":13,"deletions":13}}}]},{"date":"2023-04-03","commitResults":[{"hash":"2570fd90fae06195d8901ba92517b7afb1563f62","isMergeCommit":false,"messageTitle":"Fix missing check to see if pet already exists in list, update text-ui test","messageBody":"","fileTypesAndContributionMap":{"functional-code":{"insertions":19,"deletions":1},"test-code":{"insertions":2,"deletions":1}}},{"hash":"cd178cf7ab9df7f567d1297dc23f1f2b6d169f65","isMergeCommit":true,"messageTitle":"Merge pull request #174 from shawntangy/shawn-PetNameBugFixes","messageBody":"Fix empty pet name bug, deleting non existent pets, duplicated pet name","fileTypesAndContributionMap":{}},{"hash":"2ff05ce2f9f8e9e470806532a35279fa854f5481","isMergeCommit":false,"messageTitle":"Add Acknowledgements in DG","messageBody":"","fileTypesAndContributionMap":{"docs":{"insertions":4,"deletions":2}}},{"hash":"588e78a24d7af52bf2bfcc08dffc834399e73351","isMergeCommit":false,"messageTitle":"Add target scope and value proposition to DG","messageBody":"","fileTypesAndContributionMap":{"docs":{"insertions":14,"deletions":10}}},{"hash":"8ca2358d0963bdc5434d66788cf340722acf2c9c","isMergeCommit":false,"messageTitle":"Add NFR/Glossary/Manual Testing to DG","messageBody":"","fileTypesAndContributionMap":{"docs":{"insertions":55,"deletions":3}}},{"hash":"8ab94b1a6b8cf23731bb02cf4ac32a0155567583","isMergeCommit":false,"messageTitle":"Add 1 more test case for manual testing in DG","messageBody":"","fileTypesAndContributionMap":{"docs":{"insertions":1,"deletions":1}}},{"hash":"078863faf1cb85f33e935b40108fbdf7bd3c6e99","isMergeCommit":true,"messageTitle":"Merge pull request #175 from shawntangy/shawn-DGUpdate","messageBody":"Update DG to include Product Scope, NFR, Glossary and Manual Testing","fileTypesAndContributionMap":{}},{"hash":"45eb0a5b27d5f27df246b15112751931d330ff9a","isMergeCommit":false,"messageTitle":"Added TOC and changed wrong header value","messageBody":"","fileTypesAndContributionMap":{"docs":{"insertions":25,"deletions":4}}},{"hash":"0e89fff0e45c85e0e27e8d30f426f508802ec0e0","isMergeCommit":true,"messageTitle":"Merge pull request #176 from shawntangy/shawn-DGUpdate","messageBody":"Added TOC and changed wrong header value","fileTypesAndContributionMap":{}}]},{"date":"2023-04-04","commitResults":[{"hash":"27b8cee67e996132bdaf6b62546237a971e89f2f","isMergeCommit":false,"messageTitle":"Update UG to include new features and updated FAQ","messageBody":"","fileTypesAndContributionMap":{"docs":{"insertions":29,"deletions":5}}},{"hash":"5ed4b4b148751cbd836b52af724e0e246000ce97","isMergeCommit":true,"messageTitle":"Merge pull request #181 from shawntangy/shawn-UGUpdates","messageBody":"Update UG to include new features and updated FAQ","fileTypesAndContributionMap":{}},{"hash":"d8104e2996566a775506f36f25c5838e1ef52ddf","isMergeCommit":false,"messageTitle":"Add JUnit Test involving exception checking for Pet","messageBody":"","fileTypesAndContributionMap":{"test-code":{"insertions":44,"deletions":0}}},{"hash":"6f18cadd81547d79a2dc27638b020ec03144d7f3","isMergeCommit":false,"messageTitle":"Add JUnit for PetList","messageBody":"","fileTypesAndContributionMap":{"functional-code":{"insertions":3,"deletions":0},"test-code":{"insertions":24,"deletions":0}}},{"hash":"20bacac270a8360cb896f96593998dff343c7ded","isMergeCommit":false,"messageTitle":"Add stat-related JUnit to PetList","messageBody":"","fileTypesAndContributionMap":{"functional-code":{"insertions":13,"deletions":3},"test-code":{"insertions":43,"deletions":0}}},{"hash":"16e0db1d06ce58575cbc902b566829050ae9e97f","isMergeCommit":false,"messageTitle":"Add remove-pet JUnit","messageBody":"","fileTypesAndContributionMap":{"test-code":{"insertions":31,"deletions":14}}},{"hash":"d3f28e50d4b233d935a5e04d3a599604452ce93a","isMergeCommit":false,"messageTitle":"Add TOC to UG","messageBody":"","fileTypesAndContributionMap":{"docs":{"insertions":26,"deletions":1}}},{"hash":"1df04869579e47fce93e3b688fd7bcc7872f9f43","isMergeCommit":true,"messageTitle":"Merge pull request #182 from shawntangy/shawn-PetJUnit","messageBody":"Add JUnit for Pet \u0026 PetList, add TOC to UG","fileTypesAndContributionMap":{}},{"hash":"431459208c7143b75674bee102362fe2ad4029b6","isMergeCommit":false,"messageTitle":"Rename some methods in Ui that prints error messages","messageBody":"","fileTypesAndContributionMap":{"functional-code":{"insertions":25,"deletions":17}}},{"hash":"6572da65d3f81f84e07957b13e1ea7c77f4b85c9","isMergeCommit":false,"messageTitle":"Add JavaDocs for public methods in PetList, change access modifier for find and get method to private","messageBody":"","fileTypesAndContributionMap":{"functional-code":{"insertions":37,"deletions":4}}},{"hash":"f401e664d7ef3497b8346efc548fc10f06852d9d","isMergeCommit":false,"messageTitle":"Abstract some constants from error messages","messageBody":"","fileTypesAndContributionMap":{"functional-code":{"insertions":15,"deletions":7}}},{"hash":"640c85477531164153ab92c6dd431e2916111554","isMergeCommit":false,"messageTitle":"Update access modifier to private","messageBody":"","fileTypesAndContributionMap":{"functional-code":{"insertions":6,"deletions":7}}},{"hash":"7cbf710f17a6ec23d17c84dcaeb9078ac2993030","isMergeCommit":false,"messageTitle":"Fix error in Javadoc for list command","messageBody":"","fileTypesAndContributionMap":{"functional-code":{"insertions":1,"deletions":1}}},{"hash":"d4b0a9832b27ac85d386adeb3a295d36c99cae82","isMergeCommit":false,"messageTitle":"Add JavaDoc to Pet and PetList public methods","messageBody":"","fileTypesAndContributionMap":{"functional-code":{"insertions":40,"deletions":2}}},{"hash":"fe344a9f9e758c63ba674de6d6441f1844a879b2","isMergeCommit":false,"messageTitle":"Assign task\u0027s deadline to a variable for easier comprehension, reformat code","messageBody":"","fileTypesAndContributionMap":{"functional-code":{"insertions":27,"deletions":21}}},{"hash":"2cccc4488861a7ff5e222f46d12b7e2343d42ac7","isMergeCommit":true,"messageTitle":"Merge pull request #184 from shawntangy/shawn-CodeReview","messageBody":"Adopt changes suggested in code review","fileTypesAndContributionMap":{}}]},{"date":"2023-04-05","commitResults":[{"hash":"2955f021cdad17e22cff47a53b670783e56a3a3b","isMergeCommit":false,"messageTitle":"Remove unused method and added access modifier to Scanner","messageBody":"","fileTypesAndContributionMap":{"functional-code":{"insertions":1,"deletions":8}}},{"hash":"672657f46d538aa1b9c45f9837d679fec151fde1","isMergeCommit":false,"messageTitle":"Update Style.puml to not hide members, change font colour to black","messageBody":"","fileTypesAndContributionMap":{"docs":{"insertions":1,"deletions":2}}},{"hash":"7709cbed0eff76cce6f1dd5e584876f1b0b279a4","isMergeCommit":false,"messageTitle":"Create Ui Class Diagram","messageBody":"","fileTypesAndContributionMap":{"docs":{"insertions":30,"deletions":0}}},{"hash":"df85572364bb831c0e98e3e1c630ee692287ef1f","isMergeCommit":false,"messageTitle":"Update DG to include new Ui Class Diagram","messageBody":"","fileTypesAndContributionMap":{"docs":{"insertions":24,"deletions":6}}},{"hash":"958f900a51108ca34a619a1e0f5c97f5b5e9063d","isMergeCommit":false,"messageTitle":"Add more JUnit for edit stat methods","messageBody":"","fileTypesAndContributionMap":{"test-code":{"insertions":42,"deletions":0}}},{"hash":"d0ab51ab40af9f9087528974eaa60e84ccbd51f7","isMergeCommit":false,"messageTitle":"Update minor details after code review","messageBody":"","fileTypesAndContributionMap":{"docs":{"insertions":3,"deletions":3}}},{"hash":"2ee927c862dc09484489cdaf26798d582622a76f","isMergeCommit":true,"messageTitle":"Merge pull request #191 from shawntangy/shawn-DGClassDiag","messageBody":"Add Ui Class Diagram to DG, more JUnit","fileTypesAndContributionMap":{}}]},{"date":"2023-04-06","commitResults":[{"hash":"a510f0cf6e71f759d9a5650bd664f3c1afd8f580","isMergeCommit":false,"messageTitle":"Add Shawn\u0027s PPP \u0026 update readme.md","messageBody":"","fileTypesAndContributionMap":{"docs":{"insertions":62,"deletions":5}}},{"hash":"d829c48c76545bf13afbf984cb27590fb7a69266","isMergeCommit":true,"messageTitle":"Merge pull request #195 from shawntangy/shawn-DraftPPP","messageBody":"Add Shawn\u0027s PPP \u0026 update readme.md","fileTypesAndContributionMap":{}},{"hash":"6daa25e65f79bd1882fb860cf892de1bbc49ee2a","isMergeCommit":false,"messageTitle":"Update Directory pathing in aboutus.md","messageBody":"","fileTypesAndContributionMap":{"docs":{"insertions":7,"deletions":7}}},{"hash":"a339adfc8a803c037d23c3d3ffa3b203a6e4c54f","isMergeCommit":true,"messageTitle":"Merge pull request #196 from shawntangy/shawn-DraftPPP","messageBody":"Update Directory pathing in aboutus.md","fileTypesAndContributionMap":{}},{"hash":"11c565bc392ee047cbb9e91ecec6d387b8fcb994","isMergeCommit":false,"messageTitle":"Rename shawntang.md to shawntangy.md, changed format of PPP","messageBody":"","fileTypesAndContributionMap":{"docs":{"insertions":26,"deletions":20}}},{"hash":"5f94d69a0a661e06896a5616e440d6f22c3bf992","isMergeCommit":true,"messageTitle":"Merge pull request #197 from shawntangy/shawn-DraftPPP","messageBody":"Rename shawntang.md to shawntangy.md, changed format of PPP","fileTypesAndContributionMap":{}}]}],"pyongjie":[{"date":"2023-03-02","commitResults":[{"hash":"20c62761c373b9e485267e2ac5ede0057e6e93e7","isMergeCommit":false,"messageTitle":"Add details to docs/AboutUs.md page","messageBody":"","fileTypesAndContributionMap":{"docs":{"insertions":10,"deletions":1}}},{"hash":"7e4dafdb99f5dcba2af3e71f4548cfe15b632e6a","isMergeCommit":true,"messageTitle":"Merge branch \u0027master\u0027 of https://github.com/AY2223S2-CS2113-T11-3/tp into yongJie-AboutUs","messageBody":"# Conflicts:\n#\tdocs/AboutUs.md\n","fileTypesAndContributionMap":{}},{"hash":"37713f201168521229b0c66d59a814ec4660d79e","isMergeCommit":true,"messageTitle":"Merge pull request #5 from pyongjie/yongJie-AboutUs","messageBody":"Add details to docs/AboutUs.md page","fileTypesAndContributionMap":{}}]},{"date":"2023-03-09","commitResults":[{"hash":"6241521421e126b917fc62e23ff53b22f507cb7c","isMergeCommit":false,"messageTitle":"Add variables and constructor for Pet","messageBody":"","fileTypesAndContributionMap":{"functional-code":{"insertions":11,"deletions":0}}},{"hash":"fc28a52e8f07cdddfa161b808104004e47f1e995","isMergeCommit":false,"messageTitle":"Add getters and setters for Pet","messageBody":"","fileTypesAndContributionMap":{"functional-code":{"insertions":28,"deletions":0}}},{"hash":"6720ef29a90950d9ac686eb1248f09bce4aad028","isMergeCommit":false,"messageTitle":"Add string formatting when listing the details/stats of Pet","messageBody":"","fileTypesAndContributionMap":{"functional-code":{"insertions":5,"deletions":0}}},{"hash":"2b2ab7f6a3f272ca485691f712d08570666a0814","isMergeCommit":false,"messageTitle":"Change attributes to Private","messageBody":"","fileTypesAndContributionMap":{"functional-code":{"insertions":4,"deletions":4}}},{"hash":"1ac78c4f0797cc98f1c0968b978c0eab761c909c","isMergeCommit":false,"messageTitle":"Add JavaDoc for toString method in Pet","messageBody":"","fileTypesAndContributionMap":{"functional-code":{"insertions":6,"deletions":0}}},{"hash":"7e3a166b37003453f67d178621f75861a151ef21","isMergeCommit":false,"messageTitle":"Add a JUnit test on test string conversion for Pet","messageBody":"","fileTypesAndContributionMap":{"functional-code":{"insertions":1,"deletions":1},"test-code":{"insertions":16,"deletions":0}}},{"hash":"7e7226419acb2ad357740127266cdfe7a42f47c8","isMergeCommit":true,"messageTitle":"Merge branch \u0027master\u0027 of https://github.com/AY2223S2-CS2113-T11-3/tp into yongJie-PetList","messageBody":"","fileTypesAndContributionMap":{}},{"hash":"36d08cac8ca943af6ba5d42d5f2ce571756727d3","isMergeCommit":true,"messageTitle":"Merge pull request #26 from pyongjie/yongJie-Pet","messageBody":"Add Pet class","fileTypesAndContributionMap":{}}]},{"date":"2023-03-16","commitResults":[{"hash":"100d2b1e62e3bdc91ce18672d5a9e7510d062b88","isMergeCommit":false,"messageTitle":"Add assertion for Pet class constructor petType variable","messageBody":"","fileTypesAndContributionMap":{"functional-code":{"insertions":1,"deletions":0}}},{"hash":"2fb7a555ab64943ae9d946510743f81b14c443ea","isMergeCommit":false,"messageTitle":"Add assertion for Pet class constructor age variable","messageBody":"","fileTypesAndContributionMap":{"functional-code":{"insertions":1,"deletions":0}}},{"hash":"341c1dc84f3d09c0c0dc11ef0c98ce3250fb3e5b","isMergeCommit":false,"messageTitle":"Add assertion for Pet class constructor weight variable","messageBody":"","fileTypesAndContributionMap":{"functional-code":{"insertions":1,"deletions":0}}},{"hash":"34eb97255b88988998dc85abfcc35b3443efa5d6","isMergeCommit":false,"messageTitle":"Add logging for Pet class constructor","messageBody":"","fileTypesAndContributionMap":{"functional-code":{"insertions":5,"deletions":0}}},{"hash":"8de0c74b729787733d4a0cf847dfa93643d11fe5","isMergeCommit":true,"messageTitle":"Merge branch \u0027master\u0027 into yongJie-Assertions","messageBody":"","fileTypesAndContributionMap":{}},{"hash":"ab7d078e33c62d81baf0e5dde5068ca0c7288821","isMergeCommit":true,"messageTitle":"Merge branch \u0027yongJie-Assertions\u0027 into yongJie-Logging","messageBody":"# Conflicts:\n#\tsrc/main/java/seedu/pettracker/data/Pet.java\n\nFix conflicts\n","fileTypesAndContributionMap":{}},{"hash":"2a055b809ec3ee601c1bc2585ee0dda1692fb98f","isMergeCommit":true,"messageTitle":"Merge pull request #42 from pyongjie/yongJie-Logging","messageBody":"Add more assertions \u0026 logging to Pet class","fileTypesAndContributionMap":{}}]},{"date":"2023-03-24","commitResults":[{"hash":"61d3e04d19755151a9fa029f1591f8a6af3fb951","isMergeCommit":false,"messageTitle":"Update developer guide to include add pet stat feature implementation","messageBody":"","fileTypesAndContributionMap":{"docs":{"insertions":19,"deletions":0}}},{"hash":"2a1682a9d195664b03a589b5e56d29cd0d6c50d2","isMergeCommit":false,"messageTitle":"Update developer guide to include add pet stat feature UML diagrams","messageBody":"","fileTypesAndContributionMap":{"docs":{"insertions":18,"deletions":0}}},{"hash":"99e7e5c111e1da3298292a96459bb2327d5994f8","isMergeCommit":true,"messageTitle":"Merge pull request #68 from pyongjie/yongJie-DGDraft","messageBody":"Add Add Pet Stat Feature Implementation into DG","fileTypesAndContributionMap":{}}]},{"date":"2023-03-28","commitResults":[{"hash":"7ed82e4288c060d23a751ba20d8bc8071777eacd","isMergeCommit":false,"messageTitle":"Add a general read file function","messageBody":"","fileTypesAndContributionMap":{"functional-code":{"insertions":14,"deletions":1}}},{"hash":"3bbe20d9f58aae3735409369a34861826c7ec654","isMergeCommit":false,"messageTitle":"Add a function to load pet file from storage into program\u0027s pet list","messageBody":"","fileTypesAndContributionMap":{"functional-code":{"insertions":11,"deletions":2}}},{"hash":"d0f8ebc4765cab39aa1b83cca7824fa9d309ceb5","isMergeCommit":false,"messageTitle":"Add functions for parsing of pet data read from pet file and add them into program\u0027s pet list","messageBody":"","fileTypesAndContributionMap":{"functional-code":{"insertions":46,"deletions":0}}},{"hash":"e404e4406fe3333a7d9c36e844df46333ee6432a","isMergeCommit":false,"messageTitle":"Include neccesary import for the adding of parsed pet data into program\u0027s pet list","messageBody":"","fileTypesAndContributionMap":{"functional-code":{"insertions":1,"deletions":0}}},{"hash":"5f55af33274ab81a46a582005de6f309ccf499ac","isMergeCommit":false,"messageTitle":"Add initialisation of loading pet list from storage in main","messageBody":"","fileTypesAndContributionMap":{"functional-code":{"insertions":1,"deletions":1}}}]},{"date":"2023-03-29","commitResults":[{"hash":"db686b43055e4ee61a24167567527611c5df8094","isMergeCommit":true,"messageTitle":"Merge pull request #76 from pyongjie/yongJie-LoadPetStorage","messageBody":"Add loading of pet list from storage","fileTypesAndContributionMap":{}},{"hash":"8768b18b9546dbcb2839ca496b61914033a74636","isMergeCommit":false,"messageTitle":"Fix gradle checkstyle errors","messageBody":"","fileTypesAndContributionMap":{"functional-code":{"insertions":1,"deletions":3}}},{"hash":"c44f38ec7ec592aad92165b458ee5e0f4790838c","isMergeCommit":true,"messageTitle":"Merge pull request #77 from pyongjie/master","messageBody":"Fix gradle checkstyle errors","fileTypesAndContributionMap":{}},{"hash":"3e920dbe29cffa7215d3bf92f625ca8f59fbcf4e","isMergeCommit":false,"messageTitle":"Add a function to load task file from storage into program\u0027s task list","messageBody":"","fileTypesAndContributionMap":{"functional-code":{"insertions":10,"deletions":0}}},{"hash":"a4835f442159e45c45b2ea2591fd9df8f06f22f3","isMergeCommit":false,"messageTitle":"Add a function in tasklist to get the number of tasks to aid in parsing of task data read from task file","messageBody":"","fileTypesAndContributionMap":{"functional-code":{"insertions":3,"deletions":0}}},{"hash":"9f83d2540df1f3cba67e89b0a1d571ab35c0ae50","isMergeCommit":false,"messageTitle":"Add functions for parsing of task data read from task file and add them into program\u0027s task list","messageBody":"","fileTypesAndContributionMap":{"functional-code":{"insertions":26,"deletions":0}}},{"hash":"534d8b12eb18df29e1cc30b7ce50f2bc8f88502b","isMergeCommit":false,"messageTitle":"Add initialisation of loading task list from storage in main","messageBody":"","fileTypesAndContributionMap":{"functional-code":{"insertions":1,"deletions":0}}},{"hash":"ff6233ff120181aea2d14bc9cddbf5081c719ffd","isMergeCommit":true,"messageTitle":"Merge pull request #78 from pyongjie/yongJie-LoadTaskStorage","messageBody":"Add loading of task list from storage","fileTypesAndContributionMap":{}},{"hash":"459958249f2da87e040a72b4fa8a35b58fa97838","isMergeCommit":false,"messageTitle":"Update user guide to include edit pet stat feature","messageBody":"","fileTypesAndContributionMap":{"docs":{"insertions":25,"deletions":0}}},{"hash":"51076c5ba3b40a502f78f6035d8eebfa5a69dec5","isMergeCommit":false,"messageTitle":"Edit viewing task list feature in user guide","messageBody":"","fileTypesAndContributionMap":{"docs":{"insertions":2,"deletions":2}}},{"hash":"c17e2dafe80f91d7c45fe7d069088132d9ed0db7","isMergeCommit":true,"messageTitle":"Merge pull request #81 from pyongjie/yongJie-UGDraft","messageBody":"Update user guide to include edit pet stat feature","fileTypesAndContributionMap":{}}]},{"date":"2023-04-03","commitResults":[{"hash":"c5f8f2f3020775eea92e15c9784b36989e9e6eb3","isMergeCommit":false,"messageTitle":"Add a function to parse deadline in task data read from task file","messageBody":"","fileTypesAndContributionMap":{"functional-code":{"insertions":8,"deletions":0}}},{"hash":"2c31a25dfbefde1e35c368c2fa2d7dbcf1a7a0e4","isMergeCommit":false,"messageTitle":"Modify function to accomodate to the addition of the function that helps to parse deadline","messageBody":"","fileTypesAndContributionMap":{"functional-code":{"insertions":1,"deletions":1}}},{"hash":"670545867cabe2ae5bb79cedd9fdbde66ef4a44b","isMergeCommit":false,"messageTitle":"Modify function to determine if task data read from task file contains a deadline and perform the respective task list adding steps","messageBody":"","fileTypesAndContributionMap":{"functional-code":{"insertions":20,"deletions":6}}},{"hash":"4bd7ed161c6fbdf5e014f926b7df3bc75e0a0aa7","isMergeCommit":true,"messageTitle":"Merge pull request #177 from pyongjie/yongJie-LoadDeadlineStorage","messageBody":"Add loading of task deadline from storage","fileTypesAndContributionMap":{}},{"hash":"bd499f78ec8abb2c7700d7557b985000dde0cf48","isMergeCommit":false,"messageTitle":"Revert \"Add loading of task deadline from storage\"","messageBody":"","fileTypesAndContributionMap":{"functional-code":{"insertions":7,"deletions":29}}},{"hash":"bcc86237d17f1a61ea8016b390fd6a2649ab5f25","isMergeCommit":true,"messageTitle":"Merge pull request #178 from AY2223S2-CS2113-T11-3/revert-177-yongJie-LoadDeadlineStorage","messageBody":"Revert \"Add loading of task deadline from storage\"","fileTypesAndContributionMap":{}},{"hash":"63dbc709de62ab2b43074cbcb2c5c7dacefe4cda","isMergeCommit":false,"messageTitle":"Add a function to parse deadline in task data read from task file","messageBody":"","fileTypesAndContributionMap":{"functional-code":{"insertions":8,"deletions":0}}},{"hash":"1608a5caf76b57f666026f36aea54e1e932d3442","isMergeCommit":false,"messageTitle":"Modify function to accomodate to the addition of the function that helps to parse deadline","messageBody":"","fileTypesAndContributionMap":{"functional-code":{"insertions":1,"deletions":1}}},{"hash":"53fcc61525528f5f793356be80d4a98688ae7093","isMergeCommit":false,"messageTitle":"Modify function to determine if task data read from task file contains a deadline and perform the respective task list adding steps","messageBody":"","fileTypesAndContributionMap":{"functional-code":{"insertions":20,"deletions":6}}}]},{"date":"2023-04-04","commitResults":[{"hash":"fd9f31828c3b434d10660da6c8af20167caaddc2","isMergeCommit":true,"messageTitle":"Merge pull request #179 from pyongjie/yongJie-LoadTaskDeadline","messageBody":"Add loading of deadlines in tasks from storage","fileTypesAndContributionMap":{}}]},{"date":"2023-04-06","commitResults":[{"hash":"3ef1cbbdce487dcf0d26852ff9e843288c8b6196","isMergeCommit":false,"messageTitle":"Add functions and classes to handle invalid separator or invalid number of separator when parsing data read from files","messageBody":"","fileTypesAndContributionMap":{"functional-code":{"insertions":24,"deletions":0}}},{"hash":"cf4212305fa45fc326d80f35839caddb90f72036","isMergeCommit":false,"messageTitle":"Modify function and add class to handle invalid mark task symbol when parsing task data read from task file","messageBody":"","fileTypesAndContributionMap":{"functional-code":{"insertions":11,"deletions":1}}},{"hash":"a5e99cfbdd1fe1600e1e785df1edea47cf869d72","isMergeCommit":false,"messageTitle":"Modify function and add class to empty task name when parsing task data read from task file","messageBody":"","fileTypesAndContributionMap":{"functional-code":{"insertions":11,"deletions":1}}},{"hash":"c286c1bfcb03f5dd406241aaef235245e610722e","isMergeCommit":false,"messageTitle":"Modify functions to handle more exceptions that may occur when parsing task data read from task file","messageBody":"","fileTypesAndContributionMap":{"functional-code":{"insertions":42,"deletions":12}}},{"hash":"aec0c91245638f76cac84e31a00739d67e6fe8c7","isMergeCommit":false,"messageTitle":"Modify functions to handle more exceptions that may occur when parsing pet data read from pet file","messageBody":"","fileTypesAndContributionMap":{"functional-code":{"insertions":9,"deletions":4}}}]},{"date":"2023-04-07","commitResults":[{"hash":"a7a9acc77b98fa146e77b12191e79768c982fe8b","isMergeCommit":false,"messageTitle":"Introduce constants to all storage exception handling strings in Ui class based on code review","messageBody":"","fileTypesAndContributionMap":{"functional-code":{"insertions":22,"deletions":1}}},{"hash":"e8adcab3ccd654844fcb522f9426daa3975628a6","isMergeCommit":false,"messageTitle":"Add print methods for all storage exception handling strings in Ui class for better abstraction based on code review","messageBody":"","fileTypesAndContributionMap":{"functional-code":{"insertions":44,"deletions":0}}},{"hash":"82d8abd6f0e215fcc7cec0ccfcfead27b41a78b8","isMergeCommit":false,"messageTitle":"Modify loading and parsing of pet file functions to use Ui class to print storage exception handling strings for better abstraction based on code review","messageBody":"","fileTypesAndContributionMap":{"functional-code":{"insertions":32,"deletions":33}}},{"hash":"0577557d8235d754e2d10c4294585b18f5e9b6a6","isMergeCommit":false,"messageTitle":"Modify loading and parsing of task file functions to use Ui class to print storage exception handling strings for better abstraction based on code review","messageBody":"","fileTypesAndContributionMap":{"functional-code":{"insertions":19,"deletions":35}}},{"hash":"de77f143f50eb97eb2785c247ad3581da6af043c","isMergeCommit":true,"messageTitle":"Merge pull request #194 from pyongjie/yongJie-StorageExceptionHandling","messageBody":"Add more exception handling to storage","fileTypesAndContributionMap":{}},{"hash":"33c649df3db8c6a094b962724386467200c690b7","isMergeCommit":false,"messageTitle":"Add name to PPP","messageBody":"","fileTypesAndContributionMap":{"docs":{"insertions":1,"deletions":1}}},{"hash":"70bec2deba910e4517c20d2cdd70994b09b2f116","isMergeCommit":false,"messageTitle":"Add project description in PPP","messageBody":"","fileTypesAndContributionMap":{"docs":{"insertions":5,"deletions":1}}},{"hash":"db7063fec792ac7a787db9a8c3b9673bf2ea9624","isMergeCommit":false,"messageTitle":"Add RepoSense link to show overall code contribution to sumary of contributions in PPP","messageBody":"","fileTypesAndContributionMap":{"docs":{"insertions":3,"deletions":1}}},{"hash":"fc5c56339008c652c5aa681b85ab34224b593f8a","isMergeCommit":false,"messageTitle":"Add loading of pet/task information from storage feature contribution to summary of contributions in PPP","messageBody":"","fileTypesAndContributionMap":{"docs":{"insertions":4,"deletions":0}}},{"hash":"33df5b5c7c448a2f562cb58131433c0df6e6e324","isMergeCommit":true,"messageTitle":"Merge pull request #200 from pyongjie/yongJie-PPPDraft","messageBody":"Add Yong Jie PPP Draft","fileTypesAndContributionMap":{}},{"hash":"55c8af9da3f9e5c7b6188809363f1cc19e0cdf02","isMergeCommit":false,"messageTitle":"Add validation of pet name from user input to ensure no pipes are inside","messageBody":"","fileTypesAndContributionMap":{"functional-code":{"insertions":30,"deletions":2}}},{"hash":"988bda3762127a03f2e959e79097ebd8bf908303","isMergeCommit":false,"messageTitle":"Add validation of task name from user input to ensure no pipes are inside","messageBody":"","fileTypesAndContributionMap":{"functional-code":{"insertions":44,"deletions":10}}},{"hash":"603d7a47bc6aa88a6b02b6217bbef2f339cf2afb","isMergeCommit":false,"messageTitle":"Modiy JUnit tests to accomodate to the addition of user input validation to ensure no pipes are inside","messageBody":"","fileTypesAndContributionMap":{"test-code":{"insertions":7,"deletions":4}}},{"hash":"0d4774bd682c56b73012741bf46c7a1bacece4be","isMergeCommit":false,"messageTitle":"Fix bug on marking task does not tell the user which task they marked","messageBody":"","fileTypesAndContributionMap":{"functional-code":{"insertions":8,"deletions":3}}},{"hash":"22d6755597f5d7f04261c8c1a127b9882ded8b79","isMergeCommit":false,"messageTitle":"Fix bug on unmarking task does not tell the user which task they unmarked","messageBody":"","fileTypesAndContributionMap":{"functional-code":{"insertions":4,"deletions":3}}},{"hash":"adc1bae6b7721bedf137c112c473c1ea9d55de28","isMergeCommit":false,"messageTitle":"Fix bug on no handling of upper/lowercase for commands/parameters","messageBody":"","fileTypesAndContributionMap":{"functional-code":{"insertions":4,"deletions":4}}},{"hash":"6e2083012b2b3177398c8e035271bc66c7ea41b1","isMergeCommit":true,"messageTitle":"Merge branch \u0027master\u0027 into yongJie-BugFixes","messageBody":"# Conflicts:\n#\tsrc/main/java/seedu/pettracker/commands/AddTaskCommand.java\n#\tsrc/main/java/seedu/pettracker/data/TaskList.java\n#\tsrc/main/java/seedu/pettracker/storage/Storage.java\n#\tsrc/main/java/seedu/pettracker/ui/Ui.java\n\nFix merge conflicts\n","fileTypesAndContributionMap":{}},{"hash":"a6ecd0ba2287132071bbb634cbc3c5f78fc94956","isMergeCommit":false,"messageTitle":"Fix PPP file naming","messageBody":"","fileTypesAndContributionMap":{"docs":{"insertions":1,"deletions":1}}},{"hash":"bc063747cc9f7927bb9fa0eab374623991fa193b","isMergeCommit":true,"messageTitle":"Merge pull request #203 from pyongjie/yongJie-BugFixes","messageBody":"Fix bugs in code, PPP \u0026 text-ui-test","fileTypesAndContributionMap":{}},{"hash":"fcda62e2d7e9423ab565ce357fb4d73fcca707dd","isMergeCommit":true,"messageTitle":"Merge pull request #205 from pyongjie/master","messageBody":"Fix text-ui-test again","fileTypesAndContributionMap":{}}]}],"SpawnageLoong":[{"date":"2023-03-02","commitResults":[{"hash":"6f0cba649a64ac7fb5f06c4983f2198e45e5fdae","isMergeCommit":false,"messageTitle":"Update AboutUs.md","messageBody":"","fileTypesAndContributionMap":{"docs":{"insertions":13,"deletions":7}}},{"hash":"9ede63f85f585196f0f0c1e69967e0563ce5ccd4","isMergeCommit":true,"messageTitle":"Merge pull request #2 from SpawnageLoong/richard-AboutUs","messageBody":"Update AboutUs.md","fileTypesAndContributionMap":{}}]},{"date":"2023-03-08","commitResults":[{"hash":"8759f07799bcdbff6bc2f4940652847e1d72a054","isMergeCommit":false,"messageTitle":"Add skeleton code and AddStatCommand","messageBody":"","fileTypesAndContributionMap":{"functional-code":{"insertions":118,"deletions":19}}},{"hash":"54327c55a668ca3764020304b818fe02c7b81f65","isMergeCommit":false,"messageTitle":"Add basic command parsing","messageBody":"","fileTypesAndContributionMap":{"functional-code":{"insertions":208,"deletions":30}}},{"hash":"3b52aa19e50852bffdd24f553d1ec33ba8fd06d9","isMergeCommit":false,"messageTitle":"Add instantiation for CommandParser","messageBody":"","fileTypesAndContributionMap":{"functional-code":{"insertions":3,"deletions":0}}},{"hash":"241d8014accf8001f8d2f2961ea212f508a2ef72","isMergeCommit":false,"messageTitle":"Replace wildcard import with explicit import","messageBody":"","fileTypesAndContributionMap":{"functional-code":{"insertions":7,"deletions":1}}},{"hash":"89e482ca01333c1e66a2aecaa54c3cd3edb97bd9","isMergeCommit":true,"messageTitle":"Merge pull request #19 from SpawnageLoong/richard-CommandParser","messageBody":"Add basic command parsing methods, classes and an exception.","fileTypesAndContributionMap":{}},{"hash":"4200b54cbd6a370d3bd6be01010ef0d96b99ddaf","isMergeCommit":false,"messageTitle":"Add InvalidCommand, fix buggy parser.","messageBody":"","fileTypesAndContributionMap":{"functional-code":{"insertions":71,"deletions":18}}},{"hash":"c0225fa7a237e7eefad1b5f803f230574c9a5599","isMergeCommit":true,"messageTitle":"Merge remote-tracking branch \u0027upstream/master\u0027 into richard-CommandParser","messageBody":"","fileTypesAndContributionMap":{}},{"hash":"bbc63009028b6735e203c08639fc5d95aa249e47","isMergeCommit":false,"messageTitle":"Extract Scanner from loop","messageBody":"","fileTypesAndContributionMap":{"functional-code":{"insertions":6,"deletions":7}}},{"hash":"9c2b4267ac0b27d1874eb8000840952e62bb4615","isMergeCommit":false,"messageTitle":"Add hasNextLine condition to loop","messageBody":"","fileTypesAndContributionMap":{"functional-code":{"insertions":1,"deletions":2}}},{"hash":"2159f608e2ee961166fe4517e1b5b3c94dc330f1","isMergeCommit":false,"messageTitle":"Comment out System.exit","messageBody":"","fileTypesAndContributionMap":{"functional-code":{"insertions":1,"deletions":1}}},{"hash":"a020f887b10cb9747780e6a7b1b4b429b30de136","isMergeCommit":false,"messageTitle":"Change text-ui-file input, revert unnecessary previous changes","messageBody":"","fileTypesAndContributionMap":{"functional-code":{"insertions":1,"deletions":1}}},{"hash":"d18dff3fe752167577cf441f44b3cc61d320806b","isMergeCommit":true,"messageTitle":"Merge pull request #20 from SpawnageLoong/richard-CommandParser","messageBody":"Add Scanner to Main and Fix CommandParser","fileTypesAndContributionMap":{}}]},{"date":"2023-03-09","commitResults":[{"hash":"da03c0f00c69676718c9f23897d5890f99e488c4","isMergeCommit":false,"messageTitle":"Add basic JUnit tests","messageBody":"","fileTypesAndContributionMap":{"test-code":{"insertions":19,"deletions":0}}},{"hash":"8e53a6f13799c06cd1694b0790e317ff5d2fdb20","isMergeCommit":false,"messageTitle":"Add newline at end of file","messageBody":"","fileTypesAndContributionMap":{"test-code":{"insertions":1,"deletions":1}}},{"hash":"53c91955e13503f1be47e13f4b2afb82505b5527","isMergeCommit":true,"messageTitle":"Merge pull request #23 from SpawnageLoong/richard-CommandParserTest","messageBody":"Add basic JUnit tests for command parser","fileTypesAndContributionMap":{}}]},{"date":"2023-03-15","commitResults":[{"hash":"db5aeb7d59e2aa83f698a4f4b141ee9572e0b184","isMergeCommit":false,"messageTitle":"Add basic assertions","messageBody":"","fileTypesAndContributionMap":{"functional-code":{"insertions":3,"deletions":0}}},{"hash":"d6d5ee87a1e51fc7fb8a94305487fd3eaefe8fcc","isMergeCommit":true,"messageTitle":"Merge pull request #39 from SpawnageLoong/richard-Assertions","messageBody":"Add basic assertions","fileTypesAndContributionMap":{}},{"hash":"772dc5b4a83821a74379116cffe0394b565acde1","isMergeCommit":false,"messageTitle":"Add basic logger","messageBody":"","fileTypesAndContributionMap":{"functional-code":{"insertions":7,"deletions":1}}},{"hash":"14b10af5dd31d913373ed9fbf816e3199dce8936","isMergeCommit":false,"messageTitle":"Update style format","messageBody":"","fileTypesAndContributionMap":{"functional-code":{"insertions":2,"deletions":2}}},{"hash":"6afe7ed84d463d4a58e09f59450d4c1fa7e87da8","isMergeCommit":false,"messageTitle":"Update style format","messageBody":"","fileTypesAndContributionMap":{"functional-code":{"insertions":1,"deletions":2}}},{"hash":"e50236fdcfb46f06fdc53cbefa58f8758132a321","isMergeCommit":true,"messageTitle":"Merge pull request #40 from SpawnageLoong/richard-logging","messageBody":"Add basic logger","fileTypesAndContributionMap":{}}]},{"date":"2023-03-21","commitResults":[{"hash":"1642a37451796ca38856501ebfbf5dad12c27d60","isMergeCommit":false,"messageTitle":"Add basic Todo List classes and methods","messageBody":"","fileTypesAndContributionMap":{"functional-code":{"insertions":92,"deletions":1}}},{"hash":"66c604613b6444ac1795d3de660a51f060119d52","isMergeCommit":false,"messageTitle":"Refactor Todo to Task","messageBody":"","fileTypesAndContributionMap":{"functional-code":{"insertions":28,"deletions":26},"other":{"insertions":6,"deletions":6}}},{"hash":"ca26718c08ce41d542f3333ff82eaf589a220cf7","isMergeCommit":false,"messageTitle":"Add basic task adding methods","messageBody":"","fileTypesAndContributionMap":{"functional-code":{"insertions":18,"deletions":8}}},{"hash":"6078d3f4e08e08bd9134d0f946954c3450b2fcdc","isMergeCommit":true,"messageTitle":"Merge pull request #57 from SpawnageLoong/richard-todoList","messageBody":"Add basic Task adding methods","fileTypesAndContributionMap":{}},{"hash":"0802a3c9e91335b47eb4e8ebd10103631f0c3c21","isMergeCommit":false,"messageTitle":"Add basic task removing methods","messageBody":"","fileTypesAndContributionMap":{"functional-code":{"insertions":75,"deletions":0}}},{"hash":"c2a999290a610e800a092dcf1762a6aec7e5162e","isMergeCommit":true,"messageTitle":"Merge remote-tracking branch \u0027upstream/master\u0027 into richard-todoList","messageBody":"","fileTypesAndContributionMap":{}},{"hash":"efe081d629704e274622b71d2864c5bc6494fb90","isMergeCommit":true,"messageTitle":"Merge pull request #58 from SpawnageLoong/richard-todoList","messageBody":"Add basic task removng methods","fileTypesAndContributionMap":{}},{"hash":"8ab3ade00b390962acfc4004e666096772195e33","isMergeCommit":false,"messageTitle":"Add task list viewing methods","messageBody":"","fileTypesAndContributionMap":{"functional-code":{"insertions":58,"deletions":0}}},{"hash":"1117cd66cfc206b6c1b9d829668feb1cfa4eb28f","isMergeCommit":true,"messageTitle":"Merge pull request #59 from SpawnageLoong/richard-todoList","messageBody":"Add task list viewing methods","fileTypesAndContributionMap":{}},{"hash":"4ca8012a4457b22a188232051c6b0b6f4daa7314","isMergeCommit":false,"messageTitle":"Add task marking method","messageBody":"","fileTypesAndContributionMap":{"functional-code":{"insertions":72,"deletions":0}}},{"hash":"d917bb8e63ca914e8026a0513de378caec396cbf","isMergeCommit":true,"messageTitle":"Merge pull request #60 from SpawnageLoong/richard-todoList","messageBody":"Add task marking method","fileTypesAndContributionMap":{}},{"hash":"4aad7c539faf2a55e90f2d3dada9b0752e0602c3","isMergeCommit":false,"messageTitle":"Add task unmarking method","messageBody":"","fileTypesAndContributionMap":{"functional-code":{"insertions":61,"deletions":12}}},{"hash":"94fac5ee1c7862dea6fa5bc5c70d76a6c9f9be27","isMergeCommit":false,"messageTitle":"Fix Checkstyle violations","messageBody":"","fileTypesAndContributionMap":{"functional-code":{"insertions":15,"deletions":4}}},{"hash":"6f3c470da50205ce5932aeff0ac81360e25b5d96","isMergeCommit":true,"messageTitle":"Merge pull request #61 from SpawnageLoong/richard-todoList","messageBody":"Add task unmarking method","fileTypesAndContributionMap":{}}]},{"date":"2023-03-22","commitResults":[{"hash":"c75a22f4ba788f85dccdfad2338adf39c6626490","isMergeCommit":false,"messageTitle":"Add basic architecture documentation","messageBody":"","fileTypesAndContributionMap":{"docs":{"insertions":61,"deletions":1}}},{"hash":"596886ef4a85f9c90979b0242279c26f7fb26d02","isMergeCommit":true,"messageTitle":"Merge pull request #64 from SpawnageLoong/richard-documentation","messageBody":"Add basic architecture documentation","fileTypesAndContributionMap":{}}]},{"date":"2023-03-23","commitResults":[{"hash":"f7a7fc01c05070221e724f37163f956afd8237e3","isMergeCommit":false,"messageTitle":"Add more JUnit Tests","messageBody":"","fileTypesAndContributionMap":{"functional-code":{"insertions":4,"deletions":9},"test-code":{"insertions":147,"deletions":3}}},{"hash":"923603459e4f9a1764cdbac1755a8dad8fff2386","isMergeCommit":true,"messageTitle":"Merge pull request #65 from SpawnageLoong/richard-JUnitTests","messageBody":"Add more CommandParser JUnit Tests","fileTypesAndContributionMap":{}}]},{"date":"2023-03-29","commitResults":[{"hash":"7746bcf67869c86d94fd698bdf01cde3801251db","isMergeCommit":false,"messageTitle":"Add basic date parsing","messageBody":"","fileTypesAndContributionMap":{"functional-code":{"insertions":43,"deletions":4}}},{"hash":"2b7f6340be2d35e68d71fe9305ed619ac4deeaa6","isMergeCommit":false,"messageTitle":"Update user guide","messageBody":"","fileTypesAndContributionMap":{"docs":{"insertions":85,"deletions":0}}},{"hash":"88301e8feedf883ac0bcf71cdfdbc3979433fcda","isMergeCommit":false,"messageTitle":"Fix checkstyle violation","messageBody":"","fileTypesAndContributionMap":{"functional-code":{"insertions":2,"deletions":1}}},{"hash":"843cf9ef0cd85a75d055b94a47381e0ea991e2b5","isMergeCommit":true,"messageTitle":"Merge pull request #79 from SpawnageLoong/richard-dateParsing","messageBody":"Richard date parsing","fileTypesAndContributionMap":{}}]},{"date":"2023-04-03","commitResults":[{"hash":"5342f243b4ef63766184082385513d621a3b81ce","isMergeCommit":false,"messageTitle":"Remove TODO Comments","messageBody":"","fileTypesAndContributionMap":{"functional-code":{"insertions":5,"deletions":18}}},{"hash":"44f95ca463484fe1b4bd511dc860862bbae0505f","isMergeCommit":false,"messageTitle":"Remove Magic Literals","messageBody":"","fileTypesAndContributionMap":{"functional-code":{"insertions":9,"deletions":8}}},{"hash":"ae68c0bd517a7884da6dc0216139bf7ef87cbcd2","isMergeCommit":false,"messageTitle":"Add explicit exception catch","messageBody":"","fileTypesAndContributionMap":{"functional-code":{"insertions":1,"deletions":1}}},{"hash":"35072cdd4f6fb270f5bb76abd1ef0bad5def8b66","isMergeCommit":false,"messageTitle":"Remove unused import statement","messageBody":"","fileTypesAndContributionMap":{"functional-code":{"insertions":0,"deletions":1}}},{"hash":"70e1fd56918873969b8c9e810eb0298ab4c0a846","isMergeCommit":false,"messageTitle":"Remove TODO statement","messageBody":"","fileTypesAndContributionMap":{"functional-code":{"insertions":0,"deletions":2}}},{"hash":"32aec349b049af0cc4ec274ef46cdd998c8aceda","isMergeCommit":false,"messageTitle":"Add new Exception","messageBody":"","fileTypesAndContributionMap":{"functional-code":{"insertions":15,"deletions":2}}},{"hash":"a3d8753a580f4c3ec3eddd5474dd2035e44e8098","isMergeCommit":false,"messageTitle":"Improve Exception Handling","messageBody":"","fileTypesAndContributionMap":{"functional-code":{"insertions":67,"deletions":98}}},{"hash":"0ee0b1a347b88d4b00fad2b1089c895d0456c329","isMergeCommit":false,"messageTitle":"Implement new parsing methods","messageBody":"","fileTypesAndContributionMap":{"functional-code":{"insertions":91,"deletions":40}}}]},{"date":"2023-04-04","commitResults":[{"hash":"6c93f33dc2f3bd6c1bb37fda5fb14156a5022a59","isMergeCommit":false,"messageTitle":"Implement new parsing methods","messageBody":"","fileTypesAndContributionMap":{"functional-code":{"insertions":234,"deletions":131}}},{"hash":"ab304949ae0c8af956d1a56f374b9d6e9ae577b6","isMergeCommit":false,"messageTitle":"Remove old overrides","messageBody":"","fileTypesAndContributionMap":{"functional-code":{"insertions":0,"deletions":80}}},{"hash":"c4e954b2757058761be7fa3570d36b6f37ff046d","isMergeCommit":false,"messageTitle":"Fix whitespace bug","messageBody":"","fileTypesAndContributionMap":{"functional-code":{"insertions":1,"deletions":1}}},{"hash":"1281bad9bdacd89e97c8e4b99d7be459cd32ed29","isMergeCommit":false,"messageTitle":"Fix checkstyle violation","messageBody":"","fileTypesAndContributionMap":{"functional-code":{"insertions":1,"deletions":1}}},{"hash":"f701ad011fd5f25499793fa71cdf7d029bafb8f9","isMergeCommit":false,"messageTitle":"Update JUnit tests","messageBody":"","fileTypesAndContributionMap":{"test-code":{"insertions":11,"deletions":10}}},{"hash":"7835b2f8c09d7925732b7029ccde7d77883e7d32","isMergeCommit":false,"messageTitle":"Update JUnit tests and fix date parser bug","messageBody":"","fileTypesAndContributionMap":{"functional-code":{"insertions":1,"deletions":1},"test-code":{"insertions":4,"deletions":3}}},{"hash":"ac2993ff90bd9116f3065ad060ff10c108cd52ee","isMergeCommit":false,"messageTitle":"Update JUnit tests and change exception handling to follow previous behaviour","messageBody":"","fileTypesAndContributionMap":{"functional-code":{"insertions":2,"deletions":2}}},{"hash":"f3a7eb0dd1f3b28c1bf179082e25056ea5e0a8d1","isMergeCommit":true,"messageTitle":"Merge pull request #180 from SpawnageLoong/richard-codeReview","messageBody":"Richard code review","fileTypesAndContributionMap":{}},{"hash":"a0d94e318409361b50ad3ea7a35251361aa29c2e","isMergeCommit":false,"messageTitle":"Remove logging methods","messageBody":"","fileTypesAndContributionMap":{"functional-code":{"insertions":0,"deletions":18}}},{"hash":"260d188c59813f4238c1fb21d99ef3277add98c5","isMergeCommit":true,"messageTitle":"Merge pull request #187 from SpawnageLoong/richard-removeLogger","messageBody":"Remove logging methods","fileTypesAndContributionMap":{}},{"hash":"2c85c6734fac52a95ca7592519dff3e3a1594000","isMergeCommit":false,"messageTitle":"Remove Logging Methods","messageBody":"","fileTypesAndContributionMap":{"functional-code":{"insertions":0,"deletions":7}}},{"hash":"43b2334a2c78181fd2714b3fec4ef83038629e80","isMergeCommit":true,"messageTitle":"Merge pull request #189 from SpawnageLoong/richard-removeLogger","messageBody":"Remove Logging Methods","fileTypesAndContributionMap":{}},{"hash":"f70d7f9dcb263e82057d83b16f8be525b0ce9ba5","isMergeCommit":true,"messageTitle":"Merge branch \u0027master\u0027 into richard-indexBug","messageBody":"","fileTypesAndContributionMap":{}},{"hash":"33fcb54be6a8b863c0a7c72a56a8f3e71b5ab6d4","isMergeCommit":false,"messageTitle":"Fix index bugs for Mark and Unmark","messageBody":"","fileTypesAndContributionMap":{"functional-code":{"insertions":30,"deletions":6}}},{"hash":"c137aae4143c843d7789d790ffef67eaf5a3d586","isMergeCommit":false,"messageTitle":"Fix index bugs for EditTask and RemoveTask","messageBody":"","fileTypesAndContributionMap":{"functional-code":{"insertions":16,"deletions":0}}},{"hash":"dc5c65a4ae8ea1d6180216786769c60a3a32983b","isMergeCommit":false,"messageTitle":"Fix checkstyle violations","messageBody":"","fileTypesAndContributionMap":{"functional-code":{"insertions":6,"deletions":6}}},{"hash":"b0a2c7027a9e6f9295001ab92bebb51697cefcc3","isMergeCommit":true,"messageTitle":"Merge pull request #190 from SpawnageLoong/richard-indexBug","messageBody":"Richard index bug","fileTypesAndContributionMap":{}}]},{"date":"2023-04-07","commitResults":[{"hash":"2817b37a9465a92b1e0aba32d67463a537341cb4","isMergeCommit":false,"messageTitle":"Add assertion for bot purposes","messageBody":"","fileTypesAndContributionMap":{"functional-code":{"insertions":1,"deletions":0}}},{"hash":"d0441f5bb5567db889ed2baf6d756788a504661b","isMergeCommit":false,"messageTitle":"Update PPP","messageBody":"","fileTypesAndContributionMap":{"docs":{"insertions":55,"deletions":1}}},{"hash":"3537ea976a50dfb92ab1c4542783f9db2377015b","isMergeCommit":true,"messageTitle":"Merge pull request #199 from SpawnageLoong/richard-PPP","messageBody":"Richard ppp","fileTypesAndContributionMap":{}},{"hash":"ad9cbef4629753271362c9c9297e092f085b01a0","isMergeCommit":false,"messageTitle":"Add checks for commands without args","messageBody":"","fileTypesAndContributionMap":{"functional-code":{"insertions":66,"deletions":13},"test-code":{"insertions":1,"deletions":0}}},{"hash":"f759d4effd52ad2764b9d9382737ce68ac0e31c6","isMergeCommit":false,"messageTitle":"Fixed JUnit test","messageBody":"","fileTypesAndContributionMap":{"functional-code":{"insertions":3,"deletions":0},"test-code":{"insertions":1,"deletions":1}}},{"hash":"a1299c4c94fdffa8cc5c6c536028b753501db5d9","isMergeCommit":true,"messageTitle":"Merge pull request #201 from SpawnageLoong/richard-noArgParsing","messageBody":"Add checks for commands without args","fileTypesAndContributionMap":{}},{"hash":"9ac51cef8051c36b3e748e2ed7cba2000bebb06d","isMergeCommit":false,"messageTitle":"Rename PPP page","messageBody":"","fileTypesAndContributionMap":{"docs":{"insertions":1,"deletions":1}}},{"hash":"37fa9b1b9f6d89efc0656c57b8adeb8eb34d3a15","isMergeCommit":true,"messageTitle":"Merge pull request #204 from SpawnageLoong/master","messageBody":"Rename PPP page","fileTypesAndContributionMap":{}},{"hash":"4f0f4d55c73b2df65a8ff982d2b4011d2391b948","isMergeCommit":false,"messageTitle":"Expand JUnit Testing coverage","messageBody":"","fileTypesAndContributionMap":{"functional-code":{"insertions":13,"deletions":8},"test-code":{"insertions":94,"deletions":23}}},{"hash":"bb949bc1ebb15f28268386424661647f8c013291","isMergeCommit":false,"messageTitle":"Expand JUnit Testing coverage","messageBody":"","fileTypesAndContributionMap":{"functional-code":{"insertions":6,"deletions":5},"test-code":{"insertions":2,"deletions":3}}},{"hash":"e77afd606a3a41eb347f5b09bc7fc6f00cc8176a","isMergeCommit":false,"messageTitle":"Remove Magic Literal","messageBody":"","fileTypesAndContributionMap":{"functional-code":{"insertions":2,"deletions":2}}},{"hash":"b6585fc768aa6c17c031881b54751b682b5afcf1","isMergeCommit":false,"messageTitle":"Fix failed test: parseMarkTestInvalidIndex()","messageBody":"","fileTypesAndContributionMap":{"functional-code":{"insertions":6,"deletions":6}}},{"hash":"305524dd213499171cd631c40ab6e8ceed9685b9","isMergeCommit":false,"messageTitle":"Fix failed test: parseUnmarkTestInvalidIndex()","messageBody":"","fileTypesAndContributionMap":{"functional-code":{"insertions":6,"deletions":6}}},{"hash":"e020a18283a9551d76fb1e760d1cfc4b2fa408b9","isMergeCommit":false,"messageTitle":"Remove unreachable catch statements","messageBody":"","fileTypesAndContributionMap":{"functional-code":{"insertions":15,"deletions":33}}},{"hash":"4d561a150c5db587f714df832ca2236d73d8329c","isMergeCommit":false,"messageTitle":"Fix ScheduleParser coverage","messageBody":"","fileTypesAndContributionMap":{"test-code":{"insertions":1,"deletions":1}}},{"hash":"1ec6cd0992c394e5f3e4e9da786d732861c1ba43","isMergeCommit":false,"messageTitle":"Add edit-stat JUnit tests","messageBody":"","fileTypesAndContributionMap":{"functional-code":{"insertions":4,"deletions":4},"test-code":{"insertions":19,"deletions":0}}},{"hash":"ab8c6f27374150076e70565cb6324dc24b7852d1","isMergeCommit":false,"messageTitle":"Add edit-task JUnit tests","messageBody":"","fileTypesAndContributionMap":{"test-code":{"insertions":18,"deletions":0}}},{"hash":"55d3de6a97e4abc82b2b4b5121e7a0fed41dbb4a","isMergeCommit":false,"messageTitle":"Expand edit-test JUnit tests","messageBody":"","fileTypesAndContributionMap":{"functional-code":{"insertions":10,"deletions":11},"test-code":{"insertions":16,"deletions":0}}},{"hash":"e20e7a6229dc5bbfd928e1fe24a0aafe8b285625","isMergeCommit":false,"messageTitle":"Add JUnit test for empty command","messageBody":"","fileTypesAndContributionMap":{"functional-code":{"insertions":3,"deletions":1},"test-code":{"insertions":7,"deletions":0}}},{"hash":"ac559246f0805a17d601b98b475c2693b06dca14","isMergeCommit":false,"messageTitle":"Add JUnit test for parseCommand","messageBody":"","fileTypesAndContributionMap":{"test-code":{"insertions":15,"deletions":0}}},{"hash":"52c366532519fd9ec7c36cc999c9e7b2ad945930","isMergeCommit":false,"messageTitle":"Fix checkstyle violations","messageBody":"","fileTypesAndContributionMap":{"functional-code":{"insertions":3,"deletions":3}}},{"hash":"c246a7129b0b19bb61c9cefbcb8fde1dc768d34a","isMergeCommit":true,"messageTitle":"Merge pull request #206 from SpawnageLoong/richard-tests","messageBody":"Parser JUnit tests","fileTypesAndContributionMap":{}},{"hash":"21821283b2b5e1bf717a1abca9e97aba7fa8954f","isMergeCommit":false,"messageTitle":"Update PPP","messageBody":"","fileTypesAndContributionMap":{"docs":{"insertions":2,"deletions":1}}}]},{"date":"2023-04-08","commitResults":[{"hash":"5ecaa6c9f365d2f3880e78d27a433c8dca76bcae","isMergeCommit":true,"messageTitle":"Merge pull request #207 from SpawnageLoong/richard-PPP","messageBody":"Update PPP","fileTypesAndContributionMap":{}},{"hash":"1f8415f76aae9955f1a9eb7d69758bccba461b8a","isMergeCommit":false,"messageTitle":"Add page break","messageBody":"","fileTypesAndContributionMap":{"docs":{"insertions":1,"deletions":0}}},{"hash":"215614cd1ab5080d268bb04c913a16caca69652d","isMergeCommit":false,"messageTitle":"Update paragraph attributes for centering","messageBody":"","fileTypesAndContributionMap":{"docs":{"insertions":8,"deletions":8}}},{"hash":"d7dd8b189ff163b081b665b4290ffb5641c350ab","isMergeCommit":false,"messageTitle":"Add alt-text and fix formatting warnings","messageBody":"","fileTypesAndContributionMap":{"docs":{"insertions":25,"deletions":25}}},{"hash":"e16de931aa390cacf485784d04cade61754751d9","isMergeCommit":false,"messageTitle":"Update puml style for visibility","messageBody":"","fileTypesAndContributionMap":{"docs":{"insertions":1,"deletions":1}}},{"hash":"304e103e87bb2de9f5dfe9660c5ab22467d472aa","isMergeCommit":false,"messageTitle":"Update DG with CommandParser section","messageBody":"","fileTypesAndContributionMap":{"docs":{"insertions":37,"deletions":0}}},{"hash":"92087e9764569c7b676789e40e5d956bfa2f0421","isMergeCommit":false,"messageTitle":"Update PPP","messageBody":"","fileTypesAndContributionMap":{"docs":{"insertions":1,"deletions":0}}},{"hash":"c029f5cfbb2ad6b768d7e165609ed147eb5d7b0a","isMergeCommit":true,"messageTitle":"Merge pull request #208 from SpawnageLoong/richard-devGuide","messageBody":"Richard dev guide","fileTypesAndContributionMap":{}},{"hash":"9fb452f7c381f839d782f4ded6ddbfa825badcbd","isMergeCommit":true,"messageTitle":"Merge pull request #209 from SpawnageLoong/richard-PPP","messageBody":"Richard ppp","fileTypesAndContributionMap":{}}]}],"marekpinto":[{"date":"2023-03-02","commitResults":[{"hash":"52bb5dad3bb1c47e8b9577229fb1f89715ab67ae","isMergeCommit":false,"messageTitle":"About Me","messageBody":"","fileTypesAndContributionMap":{"docs":{"insertions":7,"deletions":1}}},{"hash":"c335fb1230fd770e9bec2d0fcdfa724382c54d02","isMergeCommit":true,"messageTitle":"Merge branch \u0027master\u0027 of https://github.com/AY2223S2-CS2113-T11-3/tp","messageBody":"","fileTypesAndContributionMap":{}},{"hash":"b54493a3470eab57ab52f0c7316898a36dafcf4f","isMergeCommit":true,"messageTitle":"Fixed Merge Conflict","messageBody":"","fileTypesAndContributionMap":{}},{"hash":"710c27913cd51b1599cfb9ae301ca801ef094cb8","isMergeCommit":true,"messageTitle":"Merge pull request #4 from marekpinto/master","messageBody":"Add Marek to About Us","fileTypesAndContributionMap":{}}]},{"date":"2023-03-14","commitResults":[{"hash":"c66e8df2c134a367d20970ef88613006beb0756e","isMergeCommit":false,"messageTitle":"Add messages for welcome, exit, add pet, add stat, and invalid command to Ui.java","messageBody":"","fileTypesAndContributionMap":{"functional-code":{"insertions":2,"deletions":6}}},{"hash":"a20025fcfe61458d0f62b064860e32c40a852641","isMergeCommit":false,"messageTitle":"Implement remove pet command message","messageBody":"","fileTypesAndContributionMap":{"functional-code":{"insertions":17,"deletions":0}}},{"hash":"03ea1544be4a1248d66563f3bd8f2c2491d527cd","isMergeCommit":false,"messageTitle":"Implement remove stat command message","messageBody":"","fileTypesAndContributionMap":{"functional-code":{"insertions":5,"deletions":1}}},{"hash":"e9789dd20005b0c51b843364ac92e51aafec35a0","isMergeCommit":false,"messageTitle":"Initialize Scanner and implement getUserInput method","messageBody":"","fileTypesAndContributionMap":{"functional-code":{"insertions":12,"deletions":2}}},{"hash":"b0c6d9e46a23778ef360924e1779045a4e0a97c8","isMergeCommit":false,"messageTitle":"Add JavaDoc comments","messageBody":"","fileTypesAndContributionMap":{"functional-code":{"insertions":37,"deletions":2}}},{"hash":"3d5263ab367a1120cba733559313f6c146102fd9","isMergeCommit":false,"messageTitle":"Replace exitCommandMessage with showEndingMessage","messageBody":"","fileTypesAndContributionMap":{"functional-code":{"insertions":2,"deletions":3}}},{"hash":"65c96440fee5a63e568525cd6430d1e61a442a99","isMergeCommit":false,"messageTitle":"Add calls to Ui methods throughout each command\u0027s execute method","messageBody":"","fileTypesAndContributionMap":{"functional-code":{"insertions":5,"deletions":0}}},{"hash":"f1447cdc2adfd4a73419809660db62449b0221eb","isMergeCommit":false,"messageTitle":"Add JUnit test to test for adding stat command","messageBody":"","fileTypesAndContributionMap":{"test-code":{"insertions":28,"deletions":0}}},{"hash":"4ea4cb7b4fe65b1349e22b1419f025197f73956e","isMergeCommit":true,"messageTitle":"Merge pull request #28 from marekpinto/master","messageBody":"Implement Ui Class","fileTypesAndContributionMap":{}},{"hash":"033f83664236d403612072523183675d8c4f50e9","isMergeCommit":false,"messageTitle":"Make PetList static","messageBody":"","fileTypesAndContributionMap":{"functional-code":{"insertions":11,"deletions":13},"test-code":{"insertions":2,"deletions":1}}},{"hash":"27ffb68d4245d86ca767e7fa57c0fb821f2aaeaa","isMergeCommit":false,"messageTitle":"Add Pet","messageBody":"","fileTypesAndContributionMap":{"functional-code":{"insertions":11,"deletions":6}}},{"hash":"a0bf27c32a42d1adc5afa884bbb7f10a014af1c1","isMergeCommit":false,"messageTitle":"Add Stat Method in Pet","messageBody":"","fileTypesAndContributionMap":{"functional-code":{"insertions":17,"deletions":0}}},{"hash":"94e6ee0922eff945f740311e0809e867ff737f65","isMergeCommit":false,"messageTitle":"Implement Add Stat within PetList","messageBody":"","fileTypesAndContributionMap":{"functional-code":{"insertions":21,"deletions":7}}},{"hash":"dfe7baf0b3524c23114df98360e110154531dcbf","isMergeCommit":false,"messageTitle":"Implement Remove Stat","messageBody":"","fileTypesAndContributionMap":{"functional-code":{"insertions":22,"deletions":3}}},{"hash":"ee0cf4fe9291ac327f11910b0575c0d1464542e4","isMergeCommit":false,"messageTitle":"Initialize PetList ArrayList","messageBody":"","fileTypesAndContributionMap":{"functional-code":{"insertions":14,"deletions":10}}},{"hash":"f57f6540964a0739edaba352e2d37fcff2e51218","isMergeCommit":false,"messageTitle":"Don\u0027t Parse Remove Pet","messageBody":"","fileTypesAndContributionMap":{"functional-code":{"insertions":3,"deletions":4}}},{"hash":"67218a1187c90fb04c7505ca7038f0520506b50c","isMergeCommit":false,"messageTitle":"Add Break Statement","messageBody":"","fileTypesAndContributionMap":{"functional-code":{"insertions":1,"deletions":0}}},{"hash":"f07ca191e3c99c00579b9467c0909369b69e6a4a","isMergeCommit":false,"messageTitle":"Update Text UI Tests","messageBody":"","fileTypesAndContributionMap":{"functional-code":{"insertions":6,"deletions":1}}},{"hash":"ba3ce9a90ba32eafcfadcf4797c16333548b05c2","isMergeCommit":false,"messageTitle":"Add Default Block","messageBody":"","fileTypesAndContributionMap":{"functional-code":{"insertions":13,"deletions":13}}},{"hash":"105e611b05d9bb52fad802453efc025bce0019b5","isMergeCommit":false,"messageTitle":"Add Default Block to Second Switch","messageBody":"","fileTypesAndContributionMap":{"functional-code":{"insertions":1,"deletions":1}}},{"hash":"f5fa45c93beae06f08c13a18f653eb75568f1349","isMergeCommit":false,"messageTitle":"Fix Missing Break","messageBody":"","fileTypesAndContributionMap":{"functional-code":{"insertions":1,"deletions":0}}},{"hash":"82d9da2de843eae489dbec6c97145338f27d491b","isMergeCommit":false,"messageTitle":"Add New Line to End of UiTest","messageBody":"","fileTypesAndContributionMap":{"test-code":{"insertions":1,"deletions":1}}},{"hash":"6cd3a7e42be72cc4014b2bf3d0357bf371ce10df","isMergeCommit":false,"messageTitle":"Add toLowerCase for removeStat","messageBody":"","fileTypesAndContributionMap":{"functional-code":{"insertions":1,"deletions":1}}},{"hash":"ac4801bd64245c657eb5b32245dab2e748f56323","isMergeCommit":false,"messageTitle":"Replace UI JUnnit Test with Add Pet test","messageBody":"","fileTypesAndContributionMap":{"functional-code":{"insertions":7,"deletions":7},"test-code":{"insertions":5,"deletions":29}}},{"hash":"3b178f671abc041726323eb3429852b07a0789ba","isMergeCommit":true,"messageTitle":"Merge pull request #35 from marekpinto/master","messageBody":"Debug and Finalize v1.0","tags":["PetTrackerV1.0"],"fileTypesAndContributionMap":{}}]},{"date":"2023-03-24","commitResults":[{"hash":"739dd67cf799d464511083d75ae39b27dbd9bb2d","isMergeCommit":false,"messageTitle":"Add description of RemovePetStat command to Developer Guide","messageBody":"","fileTypesAndContributionMap":{"docs":{"insertions":30,"deletions":0}}},{"hash":"d66b2a477bd76613530009eb04e28ac71b1bdde6","isMergeCommit":false,"messageTitle":"Make Sequence Diagram for RemoveStatCommand","messageBody":"","fileTypesAndContributionMap":{"docs":{"insertions":76,"deletions":0}}},{"hash":"ee1b2fb15ff04cb2dec127178c58be12c18133cf","isMergeCommit":false,"messageTitle":"Insert image into Developer Guide","messageBody":"","fileTypesAndContributionMap":{"docs":{"insertions":1,"deletions":1}}},{"hash":"380be2d48cef770519a4e27edc0626577a874f24","isMergeCommit":true,"messageTitle":"Merge pull request #69 from marekpinto/master","messageBody":"Developer Guide Changes","fileTypesAndContributionMap":{}},{"hash":"25893295c9b773032eb7e9e226a1b44ec9a62f70","isMergeCommit":false,"messageTitle":"Update CommandParser with EditTaskCommand","messageBody":"","fileTypesAndContributionMap":{"functional-code":{"insertions":8,"deletions":0}}},{"hash":"841e688807910a07f1a3f7e5330daf747fbdeb4b","isMergeCommit":false,"messageTitle":"add EditTaskCommand class","messageBody":"","fileTypesAndContributionMap":{"functional-code":{"insertions":52,"deletions":0}}},{"hash":"bdf470478e881eae3d2f828f78f1155daeb53d3e","isMergeCommit":false,"messageTitle":"Implement execute for EditTaskCommand","messageBody":"","fileTypesAndContributionMap":{"functional-code":{"insertions":3,"deletions":3}}},{"hash":"cdb0353c3d532eafc1ce689644ea1a7fc7ee6e77","isMergeCommit":false,"messageTitle":"Add editTask method to TaskList","messageBody":"","fileTypesAndContributionMap":{"functional-code":{"insertions":5,"deletions":0}}},{"hash":"d1bd5b8e6c82c9553981c5e942d29b21231844cb","isMergeCommit":false,"messageTitle":"Add editTaskCommandMessage to Ui","messageBody":"","fileTypesAndContributionMap":{"functional-code":{"insertions":4,"deletions":0}}},{"hash":"0e1dcacf68a3407083132f5a702487850bdda70f","isMergeCommit":false,"messageTitle":"Add assert statement to EditTaskCommand","messageBody":"","fileTypesAndContributionMap":{"functional-code":{"insertions":2,"deletions":0}}},{"hash":"b0ce0f07797e168268674bd25ecd655084ceb779","isMergeCommit":true,"messageTitle":"Merge pull request #72 from marekpinto/master","messageBody":"Implement Edit Task Feature","fileTypesAndContributionMap":{}}]},{"date":"2023-03-29","commitResults":[{"hash":"ea407e45fac11c367b7cd956c6c2e0da86650d55","isMergeCommit":false,"messageTitle":"Modified Task class to have optional time filed","messageBody":"","fileTypesAndContributionMap":{"functional-code":{"insertions":7,"deletions":2}}},{"hash":"7e6f0db8e98a7b84a2deb2f1c0b4bb3139d5eabe","isMergeCommit":false,"messageTitle":"Modify TaskList class to use overloading to implement optional time field","messageBody":"","fileTypesAndContributionMap":{"functional-code":{"insertions":9,"deletions":1}}},{"hash":"f0927ad6442e4a5003bea97f1eaea3486db90c17","isMergeCommit":false,"messageTitle":"Update EditTaskCommand to allow for editing time","messageBody":"","fileTypesAndContributionMap":{"functional-code":{"insertions":13,"deletions":5}}},{"hash":"61bfab752c1f73f97bb06fcd37ade9a00a6469ec","isMergeCommit":false,"messageTitle":"Update parseArgs to split by \\at for time","messageBody":"","fileTypesAndContributionMap":{"functional-code":{"insertions":11,"deletions":2}}},{"hash":"7aa6eb1e01b2f768f3ff4458c371b17505d66ce4","isMergeCommit":false,"messageTitle":"Update Add Task","messageBody":"","fileTypesAndContributionMap":{"functional-code":{"insertions":9,"deletions":2}}},{"hash":"1abc54e3839128d8d3b79a538ab162f2c234c564","isMergeCommit":true,"messageTitle":"Merge branch \u0027master\u0027 of https://github.com/AY2223S2-CS2113-T11-3/tp","messageBody":"","fileTypesAndContributionMap":{}},{"hash":"f32155ce4b2585a5bc8a27df8dac4754bb673a5d","isMergeCommit":false,"messageTitle":"Fix Merge Conflict","messageBody":"","fileTypesAndContributionMap":{"functional-code":{"insertions":10,"deletions":27}}},{"hash":"dcb5e71a1eac4fc11d570f80413bae059f316ac1","isMergeCommit":false,"messageTitle":"Add back in overloaded addTask method with only descritpion","messageBody":"","fileTypesAndContributionMap":{"functional-code":{"insertions":7,"deletions":0}}},{"hash":"459da28f47c23aabdd12e7144e4489506557ba38","isMergeCommit":false,"messageTitle":"Implement editingg task with new deadline","messageBody":"","fileTypesAndContributionMap":{"functional-code":{"insertions":12,"deletions":5}}},{"hash":"c0017726edcf0a9b17407c650b0ab449cf947950","isMergeCommit":false,"messageTitle":"Add ScheduleCommand","messageBody":"","fileTypesAndContributionMap":{"functional-code":{"insertions":7,"deletions":0}}},{"hash":"0d602738cd0e9a0a32f1943380a9e6c94e20a6d8","isMergeCommit":false,"messageTitle":"Add ScheduleCommand","messageBody":"","fileTypesAndContributionMap":{"functional-code":{"insertions":39,"deletions":0}}},{"hash":"77fac1316d348c0c874e81a205132507999b14fd","isMergeCommit":false,"messageTitle":"Implement printing schedule in TaskList","messageBody":"","fileTypesAndContributionMap":{"functional-code":{"insertions":23,"deletions":1}}},{"hash":"e3216aa44df40ec7044960c6949d4a4a87697008","isMergeCommit":false,"messageTitle":"Debug schedule","messageBody":"","fileTypesAndContributionMap":{"functional-code":{"insertions":20,"deletions":5}}},{"hash":"7e84baf5776fcff208d98a53bba8e2f833dea7db","isMergeCommit":false,"messageTitle":"Added test for task with deadline","messageBody":"","fileTypesAndContributionMap":{"test-code":{"insertions":7,"deletions":0}}},{"hash":"8dd0c38588df69c0d92b5a728af2ba04e6405072","isMergeCommit":false,"messageTitle":"Update User Guide","messageBody":"","fileTypesAndContributionMap":{"docs":{"insertions":17,"deletions":0}}},{"hash":"3ff17748f6a40e4100543ccbfa09df2a25a0918d","isMergeCommit":true,"messageTitle":"Merge pull request #80 from marekpinto/master","messageBody":"Schedule Command and additional DateTime functionality","fileTypesAndContributionMap":{}}]}]},"authorFileTypeContributionMap":{"GraceZhuXY":{"docs":152,"functional-code":213,"test-code":14},"shawntangy":{"docs":591,"functional-code":796,"test-code":189,"other":3},"pyongjie":{"docs":71,"functional-code":401,"test-code":22},"SpawnageLoong":{"docs":253,"functional-code":947,"test-code":311},"marekpinto":{"docs":125,"functional-code":267,"test-code":10}},"authorContributionVariance":{"GraceZhuXY":961.48926,"shawntangy":10588.28,"pyongjie":2636.423,"SpawnageLoong":20622.197,"marekpinto":3982.772},"authorDisplayNameMap":{"GraceZhuXY":"CS2113-T11-3 GRAC..G YU","shawntangy":"CS2113-T11-3 TANG..HAWN","pyongjie":"CS2113-T11-3 PANG.. JIE","SpawnageLoong":"CS2113-T11-3 RICH.. JUN","marekpinto":"CS2113-T11-3 PINT..AVID"}}
