{"authorDailyContributionsMap":{"GraceZhuXY":[{"date":"2023-03-02","commitResults":[{"hash":"89ecdfefae3823760fd2b6cfcab9b88751fcd876","isMergeCommit":false,"messageTitle":"Change name to AboutUs.md","messageBody":"","fileTypesAndContributionMap":{"docs":{"insertions":7,"deletions":7}}}]},{"date":"2023-03-03","commitResults":[{"hash":"212f66bad489a549888fe93cb96b0cf3e5da6954","isMergeCommit":true,"messageTitle":"Merge remote-tracking branch \u0027upstream1/master\u0027 into GraceZhu-AboutUs","messageBody":"# Conflicts:\n#\tdocs/AboutUs.md\n","fileTypesAndContributionMap":{}},{"hash":"b59fe6f82e568cd3f0a88aeab77742a320f42e4c","isMergeCommit":true,"messageTitle":"Merge pull request #6 from GraceZhuXY/GraceZhu-AboutUs","messageBody":"Change name to AboutUs.md","fileTypesAndContributionMap":{}}]},{"date":"2023-03-09","commitResults":[{"hash":"ccce1d8b50ef581b06d542f7e46821889417ab1f","isMergeCommit":false,"messageTitle":"Add addPet, removePet and list methods","messageBody":"","fileTypesAndContributionMap":{"functional-code":{"insertions":50,"deletions":0},"test-code":{"insertions":2,"deletions":0}}},{"hash":"e1ebf4a3344acccdb6cc2469867ae9eeedfe1773","isMergeCommit":false,"messageTitle":"Add JUnit test on initialisation of PetList","messageBody":"","fileTypesAndContributionMap":{"test-code":{"insertions":11,"deletions":1}}},{"hash":"f337516ca2327289d78ad9ae80ee96bc9b2c4937","isMergeCommit":true,"messageTitle":"Merge pull request #27 from GraceZhuXY/GraceZhu-PetList","messageBody":"Add PetList Class","fileTypesAndContributionMap":{}}]},{"date":"2023-03-17","commitResults":[{"hash":"90a467cc07910d1b96b7ad75a77df0a2dd3dba2b","isMergeCommit":false,"messageTitle":"Add assertion and logging for removing pet from list","messageBody":"","fileTypesAndContributionMap":{"functional-code":{"insertions":5,"deletions":1}}},{"hash":"dd4e2d2cabc42271ecc533be8dfb4a514ce3aba7","isMergeCommit":false,"messageTitle":"Change variable declaration order in PetList","messageBody":"","fileTypesAndContributionMap":{"functional-code":{"insertions":1,"deletions":1}}},{"hash":"96edd2c043e3aee58d5c8570dc3144941b811739","isMergeCommit":false,"messageTitle":"Move logger declaration before constructor","messageBody":"","fileTypesAndContributionMap":{"functional-code":{"insertions":1,"deletions":1}}},{"hash":"3b830470daaf87868f31190a4d15f442fda5bc44","isMergeCommit":true,"messageTitle":"Merge pull request #43 from GraceZhuXY/GraceZhu-Assertions","messageBody":"Add assertion and logging for removing pet from list","fileTypesAndContributionMap":{}}]},{"date":"2023-03-23","commitResults":[{"hash":"692fd329d695052ecd5c7c5abaf99008c441b51c","isMergeCommit":false,"messageTitle":"Update developer guide for list pet command implementation","messageBody":"","fileTypesAndContributionMap":{"docs":{"insertions":67,"deletions":0}}},{"hash":"685f6b7bc32cc8f24de617e0b6ef866308bfe815","isMergeCommit":false,"messageTitle":"Update formatting","messageBody":"","fileTypesAndContributionMap":{"docs":{"insertions":6,"deletions":0}}},{"hash":"93644150928403cbe24a64a9ddbb60760d786f5d","isMergeCommit":true,"messageTitle":"Merge pull request #66 from GraceZhuXY/GraceZhu-DGDraft","messageBody":"Add ListPetCommand Implementation into DG","fileTypesAndContributionMap":{}}]},{"date":"2023-03-24","commitResults":[{"hash":"d6e219f31c188e05f7e81359bfb4342066cca244","isMergeCommit":false,"messageTitle":"Implement edit stat command","messageBody":"","fileTypesAndContributionMap":{"functional-code":{"insertions":93,"deletions":13}}},{"hash":"30dade6ed4781c0b9a5264e41cffafcaf8d0f478","isMergeCommit":false,"messageTitle":"Edit star import","messageBody":"","fileTypesAndContributionMap":{"functional-code":{"insertions":14,"deletions":1}}},{"hash":"805630542a555da0106d57db577dbf8d7d76b5d8","isMergeCommit":true,"messageTitle":"Merge pull request #67 from GraceZhuXY/GraceZhu-EditStats","messageBody":"Implement edit stat command","fileTypesAndContributionMap":{}}]},{"date":"2023-03-29","commitResults":[{"hash":"890532f18d74f60fc3c127c430100699565fa8c9","isMergeCommit":false,"messageTitle":"Implement reminders and update UG","messageBody":"","fileTypesAndContributionMap":{"functional-code":{"insertions":19,"deletions":0},"docs":{"insertions":16,"deletions":0}}},{"hash":"3789f71c53759d5e27c60078ef15c907ed617465","isMergeCommit":true,"messageTitle":"Merge pull request #82 from GraceZhuXY/GraceZhu-Reminders","messageBody":"Implement reminders and update UG","tags":["PetTrackerV2.0"],"fileTypesAndContributionMap":{}}]}],"shawntangy":[{"date":"2023-03-02","commitResults":[{"hash":"ee239e80ede5acc1b19a4498f0afc6113b65e106","isMergeCommit":false,"messageTitle":"Add Shawn to team members","messageBody":"","fileTypesAndContributionMap":{"docs":{"insertions":13,"deletions":7}}},{"hash":"ba1bf4796748bc9e4b22284bd3dd7f61e02ba285","isMergeCommit":true,"messageTitle":"Merge commit \u00279ede63f85f585196f0f0c1e69967e0563ce5ccd4\u0027 into shawn-AboutUs","messageBody":"* commit \u00279ede63f85f585196f0f0c1e69967e0563ce5ccd4\u0027:\n  Update AboutUs.md\n\n# Conflicts:\n#\tdocs/AboutUs.md\nfix merge conflicts\n","fileTypesAndContributionMap":{}},{"hash":"ce5c180e15417442749cfc6aad5dc6adab7c33e5","isMergeCommit":true,"messageTitle":"Merge commit \u0027710c27913cd51b1599cfb9ae301ca801ef094cb8\u0027 into shawn-AboutUs","messageBody":"* commit \u0027710c27913cd51b1599cfb9ae301ca801ef094cb8\u0027:\n  About Me\n\n# Conflicts:\n#\tdocs/AboutUs.md\nfix merge conflict again\n","fileTypesAndContributionMap":{}},{"hash":"d1abc61d17b5658b7bc0e87fae5e049b5a6a52f0","isMergeCommit":true,"messageTitle":"Merge pull request #3 from shawntangy/shawn-AboutUs","messageBody":"Add Shawn to team members","fileTypesAndContributionMap":{}}]},{"date":"2023-03-08","commitResults":[{"hash":"4cce019dd1c128bd8819f4efaeeb943f27877c3a","isMergeCommit":false,"messageTitle":"Add Pet and PetList class skeleton","messageBody":"","fileTypesAndContributionMap":{"functional-code":{"insertions":8,"deletions":0}}},{"hash":"3c4c9cc7b62cc25a52cf4440ec0c427bb101d45e","isMergeCommit":false,"messageTitle":"Add Command class","messageBody":"","fileTypesAndContributionMap":{"functional-code":{"insertions":15,"deletions":0}}},{"hash":"21c30d6cb6a1773072b4820f6cf9c8a639f7fab2","isMergeCommit":false,"messageTitle":"Add ExitCommand for the program to exit","messageBody":"","fileTypesAndContributionMap":{"functional-code":{"insertions":27,"deletions":0}}},{"hash":"70920a13fa2977fb1a428ce6a58d6c8980389e8c","isMergeCommit":false,"messageTitle":"Rename Duke to Main, Add UI and CommandParser skeleton files, program is able to exit","messageBody":"","fileTypesAndContributionMap":{"functional-code":{"insertions":97,"deletions":21},"other":{"insertions":2,"deletions":2}}},{"hash":"6ef3e57504bf9727f66ddc71c6740f2afdbb4243","isMergeCommit":false,"messageTitle":"Add more JavaDocs and fix formatting issues","messageBody":"","fileTypesAndContributionMap":{"functional-code":{"insertions":33,"deletions":6}}},{"hash":"45e1306f18f4a763afde7d95955995b23164716a","isMergeCommit":true,"messageTitle":"Merge pull request #16 from shawntangy/shawn-ImplementMain","messageBody":"Implement main method and create skeleton code for other classes","fileTypesAndContributionMap":{}},{"hash":"3c278b0a8b89098c8414fc40262650ad96635df0","isMergeCommit":false,"messageTitle":"Fix gradle file not being updated to new filenames, updated text-ui-testing","messageBody":"","fileTypesAndContributionMap":{"other":{"insertions":2,"deletions":2}}},{"hash":"d0adb933e1d891a104cd77c49c4dc3979749ed32","isMergeCommit":true,"messageTitle":"Merge pull request #17 from shawntangy/master","messageBody":"Fix gradle file not being updated to new filenames, updated text-ui","fileTypesAndContributionMap":{}},{"hash":"a8870692338f23d71e9f3b9c7bf074566bb68b06","isMergeCommit":false,"messageTitle":"Fix gradle checkstyle errors","messageBody":"","fileTypesAndContributionMap":{"functional-code":{"insertions":10,"deletions":9}}},{"hash":"f1338139b30b56adb0edb0adc861d1e99d005116","isMergeCommit":true,"messageTitle":"Merge pull request #18 from shawntangy/master","messageBody":"Fix gradle checkstyle errors","fileTypesAndContributionMap":{}}]},{"date":"2023-03-09","commitResults":[{"hash":"3c3a13d773f69275af97f78f7f2b1b4980ab6c5d","isMergeCommit":false,"messageTitle":"Add JUnit test for ExitCommand","messageBody":"","fileTypesAndContributionMap":{"test-code":{"insertions":15,"deletions":0}}},{"hash":"6037ba33736fd878e25253293ec4fe10acf5b1a2","isMergeCommit":true,"messageTitle":"Merge pull request #25 from shawntangy/shawn-ExitCommandJUnit","messageBody":"Add JUnit test for ExitCommand","fileTypesAndContributionMap":{}}]},{"date":"2023-03-14","commitResults":[{"hash":"e2fd7da15a54ea9481d0a0b2fe2bcc354ffd26af","isMergeCommit":true,"messageTitle":"Merge commit \u00274ea4cb7b4fe65b1349e22b1419f025197f73956e\u0027","messageBody":"* commit \u00274ea4cb7b4fe65b1349e22b1419f025197f73956e\u0027:\n  Add JUnit test to test for adding stat command\n  Add calls to Ui methods throughout each command\u0027s execute method\n  Replace exitCommandMessage with showEndingMessage\n  Add JavaDoc comments\n  Initialize Scanner and implement getUserInput method\n  Implement remove stat command message\n  Implement remove pet command message\n  Add messages for welcome, exit, add pet, add stat, and invalid command to Ui.java\n  Add JUnit test on initialisation of PetList\n  Add addPet, removePet and list methods\n  Add a JUnit test on test string conversion for Pet\n  Add JavaDoc for toString method in Pet\n  Change attributes to Private\n  Add string formatting when listing the details/stats of Pet\n  Add getters and setters for Pet\n  Add variables and constructor for Pet\n","fileTypesAndContributionMap":{}},{"hash":"d59c6867174da67f28dfd86e8504b3c58c087e75","isMergeCommit":true,"messageTitle":"Merge commit \u00273b178f671abc041726323eb3429852b07a0789ba\u0027","messageBody":"* commit \u00273b178f671abc041726323eb3429852b07a0789ba\u0027:\n  Replace UI JUnnit Test with Add Pet test\n  Add toLowerCase for removeStat\n  Add New Line to End of UiTest\n  Fix Missing Break\n  Add Default Block to Second Switch\n  Add Default Block\n  Update Text UI Tests\n  Add Break Statement\n  Don\u0027t Parse Remove Pet\n  Initialize PetList ArrayList\n  Implement Remove Stat\n  Implement Add Stat within PetList\n  Add Stat Method in Pet\n  Add Pet\n  Make PetList static\n","fileTypesAndContributionMap":{}}]},{"date":"2023-03-15","commitResults":[{"hash":"63bae655302d3a9de86d6edf7080cbe87825187b","isMergeCommit":false,"messageTitle":"Update Intro and Quick Start for User Guide, fix indentation for ExitCommandTest","messageBody":"","fileTypesAndContributionMap":{"docs":{"insertions":13,"deletions":5},"test-code":{"insertions":1,"deletions":1}}},{"hash":"d2a0a5362f60b5d80ab2988ede11cf9eb2191a27","isMergeCommit":false,"messageTitle":"Update Features and add-pet, remove-pet for Command Summary for User Guide","messageBody":"","fileTypesAndContributionMap":{"docs":{"insertions":53,"deletions":16}}},{"hash":"ab61414036ef66f79cfe67817450604b961be238","isMergeCommit":false,"messageTitle":"Add FAQ and add-stat command summary to user guide","messageBody":"","fileTypesAndContributionMap":{"docs":{"insertions":32,"deletions":8}}},{"hash":"be406b3820bdec35ab3bae5b9ab810fb6326a010","isMergeCommit":false,"messageTitle":"Add remove-stat and list command to User Guide","messageBody":"","fileTypesAndContributionMap":{"docs":{"insertions":31,"deletions":2}}},{"hash":"15624c08cc847d10c47e32dbc90b9da71fa6ed4c","isMergeCommit":true,"messageTitle":"Merge pull request #38 from shawntangy/shawn-UpdateUG","messageBody":"Create a User Guide","fileTypesAndContributionMap":{}}]},{"date":"2023-03-16","commitResults":[{"hash":"a1f3c7b51fa50b32aebae1dc92dcd3237bd8599c","isMergeCommit":false,"messageTitle":"Add Assertion checks for Pet class and Logger for main","messageBody":"","fileTypesAndContributionMap":{"functional-code":{"insertions":8,"deletions":3}}},{"hash":"486d14292ef83790a1733bc18d74318efc2574c3","isMergeCommit":false,"messageTitle":"Fix variable definition ordering","messageBody":"","fileTypesAndContributionMap":{"functional-code":{"insertions":1,"deletions":2}}},{"hash":"b7b2d95ffedab74afa4ee31c91008e53c9db9f3b","isMergeCommit":true,"messageTitle":"Merge pull request #41 from shawntangy/shawn-AssertionAndLogging","messageBody":"Add Assertion checks for Pet class and Logger for main","fileTypesAndContributionMap":{}}]},{"date":"2023-03-22","commitResults":[{"hash":"965a78670bf324bb92ff415435a48b497652ffe0","isMergeCommit":false,"messageTitle":"Add implementation of Exit Command","messageBody":"","fileTypesAndContributionMap":{"docs":{"insertions":36,"deletions":0}}},{"hash":"e3b020c37e3b0fdfb9eb51851969aec103ca609b","isMergeCommit":false,"messageTitle":"Rename command variable in Main to match DG","messageBody":"","fileTypesAndContributionMap":{"functional-code":{"insertions":3,"deletions":3}}},{"hash":"006e238a1e33be10edc27764cc95c30082522e64","isMergeCommit":false,"messageTitle":"Create ExitCommand sequence diagram in DG, reference stylesheet from addressbook level 3","messageBody":"","fileTypesAndContributionMap":{"docs":{"insertions":126,"deletions":0}}},{"hash":"c87539bce8cf4fb57b1b9a36b71d64a617fb8d8e","isMergeCommit":false,"messageTitle":"Add ExitCommandSequenceDiagram to DG","messageBody":"","fileTypesAndContributionMap":{"docs":{"insertions":6,"deletions":0}}},{"hash":"85e6cbbb5088cda3b0c6e385cd408af1e35fd499","isMergeCommit":false,"messageTitle":"Enable assertions in build.gradle","messageBody":"","fileTypesAndContributionMap":{"other":{"insertions":1,"deletions":0}}},{"hash":"85a89bf3823677374a58af8547efd3c285797fca","isMergeCommit":true,"messageTitle":"Merge pull request #63 from shawntangy/shawn-InitialDG","messageBody":"Add ExitCommand Implementation into DG","fileTypesAndContributionMap":{}}]},{"date":"2023-03-25","commitResults":[{"hash":"e6e52a79306b694b7b651ae050c524d452c63a4b","isMergeCommit":false,"messageTitle":"Add pet save format","messageBody":"","fileTypesAndContributionMap":{"functional-code":{"insertions":6,"deletions":0}}},{"hash":"c7c95a61b891fef7b63ff5ae8217582502bd32dd","isMergeCommit":false,"messageTitle":"Add Storage file to save pets","messageBody":"","fileTypesAndContributionMap":{"functional-code":{"insertions":54,"deletions":1}}},{"hash":"d71657e24816f4065da5482282a821b3e4254a45","isMergeCommit":false,"messageTitle":"Add printing messages to Ui and initiate storage in main","messageBody":"","fileTypesAndContributionMap":{"functional-code":{"insertions":14,"deletions":0}}},{"hash":"bd31a1f1d85c5c1c23744a4756e555d723ade81d","isMergeCommit":false,"messageTitle":"Change PetList to include storage and ui classes","messageBody":"","fileTypesAndContributionMap":{"functional-code":{"insertions":6,"deletions":0}}},{"hash":"3107a0cb45cd4923345e6f8ce5ddeae5ab4880ae","isMergeCommit":false,"messageTitle":"Modify command class to include storage when executing","messageBody":"","fileTypesAndContributionMap":{"functional-code":{"insertions":5,"deletions":2}}},{"hash":"9d602e9f59a3182b2f8fbd463ac204171cee1264","isMergeCommit":false,"messageTitle":"Update all commands to include storage class when executing","messageBody":"","fileTypesAndContributionMap":{"functional-code":{"insertions":39,"deletions":19}}},{"hash":"5ced5919a9637cb77f74007553c9323a862c086f","isMergeCommit":false,"messageTitle":"Abstract ui from initialisation of storage class","messageBody":"","fileTypesAndContributionMap":{"functional-code":{"insertions":15,"deletions":15}}},{"hash":"0b83f8457c758d7a4ab994dd8ef2b024b1380d96","isMergeCommit":true,"messageTitle":"Merge pull request #73 from shawntangy/shawn-PetStorage","messageBody":"Add saving of pet list to storage","fileTypesAndContributionMap":{}},{"hash":"b7fd7ac6890627b77a94b711d390751cc76003f0","isMergeCommit":false,"messageTitle":"Add functions to save tasks to storage class","messageBody":"","fileTypesAndContributionMap":{"functional-code":{"insertions":43,"deletions":6}}},{"hash":"f849f7c78dd5fc9a54880eba0d90c52a2e17f965","isMergeCommit":false,"messageTitle":"Modify main to include new file","messageBody":"","fileTypesAndContributionMap":{"functional-code":{"insertions":11,"deletions":6}}},{"hash":"0ea8b144a106d3f2ab968887d0b0541ebe80e4fb","isMergeCommit":false,"messageTitle":"Add function to translate task details to save formatting","messageBody":"","fileTypesAndContributionMap":{"functional-code":{"insertions":7,"deletions":0}}},{"hash":"1f837ec7d5b6a53629747b81a227dbc60b67a988","isMergeCommit":false,"messageTitle":"Implement function to save tasks to storage in tasklist","messageBody":"","fileTypesAndContributionMap":{"functional-code":{"insertions":8,"deletions":0}}},{"hash":"16dd5205830d3c5a529849fb938cbb70f5ef4748","isMergeCommit":false,"messageTitle":"Modify task-related commands to save any updates to the storage","messageBody":"","fileTypesAndContributionMap":{"functional-code":{"insertions":5,"deletions":0}}},{"hash":"f7f0d246f089bd102240284965c30d66fb7549e0","isMergeCommit":true,"messageTitle":"Merge pull request #74 from shawntangy/shawn-TaskStorage","messageBody":"Add saving of task list to storage","fileTypesAndContributionMap":{}}]},{"date":"2023-03-28","commitResults":[{"hash":"3ff6b8a0e2d8e7a9fcf194756b6951b6f8146d91","isMergeCommit":false,"messageTitle":"Add user stories to DG and update figure numbers","messageBody":"","fileTypesAndContributionMap":{"docs":{"insertions":24,"deletions":11}}},{"hash":"73d87aa05ffa62d9b8773e8227a16b804b505d64","isMergeCommit":true,"messageTitle":"Merge pull request #75 from shawntangy/shawn-UpdateDG","messageBody":"Add user stories to DG and update figure numbers","fileTypesAndContributionMap":{}}]}],"pyongjie":[{"date":"2023-03-02","commitResults":[{"hash":"20c62761c373b9e485267e2ac5ede0057e6e93e7","isMergeCommit":false,"messageTitle":"Add details to docs/AboutUs.md page","messageBody":"","fileTypesAndContributionMap":{"docs":{"insertions":10,"deletions":1}}},{"hash":"7e4dafdb99f5dcba2af3e71f4548cfe15b632e6a","isMergeCommit":true,"messageTitle":"Merge branch \u0027master\u0027 of https://github.com/AY2223S2-CS2113-T11-3/tp into yongJie-AboutUs","messageBody":"# Conflicts:\n#\tdocs/AboutUs.md\n","fileTypesAndContributionMap":{}},{"hash":"37713f201168521229b0c66d59a814ec4660d79e","isMergeCommit":true,"messageTitle":"Merge pull request #5 from pyongjie/yongJie-AboutUs","messageBody":"Add details to docs/AboutUs.md page","fileTypesAndContributionMap":{}}]},{"date":"2023-03-09","commitResults":[{"hash":"6241521421e126b917fc62e23ff53b22f507cb7c","isMergeCommit":false,"messageTitle":"Add variables and constructor for Pet","messageBody":"","fileTypesAndContributionMap":{"functional-code":{"insertions":11,"deletions":0}}},{"hash":"fc28a52e8f07cdddfa161b808104004e47f1e995","isMergeCommit":false,"messageTitle":"Add getters and setters for Pet","messageBody":"","fileTypesAndContributionMap":{"functional-code":{"insertions":28,"deletions":0}}},{"hash":"6720ef29a90950d9ac686eb1248f09bce4aad028","isMergeCommit":false,"messageTitle":"Add string formatting when listing the details/stats of Pet","messageBody":"","fileTypesAndContributionMap":{"functional-code":{"insertions":5,"deletions":0}}},{"hash":"2b2ab7f6a3f272ca485691f712d08570666a0814","isMergeCommit":false,"messageTitle":"Change attributes to Private","messageBody":"","fileTypesAndContributionMap":{"functional-code":{"insertions":4,"deletions":4}}},{"hash":"1ac78c4f0797cc98f1c0968b978c0eab761c909c","isMergeCommit":false,"messageTitle":"Add JavaDoc for toString method in Pet","messageBody":"","fileTypesAndContributionMap":{"functional-code":{"insertions":6,"deletions":0}}},{"hash":"7e3a166b37003453f67d178621f75861a151ef21","isMergeCommit":false,"messageTitle":"Add a JUnit test on test string conversion for Pet","messageBody":"","fileTypesAndContributionMap":{"functional-code":{"insertions":1,"deletions":1},"test-code":{"insertions":16,"deletions":0}}},{"hash":"7e7226419acb2ad357740127266cdfe7a42f47c8","isMergeCommit":true,"messageTitle":"Merge branch \u0027master\u0027 of https://github.com/AY2223S2-CS2113-T11-3/tp into yongJie-PetList","messageBody":"","fileTypesAndContributionMap":{}},{"hash":"36d08cac8ca943af6ba5d42d5f2ce571756727d3","isMergeCommit":true,"messageTitle":"Merge pull request #26 from pyongjie/yongJie-Pet","messageBody":"Add Pet class","fileTypesAndContributionMap":{}}]},{"date":"2023-03-16","commitResults":[{"hash":"100d2b1e62e3bdc91ce18672d5a9e7510d062b88","isMergeCommit":false,"messageTitle":"Add assertion for Pet class constructor petType variable","messageBody":"","fileTypesAndContributionMap":{"functional-code":{"insertions":1,"deletions":0}}},{"hash":"2fb7a555ab64943ae9d946510743f81b14c443ea","isMergeCommit":false,"messageTitle":"Add assertion for Pet class constructor age variable","messageBody":"","fileTypesAndContributionMap":{"functional-code":{"insertions":1,"deletions":0}}},{"hash":"341c1dc84f3d09c0c0dc11ef0c98ce3250fb3e5b","isMergeCommit":false,"messageTitle":"Add assertion for Pet class constructor weight variable","messageBody":"","fileTypesAndContributionMap":{"functional-code":{"insertions":1,"deletions":0}}},{"hash":"34eb97255b88988998dc85abfcc35b3443efa5d6","isMergeCommit":false,"messageTitle":"Add logging for Pet class constructor","messageBody":"","fileTypesAndContributionMap":{"functional-code":{"insertions":5,"deletions":0}}},{"hash":"8de0c74b729787733d4a0cf847dfa93643d11fe5","isMergeCommit":true,"messageTitle":"Merge branch \u0027master\u0027 into yongJie-Assertions","messageBody":"","fileTypesAndContributionMap":{}},{"hash":"ab7d078e33c62d81baf0e5dde5068ca0c7288821","isMergeCommit":true,"messageTitle":"Merge branch \u0027yongJie-Assertions\u0027 into yongJie-Logging","messageBody":"# Conflicts:\n#\tsrc/main/java/seedu/pettracker/data/Pet.java\n\nFix conflicts\n","fileTypesAndContributionMap":{}},{"hash":"2a055b809ec3ee601c1bc2585ee0dda1692fb98f","isMergeCommit":true,"messageTitle":"Merge pull request #42 from pyongjie/yongJie-Logging","messageBody":"Add more assertions \u0026 logging to Pet class","fileTypesAndContributionMap":{}}]},{"date":"2023-03-24","commitResults":[{"hash":"61d3e04d19755151a9fa029f1591f8a6af3fb951","isMergeCommit":false,"messageTitle":"Update developer guide to include add pet stat feature implementation","messageBody":"","fileTypesAndContributionMap":{"docs":{"insertions":19,"deletions":0}}},{"hash":"2a1682a9d195664b03a589b5e56d29cd0d6c50d2","isMergeCommit":false,"messageTitle":"Update developer guide to include add pet stat feature UML diagrams","messageBody":"","fileTypesAndContributionMap":{"docs":{"insertions":18,"deletions":0}}},{"hash":"99e7e5c111e1da3298292a96459bb2327d5994f8","isMergeCommit":true,"messageTitle":"Merge pull request #68 from pyongjie/yongJie-DGDraft","messageBody":"Add Add Pet Stat Feature Implementation into DG","fileTypesAndContributionMap":{}}]},{"date":"2023-03-28","commitResults":[{"hash":"7ed82e4288c060d23a751ba20d8bc8071777eacd","isMergeCommit":false,"messageTitle":"Add a general read file function","messageBody":"","fileTypesAndContributionMap":{"functional-code":{"insertions":14,"deletions":1}}},{"hash":"3bbe20d9f58aae3735409369a34861826c7ec654","isMergeCommit":false,"messageTitle":"Add a function to load pet file from storage into program\u0027s pet list","messageBody":"","fileTypesAndContributionMap":{"functional-code":{"insertions":11,"deletions":2}}},{"hash":"d0f8ebc4765cab39aa1b83cca7824fa9d309ceb5","isMergeCommit":false,"messageTitle":"Add functions for parsing of pet data read from pet file and add them into program\u0027s pet list","messageBody":"","fileTypesAndContributionMap":{"functional-code":{"insertions":46,"deletions":0}}},{"hash":"e404e4406fe3333a7d9c36e844df46333ee6432a","isMergeCommit":false,"messageTitle":"Include neccesary import for the adding of parsed pet data into program\u0027s pet list","messageBody":"","fileTypesAndContributionMap":{"functional-code":{"insertions":1,"deletions":0}}},{"hash":"5f55af33274ab81a46a582005de6f309ccf499ac","isMergeCommit":false,"messageTitle":"Add initialisation of loading pet list from storage in main","messageBody":"","fileTypesAndContributionMap":{"functional-code":{"insertions":1,"deletions":1}}}]},{"date":"2023-03-29","commitResults":[{"hash":"db686b43055e4ee61a24167567527611c5df8094","isMergeCommit":true,"messageTitle":"Merge pull request #76 from pyongjie/yongJie-LoadPetStorage","messageBody":"Add loading of pet list from storage","fileTypesAndContributionMap":{}},{"hash":"8768b18b9546dbcb2839ca496b61914033a74636","isMergeCommit":false,"messageTitle":"Fix gradle checkstyle errors","messageBody":"","fileTypesAndContributionMap":{"functional-code":{"insertions":1,"deletions":3}}},{"hash":"c44f38ec7ec592aad92165b458ee5e0f4790838c","isMergeCommit":true,"messageTitle":"Merge pull request #77 from pyongjie/master","messageBody":"Fix gradle checkstyle errors","fileTypesAndContributionMap":{}},{"hash":"3e920dbe29cffa7215d3bf92f625ca8f59fbcf4e","isMergeCommit":false,"messageTitle":"Add a function to load task file from storage into program\u0027s task list","messageBody":"","fileTypesAndContributionMap":{"functional-code":{"insertions":10,"deletions":0}}},{"hash":"a4835f442159e45c45b2ea2591fd9df8f06f22f3","isMergeCommit":false,"messageTitle":"Add a function in tasklist to get the number of tasks to aid in parsing of task data read from task file","messageBody":"","fileTypesAndContributionMap":{"functional-code":{"insertions":3,"deletions":0}}},{"hash":"9f83d2540df1f3cba67e89b0a1d571ab35c0ae50","isMergeCommit":false,"messageTitle":"Add functions for parsing of task data read from task file and add them into program\u0027s task list","messageBody":"","fileTypesAndContributionMap":{"functional-code":{"insertions":26,"deletions":0}}},{"hash":"534d8b12eb18df29e1cc30b7ce50f2bc8f88502b","isMergeCommit":false,"messageTitle":"Add initialisation of loading task list from storage in main","messageBody":"","fileTypesAndContributionMap":{"functional-code":{"insertions":1,"deletions":0}}},{"hash":"ff6233ff120181aea2d14bc9cddbf5081c719ffd","isMergeCommit":true,"messageTitle":"Merge pull request #78 from pyongjie/yongJie-LoadTaskStorage","messageBody":"Add loading of task list from storage","fileTypesAndContributionMap":{}},{"hash":"459958249f2da87e040a72b4fa8a35b58fa97838","isMergeCommit":false,"messageTitle":"Update user guide to include edit pet stat feature","messageBody":"","fileTypesAndContributionMap":{"docs":{"insertions":25,"deletions":0}}},{"hash":"51076c5ba3b40a502f78f6035d8eebfa5a69dec5","isMergeCommit":false,"messageTitle":"Edit viewing task list feature in user guide","messageBody":"","fileTypesAndContributionMap":{"docs":{"insertions":2,"deletions":2}}},{"hash":"c17e2dafe80f91d7c45fe7d069088132d9ed0db7","isMergeCommit":true,"messageTitle":"Merge pull request #81 from pyongjie/yongJie-UGDraft","messageBody":"Update user guide to include edit pet stat feature","fileTypesAndContributionMap":{}}]}],"SpawnageLoong":[{"date":"2023-03-02","commitResults":[{"hash":"6f0cba649a64ac7fb5f06c4983f2198e45e5fdae","isMergeCommit":false,"messageTitle":"Update AboutUs.md","messageBody":"","fileTypesAndContributionMap":{"docs":{"insertions":13,"deletions":7}}},{"hash":"9ede63f85f585196f0f0c1e69967e0563ce5ccd4","isMergeCommit":true,"messageTitle":"Merge pull request #2 from SpawnageLoong/richard-AboutUs","messageBody":"Update AboutUs.md","fileTypesAndContributionMap":{}}]},{"date":"2023-03-08","commitResults":[{"hash":"8759f07799bcdbff6bc2f4940652847e1d72a054","isMergeCommit":false,"messageTitle":"Add skeleton code and AddStatCommand","messageBody":"","fileTypesAndContributionMap":{"functional-code":{"insertions":118,"deletions":19}}},{"hash":"54327c55a668ca3764020304b818fe02c7b81f65","isMergeCommit":false,"messageTitle":"Add basic command parsing","messageBody":"","fileTypesAndContributionMap":{"functional-code":{"insertions":208,"deletions":30}}},{"hash":"3b52aa19e50852bffdd24f553d1ec33ba8fd06d9","isMergeCommit":false,"messageTitle":"Add instantiation for CommandParser","messageBody":"","fileTypesAndContributionMap":{"functional-code":{"insertions":3,"deletions":0}}},{"hash":"241d8014accf8001f8d2f2961ea212f508a2ef72","isMergeCommit":false,"messageTitle":"Replace wildcard import with explicit import","messageBody":"","fileTypesAndContributionMap":{"functional-code":{"insertions":7,"deletions":1}}},{"hash":"89e482ca01333c1e66a2aecaa54c3cd3edb97bd9","isMergeCommit":true,"messageTitle":"Merge pull request #19 from SpawnageLoong/richard-CommandParser","messageBody":"Add basic command parsing methods, classes and an exception.","fileTypesAndContributionMap":{}},{"hash":"4200b54cbd6a370d3bd6be01010ef0d96b99ddaf","isMergeCommit":false,"messageTitle":"Add InvalidCommand, fix buggy parser.","messageBody":"","fileTypesAndContributionMap":{"functional-code":{"insertions":71,"deletions":18}}},{"hash":"c0225fa7a237e7eefad1b5f803f230574c9a5599","isMergeCommit":true,"messageTitle":"Merge remote-tracking branch \u0027upstream/master\u0027 into richard-CommandParser","messageBody":"","fileTypesAndContributionMap":{}},{"hash":"bbc63009028b6735e203c08639fc5d95aa249e47","isMergeCommit":false,"messageTitle":"Extract Scanner from loop","messageBody":"","fileTypesAndContributionMap":{"functional-code":{"insertions":6,"deletions":7}}},{"hash":"9c2b4267ac0b27d1874eb8000840952e62bb4615","isMergeCommit":false,"messageTitle":"Add hasNextLine condition to loop","messageBody":"","fileTypesAndContributionMap":{"functional-code":{"insertions":1,"deletions":2}}},{"hash":"2159f608e2ee961166fe4517e1b5b3c94dc330f1","isMergeCommit":false,"messageTitle":"Comment out System.exit","messageBody":"","fileTypesAndContributionMap":{"functional-code":{"insertions":1,"deletions":1}}},{"hash":"a020f887b10cb9747780e6a7b1b4b429b30de136","isMergeCommit":false,"messageTitle":"Change text-ui-file input, revert unnecessary previous changes","messageBody":"","fileTypesAndContributionMap":{"functional-code":{"insertions":1,"deletions":1}}},{"hash":"d18dff3fe752167577cf441f44b3cc61d320806b","isMergeCommit":true,"messageTitle":"Merge pull request #20 from SpawnageLoong/richard-CommandParser","messageBody":"Add Scanner to Main and Fix CommandParser","fileTypesAndContributionMap":{}}]},{"date":"2023-03-09","commitResults":[{"hash":"da03c0f00c69676718c9f23897d5890f99e488c4","isMergeCommit":false,"messageTitle":"Add basic JUnit tests","messageBody":"","fileTypesAndContributionMap":{"test-code":{"insertions":19,"deletions":0}}},{"hash":"8e53a6f13799c06cd1694b0790e317ff5d2fdb20","isMergeCommit":false,"messageTitle":"Add newline at end of file","messageBody":"","fileTypesAndContributionMap":{"test-code":{"insertions":1,"deletions":1}}},{"hash":"53c91955e13503f1be47e13f4b2afb82505b5527","isMergeCommit":true,"messageTitle":"Merge pull request #23 from SpawnageLoong/richard-CommandParserTest","messageBody":"Add basic JUnit tests for command parser","fileTypesAndContributionMap":{}}]},{"date":"2023-03-15","commitResults":[{"hash":"db5aeb7d59e2aa83f698a4f4b141ee9572e0b184","isMergeCommit":false,"messageTitle":"Add basic assertions","messageBody":"","fileTypesAndContributionMap":{"functional-code":{"insertions":3,"deletions":0}}},{"hash":"d6d5ee87a1e51fc7fb8a94305487fd3eaefe8fcc","isMergeCommit":true,"messageTitle":"Merge pull request #39 from SpawnageLoong/richard-Assertions","messageBody":"Add basic assertions","fileTypesAndContributionMap":{}},{"hash":"772dc5b4a83821a74379116cffe0394b565acde1","isMergeCommit":false,"messageTitle":"Add basic logger","messageBody":"","fileTypesAndContributionMap":{"functional-code":{"insertions":7,"deletions":1}}},{"hash":"14b10af5dd31d913373ed9fbf816e3199dce8936","isMergeCommit":false,"messageTitle":"Update style format","messageBody":"","fileTypesAndContributionMap":{"functional-code":{"insertions":2,"deletions":2}}},{"hash":"6afe7ed84d463d4a58e09f59450d4c1fa7e87da8","isMergeCommit":false,"messageTitle":"Update style format","messageBody":"","fileTypesAndContributionMap":{"functional-code":{"insertions":1,"deletions":2}}},{"hash":"e50236fdcfb46f06fdc53cbefa58f8758132a321","isMergeCommit":true,"messageTitle":"Merge pull request #40 from SpawnageLoong/richard-logging","messageBody":"Add basic logger","fileTypesAndContributionMap":{}}]},{"date":"2023-03-21","commitResults":[{"hash":"1642a37451796ca38856501ebfbf5dad12c27d60","isMergeCommit":false,"messageTitle":"Add basic Todo List classes and methods","messageBody":"","fileTypesAndContributionMap":{"functional-code":{"insertions":92,"deletions":1}}},{"hash":"66c604613b6444ac1795d3de660a51f060119d52","isMergeCommit":false,"messageTitle":"Refactor Todo to Task","messageBody":"","fileTypesAndContributionMap":{"functional-code":{"insertions":28,"deletions":26},"other":{"insertions":6,"deletions":6}}},{"hash":"ca26718c08ce41d542f3333ff82eaf589a220cf7","isMergeCommit":false,"messageTitle":"Add basic task adding methods","messageBody":"","fileTypesAndContributionMap":{"functional-code":{"insertions":18,"deletions":8}}},{"hash":"6078d3f4e08e08bd9134d0f946954c3450b2fcdc","isMergeCommit":true,"messageTitle":"Merge pull request #57 from SpawnageLoong/richard-todoList","messageBody":"Add basic Task adding methods","fileTypesAndContributionMap":{}},{"hash":"0802a3c9e91335b47eb4e8ebd10103631f0c3c21","isMergeCommit":false,"messageTitle":"Add basic task removing methods","messageBody":"","fileTypesAndContributionMap":{"functional-code":{"insertions":75,"deletions":0}}},{"hash":"c2a999290a610e800a092dcf1762a6aec7e5162e","isMergeCommit":true,"messageTitle":"Merge remote-tracking branch \u0027upstream/master\u0027 into richard-todoList","messageBody":"","fileTypesAndContributionMap":{}},{"hash":"efe081d629704e274622b71d2864c5bc6494fb90","isMergeCommit":true,"messageTitle":"Merge pull request #58 from SpawnageLoong/richard-todoList","messageBody":"Add basic task removng methods","fileTypesAndContributionMap":{}},{"hash":"8ab3ade00b390962acfc4004e666096772195e33","isMergeCommit":false,"messageTitle":"Add task list viewing methods","messageBody":"","fileTypesAndContributionMap":{"functional-code":{"insertions":58,"deletions":0}}},{"hash":"1117cd66cfc206b6c1b9d829668feb1cfa4eb28f","isMergeCommit":true,"messageTitle":"Merge pull request #59 from SpawnageLoong/richard-todoList","messageBody":"Add task list viewing methods","fileTypesAndContributionMap":{}},{"hash":"4ca8012a4457b22a188232051c6b0b6f4daa7314","isMergeCommit":false,"messageTitle":"Add task marking method","messageBody":"","fileTypesAndContributionMap":{"functional-code":{"insertions":72,"deletions":0}}},{"hash":"d917bb8e63ca914e8026a0513de378caec396cbf","isMergeCommit":true,"messageTitle":"Merge pull request #60 from SpawnageLoong/richard-todoList","messageBody":"Add task marking method","fileTypesAndContributionMap":{}},{"hash":"4aad7c539faf2a55e90f2d3dada9b0752e0602c3","isMergeCommit":false,"messageTitle":"Add task unmarking method","messageBody":"","fileTypesAndContributionMap":{"functional-code":{"insertions":61,"deletions":12}}},{"hash":"94fac5ee1c7862dea6fa5bc5c70d76a6c9f9be27","isMergeCommit":false,"messageTitle":"Fix Checkstyle violations","messageBody":"","fileTypesAndContributionMap":{"functional-code":{"insertions":15,"deletions":4}}},{"hash":"6f3c470da50205ce5932aeff0ac81360e25b5d96","isMergeCommit":true,"messageTitle":"Merge pull request #61 from SpawnageLoong/richard-todoList","messageBody":"Add task unmarking method","fileTypesAndContributionMap":{}}]},{"date":"2023-03-22","commitResults":[{"hash":"c75a22f4ba788f85dccdfad2338adf39c6626490","isMergeCommit":false,"messageTitle":"Add basic architecture documentation","messageBody":"","fileTypesAndContributionMap":{"docs":{"insertions":61,"deletions":1}}},{"hash":"596886ef4a85f9c90979b0242279c26f7fb26d02","isMergeCommit":true,"messageTitle":"Merge pull request #64 from SpawnageLoong/richard-documentation","messageBody":"Add basic architecture documentation","fileTypesAndContributionMap":{}}]},{"date":"2023-03-23","commitResults":[{"hash":"f7a7fc01c05070221e724f37163f956afd8237e3","isMergeCommit":false,"messageTitle":"Add more JUnit Tests","messageBody":"","fileTypesAndContributionMap":{"functional-code":{"insertions":4,"deletions":9},"test-code":{"insertions":147,"deletions":3}}},{"hash":"923603459e4f9a1764cdbac1755a8dad8fff2386","isMergeCommit":true,"messageTitle":"Merge pull request #65 from SpawnageLoong/richard-JUnitTests","messageBody":"Add more CommandParser JUnit Tests","fileTypesAndContributionMap":{}}]},{"date":"2023-03-29","commitResults":[{"hash":"7746bcf67869c86d94fd698bdf01cde3801251db","isMergeCommit":false,"messageTitle":"Add basic date parsing","messageBody":"","fileTypesAndContributionMap":{"functional-code":{"insertions":43,"deletions":4}}},{"hash":"2b7f6340be2d35e68d71fe9305ed619ac4deeaa6","isMergeCommit":false,"messageTitle":"Update user guide","messageBody":"","fileTypesAndContributionMap":{"docs":{"insertions":85,"deletions":0}}},{"hash":"88301e8feedf883ac0bcf71cdfdbc3979433fcda","isMergeCommit":false,"messageTitle":"Fix checkstyle violation","messageBody":"","fileTypesAndContributionMap":{"functional-code":{"insertions":2,"deletions":1}}},{"hash":"843cf9ef0cd85a75d055b94a47381e0ea991e2b5","isMergeCommit":true,"messageTitle":"Merge pull request #79 from SpawnageLoong/richard-dateParsing","messageBody":"Richard date parsing","fileTypesAndContributionMap":{}}]}],"marekpinto":[{"date":"2023-03-02","commitResults":[{"hash":"52bb5dad3bb1c47e8b9577229fb1f89715ab67ae","isMergeCommit":false,"messageTitle":"About Me","messageBody":"","fileTypesAndContributionMap":{"docs":{"insertions":7,"deletions":1}}},{"hash":"c335fb1230fd770e9bec2d0fcdfa724382c54d02","isMergeCommit":true,"messageTitle":"Merge branch \u0027master\u0027 of https://github.com/AY2223S2-CS2113-T11-3/tp","messageBody":"","fileTypesAndContributionMap":{}},{"hash":"b54493a3470eab57ab52f0c7316898a36dafcf4f","isMergeCommit":true,"messageTitle":"Fixed Merge Conflict","messageBody":"","fileTypesAndContributionMap":{}},{"hash":"710c27913cd51b1599cfb9ae301ca801ef094cb8","isMergeCommit":true,"messageTitle":"Merge pull request #4 from marekpinto/master","messageBody":"Add Marek to About Us","fileTypesAndContributionMap":{}}]},{"date":"2023-03-14","commitResults":[{"hash":"c66e8df2c134a367d20970ef88613006beb0756e","isMergeCommit":false,"messageTitle":"Add messages for welcome, exit, add pet, add stat, and invalid command to Ui.java","messageBody":"","fileTypesAndContributionMap":{"functional-code":{"insertions":2,"deletions":6}}},{"hash":"a20025fcfe61458d0f62b064860e32c40a852641","isMergeCommit":false,"messageTitle":"Implement remove pet command message","messageBody":"","fileTypesAndContributionMap":{"functional-code":{"insertions":17,"deletions":0}}},{"hash":"03ea1544be4a1248d66563f3bd8f2c2491d527cd","isMergeCommit":false,"messageTitle":"Implement remove stat command message","messageBody":"","fileTypesAndContributionMap":{"functional-code":{"insertions":5,"deletions":1}}},{"hash":"e9789dd20005b0c51b843364ac92e51aafec35a0","isMergeCommit":false,"messageTitle":"Initialize Scanner and implement getUserInput method","messageBody":"","fileTypesAndContributionMap":{"functional-code":{"insertions":12,"deletions":2}}},{"hash":"b0c6d9e46a23778ef360924e1779045a4e0a97c8","isMergeCommit":false,"messageTitle":"Add JavaDoc comments","messageBody":"","fileTypesAndContributionMap":{"functional-code":{"insertions":37,"deletions":2}}},{"hash":"3d5263ab367a1120cba733559313f6c146102fd9","isMergeCommit":false,"messageTitle":"Replace exitCommandMessage with showEndingMessage","messageBody":"","fileTypesAndContributionMap":{"functional-code":{"insertions":2,"deletions":3}}},{"hash":"65c96440fee5a63e568525cd6430d1e61a442a99","isMergeCommit":false,"messageTitle":"Add calls to Ui methods throughout each command\u0027s execute method","messageBody":"","fileTypesAndContributionMap":{"functional-code":{"insertions":5,"deletions":0}}},{"hash":"f1447cdc2adfd4a73419809660db62449b0221eb","isMergeCommit":false,"messageTitle":"Add JUnit test to test for adding stat command","messageBody":"","fileTypesAndContributionMap":{"test-code":{"insertions":28,"deletions":0}}},{"hash":"4ea4cb7b4fe65b1349e22b1419f025197f73956e","isMergeCommit":true,"messageTitle":"Merge pull request #28 from marekpinto/master","messageBody":"Implement Ui Class","fileTypesAndContributionMap":{}},{"hash":"033f83664236d403612072523183675d8c4f50e9","isMergeCommit":false,"messageTitle":"Make PetList static","messageBody":"","fileTypesAndContributionMap":{"functional-code":{"insertions":11,"deletions":13},"test-code":{"insertions":2,"deletions":1}}},{"hash":"27ffb68d4245d86ca767e7fa57c0fb821f2aaeaa","isMergeCommit":false,"messageTitle":"Add Pet","messageBody":"","fileTypesAndContributionMap":{"functional-code":{"insertions":11,"deletions":6}}},{"hash":"a0bf27c32a42d1adc5afa884bbb7f10a014af1c1","isMergeCommit":false,"messageTitle":"Add Stat Method in Pet","messageBody":"","fileTypesAndContributionMap":{"functional-code":{"insertions":17,"deletions":0}}},{"hash":"94e6ee0922eff945f740311e0809e867ff737f65","isMergeCommit":false,"messageTitle":"Implement Add Stat within PetList","messageBody":"","fileTypesAndContributionMap":{"functional-code":{"insertions":21,"deletions":7}}},{"hash":"dfe7baf0b3524c23114df98360e110154531dcbf","isMergeCommit":false,"messageTitle":"Implement Remove Stat","messageBody":"","fileTypesAndContributionMap":{"functional-code":{"insertions":22,"deletions":3}}},{"hash":"ee0cf4fe9291ac327f11910b0575c0d1464542e4","isMergeCommit":false,"messageTitle":"Initialize PetList ArrayList","messageBody":"","fileTypesAndContributionMap":{"functional-code":{"insertions":14,"deletions":10}}},{"hash":"f57f6540964a0739edaba352e2d37fcff2e51218","isMergeCommit":false,"messageTitle":"Don\u0027t Parse Remove Pet","messageBody":"","fileTypesAndContributionMap":{"functional-code":{"insertions":3,"deletions":4}}},{"hash":"67218a1187c90fb04c7505ca7038f0520506b50c","isMergeCommit":false,"messageTitle":"Add Break Statement","messageBody":"","fileTypesAndContributionMap":{"functional-code":{"insertions":1,"deletions":0}}},{"hash":"f07ca191e3c99c00579b9467c0909369b69e6a4a","isMergeCommit":false,"messageTitle":"Update Text UI Tests","messageBody":"","fileTypesAndContributionMap":{"functional-code":{"insertions":6,"deletions":1}}},{"hash":"ba3ce9a90ba32eafcfadcf4797c16333548b05c2","isMergeCommit":false,"messageTitle":"Add Default Block","messageBody":"","fileTypesAndContributionMap":{"functional-code":{"insertions":13,"deletions":13}}},{"hash":"105e611b05d9bb52fad802453efc025bce0019b5","isMergeCommit":false,"messageTitle":"Add Default Block to Second Switch","messageBody":"","fileTypesAndContributionMap":{"functional-code":{"insertions":1,"deletions":1}}},{"hash":"f5fa45c93beae06f08c13a18f653eb75568f1349","isMergeCommit":false,"messageTitle":"Fix Missing Break","messageBody":"","fileTypesAndContributionMap":{"functional-code":{"insertions":1,"deletions":0}}},{"hash":"82d9da2de843eae489dbec6c97145338f27d491b","isMergeCommit":false,"messageTitle":"Add New Line to End of UiTest","messageBody":"","fileTypesAndContributionMap":{"test-code":{"insertions":1,"deletions":1}}},{"hash":"6cd3a7e42be72cc4014b2bf3d0357bf371ce10df","isMergeCommit":false,"messageTitle":"Add toLowerCase for removeStat","messageBody":"","fileTypesAndContributionMap":{"functional-code":{"insertions":1,"deletions":1}}},{"hash":"ac4801bd64245c657eb5b32245dab2e748f56323","isMergeCommit":false,"messageTitle":"Replace UI JUnnit Test with Add Pet test","messageBody":"","fileTypesAndContributionMap":{"functional-code":{"insertions":7,"deletions":7},"test-code":{"insertions":5,"deletions":29}}},{"hash":"3b178f671abc041726323eb3429852b07a0789ba","isMergeCommit":true,"messageTitle":"Merge pull request #35 from marekpinto/master","messageBody":"Debug and Finalize v1.0","tags":["PetTrackerV1.0"],"fileTypesAndContributionMap":{}}]},{"date":"2023-03-24","commitResults":[{"hash":"739dd67cf799d464511083d75ae39b27dbd9bb2d","isMergeCommit":false,"messageTitle":"Add description of RemovePetStat command to Developer Guide","messageBody":"","fileTypesAndContributionMap":{"docs":{"insertions":30,"deletions":0}}},{"hash":"d66b2a477bd76613530009eb04e28ac71b1bdde6","isMergeCommit":false,"messageTitle":"Make Sequence Diagram for RemoveStatCommand","messageBody":"","fileTypesAndContributionMap":{"docs":{"insertions":76,"deletions":0}}},{"hash":"ee1b2fb15ff04cb2dec127178c58be12c18133cf","isMergeCommit":false,"messageTitle":"Insert image into Developer Guide","messageBody":"","fileTypesAndContributionMap":{"docs":{"insertions":1,"deletions":1}}},{"hash":"380be2d48cef770519a4e27edc0626577a874f24","isMergeCommit":true,"messageTitle":"Merge pull request #69 from marekpinto/master","messageBody":"Developer Guide Changes","fileTypesAndContributionMap":{}},{"hash":"25893295c9b773032eb7e9e226a1b44ec9a62f70","isMergeCommit":false,"messageTitle":"Update CommandParser with EditTaskCommand","messageBody":"","fileTypesAndContributionMap":{"functional-code":{"insertions":8,"deletions":0}}},{"hash":"841e688807910a07f1a3f7e5330daf747fbdeb4b","isMergeCommit":false,"messageTitle":"add EditTaskCommand class","messageBody":"","fileTypesAndContributionMap":{"functional-code":{"insertions":52,"deletions":0}}},{"hash":"bdf470478e881eae3d2f828f78f1155daeb53d3e","isMergeCommit":false,"messageTitle":"Implement execute for EditTaskCommand","messageBody":"","fileTypesAndContributionMap":{"functional-code":{"insertions":3,"deletions":3}}},{"hash":"cdb0353c3d532eafc1ce689644ea1a7fc7ee6e77","isMergeCommit":false,"messageTitle":"Add editTask method to TaskList","messageBody":"","fileTypesAndContributionMap":{"functional-code":{"insertions":5,"deletions":0}}},{"hash":"d1bd5b8e6c82c9553981c5e942d29b21231844cb","isMergeCommit":false,"messageTitle":"Add editTaskCommandMessage to Ui","messageBody":"","fileTypesAndContributionMap":{"functional-code":{"insertions":4,"deletions":0}}},{"hash":"0e1dcacf68a3407083132f5a702487850bdda70f","isMergeCommit":false,"messageTitle":"Add assert statement to EditTaskCommand","messageBody":"","fileTypesAndContributionMap":{"functional-code":{"insertions":2,"deletions":0}}},{"hash":"b0ce0f07797e168268674bd25ecd655084ceb779","isMergeCommit":true,"messageTitle":"Merge pull request #72 from marekpinto/master","messageBody":"Implement Edit Task Feature","fileTypesAndContributionMap":{}}]},{"date":"2023-03-29","commitResults":[{"hash":"ea407e45fac11c367b7cd956c6c2e0da86650d55","isMergeCommit":false,"messageTitle":"Modified Task class to have optional time filed","messageBody":"","fileTypesAndContributionMap":{"functional-code":{"insertions":7,"deletions":2}}},{"hash":"7e6f0db8e98a7b84a2deb2f1c0b4bb3139d5eabe","isMergeCommit":false,"messageTitle":"Modify TaskList class to use overloading to implement optional time field","messageBody":"","fileTypesAndContributionMap":{"functional-code":{"insertions":9,"deletions":1}}},{"hash":"f0927ad6442e4a5003bea97f1eaea3486db90c17","isMergeCommit":false,"messageTitle":"Update EditTaskCommand to allow for editing time","messageBody":"","fileTypesAndContributionMap":{"functional-code":{"insertions":13,"deletions":5}}},{"hash":"61bfab752c1f73f97bb06fcd37ade9a00a6469ec","isMergeCommit":false,"messageTitle":"Update parseArgs to split by \\at for time","messageBody":"","fileTypesAndContributionMap":{"functional-code":{"insertions":11,"deletions":2}}},{"hash":"7aa6eb1e01b2f768f3ff4458c371b17505d66ce4","isMergeCommit":false,"messageTitle":"Update Add Task","messageBody":"","fileTypesAndContributionMap":{"functional-code":{"insertions":9,"deletions":2}}},{"hash":"1abc54e3839128d8d3b79a538ab162f2c234c564","isMergeCommit":true,"messageTitle":"Merge branch \u0027master\u0027 of https://github.com/AY2223S2-CS2113-T11-3/tp","messageBody":"","fileTypesAndContributionMap":{}},{"hash":"f32155ce4b2585a5bc8a27df8dac4754bb673a5d","isMergeCommit":false,"messageTitle":"Fix Merge Conflict","messageBody":"","fileTypesAndContributionMap":{"functional-code":{"insertions":10,"deletions":27}}},{"hash":"dcb5e71a1eac4fc11d570f80413bae059f316ac1","isMergeCommit":false,"messageTitle":"Add back in overloaded addTask method with only descritpion","messageBody":"","fileTypesAndContributionMap":{"functional-code":{"insertions":7,"deletions":0}}},{"hash":"459da28f47c23aabdd12e7144e4489506557ba38","isMergeCommit":false,"messageTitle":"Implement editingg task with new deadline","messageBody":"","fileTypesAndContributionMap":{"functional-code":{"insertions":12,"deletions":5}}},{"hash":"c0017726edcf0a9b17407c650b0ab449cf947950","isMergeCommit":false,"messageTitle":"Add ScheduleCommand","messageBody":"","fileTypesAndContributionMap":{"functional-code":{"insertions":7,"deletions":0}}},{"hash":"0d602738cd0e9a0a32f1943380a9e6c94e20a6d8","isMergeCommit":false,"messageTitle":"Add ScheduleCommand","messageBody":"","fileTypesAndContributionMap":{"functional-code":{"insertions":39,"deletions":0}}},{"hash":"77fac1316d348c0c874e81a205132507999b14fd","isMergeCommit":false,"messageTitle":"Implement printing schedule in TaskList","messageBody":"","fileTypesAndContributionMap":{"functional-code":{"insertions":23,"deletions":1}}},{"hash":"e3216aa44df40ec7044960c6949d4a4a87697008","isMergeCommit":false,"messageTitle":"Debug schedule","messageBody":"","fileTypesAndContributionMap":{"functional-code":{"insertions":20,"deletions":5}}},{"hash":"7e84baf5776fcff208d98a53bba8e2f833dea7db","isMergeCommit":false,"messageTitle":"Added test for task with deadline","messageBody":"","fileTypesAndContributionMap":{"test-code":{"insertions":7,"deletions":0}}},{"hash":"8dd0c38588df69c0d92b5a728af2ba04e6405072","isMergeCommit":false,"messageTitle":"Update User Guide","messageBody":"","fileTypesAndContributionMap":{"docs":{"insertions":17,"deletions":0}}},{"hash":"3ff17748f6a40e4100543ccbfa09df2a25a0918d","isMergeCommit":true,"messageTitle":"Merge pull request #80 from marekpinto/master","messageBody":"Schedule Command and additional DateTime functionality","fileTypesAndContributionMap":{}}]}]},"authorFileTypeContributionMap":{"GraceZhuXY":{"docs":91,"functional-code":166,"test-code":12},"shawntangy":{"docs":314,"functional-code":284,"test-code":17,"other":3},"pyongjie":{"docs":69,"functional-code":166,"test-code":16},"SpawnageLoong":{"docs":151,"functional-code":712,"test-code":163},"marekpinto":{"docs":129,"functional-code":359,"test-code":12}},"authorContributionVariance":{"GraceZhuXY":564.29395,"shawntangy":3946.4763,"pyongjie":406.05832,"SpawnageLoong":11698.044,"marekpinto":4972.7817},"authorDisplayNameMap":{"GraceZhuXY":"CS2113-T11-3 GRAC..G YU","shawntangy":"CS2113-T11-3 TANG..HAWN","pyongjie":"CS2113-T11-3 PANG.. JIE","SpawnageLoong":"CS2113-T11-3 RICH.. JUN","marekpinto":"CS2113-T11-3 PINT..AVID"}}
