{"authorDailyContributionsMap":{"superkaiba":[{"date":"2023-03-02","commitResults":[{"hash":"d6f306b0f3b102b1266d22c9ac13ca0ebf3f51d0","isMergeCommit":false,"messageTitle":"modify aboutus","messageBody":"","fileTypesAndContributionMap":{"docs":{"insertions":13,"deletions":7}}},{"hash":"8b03f0b4ca0e18f7532c6d1f370e602d17f43b74","isMergeCommit":true,"messageTitle":"Merge branch \u0027master\u0027 into thomas-aboutus","messageBody":"","fileTypesAndContributionMap":{}},{"hash":"c06df701791b988298da1d2c34721dde06175c81","isMergeCommit":true,"messageTitle":"Merge pull request #1 from superkaiba/thomas-aboutus","messageBody":"modify aboutus","fileTypesAndContributionMap":{}},{"hash":"1848d9cac5349ec0f2883a9d4b7bccb32595ba37","isMergeCommit":false,"messageTitle":"Update AboutUs.md","messageBody":"","fileTypesAndContributionMap":{"docs":{"insertions":1,"deletions":1}}},{"hash":"f5383cc7fd21c18adb95ae95ef0b69fced94ed43","isMergeCommit":false,"messageTitle":"Update AboutUs.md","messageBody":"","fileTypesAndContributionMap":{"docs":{"insertions":1,"deletions":1}}}]},{"date":"2023-03-06","commitResults":[{"hash":"793c9768c11ff21027977b3e38b3d14e76721589","isMergeCommit":true,"messageTitle":"Merge pull request #25 from Magmanat/Navigation-UI","messageBody":"enable navigation through menu system with skeleton code","fileTypesAndContributionMap":{}}]},{"date":"2023-03-13","commitResults":[{"hash":"da2abde31ce45030e96faec0cd2dced5c1bb6512","isMergeCommit":false,"messageTitle":"Add basic listing of different components","messageBody":"","fileTypesAndContributionMap":{"functional-code":{"insertions":112,"deletions":67}}},{"hash":"bdf94af79edf65ffdcde5af88556fab4b9c61f86","isMergeCommit":false,"messageTitle":"Fix formatting for list command","messageBody":"","fileTypesAndContributionMap":{"functional-code":{"insertions":49,"deletions":62}}},{"hash":"de313faf2c1a873439ed01e3bef7c4dd4f28cc0b","isMergeCommit":false,"messageTitle":"Fix checkstyle errors","messageBody":"","fileTypesAndContributionMap":{"functional-code":{"insertions":2,"deletions":7}}},{"hash":"5749f83ecc7cda9e335aea41052a7b12e91de1cf","isMergeCommit":false,"messageTitle":"Fix more checkstyle errors","messageBody":"","fileTypesAndContributionMap":{"functional-code":{"insertions":1,"deletions":12}}},{"hash":"7f2d9ffa905bdbf7cac7d343ea22f1f074a59ea0","isMergeCommit":false,"messageTitle":"Fix bugs in Parser.java","messageBody":"","fileTypesAndContributionMap":{"functional-code":{"insertions":25,"deletions":2}}},{"hash":"b827cab87d77565e0d967fcfb54586d0bffbe814","isMergeCommit":false,"messageTitle":"Change arraylists to separate classes in DataStorage","messageBody":"","fileTypesAndContributionMap":{"functional-code":{"insertions":39,"deletions":95},"test-code":{"insertions":13,"deletions":0}}},{"hash":"47623dec40706d5fab9b1d851135c07e38f948cb","isMergeCommit":false,"messageTitle":"Add jUnit test for listComponentCommand","messageBody":"","fileTypesAndContributionMap":{"functional-code":{"insertions":2,"deletions":2},"test-code":{"insertions":137,"deletions":2}}}]},{"date":"2023-03-15","commitResults":[{"hash":"944ce49ae3423d1809d3c4747683e999b9251ffd","isMergeCommit":false,"messageTitle":"Add user guide with command list","messageBody":"","fileTypesAndContributionMap":{"docs":{"insertions":24,"deletions":26}}},{"hash":"22a58c26fc86459923b4ea20ae679c04833b0911","isMergeCommit":false,"messageTitle":"Add budget to PC display string","messageBody":"","fileTypesAndContributionMap":{"functional-code":{"insertions":11,"deletions":7}}},{"hash":"449f36f48a508a27523aa41c6f0bdc7ca30aae01","isMergeCommit":false,"messageTitle":"Fix editBudgetCommand testcase","messageBody":"","fileTypesAndContributionMap":{"test-code":{"insertions":1,"deletions":1}}}]}],"Ryujikjs":[{"date":"2023-03-02","commitResults":[{"hash":"2c59e94c7e11d8f7474daec6be5b9cc7f97e97b5","isMergeCommit":false,"messageTitle":"Update AboutUs doc","messageBody":"","fileTypesAndContributionMap":{"docs":{"insertions":1,"deletions":1}}},{"hash":"beecb2f87d8b4554fc527d893e573a549a024916","isMergeCommit":true,"messageTitle":" resolve merge conflict","messageBody":"","fileTypesAndContributionMap":{}},{"hash":"edcd5f52b571c99762a8054da3dd64da4989f271","isMergeCommit":true,"messageTitle":"Merge pull request #3 from Ryujikjs/AboutUsRyuji","messageBody":"Update AboutUs doc","fileTypesAndContributionMap":{}},{"hash":"b568d8760b96a47b7bbdeedc792446ef9bc46c3d","isMergeCommit":true,"messageTitle":"merge master to  update branch","messageBody":"","fileTypesAndContributionMap":{}},{"hash":"74f4097c0cc97386e42ebba3222e881bd7749b97","isMergeCommit":false,"messageTitle":"update aboutus","messageBody":"","fileTypesAndContributionMap":{"docs":{"insertions":14,"deletions":7}}},{"hash":"5babb0ddca7b93242640c6b8b04aab2f0372ef63","isMergeCommit":true,"messageTitle":"Merge pull request #7 from Ryujikjs/AboutUsRyuji","messageBody":"About us ryuji","fileTypesAndContributionMap":{}}]},{"date":"2023-03-04","commitResults":[{"hash":"122abe09af0deff52362d19cedc97413149b5bf9","isMergeCommit":true,"messageTitle":"Merge pull request #10 from Magmanat/initial-format","messageBody":"Initial format for project","fileTypesAndContributionMap":{}},{"hash":"77cce34e2a3ffc7164db0cd389c0b08f5e6768b9","isMergeCommit":false,"messageTitle":"Add method in PcList class to output formatted list and update PC class to support new output format","messageBody":"","fileTypesAndContributionMap":{"functional-code":{"insertions":43,"deletions":5}}}]},{"date":"2023-03-06","commitResults":[{"hash":"95def23e7549768cba247828047b391d263e3f91","isMergeCommit":true,"messageTitle":"Merge pull request #26 from Magmanat/component-data","messageBody":"Component data for each category","fileTypesAndContributionMap":{}}]},{"date":"2023-03-07","commitResults":[{"hash":"0d649aacf68f562782d54caefcd058fd13b15f94","isMergeCommit":true,"messageTitle":"Merge master to update viewer display code","messageBody":"","fileTypesAndContributionMap":{}},{"hash":"066826b49533a764f2cdd42390bc66eb5311dad6","isMergeCommit":false,"messageTitle":"Add method to print all components in pc","messageBody":"","fileTypesAndContributionMap":{"functional-code":{"insertions":9,"deletions":2}}},{"hash":"8f6a42235bc8bb9018327b2f9c781a84d74c4718","isMergeCommit":false,"messageTitle":"print pc list when in pcviewer menu","messageBody":"","fileTypesAndContributionMap":{"functional-code":{"insertions":3,"deletions":0}}},{"hash":"9c29ff197d7b8c7403811923988f6b6697e4c7f5","isMergeCommit":false,"messageTitle":"Delete unused import","messageBody":"","fileTypesAndContributionMap":{"functional-code":{"insertions":0,"deletions":2}}},{"hash":"cbed1b9acaa32d1590898d66bb9b80df2e193af5","isMergeCommit":false,"messageTitle":"Format code to deal with build error","messageBody":"","fileTypesAndContributionMap":{"functional-code":{"insertions":1,"deletions":1}}},{"hash":"9f2f0c8a1a72bd07eeeaa3fdfe80dcee52fc83c5","isMergeCommit":false,"messageTitle":"Use PrintStream instead of System.out.println","messageBody":"","fileTypesAndContributionMap":{"functional-code":{"insertions":11,"deletions":8}}}]},{"date":"2023-03-10","commitResults":[{"hash":"b9ec66a7a6fb6160ced13160bee17fc51b9269aa","isMergeCommit":true,"messageTitle":"Merge pull request #38 from Magmanat/refactor-less-menu","messageBody":"Refactor code to reduce multi-hop commands","fileTypesAndContributionMap":{}},{"hash":"7c760b3c792588a57d4133a47f7235f88776f02f","isMergeCommit":false,"messageTitle":"Junit test for bye command","messageBody":"","fileTypesAndContributionMap":{"test-code":{"insertions":15,"deletions":0}}},{"hash":"3ec1e61eff1d8e657783f398a0ee35e722ab158c","isMergeCommit":true,"messageTitle":"Merge pull request #40 from Ryujikjs/JUnit-test","messageBody":"Junit test for bye command","fileTypesAndContributionMap":{}},{"hash":"3cd7c43f76f9898e711cbc272baa4450e577de1a","isMergeCommit":false,"messageTitle":"Update test naming","messageBody":"","fileTypesAndContributionMap":{"test-code":{"insertions":1,"deletions":1}}},{"hash":"134cd49e6c6359f6c6766470699e5f42d03cbf02","isMergeCommit":true,"messageTitle":"Merge pull request #43 from AY2223S2-CS2113-T12-2/revert-40-JUnit-test","messageBody":"Revert \"Junit test for bye command\"","fileTypesAndContributionMap":{}},{"hash":"51dcf7d993ed2d9b2878bd4e776d67d7b1825b05","isMergeCommit":true,"messageTitle":"Resolve merge conflicts","messageBody":"","fileTypesAndContributionMap":{}},{"hash":"67ff9e64688f385ccc0c62d37d6c39ff3d9dc3db","isMergeCommit":true,"messageTitle":"Merge pull request #42 from typingpanda/test-JUnit","messageBody":"Add JUnit test for backcommand","fileTypesAndContributionMap":{}}]},{"date":"2023-03-12","commitResults":[{"hash":"a5f513d71db1ec0387f879e832ed8db90731784a","isMergeCommit":false,"messageTitle":"Add view pc function and methods to change private varibales in PC","messageBody":"","fileTypesAndContributionMap":{"functional-code":{"insertions":102,"deletions":13}}},{"hash":"eecbde1643ed976c1e242a4e65b21129642f1cfe","isMergeCommit":false,"messageTitle":"Reformat code to comply with checkstyle","messageBody":"","fileTypesAndContributionMap":{"functional-code":{"insertions":21,"deletions":24},"test-code":{"insertions":5,"deletions":5}}},{"hash":"e645b5ba1c1614fbc5ebfe42a594c90e32f06160","isMergeCommit":false,"messageTitle":"Edit code to comply with checkstyle","messageBody":"","fileTypesAndContributionMap":{"functional-code":{"insertions":8,"deletions":9}}},{"hash":"66d4bdb2c45439c493444cd1024211dc57af26fc","isMergeCommit":false,"messageTitle":"change array indentation level from 16 to 12 to pass gradle check","messageBody":"","fileTypesAndContributionMap":{"functional-code":{"insertions":10,"deletions":1}}},{"hash":"f50a9a0c1194d7d98987a5ed2be9c3cf1c9c3870","isMergeCommit":true,"messageTitle":"Resolve merge conflicts","messageBody":"","fileTypesAndContributionMap":{}},{"hash":"e6a7069b92733735f58405b14cf9c1578b2bd5aa","isMergeCommit":false,"messageTitle":"Change method name from printComponents to viewComponents as method does not print anything. Also complete Javadoc for executeCommand() in ViewerViewCommand.java","messageBody":"","fileTypesAndContributionMap":{"functional-code":{"insertions":5,"deletions":3}}},{"hash":"08380c9c5881c5b215f0f020c0bfcaee1928fe0c","isMergeCommit":false,"messageTitle":"Add whitespace after asterisk for checkstyle","messageBody":"","fileTypesAndContributionMap":{"functional-code":{"insertions":1,"deletions":2}}},{"hash":"684927c24fc6491d4926f5dc1a228ebb17e9907b","isMergeCommit":false,"messageTitle":"Add logo and loading animation to applicaton","messageBody":"","fileTypesAndContributionMap":{"functional-code":{"insertions":58,"deletions":7}}}]},{"date":"2023-03-14","commitResults":[{"hash":"3c787f3e0c7c8fc266735ce676d863c56d2ed014","isMergeCommit":false,"messageTitle":"-Add functionality to change components of a PC in the builder. -Do exception handling for commands to select components. -Update viewComponents() method in PC class to show chassis.","messageBody":"","fileTypesAndContributionMap":{"functional-code":{"insertions":135,"deletions":10}}},{"hash":"f608f58edd9211310b0e0780aea842e5cde33f6c","isMergeCommit":true,"messageTitle":"Merge pull request #63 from Ryujikjs/builder-edit","messageBody":"Add functionality to change components of a PC in the builder.","fileTypesAndContributionMap":{}},{"hash":"0fa303e40809f787e698f0c68824e744dbfab61c","isMergeCommit":true,"messageTitle":"Merge pull request #65 from Reynold-SL/branch_add_viewer_exceptions","messageBody":"Add exceptions for PCViewerCommand error handling","fileTypesAndContributionMap":{}}]},{"date":"2023-03-15","commitResults":[{"hash":"40bf91b79aedd74c1dd21d509ce12ec8cc257a9a","isMergeCommit":false,"messageTitle":"Add functionality to unselect component from builder menu via command \u0027unselect \u003ccomponent\u003e\u0027 and also handle exceptions","messageBody":"","fileTypesAndContributionMap":{"functional-code":{"insertions":83,"deletions":0}}},{"hash":"c7d001e2466ce24563584778a60d0deed6860139","isMergeCommit":false,"messageTitle":"Update documentation for executeCommand()","messageBody":"","fileTypesAndContributionMap":{"functional-code":{"insertions":2,"deletions":2}}}]},{"date":"2023-03-16","commitResults":[{"hash":"73a43c5ee5070f08de2da3f80fc5060d3db5a4cc","isMergeCommit":false,"messageTitle":"Error handling: Handle whitespaces in input","messageBody":"","fileTypesAndContributionMap":{"functional-code":{"insertions":10,"deletions":5}}},{"hash":"c616116be91f2d9355b061d2c1579a0d17237c54","isMergeCommit":false,"messageTitle":"Add functionality to see specifications of selected components in pc build through info \u003ccomponent\u003e command","messageBody":"","fileTypesAndContributionMap":{"functional-code":{"insertions":60,"deletions":0}}},{"hash":"01e83244a136abffc7eec41ac9d1007e2a63abcc","isMergeCommit":true,"messageTitle":"Merge pull request #81 from typingpanda/code-assertion","messageBody":"Add assertion for bigpp.java","fileTypesAndContributionMap":{}},{"hash":"042edcbd0b5a3231ff4e08c867e151c1fad21974","isMergeCommit":true,"messageTitle":"Merge pull request #79 from Ryujikjs/unselect-component","messageBody":"Add functionality to unselect component ","fileTypesAndContributionMap":{}},{"hash":"4a3577450484dd65db3ae224fd3fcedf25140167","isMergeCommit":true,"messageTitle":"Resolve merge conflict in Parser.java","messageBody":"","fileTypesAndContributionMap":{}},{"hash":"ad758d5b3fae78a5b8a43b746296145e114f58c3","isMergeCommit":true,"messageTitle":"Merge pull request #82 from Ryujikjs/builder-info","messageBody":"Add Info \u003ccomponent\u003e command functionality","fileTypesAndContributionMap":{}}]},{"date":"2023-03-20","commitResults":[{"hash":"307d42e88c28cfb073f9c47aaf46244a71dc43cc","isMergeCommit":false,"messageTitle":"Create method to compare between 2 cpu components and output nicely formatted comparison table","messageBody":"","fileTypesAndContributionMap":{"functional-code":{"insertions":119,"deletions":0}}},{"hash":"ae2ef2fcf274117d0953e95a93d05a8e9a07b4cb","isMergeCommit":false,"messageTitle":"Create method to compare between 2 gpu components in a nicely formatted comparison table","messageBody":"","fileTypesAndContributionMap":{"functional-code":{"insertions":86,"deletions":14}}},{"hash":"4073d31cf04523973d3d4c486b72ca2df362306e","isMergeCommit":false,"messageTitle":"Create method to compare 2 ram components in nicely formatted comparison table. Also edit exception handling method for indexes.","messageBody":"","fileTypesAndContributionMap":{"functional-code":{"insertions":93,"deletions":21}}},{"hash":"54b64020d59f31940fa7e578a24e3259ec2708d2","isMergeCommit":false,"messageTitle":"Create method to compare 2 storage components in a nicely formatted comparison table.","messageBody":"","fileTypesAndContributionMap":{"functional-code":{"insertions":77,"deletions":2}}},{"hash":"d219b89ae786e795cdcd53561b7494004ce640b2","isMergeCommit":false,"messageTitle":"Create method to compare 2 psu components in a nicely formatted comparison table.Also edited some of the in code comments.","messageBody":"","fileTypesAndContributionMap":{"functional-code":{"insertions":78,"deletions":5}}},{"hash":"8ac13438af2682f40f781664f86ff06ffdc22f15","isMergeCommit":false,"messageTitle":"Create method to compare 2 motherboard components in a nicely formatted comparison table","messageBody":"","fileTypesAndContributionMap":{"functional-code":{"insertions":77,"deletions":1}}},{"hash":"c269bdc07e31a044ff5c312bcc9528ef9d6cf7e3","isMergeCommit":false,"messageTitle":"Change table width of comparison table for cpu comparison.","messageBody":"","fileTypesAndContributionMap":{"functional-code":{"insertions":11,"deletions":11}}},{"hash":"713d2f13a0c225da192acf8d60d9a95014fdf343","isMergeCommit":false,"messageTitle":"Create method to compare 2 chassis in a nicely formatted comparison table.","messageBody":"","fileTypesAndContributionMap":{"functional-code":{"insertions":75,"deletions":1}}},{"hash":"51927485a2f4f7299a74388245b5142476fd8cd9","isMergeCommit":false,"messageTitle":"Create method to compare 2 cpu coolers in a nicely formatted comparison table. Also changed the tablbe column width to accomodate long component names","messageBody":"","fileTypesAndContributionMap":{"functional-code":{"insertions":140,"deletions":66}}}]},{"date":"2023-03-21","commitResults":[{"hash":"5559c242db99dea5433104e50d57bca7705c7f64","isMergeCommit":false,"messageTitle":"Change magic strings to ComponentType","messageBody":"","fileTypesAndContributionMap":{"functional-code":{"insertions":8,"deletions":8},"other":{"insertions":56,"deletions":40}}},{"hash":"51f932b587d30e80c89f9a5fd65091f4e783ab2e","isMergeCommit":false,"messageTitle":"Format code to fit within max line length","messageBody":"","fileTypesAndContributionMap":{"functional-code":{"insertions":12,"deletions":6}}}]},{"date":"2023-03-22","commitResults":[{"hash":"37b721065dbff54dd5394955db3f22c7029fbadc","isMergeCommit":true,"messageTitle":"Merge pull request #110 from Magmanat/Improve-exception-handling","messageBody":"Change how exceptions are handled","fileTypesAndContributionMap":{}}]}],"Magmanat":[{"date":"2023-03-02","commitResults":[{"hash":"adcc122345ebd857b6caa660c6816561c8894851","isMergeCommit":false,"messageTitle":"change theme","messageBody":"","fileTypesAndContributionMap":{"docs":{"insertions":2,"deletions":0}}},{"hash":"e0f7d7a1b3f1fa4fda5cc946b8e765386c42a7b7","isMergeCommit":false,"messageTitle":"change theme 2","messageBody":"","fileTypesAndContributionMap":{"docs":{"insertions":5,"deletions":2}}},{"hash":"57db44dda6c63e9fc0a56881d89e991eb28dfd43","isMergeCommit":false,"messageTitle":"Add prince to AboutUs.md","messageBody":"","fileTypesAndContributionMap":{"docs":{"insertions":7,"deletions":7}}},{"hash":"385b5e1f0fdbf2b2b5817145992b5a997d90b108","isMergeCommit":true,"messageTitle":"Merge pull request #2 from Magmanat/prince-AboutUs","messageBody":"Prince AboutUs addition","fileTypesAndContributionMap":{}},{"hash":"9fdef44da0912907077e63c05c3a86744fffa877","isMergeCommit":false,"messageTitle":"updated PrincePereira.md for portfolio","messageBody":"","fileTypesAndContributionMap":{"docs":{"insertions":14,"deletions":14}}},{"hash":"b7f99240fba3af6ce2a41cf3b4179408075abf83","isMergeCommit":true,"messageTitle":"Merge pull request #5 from Magmanat/prince-AboutUs","messageBody":"updated PrincePereira.md for portfolio","fileTypesAndContributionMap":{}},{"hash":"06d13597e31943e74615b7d3f17df7d433f7c5d3","isMergeCommit":true,"messageTitle":"Merge branch \u0027master\u0027 into prince-AboutUs","messageBody":"","fileTypesAndContributionMap":{}}]},{"date":"2023-03-03","commitResults":[{"hash":"e8d0f7515c1a4173f1b009d679df9d12f7828ee5","isMergeCommit":false,"messageTitle":"Update README.md","messageBody":"","fileTypesAndContributionMap":{"docs":{"insertions":0,"deletions":5}}},{"hash":"73fcc9ba128581106c74e787b3812dbf3cb44bbd","isMergeCommit":false,"messageTitle":"Remove Don Roe","messageBody":"","fileTypesAndContributionMap":{"docs":{"insertions":0,"deletions":1}}},{"hash":"4c6b740f4b440d462363b7d5f4f368d1ae6c0d98","isMergeCommit":true,"messageTitle":"Merge branch \u0027master\u0027 into prince-AboutUs","messageBody":"","fileTypesAndContributionMap":{}},{"hash":"c91f023b0ff868b9db9ab138f61543a0fbc86ccf","isMergeCommit":false,"messageTitle":"change portfolio photo and update branch","messageBody":"","fileTypesAndContributionMap":{"docs":{"insertions":7,"deletions":8}}},{"hash":"7fabc672786aaf2dacc3d2754733e0b6ed051dc2","isMergeCommit":true,"messageTitle":"Merge pull request #9 from Magmanat/prince-AboutUs","messageBody":"Add portfolio photo","fileTypesAndContributionMap":{}},{"hash":"e7d1607251e8cd96b408ea5b146ead7427770ec4","isMergeCommit":false,"messageTitle":"resolve path issue for portfolio","messageBody":"","fileTypesAndContributionMap":{"docs":{"insertions":5,"deletions":5}}},{"hash":"0c4baa6bee9ee4295fb1f8a4c73367084d5658b8","isMergeCommit":false,"messageTitle":"Fix formatting for About Us","messageBody":"","fileTypesAndContributionMap":{"docs":{"insertions":2,"deletions":2}}}]},{"date":"2023-03-04","commitResults":[{"hash":"83378a6957f353c24eb18a401b4802c3ca0e8f74","isMergeCommit":false,"messageTitle":"foundation for command and exceptions","messageBody":"","fileTypesAndContributionMap":{"functional-code":{"insertions":79,"deletions":0},"other":{"insertions":2,"deletions":2}}},{"hash":"d13d7469b396b29032af5921ad1bc98379345816","isMergeCommit":false,"messageTitle":"add skeleton for PC and PCList","messageBody":"","fileTypesAndContributionMap":{"functional-code":{"insertions":32,"deletions":0}}},{"hash":"4f504a77ec7a998aa229864418db4a65ebfbd8d5","isMergeCommit":false,"messageTitle":"add skeleton for CPU class, as a format","messageBody":"","fileTypesAndContributionMap":{"functional-code":{"insertions":62,"deletions":2}}},{"hash":"ae3fe87f3320f1746b0a85b8fafcce67a25a6016","isMergeCommit":false,"messageTitle":"add UI handler and UI state enum","messageBody":"","fileTypesAndContributionMap":{"functional-code":{"insertions":17,"deletions":0}}},{"hash":"8eeeaa7a0170dba48d67f0b074799638f8d1c1b1","isMergeCommit":false,"messageTitle":"change code occurances of duke into BigPP","messageBody":"","fileTypesAndContributionMap":{"other":{"insertions":2,"deletions":2},"test-code":{"insertions":2,"deletions":2}}},{"hash":"b173c13e7205165e3945ed12cfe336083e36e128","isMergeCommit":false,"messageTitle":"add skeleton for storage and userdata","messageBody":"","fileTypesAndContributionMap":{"functional-code":{"insertions":6,"deletions":0}}},{"hash":"5f2b39ca14f9d948c1058fa9eb50d3186cce747d","isMergeCommit":false,"messageTitle":"change test file to BigPP","messageBody":"","fileTypesAndContributionMap":{"other":{"insertions":0,"deletions":0}}},{"hash":"a9ecb99081b3592659b583de8bb1d1eb3044fab5","isMergeCommit":false,"messageTitle":"change build.gradle mainClass to BigPP","messageBody":"","fileTypesAndContributionMap":{"other":{"insertions":1,"deletions":1}}},{"hash":"713a1ddd5d2f9e7fbc3b8817a8ec675c99536224","isMergeCommit":false,"messageTitle":"make abstract Component class","messageBody":"","fileTypesAndContributionMap":{"functional-code":{"insertions":54,"deletions":24}}}]},{"date":"2023-03-05","commitResults":[{"hash":"4e77b955a926cc6cb358a3a3994242bac85f6514","isMergeCommit":false,"messageTitle":"enable navigation through menu system with skeleton code","messageBody":"","fileTypesAndContributionMap":{"functional-code":{"insertions":258,"deletions":24}}},{"hash":"fe4a9fe0daa12144a956b80b21e71ebeaddd4ea7","isMergeCommit":false,"messageTitle":"fix checkstyle error","messageBody":"","fileTypesAndContributionMap":{"functional-code":{"insertions":0,"deletions":2}}}]},{"date":"2023-03-06","commitResults":[{"hash":"70c5cbff1ad1169cbc6db4a264e4c51c7aa2e90f","isMergeCommit":true,"messageTitle":"Merge branch \u0027master\u0027 of https://github.com/AY2223S2-CS2113-T12-2/tp","messageBody":"","fileTypesAndContributionMap":{}}]},{"date":"2023-03-07","commitResults":[{"hash":"2c34db1b108d3663deb68550cc0216a2fc2db9d0","isMergeCommit":true,"messageTitle":"Merge pull request #24 from Ryujikjs/viewer-display","messageBody":"Update PC viewer display","fileTypesAndContributionMap":{}},{"hash":"cf9835737028e68d0358c46de1b731c5be8fb0a5","isMergeCommit":true,"messageTitle":"Merge pull request #29 from typingpanda/feature-backcommand","messageBody":"add backcommand ","fileTypesAndContributionMap":{}}]},{"date":"2023-03-08","commitResults":[{"hash":"5568c036da8ec968d3a8c33075d91fcdf9ee3d49","isMergeCommit":true,"messageTitle":"Merge branch \u0027master\u0027 of https://github.com/AY2223S2-CS2113-T12-2/tp","messageBody":"","fileTypesAndContributionMap":{}}]},{"date":"2023-03-09","commitResults":[{"hash":"11bd4352f0fa65b4f59a241775784c4a744c22ec","isMergeCommit":true,"messageTitle":"Merge pull request #33 from typingpanda/code-menuclass","messageBody":"Add menu class","fileTypesAndContributionMap":{}},{"hash":"ce6ea80c53a199f33151cf34ea691f395738fb52","isMergeCommit":true,"messageTitle":"Merge branch \u0027master\u0027 of https://github.com/AY2223S2-CS2113-T12-2/tp","messageBody":"","fileTypesAndContributionMap":{}},{"hash":"5e061837d188085f6f04d567dc3492bb9fb4149e","isMergeCommit":false,"messageTitle":"Refactor code to reduce multiple hop menu\u0027s and encourage long commands application","messageBody":"","fileTypesAndContributionMap":{"functional-code":{"insertions":44,"deletions":227},"other":{"insertions":11,"deletions":4}}}]},{"date":"2023-03-10","commitResults":[{"hash":"d30e64a2c9e5241aa0c288d7e72f2f37d4971c81","isMergeCommit":false,"messageTitle":"Update code to meet checkstyle requirements","messageBody":"","fileTypesAndContributionMap":{"functional-code":{"insertions":33,"deletions":29}}},{"hash":"2502fa2f60abba975a9bb0cb84b9c7a9c72595bf","isMergeCommit":false,"messageTitle":"Add JUnit test for Parser class","messageBody":"","fileTypesAndContributionMap":{"other":{"insertions":2,"deletions":2},"test-code":{"insertions":53,"deletions":0}}},{"hash":"5cc6ea8434210a924744332f36f872e47acfe650","isMergeCommit":false,"messageTitle":"Revert \"Junit test for bye command\"","messageBody":"","fileTypesAndContributionMap":{"test-code":{"insertions":0,"deletions":15}}},{"hash":"e228e91152ccae2fdeee1e26806b9803acd69c2d","isMergeCommit":true,"messageTitle":"Merge pull request #41 from Magmanat/junit-parser","messageBody":"Add JUnit test for Parser class","fileTypesAndContributionMap":{}},{"hash":"a49d0c1eb59d76d53a744e5555f262b968322703","isMergeCommit":true,"messageTitle":"Merge pull request #44 from Ryujikjs/Junit-test","messageBody":"Junit test: Update test naming","fileTypesAndContributionMap":{}}]},{"date":"2023-03-11","commitResults":[{"hash":"78aacdb23bea2b18a129bf91e44d4c9f3d6f50e7","isMergeCommit":false,"messageTitle":"Add a class for each new component, and also a list to store all of their objects","messageBody":"","fileTypesAndContributionMap":{"functional-code":{"insertions":471,"deletions":25}}},{"hash":"c3c9ac2a4f01e5cd2bc2fa2c5edcf3081afbb05b","isMergeCommit":false,"messageTitle":"Change code to meet checkstyle requirement","messageBody":"","fileTypesAndContributionMap":{"functional-code":{"insertions":2,"deletions":2}}},{"hash":"d5539aac808fff52f35497c34fdeccbe8ca10b1c","isMergeCommit":false,"messageTitle":"Change updateUI to have initial state, and add loading methods for all json objects","messageBody":"","fileTypesAndContributionMap":{"functional-code":{"insertions":285,"deletions":40},"other":{"insertions":1,"deletions":0}}},{"hash":"194b14fb4881fa5be3b39eddb1872167ed399a52","isMergeCommit":false,"messageTitle":"Solve issue that made names in object null when loaded with gson","messageBody":"","fileTypesAndContributionMap":{"functional-code":{"insertions":52,"deletions":3}}},{"hash":"9b052b347f1af733179b199b2f4d159a7f62e3cc","isMergeCommit":false,"messageTitle":"Remove unused line of import to pass checkstyle","messageBody":"","fileTypesAndContributionMap":{"functional-code":{"insertions":0,"deletions":1}}},{"hash":"4956fad96a60145cda4545abf231392560dbdc84","isMergeCommit":false,"messageTitle":"Change userdata to appdata, as this data will be permanently stored in jar of application","messageBody":"","fileTypesAndContributionMap":{"functional-code":{"insertions":11,"deletions":11}}},{"hash":"e9861cd338cedba1fb21ba4398023c1c54d33b20","isMergeCommit":true,"messageTitle":"Merge pull request #47 from Magmanat/extra-pc-component","messageBody":"Add a class for each new component and the gson loading method for all of them","fileTypesAndContributionMap":{}},{"hash":"bdc82af3a8595da5467488442465538acbb8d3ce","isMergeCommit":false,"messageTitle":"Change gradle to allow for resources folder to contain database","messageBody":"","fileTypesAndContributionMap":{"functional-code":{"insertions":101,"deletions":111},"other":{"insertions":20,"deletions":0}}},{"hash":"a5adec564930903a2f865ef40afafc16041a316e","isMergeCommit":false,"messageTitle":"Update Junit test for BackCommandTest","messageBody":"","fileTypesAndContributionMap":{"other":{"insertions":6,"deletions":0},"test-code":{"insertions":5,"deletions":5}}}]},{"date":"2023-03-12","commitResults":[{"hash":"8edaf3ed8a4db0038b7ea28e9132c60c4c3caf2f","isMergeCommit":true,"messageTitle":"Merge pull request #50 from typingpanda/feature-Builder","messageBody":"Feature builder","fileTypesAndContributionMap":{}},{"hash":"bc236d235630827b1ab7cf92cba498ec73b89c93","isMergeCommit":false,"messageTitle":"Fix issue where resources does not work with vscode and gradle at same time","messageBody":"","fileTypesAndContributionMap":{"other":{"insertions":5,"deletions":13}}},{"hash":"3b89a0e957be9a15ba6f29e26490b81d660a9bc0","isMergeCommit":true,"messageTitle":"Resolve merge conflicts with updated master","messageBody":"","fileTypesAndContributionMap":{}},{"hash":"5e40057e015c697a94213d31a7305184b2a8cb75","isMergeCommit":false,"messageTitle":"Resolve formatting error","messageBody":"","fileTypesAndContributionMap":{"test-code":{"insertions":11,"deletions":11}}},{"hash":"fb5fbb63674a796fbcea2bd67382bef1a0a8d96e","isMergeCommit":true,"messageTitle":"Merge pull request #51 from Ryujikjs/view-and-edit-pc","messageBody":"Add view pc function and methods to change private variables in PC","fileTypesAndContributionMap":{}},{"hash":"98f918a3a618a6c2e11a0a4c391b90804e3027c2","isMergeCommit":true,"messageTitle":"Handle merge conflicts","messageBody":"","fileTypesAndContributionMap":{}},{"hash":"24ef207759f04c13f04508765bce1c2b8a863b72","isMergeCommit":true,"messageTitle":"Merge pull request #52 from typingpanda/documentation-and-JUnit","messageBody":"Add Builder documentation and JUnit testing","fileTypesAndContributionMap":{}},{"hash":"83fe0333f3501cfe0c124b4c6ac43228cdb372b3","isMergeCommit":true,"messageTitle":"Merge pull request #48 from Magmanat/fix-resource-folder","messageBody":"Change gradle to allow for resources folder to contain database","fileTypesAndContributionMap":{}}]},{"date":"2023-03-13","commitResults":[{"hash":"9236c3accd76162852011bf055063aae9f3ffd66","isMergeCommit":true,"messageTitle":"Merge pull request #58 from typingpanda/Exception-Commands","messageBody":"Exception handling for unrecognized commands and builder commands","fileTypesAndContributionMap":{}},{"hash":"198b692902b535203ca09bc4e91ff71d121e8053","isMergeCommit":true,"messageTitle":"Merge pull request #59 from superkaiba/display-all-components","messageBody":"Add basic listing of different components","fileTypesAndContributionMap":{}}]},{"date":"2023-03-14","commitResults":[{"hash":"49575873380b5860e4e4b2405b8b938f4b1541ce","isMergeCommit":false,"messageTitle":"- Add exception handling for Builder List command - Change DataStorage into an object to reduce the excessive use of abstract classes","messageBody":"","fileTypesAndContributionMap":{"functional-code":{"insertions":83,"deletions":47},"test-code":{"insertions":63,"deletions":145}}},{"hash":"11ff3d15d1c5c98d638a114784ba1179fef927d4","isMergeCommit":false,"messageTitle":"Change the getListString into a common method of ComponentList, eventually will need Overrides for individual filters","messageBody":"","fileTypesAndContributionMap":{"functional-code":{"insertions":15,"deletions":13}}}]},{"date":"2023-03-15","commitResults":[{"hash":"a0cc960148d0cf761979418f17d61022879a8e89","isMergeCommit":true,"messageTitle":"Fix merge conflicts with master to update branch","messageBody":"","fileTypesAndContributionMap":{}},{"hash":"69a39bbf0ce3368d2cde629f978cf444127c146b","isMergeCommit":false,"messageTitle":"Adhere to checkstyle","messageBody":"","fileTypesAndContributionMap":{"functional-code":{"insertions":5,"deletions":3},"test-code":{"insertions":0,"deletions":1}}},{"hash":"446c39d16d5b761fc7dc9bf815bab61b122d458c","isMergeCommit":true,"messageTitle":"Merge pull request #67 from Magmanat/cleanup-exception","messageBody":"Cleanup exception, less abstract classes and common ComponentList method","fileTypesAndContributionMap":{}},{"hash":"a0bf8ee3dfe1cd96f70ee5030f26c4056e345fe3","isMergeCommit":false,"messageTitle":"Change exit to bye","messageBody":"","fileTypesAndContributionMap":{"docs":{"insertions":1,"deletions":1}}},{"hash":"94b1960e2b5dd41dba4267f0e500f36d83f4d7d2","isMergeCommit":true,"messageTitle":"Merge pull request #77 from superkaiba/master","messageBody":"Add user guide with command list","fileTypesAndContributionMap":{}},{"hash":"2fd9549637cc873521c1767d41671a30a4dc2d8a","isMergeCommit":false,"messageTitle":"Add saving and loading mechanisms to BigPP","messageBody":"","fileTypesAndContributionMap":{"functional-code":{"insertions":120,"deletions":1}}},{"hash":"f925d07dd51374791983b1056007717d3e343d29","isMergeCommit":false,"messageTitle":"-Change PCList class to inherit ArrayList\u003cComponent\u003e -Change stringToComponentListMap to have \u003c?\u003e type to avoid warning","messageBody":"","fileTypesAndContributionMap":{"functional-code":{"insertions":86,"deletions":132},"test-code":{"insertions":2,"deletions":4}}},{"hash":"0a1e722b8b4412abaeb0d11778e02ecce3000047","isMergeCommit":false,"messageTitle":"Add assertion for buildercommands","messageBody":"","fileTypesAndContributionMap":{"functional-code":{"insertions":14,"deletions":1}}}]},{"date":"2023-03-16","commitResults":[{"hash":"37786d9df976d3726ce88599555a85ae8005a942","isMergeCommit":false,"messageTitle":"Add resources folder to test","messageBody":"","fileTypesAndContributionMap":{"functional-code":{"insertions":46,"deletions":40},"other":{"insertions":1,"deletions":0},"test-code":{"insertions":5,"deletions":0}}},{"hash":"6015bd81809a756a79c4dfb494d0b420bd6063a0","isMergeCommit":false,"messageTitle":"Added prebuilts to app","messageBody":"","fileTypesAndContributionMap":{"functional-code":{"insertions":1,"deletions":1}}},{"hash":"58104cd1dc82208e710414f01783a7fcf88f6984","isMergeCommit":false,"messageTitle":"Fix bug that saved prebuilts into user folder","messageBody":"","fileTypesAndContributionMap":{"functional-code":{"insertions":11,"deletions":0}}},{"hash":"dfb399f0f3a83a0ba0c62424f65133606d121da6","isMergeCommit":true,"messageTitle":"Resolve merge conflicts","messageBody":"","fileTypesAndContributionMap":{}},{"hash":"15cd2b561ef504d6b11c01e7deb8c862a9716d56","isMergeCommit":false,"messageTitle":"Change pcList method for additional commands","messageBody":"","fileTypesAndContributionMap":{"functional-code":{"insertions":5,"deletions":7}}},{"hash":"000cd84489b7bbc2ab62ccb229ca77dc2d0daef0","isMergeCommit":true,"messageTitle":"Merge pull request #80 from Magmanat/saving-user-pc","messageBody":"Add saving and loading methods","fileTypesAndContributionMap":{}},{"hash":"8da119e39549ff54376a25d5b1cef61f033c0dbc","isMergeCommit":true,"messageTitle":"Resolve merge conflict","messageBody":"","fileTypesAndContributionMap":{}},{"hash":"db3e3b978fa591410e6f19a280f99631913c0285","isMergeCommit":false,"messageTitle":"Solve issue with infinite budget setting, also improved the way we handled saving data","messageBody":"","fileTypesAndContributionMap":{"functional-code":{"insertions":20,"deletions":16}}},{"hash":"6e269acee5a70da0ffdcb7c111fe5a1ab132ca87","isMergeCommit":false,"messageTitle":"Solve the issue with decimal formatting","messageBody":"","fileTypesAndContributionMap":{"functional-code":{"insertions":2,"deletions":4}}},{"hash":"3e6d2b13a8fc02ff5732d5805fe9b7d9cdce8daf","isMergeCommit":true,"messageTitle":"Merge pull request #83 from Magmanat/thomas-budget-branch","messageBody":"Thomas budget branch","tags":["v1.0"],"fileTypesAndContributionMap":{}},{"hash":"75f2011e3c2075694efabd84cf5318418df83719","isMergeCommit":false,"messageTitle":"Add assertion checking to gradle","messageBody":"","fileTypesAndContributionMap":{"functional-code":{"insertions":0,"deletions":1},"other":{"insertions":1,"deletions":0}}},{"hash":"d7ea8f0fad6beb4cc39777130476f47e1a5f0eb3","isMergeCommit":true,"messageTitle":"Merge pull request #84 from Magmanat/enableAssertions","messageBody":"Add assertion checking to gradle","fileTypesAndContributionMap":{}}]},{"date":"2023-03-19","commitResults":[{"hash":"1aef37e40d033830fb1a1c3921ef1980534c515c","isMergeCommit":false,"messageTitle":"Make editting prebuilt create a copy instead of editting the prebuilt","messageBody":"","fileTypesAndContributionMap":{"functional-code":{"insertions":26,"deletions":4}}},{"hash":"b545ca38d1e6edadd36814e2b6ee611febf30863","isMergeCommit":false,"messageTitle":"Fix checkstyle","messageBody":"","fileTypesAndContributionMap":{"functional-code":{"insertions":1,"deletions":1}}},{"hash":"76fcb28e5a11e0f70897e4c5a840c286ee1ab11a","isMergeCommit":false,"messageTitle":"Custom CPU selection for builder","messageBody":"","fileTypesAndContributionMap":{"functional-code":{"insertions":219,"deletions":60},"test-code":{"insertions":2,"deletions":1}}},{"hash":"de2dcd47f229c78f64b6f793327979e1b789b9ab","isMergeCommit":false,"messageTitle":"Pass checkstyle requirements","messageBody":"","fileTypesAndContributionMap":{"functional-code":{"insertions":3,"deletions":2}}},{"hash":"a4f62f86889d5247ad745344f6ec0d14f89b65b8","isMergeCommit":false,"messageTitle":"Add JavaDoc for parser","messageBody":"","fileTypesAndContributionMap":{"functional-code":{"insertions":23,"deletions":0}}},{"hash":"88ddc50a04fda200571ed26d835b181e4b58f315","isMergeCommit":false,"messageTitle":"Add the isComplete method to PC and update its toString","messageBody":"","fileTypesAndContributionMap":{"functional-code":{"insertions":19,"deletions":2}}},{"hash":"d5044395dda3300c673cd365db79708c79ec7d0e","isMergeCommit":false,"messageTitle":"Adhere to checkstyle indentation","messageBody":"","fileTypesAndContributionMap":{"functional-code":{"insertions":1,"deletions":1}}},{"hash":"f3c586c1a29ee71e67f65065d8a36b73a64605aa","isMergeCommit":true,"messageTitle":"Merge pull request #97 from Magmanat/edit-prebuilt-copy","messageBody":"Make editting prebuilt create a copy instead of editting the prebuilt","fileTypesAndContributionMap":{}},{"hash":"c8f34a7c076de458f36cb970946828b85167ccae","isMergeCommit":true,"messageTitle":"Merge branch \u0027master\u0027 into custom-cpu-adding","messageBody":"","fileTypesAndContributionMap":{}},{"hash":"a5d56566d528e0dd7a51e82638dcb6e767de1d3e","isMergeCommit":true,"messageTitle":"Merge pull request #100 from Magmanat/isComplete-method","messageBody":"Add the isComplete method to PC and update its toString","fileTypesAndContributionMap":{}},{"hash":"cbee661b3db328cc5948f4c228bd03af7eed1e27","isMergeCommit":true,"messageTitle":"Merge pull request #98 from Magmanat/custom-cpu-adding","messageBody":"Custom cpu adding for builder","fileTypesAndContributionMap":{}}]},{"date":"2023-03-21","commitResults":[{"hash":"0c8a1355413d1dd7aac119c13c9fbd77f0a2de10","isMergeCommit":true,"messageTitle":"Merge pull request #102 from Ryujikjs/compare-component","messageBody":"Compare component","fileTypesAndContributionMap":{}},{"hash":"20ade2e0f3409b5cc60ae53ad23b048d91c2746e","isMergeCommit":false,"messageTitle":"Add a check for positive numbers in custom cpu creation","messageBody":"","fileTypesAndContributionMap":{"functional-code":{"insertions":6,"deletions":0}}},{"hash":"8f23eb858abedae0965141729582457ded946355","isMergeCommit":false,"messageTitle":"Add change to ensure user input was lower case for componentType in custom command","messageBody":"","fileTypesAndContributionMap":{"functional-code":{"insertions":5,"deletions":4}}}]},{"date":"2023-03-22","commitResults":[{"hash":"7cdaaab9f3c39deaa43a1b2de603b2416d0b36c6","isMergeCommit":true,"messageTitle":"Merge pull request #103 from typingpanda/componentlist-flags","messageBody":"Componentlist flags","fileTypesAndContributionMap":{}},{"hash":"03b2c5e7c24077432e9ccb3a743f47df38d854ef","isMergeCommit":true,"messageTitle":"Merge pull request #104 from Ryujikjs/rectify-magic-string","messageBody":"Change magic strings to ComponentType","fileTypesAndContributionMap":{}},{"hash":"7d07f850cc5b3f42c39bc04a115d63ba17cec258","isMergeCommit":true,"messageTitle":"Merge pull request #108 from typingpanda/build-budgetcheck","messageBody":"Build budgetcheck","fileTypesAndContributionMap":{}},{"hash":"170c59c14b77b7b3ca69bb7a86431ea0ff986fa6","isMergeCommit":false,"messageTitle":"Change how exceptions are handled","messageBody":"","fileTypesAndContributionMap":{"functional-code":{"insertions":156,"deletions":448},"test-code":{"insertions":2,"deletions":19}}},{"hash":"3cffc9ed29ef6cc9f3d539c149c8e2aaf6bbbbd5","isMergeCommit":true,"messageTitle":"Update and handle merge conflicts","messageBody":"","fileTypesAndContributionMap":{}},{"hash":"274e2b1e4fbef0044ddb430d23b6b27cb96f3e2c","isMergeCommit":false,"messageTitle":"Clean up the menu print out","messageBody":"","fileTypesAndContributionMap":{"functional-code":{"insertions":0,"deletions":11}}}]}],"Reynold-SL":[{"date":"2023-03-02","commitResults":[{"hash":"e76bc5f1589d95f1337c6cd7bca28a52a2d4c33a","isMergeCommit":false,"messageTitle":"update aboutus Reynold","messageBody":"","fileTypesAndContributionMap":{"docs":{"insertions":7,"deletions":7}}},{"hash":"27d0a83b183c8b81b3ff3226d64b19dcd6483261","isMergeCommit":true,"messageTitle":"Merge branch \u0027master\u0027 into branch-aboutus","messageBody":"# Conflicts:\n#\tdocs/AboutUs.md\nresolve conflicts\n","fileTypesAndContributionMap":{}},{"hash":"ba6664ea68ffa33b69e9ae83bb51751d169034db","isMergeCommit":true,"messageTitle":"Merge pull request #6 from Reynold-SL/branch-aboutus","messageBody":"update aboutus Reynold","fileTypesAndContributionMap":{}}]},{"date":"2023-03-07","commitResults":[{"hash":"73e6e0909dc357b9e48e159beb814ab7d811a69c","isMergeCommit":false,"messageTitle":"Create ViewerAddCommand to add pc of a given name to the list of pc","messageBody":"","fileTypesAndContributionMap":{"functional-code":{"insertions":31,"deletions":7}}},{"hash":"c990a6d271118ed3fa82be3ae0787ca775cfb2a0","isMergeCommit":true,"messageTitle":"Merge branch \u0027master\u0027 into branch_add_pc","messageBody":"# Conflicts:\n#\tsrc/main/java/seedu/bigpp/parser/Parser.java\n#\tsrc/main/java/seedu/bigpp/pc/PCList.java\nResolve conflicts\n","fileTypesAndContributionMap":{}}]},{"date":"2023-03-08","commitResults":[{"hash":"5e524f4d48d58fb0ed3609ebf1c3cd92ebd7f7ba","isMergeCommit":false,"messageTitle":"Reformat code","messageBody":"","fileTypesAndContributionMap":{"functional-code":{"insertions":8,"deletions":5}}},{"hash":"ac0da6d495781b4c091976e983a7d41ff128e906","isMergeCommit":false,"messageTitle":"Change the print statement after creating pc","messageBody":"","fileTypesAndContributionMap":{"functional-code":{"insertions":1,"deletions":1}}},{"hash":"edf805de896b6d8e51cb82a85cc78e6d95e33c43","isMergeCommit":true,"messageTitle":"Merge pull request #32 from Reynold-SL/branch_add_pc","messageBody":"Create ViewerAddCommand to add pc of a given name to the list of pc","fileTypesAndContributionMap":{}},{"hash":"50ab4d8a396e3dc8641368e26e5e782010939055","isMergeCommit":false,"messageTitle":"Resolve #13 Create ViewerDeleteCommand to delete PC from the PC list","messageBody":"","fileTypesAndContributionMap":{"functional-code":{"insertions":55,"deletions":0}}},{"hash":"8764e1de9a26970692c56cccdb6c4e23a3427435","isMergeCommit":false,"messageTitle":"Resolve code format","messageBody":"","fileTypesAndContributionMap":{"functional-code":{"insertions":2,"deletions":6}}},{"hash":"65c93d47ff67a1965e5f37f3008ea253d8b1efb9","isMergeCommit":false,"messageTitle":"Add new line in ViewerDeleteCommand","messageBody":"","fileTypesAndContributionMap":{"functional-code":{"insertions":1,"deletions":1}}},{"hash":"40adfa8c8b91bce47a5835679393a9eb40ef3405","isMergeCommit":true,"messageTitle":"Merge pull request #35 from Reynold-SL/branch_delete_pc","messageBody":"Resolve Issue #13 \r\nCreate ViewerDeleteCommand to delete PC from PC list","fileTypesAndContributionMap":{}}]},{"date":"2023-03-10","commitResults":[{"hash":"496e3be2373a13c264cae0e1c0255bdc307735c1","isMergeCommit":false,"messageTitle":"Create JUnit test for add command","messageBody":"","fileTypesAndContributionMap":{"test-code":{"insertions":16,"deletions":0}}},{"hash":"bb3dfbdade4796114d0c3cdf8cd49be9a109ffcf","isMergeCommit":false,"messageTitle":"Reformat JUnit code","messageBody":"","fileTypesAndContributionMap":{"test-code":{"insertions":0,"deletions":1}}}]},{"date":"2023-03-14","commitResults":[{"hash":"8db1b1f54fc313d0d3cbb1f5add7ad8c5a570c90","isMergeCommit":false,"messageTitle":"Resolve #34 Create exceptions for PCViewerCommand Error Handling Reformat code documentation to comply with checkstyle","messageBody":"","fileTypesAndContributionMap":{"functional-code":{"insertions":86,"deletions":9}}},{"hash":"60fd41785bcc1fa30f006d9650c36423230c761e","isMergeCommit":false,"messageTitle":"Update JUnit test file with exception handling","messageBody":"","fileTypesAndContributionMap":{"test-code":{"insertions":2,"deletions":1}}},{"hash":"78d41f4ee0d8688dff24e936426a5df99ccdf9b2","isMergeCommit":false,"messageTitle":"Update index out of bound exception and remove ViewerInvalidIndexException","messageBody":"","fileTypesAndContributionMap":{"functional-code":{"insertions":6,"deletions":20}}}]}],"typingpanda":[{"date":"2023-03-02","commitResults":[{"hash":"650c1eccd39ea4e6a675b1f6925ab991da7fcff3","isMergeCommit":false,"messageTitle":"update about us","messageBody":"","fileTypesAndContributionMap":{"docs":{"insertions":1,"deletions":1}}},{"hash":"83d2c8fc9cd15771d535f61295995a1007eed93a","isMergeCommit":true,"messageTitle":"fixed merge conflicts","messageBody":"","fileTypesAndContributionMap":{}},{"hash":"eee87e3004b875ddb7b0b163edc725230f9d53ff","isMergeCommit":false,"messageTitle":"updated AboutUs","messageBody":"","fileTypesAndContributionMap":{"docs":{"insertions":8,"deletions":9}}},{"hash":"db616b0391802d854e61deca42c1ed5e652651cc","isMergeCommit":true,"messageTitle":"Merge pull request #8 from typingpanda/keane-AboutUs","messageBody":"updated about us","fileTypesAndContributionMap":{}}]},{"date":"2023-03-06","commitResults":[{"hash":"c7b2d55abe36961287436bdf1420ca30ca154c68","isMergeCommit":false,"messageTitle":"add backcommand in main menu and pc viewer","messageBody":"","fileTypesAndContributionMap":{"functional-code":{"insertions":44,"deletions":4}}}]},{"date":"2023-03-07","commitResults":[{"hash":"59190ef2fa6b995696774c902d509790161fd6a2","isMergeCommit":false,"messageTitle":"improve on backcommand feature","messageBody":"used Stack instead of Arraylist and removed bug where wrong command would push duplicates into the visitedMenusStack.\n","fileTypesAndContributionMap":{"functional-code":{"insertions":15,"deletions":11}}},{"hash":"db9cabe8544f77cfbebfa01ed8b1e1c3e3f34b73","isMergeCommit":false,"messageTitle":"changed method name to initializeVisitedMenusStack","messageBody":"","fileTypesAndContributionMap":{"functional-code":{"insertions":8,"deletions":10}}},{"hash":"d59413714d05804bc5b70d8fcc9254355003256a","isMergeCommit":false,"messageTitle":"add startingMainMenu to be without back option and mainMenu to have back option","messageBody":"","fileTypesAndContributionMap":{"functional-code":{"insertions":20,"deletions":1}}},{"hash":"a5ed44c5922ea7e15d4e5896c50e78dc3f3ca8e9","isMergeCommit":false,"messageTitle":"remove starting main menu. there will only be 1 main menu","messageBody":"","fileTypesAndContributionMap":{"functional-code":{"insertions":1,"deletions":19}}},{"hash":"daf6b3385bac2b685b99ba2b333544f1f1478f41","isMergeCommit":false,"messageTitle":"change backcommand implementation","messageBody":"","fileTypesAndContributionMap":{"functional-code":{"insertions":15,"deletions":30}}},{"hash":"2188f5966edab194a4deed87c495ef044621b7e4","isMergeCommit":false,"messageTitle":"fix checkstyle issue","messageBody":"","fileTypesAndContributionMap":{"functional-code":{"insertions":1,"deletions":1}}},{"hash":"f8dc71f12b1666c04f7c0aea6bd54665ab43f5c8","isMergeCommit":false,"messageTitle":"Add menu class","messageBody":"","fileTypesAndContributionMap":{"functional-code":{"insertions":96,"deletions":57}}}]},{"date":"2023-03-08","commitResults":[{"hash":"90b52a24f7bdc400f6435828b398ecf0f2cea6c5","isMergeCommit":false,"messageTitle":"fix checkstyle errors","messageBody":"","fileTypesAndContributionMap":{"functional-code":{"insertions":44,"deletions":42}}},{"hash":"dc30dcb37d5745fc9f85df62c1df17e675ab7c61","isMergeCommit":true,"messageTitle":"Merge branch \u0027master\u0027 of https://github.com/AY2223S2-CS2113-T12-2/tp into code-menuclass","messageBody":"","fileTypesAndContributionMap":{}},{"hash":"8d3b8a2c1a38038880961b917070107fbabf3268","isMergeCommit":false,"messageTitle":"Change menu classes to be abstract","messageBody":"","fileTypesAndContributionMap":{"functional-code":{"insertions":6,"deletions":6}}},{"hash":"293ee1a6f9b95c5cd461567bf9fc029d22d644ee","isMergeCommit":false,"messageTitle":"Change PCList to use OUT to make code consistent","messageBody":"","fileTypesAndContributionMap":{"functional-code":{"insertions":29,"deletions":5}}},{"hash":"386fbd830afae3e1171143b43652b155ec668928","isMergeCommit":false,"messageTitle":"Fixed checkstyle violation","messageBody":"","fileTypesAndContributionMap":{"functional-code":{"insertions":5,"deletions":1}}}]},{"date":"2023-03-10","commitResults":[{"hash":"14a0d691cf3c246a834a4cbe326338b9ec93b0d4","isMergeCommit":false,"messageTitle":"Add JUnit testing for backcommand","messageBody":"","fileTypesAndContributionMap":{"test-code":{"insertions":22,"deletions":0}}},{"hash":"5de9ed249d13936024dda7ca874c3c9b5a191323","isMergeCommit":true,"messageTitle":"Merge branch \u0027master\u0027 of https://github.com/AY2223S2-CS2113-T12-2/tp into test-JUnit","messageBody":"","fileTypesAndContributionMap":{}},{"hash":"6a855300396c30e6ba129582e1e03e5a9c80d880","isMergeCommit":false,"messageTitle":"Add test for backCommand from PCBuilder","messageBody":"","fileTypesAndContributionMap":{"test-code":{"insertions":7,"deletions":9}}},{"hash":"786fbd38344eecc9cd60796e6102cf9c7059074c","isMergeCommit":true,"messageTitle":"Merge pull request #45 from Reynold-SL/branch_JUnit_add_command","messageBody":"Create JUnit test for add command","fileTypesAndContributionMap":{}}]},{"date":"2023-03-11","commitResults":[{"hash":"734817478d7c56c6c23e078b3226a9a5093e3c6c","isMergeCommit":false,"messageTitle":"Add set name and set budget feature for Builder.","messageBody":"","fileTypesAndContributionMap":{"functional-code":{"insertions":95,"deletions":2}}},{"hash":"fccbcc29e2ab4887d96720c2f75f0183cdcba92b","isMergeCommit":false,"messageTitle":"Add Builder class with method to set name and set budget","messageBody":"","fileTypesAndContributionMap":{"functional-code":{"insertions":23,"deletions":4},"other":{"insertions":4,"deletions":4}}},{"hash":"8a9bef29c58f660a6247a9e30991cf133ee32c35","isMergeCommit":false,"messageTitle":"Refactor to abide by checkstyle","messageBody":"","fileTypesAndContributionMap":{"functional-code":{"insertions":3,"deletions":2}}}]},{"date":"2023-03-12","commitResults":[{"hash":"eb3094147fb42a9932c898488822e24e7c30f71f","isMergeCommit":false,"messageTitle":"Refactor builder to directly access PC from PCList","messageBody":"","fileTypesAndContributionMap":{"functional-code":{"insertions":59,"deletions":84},"test-code":{"insertions":2,"deletions":1}}},{"hash":"01f7507c9b5dd8b9eb42dc218ba9dfa68b51665b","isMergeCommit":false,"messageTitle":"Fix checkstyle issues","messageBody":"","fileTypesAndContributionMap":{"functional-code":{"insertions":21,"deletions":26}}},{"hash":"b95eb736a8caef85b2f977636c3bb683738a99eb","isMergeCommit":false,"messageTitle":"Fix checkstyle issies","messageBody":"","fileTypesAndContributionMap":{"functional-code":{"insertions":6,"deletions":5},"other":{"insertions":2,"deletions":2},"test-code":{"insertions":4,"deletions":4}}},{"hash":"d57b243d7ff8c5d7a3e88654c23f9398a2afa22e","isMergeCommit":false,"messageTitle":"Add Builder documentationand JUnit testing","messageBody":"","fileTypesAndContributionMap":{"functional-code":{"insertions":11,"deletions":0},"test-code":{"insertions":40,"deletions":0}}},{"hash":"db0407c06081720b7a86b47ba46c39b12f711312","isMergeCommit":true,"messageTitle":"Merge pull request #53 from Ryujikjs/loading-screen","messageBody":"Add logo and loading animation to application","fileTypesAndContributionMap":{}},{"hash":"3960ef2e870b9d4ee253c77cb19a06de81b88237","isMergeCommit":false,"messageTitle":"Add exception handling for unrecognized command.","messageBody":"added do nothing command in the case where unrecognized command occurs and command is not initialized.\n","fileTypesAndContributionMap":{"functional-code":{"insertions":29,"deletions":4}}},{"hash":"5e64b4fe350a1897e03822e5aafc19fcb0ca5151","isMergeCommit":false,"messageTitle":"Fix checkstyle errors","messageBody":"","fileTypesAndContributionMap":{"functional-code":{"insertions":17,"deletions":13},"test-code":{"insertions":5,"deletions":4}}}]},{"date":"2023-03-13","commitResults":[{"hash":"c8ad830fedbadc45f78a2f9ed24ef08e583d07dd","isMergeCommit":false,"messageTitle":"Add exception handling for unrecognized commands and builder commands","messageBody":"","fileTypesAndContributionMap":{"functional-code":{"insertions":42,"deletions":47},"other":{"insertions":2,"deletions":2},"test-code":{"insertions":4,"deletions":5}}},{"hash":"7bbb16e29b7d66f30beac946e6143b999335101b","isMergeCommit":false,"messageTitle":"Add new Builder exceptions","messageBody":"","fileTypesAndContributionMap":{"functional-code":{"insertions":71,"deletions":11},"test-code":{"insertions":4,"deletions":2}}}]},{"date":"2023-03-14","commitResults":[{"hash":"89cfc490d902120f084b1cae02694609fb2dbda8","isMergeCommit":false,"messageTitle":"Add logging for bigpp.java","messageBody":"","fileTypesAndContributionMap":{"functional-code":{"insertions":23,"deletions":0}}},{"hash":"8af2be9250a48f6b4da855353630d08e5ef78055","isMergeCommit":false,"messageTitle":"Add documentation for common commands","messageBody":"","fileTypesAndContributionMap":{"functional-code":{"insertions":17,"deletions":1}}},{"hash":"ec3d44b883270919e4511f3a414d58a088cc136c","isMergeCommit":false,"messageTitle":"Add exceptions for PCViewer and code cleanup for PCViewer","messageBody":"","fileTypesAndContributionMap":{"functional-code":{"insertions":37,"deletions":12}}},{"hash":"4ad8cf76dc031369cee4374470615af64cb7ea4d","isMergeCommit":false,"messageTitle":"Add exceptions for Builder","messageBody":"","fileTypesAndContributionMap":{"functional-code":{"insertions":44,"deletions":6},"test-code":{"insertions":2,"deletions":1}}},{"hash":"61a91c3ac318353c47099e75bb9794aa7065cbde","isMergeCommit":false,"messageTitle":"Change menu contents to be more coherent with commands","messageBody":"","fileTypesAndContributionMap":{"functional-code":{"insertions":6,"deletions":1}}}]},{"date":"2023-03-15","commitResults":[{"hash":"6365b9103ae12e2b005ac9af46205710d828db87","isMergeCommit":true,"messageTitle":"Merge pull request #72 from typingpanda/code-cleanup-menu","messageBody":"Code cleanup menu","fileTypesAndContributionMap":{}},{"hash":"e23a110c8e8aef54de388d5860b0032bc7855444","isMergeCommit":true,"messageTitle":"Fix merge conflict by ignoring log file","messageBody":"","fileTypesAndContributionMap":{}},{"hash":"65a985efbeaeddfc06ca5cb6ecdd65093016e34b","isMergeCommit":false,"messageTitle":"Add assertion for bigpp.java","messageBody":"","fileTypesAndContributionMap":{"functional-code":{"insertions":2,"deletions":0}}}]},{"date":"2023-03-19","commitResults":[{"hash":"2ab535003eeacf0fecf31355d7e73c612483fcb6","isMergeCommit":true,"messageTitle":"Merge branch \u0027master\u0027 of https://github.com/AY2223S2-CS2113-T12-2/tp","messageBody":"","fileTypesAndContributionMap":{}}]},{"date":"2023-03-21","commitResults":[{"hash":"3e3bfc4ae84aebbd597056f32cd1f469591c0f77","isMergeCommit":false,"messageTitle":"Add flags to filter component list","messageBody":"","fileTypesAndContributionMap":{"functional-code":{"insertions":198,"deletions":11},"test-code":{"insertions":13,"deletions":1}}},{"hash":"dd391ca2a5c59b09a03b24b4a48e0e8f9c4b2e1b","isMergeCommit":true,"messageTitle":"Merge branch \u0027master\u0027 of https://github.com/AY2223S2-CS2113-T12-2/tp into componentlist-flags","messageBody":"","fileTypesAndContributionMap":{}},{"hash":"b8ba69961be8f8224f0b6a4914cd85075ec2de50","isMergeCommit":false,"messageTitle":"Add exception for flags as arguments and abstracted methods to componentlist","messageBody":"","fileTypesAndContributionMap":{"functional-code":{"insertions":62,"deletions":36},"other":{"insertions":2,"deletions":2},"test-code":{"insertions":4,"deletions":3}}},{"hash":"9dce64ed7b2d724c74e67b5052982197373eaa12","isMergeCommit":false,"messageTitle":"Add functionality where arguments for flags are not considered as flags","messageBody":"","fileTypesAndContributionMap":{"functional-code":{"insertions":3,"deletions":0}}},{"hash":"2836899991ca970965c2493082159ede413a26ef","isMergeCommit":true,"messageTitle":"Merge branch \u0027master\u0027 of https://github.com/AY2223S2-CS2113-T12-2/tp","messageBody":"","fileTypesAndContributionMap":{}},{"hash":"f4bc8720a6b3a0c1701f1823317533148167e1df","isMergeCommit":false,"messageTitle":"Add budget check for edit budget and adding components","messageBody":"","fileTypesAndContributionMap":{"functional-code":{"insertions":41,"deletions":3}}},{"hash":"f8a4b615b5438f39e01e8d9cbdb07023c48bc875","isMergeCommit":true,"messageTitle":"Merge pull request #105 from Magmanat/custom-cpu-positive-attributes","messageBody":"Add a check for positive numbers in custom cpu creation","fileTypesAndContributionMap":{}}]},{"date":"2023-03-22","commitResults":[{"hash":"b8cf283086822c6324191f1b00efd7a79b22796b","isMergeCommit":true,"messageTitle":"Merge branch \u0027master\u0027 of https://github.com/AY2223S2-CS2113-T12-2/tp into build-budgetcheck","messageBody":"","fileTypesAndContributionMap":{}},{"hash":"d58d206705527acf4ec92f943a902a4d73ed6fd7","isMergeCommit":false,"messageTitle":"Account for infinite budget in selectcomponent command","messageBody":"","fileTypesAndContributionMap":{"functional-code":{"insertions":1,"deletions":1}}}]}]},"authorFileTypeContributionMap":{"superkaiba":{"docs":29,"functional-code":109,"test-code":13},"Ryujikjs":{"docs":7,"functional-code":893,"test-code":18},"Magmanat":{"docs":15,"functional-code":1601,"test-code":122,"other":25},"Reynold-SL":{"docs":7,"functional-code":78,"test-code":15},"typingpanda":{"docs":7,"functional-code":345,"test-code":51}},"authorContributionVariance":{"superkaiba":11345.37,"Ryujikjs":23926.768,"Magmanat":56386.223,"Reynold-SL":632.7343,"typingpanda":10370.459},"authorDisplayNameMap":{"superkaiba":"CS2113-T12-2 JIRA..RIAN","Ryujikjs":"CS2113-T12-2 RYUJ..E SI","Magmanat":"CS2113-T12-2 PERE..AMES","Reynold-SL":"CS2113-T12-2 REYN.. LAM","typingpanda":"CS2113-T12-2 KEAN..ZHAO"}}
